"Date","Time","Course","Horse","EvP","E--B","BrP","B--M","MoP","E--M","NRs","Odds","E--SP","Finishing Position","UR1_Rank","Jockey","Trainer","dyLTO","UR1","DSLR","OR","dyHA","dyMR","dyAVG(X)","dyHC","dyMR(X)","dy2HA","dyAVG","TissueRating","PFR","TIS+PFR","Pace","Time","Distance","Race Type","Class","ClassNumber","DistanceInYards","JockeyClaim","Prize","Race","Fin Pos","UR2","UR3","UR4","Pounds","Form","Won Since","Plc Since","Runs Since","SR Since","Plc SR Since","P/L Since","Won Before","Plc Before","Runs Before","SR Before","Plc SR Before","Finished Races SR","P/L Before","VDW","Class LTO","New Class LTO","Value LTO","Pounds LTO","Distance LTO","Distance in Yards LTO","BSP_(Decimal)_LTO","SP_(Decimal)_LTO","PaceForm","Pace %","Draw","Age","Weight","History","#","Rating","Classifications","Course Characteristics","Qual","Tissue Odds","Tissue Numerical Odds","Min Age","Max Age","Hcap Limit","Runners","Orig_Runners","Main","Main Stats","Stats","Trn Stats","Jky Stats","TrnJky Stats","Hrs Stats","DSLR(F)","DSLR(J)","Colour","Sex","Dam","Sire","Equip","Pen","Draw IV","FWins","FRuns","fPRB","fPRB^2","50% Low SR","70% Low SR","PvSTot","PvSTotL3","50% High SR","12 Tick Higher SR","BSP","IR_Lowest","%DiffLOW","IR_Highest","Replay","%DiffHIGH","Sex","t7PRB","t14PRB","t28PRB","t56PRB","UR5","UR6","Numerical Odds","POSAFTUPG","CHGPOS","LTO_POSAFTUPG","LTO_CHGPOS"
"31/08/2026","15:35","Epsom","Great Bedwyn","19.00","0.00","19.00","0.00","19.00","0.00","NO","","0.00","","6","Mr Lucas Murphy","Richard Hannon","58","73","16","83","76","64","65","D","67","73","60","30","38","68","2","31/08/2026 15:35","1m 4f 6y","Turf","D","4","2646","4","9778.00","Betfred 'Nifty 50' Amateurs' Derby Handicap (Gentleman Amateur Jockeys) (GBBPlus Race) (Class D)","","","","0.00","161","2856-282833","0","0","0","0.00","0.00","0.00","4","7","31","12.90","22.58","0.00","1.50","80.17","D","4","10468.00","132","1m 4f","2640","4.70","4.00","PPPP-PPHHPH","3.00","10","6","11.7","D","3","0","Hcap-Ama","Left - Sharp / Undulating","4yo+,90","17/2","8.50","4","","90","14","14","307","563","256","67","76","75","38","16","","b","g","Mistress Quickly","Showcasing","","0","1.14","4","31","59.27","43.33","38.71","22.58","11","-1","25.00","25.00","1.00","0.00","0.00","0.00","NO","0.00","Male","56.90","54.21","48.26","50.85","0.00","0.00","0.00","","","",""
"31/08/2026","15:35","Epsom","Damascus Steel","23.00","50.00","34.00","21.21","41.00","81.82","NO","","0.00","","1","Fletcher Yarham","Gihan Arnolda","54","123","37","79","76","57","58","D","57","72","57","34","34","68","4","31/08/2026 15:35","1m 4f 6y","Turf","D","4","2646","0","9778.00","Betfred 'Nifty 50' Amateurs' Derby Handicap (Gentleman Amateur Jockeys) (GBBPlus Race) (Class D)","","","","0.00","157","01-12356118","0","0","0","0.00","0.00","0.00","9","12","50","18.00","24.00","0.00","40.44","48.23","C","3","15462.00","127","1m 3f 188y","2608","13.50","11.00","HH-HHPHHHPP","6.00","12","6","11.3","CD","9","0","Hcap-Ama","Left - Sharp / Undulating","4yo+,90","15/2","7.50","4","","90","14","14","259","606","347","86","76","97","88","37","","gr","g","Shanjia","Mastercraftsman","p","0","0.96","9","50","55.90","43.39","60.00","40.00","16","1","22.22","22.22","1.00","0.00","0.00","0.00","NO","0.00","Male","75.00","68.14","59.67","63.81","0.00","0.00","0.00","","","",""
"31/08/2026","15:35","Epsom","Gordon Grey","9.00","-18.75","7.50","7.69","8.00","-12.50","NO","","0.00","","5","Mr P W Mullins","George Baker","40","80","86","85","74","61","55","C","63","72","54","12","32","44","12","31/08/2026 15:35","1m 4f 6y","Turf","D","4","2646","0","9778.00","Betfred 'Nifty 50' Amateurs' Derby Handicap (Gentleman Amateur Jockeys) (GBBPlus Race) (Class D)","","","","0.00","163","2/9171111-90","0","0","0","0.00","0.00","0.00","7","7","31","22.58","22.58","75.00","0.07","52.77","B","2","38655.00","119","1m 4f 6y","2646","25.39","19.00","L/LLLLLLL-LL","18.00","7","6","11.9","CD","2","0","Hcap-Ama","Left - Sharp / Undulating","4yo+,90","22/1","22.00","4","","90","14","14","256","530","274","61","94","70","49","86","439","bg","g","Lady Aquitaine","Australia","tpWS","0","1.22","7","31","58.35","46.60","58.06","38.71","3","1","0.00","14.29","1.00","0.00","0.00","0.00","NO","0.00","Male","46.67","39.93","41.86","43.77","0.00","0.00","0.00","","","13","0"
"31/08/2026","15:35","Epsom","Epictetus","17.00","37.50","23.00","13.64","26.00","56.25","NO","","0.00","","4","Mr Jack Loughnane","Jamie Osborne","67","88","9","82","80","64","63","D","62","78","64","27","36","63","2","31/08/2026 15:35","1m 4f 6y","Turf","D","4","2646","6","9778.00","Betfred 'Nifty 50' Amateurs' Derby Handicap (Gentleman Amateur Jockeys) (GBBPlus Race) (Class D)","","","","0.00","160","2233052316","0","0","0","0.00","0.00","0.00","4","8","37","10.81","21.62","0.00","-12.60","247.19","D","4","5653.00","137","1m 2f","2200","6.20","5.50","PHHHHHHPHH","3.00","4","6","11.6","C","5","0","Hcap-Ama","Left - Sharp / Undulating","4yo+,90","10/1","10.00","4","","90","14","14","274","533","259","60","51","97","51","9","","b","g","Thistle Bird","Kingman","t","0","0.93","4","37","53.31","38.36","37.84","24.32","7","1","25.00","25.00","1.00","0.00","0.00","0.00","NO","0.00","Male","62.59","51.88","54.54","54.78","0.00","0.00","0.00","","","",""
"31/08/2026","15:35","Epsom","Son Of Man","21.00","10.00","23.00","0.00","23.00","10.00","NO","","0.00","","7","Mr Ross Birkett","Jim Boyle","51","67","19","82","75","64","52","D","51","72","62","22","28","50","2","31/08/2026 15:35","1m 4f 6y","Turf","D","4","2646","0","9778.00","Betfred 'Nifty 50' Amateurs' Derby Handicap (Gentleman Amateur Jockeys) (GBBPlus Race) (Class D)","","","","0.00","160","42-33512309","0","0","0","0.00","0.00","0.00","2","9","27","7.41","33.33","0.00","-12.50","160.98","C","3","8246.00","138","1m 3f 219y","2639","60.00","29.00","PL-HPHPLPHH","3.00","11","5","11.6","D","4","0","Hcap-Ama","Left - Sharp / Undulating","4yo+,90","12/1","12.00","4","","90","14","14","220","468","248","56","68","91","33","19","","b","g","Crisolles","Dark Angel","","0","1.21","2","27","53.78","38.03","18.52","11.11","11","-1","50.00","100.00","1.00","0.00","0.00","0.00","NO","0.00","Male","48.69","56.62","47.90","46.01","0.00","0.00","0.00","","","",""
"31/08/2026","15:35","Epsom","Curran","15.00","28.57","19.00","55.56","29.00","100.00","NO","","0.00","","8","Mr Patrick Millman","Rod Millman","67","62","25","73","74","59","60","E","63","73","55","24","28","52","6","31/08/2026 15:35","1m 4f 6y","Turf","D","4","2646","0","9778.00","Betfred 'Nifty 50' Amateurs' Derby Handicap (Gentleman Amateur Jockeys) (GBBPlus Race) (Class D)","","","","0.00","151","5245-016512","0","0","0","0.00","0.00","0.00","6","6","30","20.00","20.00","0.00","24.30","49.77","E","5","4187.00","134","1m 4f","2640","7.20","6.00","LHLP-HPLPPP","9.00","5","5","10.11","","11","0","Hcap-Ama","Left - Sharp / Undulating","4yo+,90","11/1","11.00","4","","90","14","14","244","475","231","72","54","48","57","25","","ch","g","Tipitena","Gleneagles","WS","0","1.04","6","30","49.03","37.48","30.00","23.33","4","3","16.67","16.67","1.00","0.00","0.00","0.00","NO","0.00","Male","65.48","58.71","55.31","60.88","0.00","0.00","0.00","","","",""
"31/08/2026","15:35","Epsom","Seeking Charles","13.00","0.00","13.00","0.00","13.00","0.00","NO","","0.00","","14","Mr Henry Main","Mark Usher","57","18","25","67","62","57","54","E","57","61","54","16","18","34","8","31/08/2026 15:35","1m 4f 6y","Turf","D","4","2646","2","9778.00","Betfred 'Nifty 50' Amateurs' Derby Handicap (Gentleman Amateur Jockeys) (GBBPlus Race) (Class D)","","","","0.00","145","826/030-7732","0","0","0","0.00","0.00","0.00","0","3","11","0.00","27.27","100.00","-11.00","0.00","E","5","5234.00","132","1m 4f","2640","7.00","6.50","HPP/HHH-HHLL","12.00","6","5","10.5","","14","0","Hcap-Ama","Left - Sharp / Undulating","4yo+,90","18/1","18.00","4","","90","14","14","147","316","169","51","62","77","-21","25","161","ch","g","Marie Cuddy","Olympic Glory","","0","1.10","0","11","42.88","27.48","54.55","36.36","5","1","0.00","0.00","1.00","0.00","0.00","0.00","NO","0.00","Male","57.50","46.80","49.53","47.37","0.00","0.00","0.00","","","",""
"31/08/2026","15:35","Epsom","Sweet Reward","29.00","42.86","41.00","0.00","41.00","42.86","NO","","0.00","","9","Mr James Hills","Jonathan Portman","64","54","30","87","78","64","64","D","64","77","62","22","28","50","6","31/08/2026 15:35","1m 4f 6y","Turf","D","4","2646","4","9778.00","Betfred 'Nifty 50' Amateurs' Derby Handicap (Gentleman Amateur Jockeys) (GBBPlus Race) (Class D)","","","","0.00","165","36557-21190","0","0","0","0.00","0.00","0.00","9","11","59","15.25","18.64","0.00","11.13","63.17","C","3","25770.00","134","1m 1f 11y","1991","106.91","41.00","PPPHP-PLLPH","9.00","14","9","11.11","C","1","0","Hcap-Ama","Left - Sharp / Undulating","4yo+,90","12/1","12.00","4","","90","14","14","266","572","306","72","66","97","71","30","","b","g","Dangle","Acclamation","","0","1.86","9","59","61.42","44.64","45.76","35.59","25","-1","11.11","22.22","1.00","0.00","0.00","0.00","NO","0.00","Male","45.06","48.95","48.85","51.43","0.00","0.00","0.00","","","",""
"31/08/2026","15:30","Chepstow","Fullstop","12.00","63.64","19.00","11.11","21.00","81.82","NO","","0.00","","9","Ashley Lewis","G Harris","38","69","25","52","58","52","41","F","38","55","48","22","7","29","6","31/08/2026 15:30","7f 16y","Turf","F","6","1556","3","3768.00","Runtech Ltd Handicap (Div 1) (Class F)","","","","0.00","127","930-935687","0","0","0","0.00","0.00","0.00","0","2","9","0.00","22.22","0.00","-9.00","0.00","E","5","4187.00","120","7f 16y","1556","24.96","23.00","HPH-PLLPHL","19.00","4","3","9.1","","6","0","Hcap","Left - Galloping / Undulating","3yo+,55","9/1","9.00","3","","55","11","11","237","504","267","68","89","87","23","25","","b","g","The Singing Hills","Bungle Inthejungle","ht","0","0.89","0","9","38.46","25.14","44.44","33.33","3","-1","0.00","0.00","1.00","0.00","0.00","0.00","NO","0.00","Male","53.90","52.94","48.92","50.93","0.00","0.00","0.00","","","",""
"31/08/2026","15:30","Chepstow","Escape Magic","3.00","-25.00","2.50","33.33","3.00","0.00","NO","","0.00","","1","Rossa Ryan","Owen Burrows","61","254","37","55","67","54","61","F","61","61","52","45","68","113","4","31/08/2026 15:30","7f 16y","Turf","F","6","1556","0","3768.00","Runtech Ltd Handicap (Div 1) (Class F)","","","","0.00","130","760-113","0","0","0","0.00","0.00","0.00","2","0","6","33.33","0.00","0.00","5.67","32.97","F","6","3926.00","133","1m","1760","2.97","2.50","HPH-HPP","13.00","10","3","9.4","CD  BF","5","0","Hcap","Left - Galloping / Undulating","3yo+,55","4/1","4.00","3","","55","11","11","333","673","340","89","91","76","84","37","","ch","f","Ebrahcadebrah","Without Parole","","0","0.81","2","6","56.30","44.48","50.00","33.33","2","1","100.00","100.00","1.00","0.00","0.00","0.00","NO","0.00","Female","49.33","47.14","56.73","62.68","0.00","0.00","0.00","","","",""
"31/08/2026","15:30","Chepstow","Ajrad","5.50","-26.00","4.33","-24.92","3.50","-44.44","NO","","0.00","","7","Lewis Edmunds","Rod Millman","53","81","13","52","72","56","57","F","58","71","56","30","27","57","0","31/08/2026 15:30","7f 16y","Turf","F","6","1556","0","3768.00","Runtech Ltd Handicap (Div 1) (Class F)","","","","0.00","132","79-86565354","0","0","0","0.00","0.00","0.00","8","13","71","11.27","18.31","0.00","-16.67","34.33","F","6","3454.00","123","1m 14y","1774","5.63","4.50","HH-HHHHHHHH","0.00","2","8","9.6","C D","3","0","Hcap","Left - Galloping / Undulating","3yo+,55","13/2","6.50","3","","55","11","11","319","562","243","79","69","81","14","13","","ch","g","Princess Cammie","New Approach","p","0","0.95","8","71","54.41","37.72","26.76","18.31","-9","-3","25.00","25.00","1.00","0.00","0.00","0.00","NO","0.00","Male","65.48","58.71","55.31","60.88","0.00","0.00","0.00","","","",""
"31/08/2026","15:30","Chepstow","Snow Day","41.00","0.00","41.00","0.00","41.00","0.00","NO","","0.00","","10","Myla Coppins","Tony Carroll","48","31","24","46","60","44","51","F","48","48","33","9","11","20","0","31/08/2026 15:30","7f 16y","Turf","F","6","1556","5","3768.00","Runtech Ltd Handicap (Div 1) (Class F)","","","","0.00","121","00-0866","0","0","0","0.00","0.00","0.00","0","0","6","0.00","0.00","0.00","-6.00","0.00","F","6","4187.00","116","6f 210y","1530","40.00","34.00","HH-HHHH","0.00","1","3","8.9","","11","0","Hcap","Left - Galloping / Undulating","3yo+,55","25/1","25.00","3","","55","11","11","207","490","283","81","81","82","39","24","","b","f","Neige D'Antan","Aclaim","","0","0.89","0","6","9.76","2.86","50.00","16.67","6","3","0.00","0.00","1.00","0.00","0.00","0.00","NO","0.00","Female","49.45","45.67","46.55","45.75","0.00","0.00","0.00","","","",""
"31/08/2026","15:35","Epsom","Devil In The Sky","21.00","65.00","34.00","0.00","34.00","65.00","NO","","0.00","","13","Mr G Ancenys","Gary Moore","","25","","79","","","","","","","","0","15","15","0","31/08/2026 15:35","1m 4f 6y","Turf","D","4","2646","4","9778.00","Betfred 'Nifty 50' Amateurs' Derby Handicap (Gentleman Amateur Jockeys) (GBBPlus Race) (Class D)","","","","0.00","157","","0","0","0","0.00","0.00","0.00","0","0","0","0.00","0.00","0.00","0.00","0.00","","","0.00","","","0","0.00","0.00","","0.00","13","6","11.3","","7","0","Hcap-Ama","Left - Sharp / Undulating","4yo+,90","","0.00","4","","90","14","14","94","389","295","72","68","97","58","","","ch","g","Diablesse","Starspangledbanner","t","0","0.35","0","0","0.00","0.00","0.00","0.00","","","0.00","0.00","1.00","0.00","0.00","0.00","NO","0.00","Male","45.56","50.20","49.87","53.88","0.00","0.00","0.00","","","",""
"31/08/2026","15:35","Epsom","Divine Knight","4.33","-24.92","3.50","20.00","4.00","-9.91","NO","","0.00","","2","Mr Henry Callan","William Haggas","73","119","30","81","75","67","65","C","67","73","64","31","34","65","8","31/08/2026 15:35","1m 4f 6y","Turf","D","4","2646","0","9778.00","Betfred 'Nifty 50' Amateurs' Derby Handicap (Gentleman Amateur Jockeys) (GBBPlus Race) (Class D)","","","","0.00","159","17240-6335","0","0","0","0.00","0.00","0.00","1","2","9","11.11","22.22","0.00","1.00","43.20","C","3","10308.00","130","1m 4f","2640","2.32","2.25","PHPHH-HPLP","12.00","9","5","11.5","BF","6","0","Hcap-Ama","Left - Sharp / Undulating","4yo+,90","17/2","8.50","4","","90","14","14","275","588","313","89","95","97","32","30","","b","g","Diantha","Night Of Thunder","","0","1.52","1","9","58.91","40.93","44.44","33.33","1","-3","0.00","0.00","1.00","0.00","0.00","0.00","NO","0.00","Male","54.24","63.97","62.62","59.71","0.00","0.00","0.00","","","",""
"31/08/2026","15:30","Chepstow","Aplaceinthesun","17.00","25.00","21.00","-20.00","17.00","0.00","NO","","0.00","","11","Libby Swallow","Ollie Sangster","53","17","20","48","63","44","51","F","53","53","47","7","8","15","2","31/08/2026 15:30","7f 16y","Turf","F","6","1556","7","3768.00","Runtech Ltd Handicap (Div 1) (Class F)","","","","0.00","123","3808-740","0","0","0","0.00","0.00","0.00","0","0","7","0.00","0.00","0.00","-7.00","0.00","F","6","3245.00","123","7f 1y","1541","25.72","21.00","HPHH-PHH","6.00","9","3","8.11","","10","0","Hcap","Left - Galloping / Undulating","3yo+,55","33/1","33.00","3","","55","11","11","215","469","254","83","57","66","48","20","","ch","f","Ducissa","Zoustar","","0","1.26","0","7","19.88","11.12","0.00","0.00","-1","1","0.00","0.00","1.00","0.00","0.00","0.00","NO","0.00","Female","35.55","37.12","39.35","47.43","0.00","0.00","0.00","","","",""
"31/08/2026","15:35","Epsom","Crooked Path","5.50","11.11","6.00","0.00","6.00","11.11","NO","","0.00","","3","Mr S Walker","James Owen","48","104","19","72","69","52","48","E","48","68","51","25","42","67","6","31/08/2026 15:35","1m 4f 6y","Turf","D","4","2646","0","9778.00","Betfred 'Nifty 50' Amateurs' Derby Handicap (Gentleman Amateur Jockeys) (GBBPlus Race) (Class D)","","","","0.00","150","4352-623311","0","0","0","0.00","0.00","0.00","2","5","18","11.11","27.78","100.00","-12.52","41.87","E","5","4187.00","137","1m 3f 219y","2639","4.20","3.75","PPPL-LPHPLH","9.00","8","4","10.10","D","12","0","Hcap-Ama","Left - Sharp / Undulating","4yo+,90","11/1","11.00","4","","90","14","14","217","520","303","89","74","91","49","19","133","ch","g","Moving Heart","Waldgeist","","0","1.22","2","18","62.06","45.44","33.33","22.22","12","3","50.00","100.00","1.00","0.00","0.00","0.00","NO","0.00","Male","23.69","44.91","52.75","58.47","0.00","0.00","0.00","","","",""
"31/08/2026","15:40","Ripon","Firefall","7.00","41.67","9.50","64.71","15.00","133.33","NO","","0.00","","7","Oisin Orr","Ed Bethell","","103","","88","","","","","","","","0","29","29","0","31/08/2026 15:40","1m","Turf","B","2","1760","0","15462.00","Ripon Rowels Handicap (Class B)","","","","0.00","124","","0","0","0","0.00","0.00","0.00","0","0","0","0.00","0.00","0.00","0.00","0.00","","","0.00","","","0","0.00","0.00","","0.00","1","3","8.12","","8","0","Hcap","Right - Sharp","3yo+,105","","0.00","3","","105","9","9","221","547","326","89","86","96","55","","","b","c","Flare Of Firelight","Kingman","","0","1.48","0","0","0.00","0.00","0.00","0.00","","","0.00","0.00","1.00","0.00","0.00","0.00","NO","0.00","Male","79.49","55.96","65.48","65.54","0.00","0.00","0.00","","","",""
"31/08/2026","15:40","Ripon","Thunder Roar","17.00","0.00","17.00","37.50","23.00","37.50","NO","","0.00","","9","David Nolan","Tony Coyle","58","97","87","93","76","65","65","B","66","74","63","19","34","53","0","31/08/2026 15:40","1m","Turf","B","2","1760","0","15462.00","Ripon Rowels Handicap (Class B)","","","","0.00","135","084102-7000","0","0","0","0.00","0.00","0.00","5","12","33","15.15","36.36","0.00","-2.93","103.20","B","2","38655.00","134","1m 113y","1873","33.62","26.00","HHHHHH-HHHH","0.00","7","7","9.9","D","2","0","Hcap","Right - Sharp","3yo+,105","9/1","9.00","3","","105","9","9","281","544","263","61","67","79","56","87","","ch","g","Dominike","Night Of Thunder","p","0","0.90","5","33","62.16","49.26","39.39","33.33","3","-1","20.00","40.00","1.00","0.00","0.00","0.00","NO","0.00","Male","42.11","49.31","52.10","51.17","0.00","0.00","0.00","","","14","2"
"31/08/2026","15:40","Ripon","Mr Professor","6.50","36.36","8.50","20.00","10.00","63.64","NO","","0.00","","4","D Egan","Kevin Foy","66","123","12","87","76","64","66","C","66","70","61","26","19","45","8","31/08/2026 15:40","1m","Turf","B","2","1760","0","15462.00","Ripon Rowels Handicap (Class B)","","","","0.00","129","6/1000/056-62","0","0","0","0.00","0.00","0.00","5","3","30","16.67","10.00","0.00","49.25","237.53","D","4","6281.00","137","1m","1760","27.46","23.00","P/HPHP/PPP-LP","24.00","3","7","9.3","D","4","0","Hcap","Right - Sharp","3yo+,105","6/1","6.00","3","","105","9","9","293","577","284","82","78","75","49","12","","b","g","Law Of The Range","Profitable","","0","0.76","5","30","52.18","38.62","53.33","36.67","8","3","20.00","20.00","1.00","0.00","0.00","0.00","NO","0.00","Male","53.44","62.10","57.20","58.56","0.00","0.00","0.00","","","",""
"31/08/2026","15:40","Ripon","Majestic Dane","4.33","35.14","5.50","44.44","7.50","95.20","NO","","0.00","","2","Clifford Lee","K R Burke","52","132","193","86","53","52","52","D","52","52","52","0","43","43","4","31/08/2026 15:40","1m","Turf","B","2","1760","0","15462.00","Ripon Rowels Handicap (Class B)","","","","0.00","122","12","0","0","0","0.00","0.00","0.00","1","1","2","50.00","50.00","0.00","-0.43","54.00","D","4","5400.00","127","7f 14y","1554","3.69","3.25","PP","12.00","2","3","8.10","","9","0","Hcap","Right - Sharp","3yo+,105","","0.00","3","","105","9","9","274","581","307","82","85","85","55","193","","b","g","Enough's Enough","Showcasing","","0","1.48","1","2","87.50","78.13","100.00","50.00","2","2","0.00","0.00","1.00","0.00","0.00","0.00","NO","0.00","Male","68.20","54.44","57.46","56.91","0.00","0.00","0.00","","","2","0"
"31/08/2026","15:45","Cartmel","Belles Benefit","5.50","33.33","7.00","-16.67","6.00","11.11","NO","","0.00","","6","Harry Bannister","Ben Case","58","108","44","106","75","57","58","G","58","71","50","16","35","51","4","31/08/2026 15:45","3m 1f 83y","Hurdle","B","2","5583","0","12903.00","EWGA Handicap Hurdle (GBB Race) (Class B)","","","","0.00","149","4/6331568-13","0","0","0","0.00","0.00","0.00","5","11","41","12.20","26.83","89.74","-4.60","41.63","C","3","15947.00","143","2m 6f 31y","4871","10.64","8.50","P/PHPLPPH-PP","25.00","0","10","10.9","C D","7","0","Hcap-Hdle","Left - Sharp","4yo+,125","10/1","10.00","4","","125","7","7","275","590","315","78","87","83","67","","44","b","m","Snowbelle","Leading Light","b","0","0.00","5","41","60.35","44.91","36.59","19.51","9","3","40.00","80.00","1.00","0.00","0.00","0.00","NO","0.00","Female","44.44","52.61","50.20","51.55","0.00","0.00","0.00","","","2","1"
"31/08/2026","15:45","Cartmel","Shallow River","7.00","8.33","7.50","-15.38","6.50","-8.33","NO","","0.00","","3","Sean Bowen","Olly Murphy","66","181","36","125","77","64","66","C","66","75","60","24","32","56","0","31/08/2026 15:45","3m 1f 83y","Hurdle","B","2","5583","0","12903.00","EWGA Handicap Hurdle (GBB Race) (Class B)","","","","0.00","168","42/31781-635","0","0","0","0.00","0.00","0.00","4","8","24","16.67","33.33","95.24","3.55","94.84","B","2","9823.00","165","2m 7f 70y","5130","16.50","12.00","HH/HHHHH-HHH","0.00","0","10","12.0","D","2","0","Hcap-Hdle","Left - Sharp","4yo+,125","13/2","6.50","4","","125","7","7","322","652","330","91","97","90","52","","36","b","g","Nicola's Girl","Ocovango","p","0","0.00","4","24","65.32","51.61","50.00","29.17","4","1","50.00","75.00","1.00","0.00","0.00","0.00","NO","0.00","Male","0.00","78.18","68.36","51.77","0.00","0.00","0.00","","","",""
"31/08/2026","15:45","Cartmel","Imperial Merlin","6.50","0.00","6.50","18.18","7.50","18.18","NO","","0.00","","7","Sean Quinlan","John Quinn","42","84","167","123","74","60","57","C","42","72","49","20","19","39","2","31/08/2026 15:45","3m 1f 83y","Hurdle","B","2","5583","0","12903.00","EWGA Handicap Hurdle (GBB Race) (Class B)","","","","0.00","166","3/1742745-P1","0","0","0","0.00","0.00","0.00","6","3","23","26.09","13.04","80.95","14.70","48.83","E","4","3697.00","168","3m 26y","5306","19.39","17.00","H/PHHHHPH-HP","13.00","0","9","11.12","","4","0","Hcap-Hdle","Left - Sharp","4yo+,125","8/1","8.00","4","","125","7","7","288","600","312","91","85","83","53","","167","b","g","Silver Charmer","Kalanisi","pWS","0","0.00","6","23","55.04","45.09","30.43","26.09","7","-1","0.00","66.67","1.00","0.00","0.00","0.00","NO","0.00","Male","49.39","53.56","49.43","51.23","0.00","0.00","0.00","","","1","0"
"31/08/2026","15:40","Ripon","English Oak","8.00","7.14","8.50","-20.00","7.00","-14.29","NO","","0.00","","8","Harry Vigors","H Al Jehani","68","100","31","102","81","66","67","B","67","78","66","28","29","57","2","31/08/2026 15:40","1m","Turf","B","2","1760","5","15462.00","Ripon Rowels Handicap (Class B)","","","","0.00","144","9/906020-020","0","0","0","0.00","0.00","0.00","3","6","21","14.29","28.57","0.00","-7.44","257.38","B","2","90195.00","135","1m","1760","110.00","67.00","H/HHHPPH-PHH","6.00","4","6","10.4","D","1","0","Hcap","Right - Sharp","3yo+,105","11/2","5.50","3","","105","9","9","311","573","262","77","73","68","44","31","","b","g","Forest Crown","Wootton Bassett","","0","1.38","3","21","53.68","40.55","33.33","28.57","-3","1","66.67","66.67","1.00","0.00","0.00","0.00","NO","0.00","Male","63.10","64.61","65.67","56.19","0.00","0.00","0.00","","","",""
"31/08/2026","15:35","Epsom","Edward Sexton","4.00","-8.33","3.75","-27.27","3.00","-33.33","NO","","0.00","","12","Mr David Dunsdon","Gary Moore","53","34","24","70","71","54","60","E","61","66","51","0","23","23","0","31/08/2026 15:35","1m 4f 6y","Turf","D","4","2646","0","9778.00","Betfred 'Nifty 50' Amateurs' Derby Handicap (Gentleman Amateur Jockeys) (GBBPlus Race) (Class D)","","","","0.00","148","2/31O677-761","0","0","0","0.00","0.00","0.00","2","2","10","20.00","20.00","0.00","-6.17","42.22","E","5","4222.00","146","1m 6f","3080","2.06","2.00","H/HLLHHH-HHH","0.00","2","6","10.8","","13","0","Hcap-Ama","Left - Sharp / Undulating","4yo+,90","","0.00","4","","90","14","14","165","481","316","72","79","76","89","24","487","gr","g","Minutestomidnight","Jukebox Jury","","0","0.69","2","10","50.39","37.82","30.00","20.00","0","1","50.00","50.00","1.00","0.00","0.00","0.00","NO","0.00","Male","45.56","50.20","49.87","53.88","0.00","0.00","0.00","","","",""
"31/08/2026","15:35","Epsom","Yaa Min","10.00","22.22","12.00","45.45","17.00","77.78","NO","","0.00","","11","Mr Cian Murphy","Hayley Burton","73","40","15","79","73","62","71","D","71","71","61","21","15","36","8","31/08/2026 15:35","1m 4f 6y","Turf","D","4","2646","4","9778.00","Betfred 'Nifty 50' Amateurs' Derby Handicap (Gentleman Amateur Jockeys) (GBBPlus Race) (Class D)","","","","0.00","157","35-16416334","0","0","0","0.00","0.00","0.00","2","1","12","16.67","8.33","0.00","3.00","44.75","D","4","5653.00","141","1m 4f 14y","2654","7.73","6.50","HH-PPPLPPPL","12.00","1","4","11.3","D","8","0","Hcap-Ama","Left - Sharp / Undulating","4yo+,90","13/1","13.00","4","","90","14","14","231","480","249","54","58","97","40","15","","b","g","Wonderful Filly","Frankel","WS","0","0.69","2","12","64.15","45.26","33.33","16.67","2","1","100.00","100.00","1.00","0.00","0.00","0.00","NO","0.00","Male","80.00","40.00","42.54","53.25","0.00","0.00","0.00","","","",""
"31/08/2026","15:35","Epsom","Dancing Tiger","15.00","28.57","19.00","22.22","23.00","57.14","NO","","0.00","","10","Mr Frederick Tett","Roger Teal","51","42","39","75","67","60","60","D","64","64","58","29","17","46","2","31/08/2026 15:35","1m 4f 6y","Turf","D","4","2646","0","9778.00","Betfred 'Nifty 50' Amateurs' Derby Handicap (Gentleman Amateur Jockeys) (GBBPlus Race) (Class D)","","","","0.00","153","52134-16224","0","0","0","0.00","0.00","0.00","2","4","14","14.29","28.57","0.00","-0.50","59.27","E","5","5757.00","130","1m 4f","2640","9.20","8.00","PPLPP-PHHHP","3.00","3","4","10.13","","10","0","Hcap-Ama","Left - Sharp / Undulating","4yo+,90","9/1","9.00","4","","90","14","14","220","464","244","50","65","91","38","39","","b","g","Dream Approach","Starspangledbanner","p","0","1.10","2","14","55.04","40.76","42.86","28.57","10","1","50.00","50.00","1.00","0.00","0.00","0.00","NO","0.00","Male","86.43","75.35","57.76","54.56","0.00","0.00","0.00","","","4","0"
"31/08/2026","15:40","Ripon","Spoken Truth","4.33","-24.92","3.50","-30.00","2.75","-47.45","NO","","0.00","","5","Daniel Tudhope","David O'Meara","74","118","20","85","74","65","65","C","69","71","63","41","25","66","2","31/08/2026 15:40","1m","Turf","B","2","1760","0","15462.00","Ripon Rowels Handicap (Class B)","","","","0.00","127","08-42232643","0","0","0","0.00","0.00","0.00","1","5","17","5.88","29.41","0.00","-14.38","75.00","C","3","13400.00","138","1m 1f 35y","2015","4.14","4.00","HH-HHPHHPHH","6.00","5","5","9.1","BF","6","0","Hcap","Right - Sharp","3yo+,105","7/2","3.50","3","","105","9","9","275","522","247","77","90","79","1","20","","b","g","Joailliere","Frankel","t1","0","1.10","1","17","51.36","39.59","29.41","17.65","-3","-1","0.00","100.00","1.00","0.00","0.00","0.00","NO","0.00","Male","55.47","52.09","55.04","51.57","0.00","0.00","0.00","","","",""
"31/08/2026","15:40","Ripon","Racingbreaks Ryder","9.50","-23.53","7.50","38.46","10.00","5.88","NO","","0.00","","6","Oisin Murphy","Charles Hills","58","115","12","86","78","63","66","D","69","75","61","25","27","52","8","31/08/2026 15:40","1m","Turf","B","2","1760","0","15462.00","Ripon Rowels Handicap (Class B)","","","","0.00","128","637003-8118","0","0","0","0.00","0.00","0.00","7","9","37","18.92","24.32","0.00","14.95","93.12","D","4","6281.00","144","1m","1760","6.40","5.50","HPHLHH-HLPP","24.00","9","6","9.2","D","5","0","Hcap","Right - Sharp","3yo+,105","13/2","6.50","3","","105","9","9","305","626","321","81","99","77","64","12","","b","g","Nisma","Fast Company","","0","0.64","7","37","56.76","44.65","35.14","24.32","3","1","42.86","57.14","1.00","0.00","0.00","0.00","NO","0.00","Male","47.36","52.26","54.43","56.57","0.00","0.00","0.00","","","",""
"31/08/2026","15:40","Ripon","Milteye","13.00","16.67","15.00","-14.29","13.00","0.00","NO","","0.00","","1","Ethan Tindall","Harriet Bethell","66","171","23","83","72","57","61","D","64","68","54","23","43","66","4","31/08/2026 15:40","1m","Turf","B","2","1760","5","15462.00","Ripon Rowels Handicap (Class B)","","","","0.00","125","131261-0185","0","0","0","0.00","0.00","0.00","5","7","29","17.24","24.14","83.33","-9.88","50.51","D","4","5234.00","129","1m","1760","14.50","12.00","PPLHLL-LHPP","12.00","8","6","8.13","CD","7","0","Hcap","Right - Sharp","3yo+,105","7/1","7.00","3","","105","9","9","277","646","369","99","75","95","100","23","751","b","g","Fondie","Cable Bay","","0","1.05","5","29","59.18","45.52","31.03","24.14","-5","1","60.00","80.00","1.00","0.00","0.00","0.00","NO","0.00","Male","89.44","72.21","65.46","64.46","0.00","0.00","0.00","","","",""
"31/08/2026","15:40","Ripon","Mirsky","9.00","-31.25","6.50","18.18","7.50","-18.75","NO","","0.00","","3","Mark Winn","David O'Meara","71","130","11","91","77","69","67","B","67","76","69","25","32","57","6","31/08/2026 15:40","1m","Turf","B","2","1760","0","15462.00","Ripon Rowels Handicap (Class B)","","","","0.00","133","09-31007999","0","0","0","0.00","0.00","0.00","3","2","22","13.64","9.09","0.00","-9.50","266.82","B","2","77310.00","123","7f 192y","1732","121.59","81.00","LP-PHPHPHPL","18.00","6","7","9.7","D","3","0","Hcap","Right - Sharp","3yo+,105","13/2","6.50","3","","105","9","9","320","611","291","77","68","72","74","11","","ch","g","Latice","Siyouni","","0","1.43","3","22","56.61","39.78","45.45","31.82","2","1","0.00","0.00","1.00","0.00","0.00","0.00","NO","0.00","Male","55.47","52.09","55.04","51.57","0.00","0.00","0.00","","","",""
"31/08/2026","15:30","Chepstow","Prince Ali","10.00","0.00","10.00","33.33","13.00","33.33","NO","","0.00","","4","Miss Zoe Lewis","T Faulkner","53","99","20","51","68","58","55","F","53","67","55","30","24","54","4","31/08/2026 15:30","7f 16y","Turf","F","6","1556","7","3768.00","Runtech Ltd Handicap (Div 1) (Class F)","","","","0.00","131","09-78736129","0","0","0","0.00","0.00","0.00","7","10","54","12.96","18.52","100.00","50.50","36.72","F","6","3245.00","127","7f 1y","1541","12.13","11.00","HH-HPHPHPPH","13.00","8","8","9.5","C D","4","0","Hcap","Left - Galloping / Undulating","3yo+,55","13/2","6.50","3","","55","11","11","308","605","297","70","70","76","81","20","1400","br","g","Desert Liaison","Twilight Son","p","0","1.43","7","54","54.51","39.11","37.04","24.07","12","1","28.57","28.57","1.00","0.00","0.00","0.00","NO","0.00","Male","33.97","32.01","38.94","53.67","0.00","0.00","0.00","","","",""
"31/08/2026","15:17","Southwell","Avatar Jet","11.00","-40.00","7.00","-44.50","4.33","-66.70","NO","","0.00","","10","Zak Wheatley","Declan Carroll","59","62","12","65","66","60","60","E","59","65","58","31","13","44","12","31/08/2026 15:17","1m 13y","A/W","F","6","1773","0","3768.00","Festive Fixtures At Southwell Racecourse Handicap (Class F)","","","","0.00","135","4443-013475","0","0","0","0.00","0.00","0.00","2","3","18","11.11","16.67","0.00","-6.00","56.48","E","5","4187.00","138","7f 173y","1713","15.00","15.00","HHPH-PLLLLL","19.00","13","5","9.9","CD","1","0","Hcap","Left - Sharp","4yo+,65","11/1","11.00","4","","65","14","14","272","566","294","78","55","68","93","12","","b","g","Ava Star","Belardo","","0","1.34","2","18","61.62","44.35","33.33","16.67","0","1","50.00","50.00","1.00","0.00","0.00","0.00","NO","0.00","Male","75.40","54.98","59.26","54.90","0.00","0.00","0.00","","","",""
"31/08/2026","15:17","Southwell","Rusheen Boy","17.00","25.00","21.00","40.00","29.00","75.00","NO","","0.00","","1","Sean Levey","Julia and Shelley Birkett","51","140","34","63","64","57","57","F","56","64","55","33","13","46","4","31/08/2026 15:17","1m 13y","A/W","F","6","1773","0","3768.00","Festive Fixtures At Southwell Racecourse Handicap (Class F)","","","","0.00","133","4544-183155","0","0","0","0.00","0.00","0.00","6","5","34","17.65","14.71","0.00","1.07","36.98","F","6","3768.00","141","7f 3y","1543","14.37","13.00","PPPP-LPHPPH","6.00","3","5","9.7","C","4","0","Hcap","Left - Sharp","4yo+,65","10/1","10.00","4","","65","14","14","245","532","287","76","86","83","42","34","","b","g","Displaying Amber","Coach House","t","0","1.06","6","34","58.15","41.62","20.59","17.65","8","3","33.33","50.00","1.00","0.00","0.00","0.00","NO","0.00","Male","27.64","40.00","39.67","43.93","0.00","0.00","0.00","","","",""
"31/08/2026","15:17","Southwell","Bajan Bandit","8.00","0.00","8.00","14.29","9.00","14.29","NO","","0.00","","2","Paddy Bradley","Patrick Morris","58","92","11","60","75","61","61","E","58","72","59","31","47","78","6","31/08/2026 15:17","1m 13y","A/W","F","6","1773","0","3768.00","Festive Fixtures At Southwell Racecourse Handicap (Class F)","","","","0.00","130","0466685232","0","0","0","0.00","0.00","0.00","6","9","52","11.54","17.31","0.00","8.50","67.53","F","6","3245.00","135","1m 1y","1761","5.81","5.00","PPHHPHPPPP","10.00","4","6","9.4","CD","11","0","Hcap","Left - Sharp","4yo+,65","11/1","11.00","4","","65","14","14","285","396","111","46","81","61","-77","11","","b","g","Dirayah","Oasis Dream","vWS","0","1.02","6","52","49.56","35.68","21.15","13.46","22","3","16.67","16.67","1.00","0.00","0.00","0.00","NO","0.00","Male","50.91","65.53","52.05","42.32","0.00","0.00","0.00","","","",""
"31/08/2026","15:17","Southwell","Mr Fustic","23.00","27.27","29.00","17.86","34.00","50.00","NO","","0.00","","6","Marco Ghiani","Andi Brown","47","67","104","57","68","57","57","F","61","68","56","29","17","46","0","31/08/2026 15:17","1m 13y","A/W","F","6","1773","0","3768.00","Festive Fixtures At Southwell Racecourse Handicap (Class F)","","","","0.00","127","487796-3145","0","0","0","0.00","0.00","0.00","6","6","38","15.79","15.79","0.00","3.00","36.42","F","6","3454.00","135","7f 135y","1675","11.50","9.00","HHHHHH-HHHH","0.00","10","8","9.1","CD","14","0","Hcap","Left - Sharp","4yo+,65","12/1","12.00","4","","65","14","14","198","482","284","85","92","59","48","104","","b","g","Marion Antoinette","Epaulette","tp","0","1.09","6","38","54.62","39.05","34.21","21.05","16","1","0.00","0.00","1.00","0.00","0.00","0.00","NO","0.00","Male","0.00","0.00","0.00","32.71","0.00","0.00","0.00","","","5","0"
"31/08/2026","15:17","Southwell","Portman Blue","11.00","20.00","13.00","0.00","13.00","20.00","NO","","0.00","","11","Luke Morris","Joseph Parr","54","55","32","63","59","55","54","E","54","58","53","21","7","28","2","31/08/2026 15:17","1m 13y","A/W","F","6","1773","0","3768.00","Festive Fixtures At Southwell Racecourse Handicap (Class F)","","","","0.00","133","33548666","0","0","0","0.00","0.00","0.00","0","2","8","0.00","25.00","0.00","-8.00","0.00","F","6","3768.00","133","1m 142y","1902","4.88","4.33","HPPHHHPH","3.00","1","4","9.7","BF","5","0","Hcap","Left - Sharp","4yo+,65","16/1","16.00","4","","65","14","14","155","358","203","74","69","77","-17","32","","b","g","Oh Happy Days","Sergei Prokofiev","t","0","0.89","0","8","53.46","32.74","25.00","12.50","0","1","0.00","0.00","1.00","0.00","0.00","0.00","NO","0.00","Male","0.00","52.38","47.06","48.48","0.00","0.00","0.00","","","",""
"31/08/2026","15:17","Southwell","Soames Forsyte","23.00","0.00","23.00","-18.18","19.00","-18.18","NO","","0.00","","9","Tom Eaves","Michael Herrington","53","66","26","60","70","60","56","F","54","68","58","30","15","45","0","31/08/2026 15:17","1m 13y","A/W","F","6","1773","0","3768.00","Festive Fixtures At Southwell Racecourse Handicap (Class F)","","","","0.00","130","7-818455065","0","0","0","0.00","0.00","0.00","7","9","55","12.73","16.36","0.00","24.00","46.28","E","5","4187.00","123","1m 6y","1766","14.93","13.00","H-HHHPHHHHH","0.00","2","7","9.4","CD","10","0","Hcap","Left - Sharp","4yo+,65","12/1","12.00","4","","65","14","14","216","448","232","79","51","73","29","26","","b","g","Fleur Forsyte","Siyouni","pWS","0","1.10","7","55","52.88","36.45","25.45","20.00","15","3","42.86","42.86","1.00","0.00","0.00","0.00","NO","0.00","Male","61.12","52.95","55.40","59.15","0.00","0.00","0.00","","","",""
"31/08/2026","15:17","Southwell","Relevant Range","13.00","33.33","17.00","0.00","17.00","33.33","NO","","0.00","","4","Elle-May Croot","Ivan Furtado","65","88","32","63","69","58","61","F","65","67","57","32","38","70","4","31/08/2026 15:17","1m 13y","A/W","F","6","1773","5","3768.00","Festive Fixtures At Southwell Racecourse Handicap (Class F)","","","","0.00","133","6340862614","0","0","0","0.00","0.00","0.00","5","11","49","10.20","22.45","100.00","20.03","52.78","E","5","4187.00","124","1m 75y","1835","14.50","10.00","HHHHHPHHPP","6.00","11","7","9.7","CD","3","0","Hcap","Left - Sharp","4yo+,65","11/1","11.00","4","","65","14","14","281","417","136","53","43","61","-21","32","825","b","g","Leala","Starspangledbanner","","0","1.07","5","49","55.34","38.86","30.61","16.33","15","3","20.00","40.00","1.00","0.00","0.00","0.00","NO","0.00","Male","50.46","42.35","51.86","52.91","0.00","0.00","0.00","","","",""
"31/08/2026","15:17","Southwell","Just Typical","5.50","-26.00","4.33","-9.91","4.00","-33.33","NO","","0.00","","6","Billy Loughnane","Ian Williams","63","67","25","61","67","59","61","E","61","66","56","25","19","44","6","31/08/2026 15:17","1m 13y","A/W","F","6","1773","0","3768.00","Festive Fixtures At Southwell Racecourse Handicap (Class F)","","","","0.00","131","37035-58434","0","0","0","0.00","0.00","0.00","6","8","37","16.22","21.62","0.00","-1.50","37.25","E","5","5234.00","131","1m","1760","4.70","4.33","HHHHH-HHPPP","10.00","12","5","9.5","CD","9","0","Hcap","Left - Sharp","4yo+,65","14/1","14.00","4","","65","14","14","260","541","281","69","91","85","36","25","","b","g","Just Like A Woman","Territories","t","0","2.01","6","37","58.89","43.98","27.03","21.62","5","-1","50.00","66.67","1.00","0.00","0.00","0.00","NO","0.00","Male","38.29","42.16","45.54","47.08","0.00","0.00","0.00","","","",""
"31/08/2026","15:17","Southwell","Special Breeze","17.00","12.50","19.00","11.11","21.00","25.00","NO","","0.00","","12","Kieran O'Neill","Pam Sly","46","49","103","58","54","46","51","E","54","54","47","12","3","15","10","31/08/2026 15:17","1m 13y","A/W","F","6","1773","0","3768.00","Festive Fixtures At Southwell Racecourse Handicap (Class F)","","","","0.00","128","094-657","0","0","0","0.00","0.00","0.00","0","0","6","0.00","0.00","0.00","-6.00","0.00","E","5","4397.00","126","1m 2f 23y","2223","14.87","13.00","HPH-LLP","16.00","7","4","9.2","","12","0","Hcap","Left - Sharp","4yo+,65","28/1","28.00","4","","65","14","14","139","279","140","65","46","86","-57","103","","b","f","Specialty","Bated Breath","WS1","0","0.89","0","6","21.02","8.57","50.00","50.00","4","3","0.00","0.00","1.00","0.00","0.00","0.00","NO","0.00","Female","50.00","50.00","55.24","59.84","0.00","0.00","0.00","","","7","0"
"31/08/2026","15:10","Cartmel","Ballyearl","19.00","11.11","21.00","65.00","34.00","83.33","NO","","0.00","","8","Danny McMenamin","Laura Morgan","53","91","41","105","67","52","52","E","53","61","43","17","25","42","4","31/08/2026 15:10","2m 6f 31y","Hurdle","E","4","4871","0","4251.00","Campbell & Rowley Handicap Hurdle (Class E)","","","","0.00","158","6/9160-P8","0","0","0","0.00","0.00","0.00","1","0","7","14.29","0.00","85.71","-0.50","60.00","C","3","9000.00","151","2m 1f 89y","3829","31.06","26.00","H/PPPH-PP","9.00","0","5","11.4","","5","0","Hcap-Hdle","Left - Sharp","4yo+,115","16/1","16.00","4","","115","13","13","254","547","293","71","83","91","48","","41","b","g","Esmeria Bellevue","Buck's Boum","h","0","0.00","1","7","43.35","27.64","42.86","42.86","1","1","0.00","0.00","1.00","0.00","0.00","0.00","NO","0.00","Male","85.87","57.25","57.25","51.13","0.00","0.00","0.00","","","",""
"31/08/2026","15:10","Cartmel","Fairlawn Skipper","4.50","14.29","5.00","0.00","5.00","14.29","NO","","0.00","","9","Mr S Fenelon","Mickey Bowen","60","71","42","108","70","52","45","G","47","64","49","29","30","59","2","31/08/2026 15:10","2m 6f 31y","Hurdle","E","4","4871","5","4251.00","Campbell & Rowley Handicap Hurdle (Class E)","","","","0.00","161","3/123334-901","0","0","0","0.00","0.00","0.00","2","1","10","20.00","10.00","100.00","2.50","29.55","G","5","3459.00","163","2m 6f 31y","4871","10.00","9.00","P/LLPLHP-HHP","4.00","0","6","11.7","CD","2","0","Hcap-Hdle","Left - Sharp","4yo+,115","9/1","9.00","4","","115","13","13","248","559","311","93","54","70","94","","42","b","g","Joe's Island","Schiaparelli","","0","0.00","2","10","40.81","32.45","30.00","20.00","2","-1","50.00","50.00","1.00","0.00","0.00","0.00","NO","0.00","Male","67.19","65.43","58.71","54.42","0.00","0.00","0.00","","","1","0"
"31/08/2026","15:17","Southwell","Peaceful Spirit","15.00","57.14","23.00","127.27","51.00","257.14","NO","","0.00","","13","Alistair Rawlinson","Lawrence Mullaney","43","39","15","62","62","57","54","E","57","57","54","10","10","20","4","31/08/2026 15:17","1m 13y","A/W","F","6","1773","0","3768.00","Festive Fixtures At Southwell Racecourse Handicap (Class F)","","","","0.00","132","6/4-6","0","0","0","0.00","0.00","0.00","0","0","3","0.00","0.00","0.00","-3.00","0.00","D","4","5400.00","131","1m 14y","1774","55.00","29.00","P/H-P","6.00","9","4","9.6","","7","0","Hcap","Left - Sharp","4yo+,65","40/1","40.00","4","","65","14","14","171","328","157","48","65","46","-2","15","","b","f","Tranquil Spirit","Phoenix Of Spain","","0","0.61","0","3","46.36","22.16","0.00","0.00","-1","-1","0.00","0.00","1.00","0.00","0.00","0.00","NO","0.00","Female","24.44","25.56","44.94","34.94","0.00","0.00","0.00","","","",""
"31/08/2026","15:17","Southwell","Volto Di Medusa","7.50","-15.38","6.50","27.27","8.00","7.69","NO","","0.00","","5","Cieren Fallon","Jack Jones","55","75","32","64","66","56","50","F","51","64","54","36","28","64","4","31/08/2026 15:17","1m 13y","A/W","F","6","1773","0","3768.00","Festive Fixtures At Southwell Racecourse Handicap (Class F)","","","","0.00","134","6-350791072","0","0","0","0.00","0.00","0.00","3","5","25","12.00","20.00","0.00","-2.50","39.66","F","6","3768.00","136","1m 142y","1902","23.54","15.00","P-PHHHHPHPP","6.00","6","5","9.8","CD","2","0","Hcap","Left - Sharp","4yo+,65","9/1","9.00","4","","65","14","14","249","557","308","94","84","80","50","32","","b","g","Simply Fate","Ten Sovereigns","b","0","0.98","3","25","54.48","38.17","20.00","16.00","-1","-1","0.00","0.00","1.00","0.00","0.00","0.00","NO","0.00","Male","45.83","48.75","50.35","48.03","0.00","0.00","0.00","","","",""
"31/08/2026","15:17","Southwell","Izzari","5.50","11.11","6.00","-10.00","5.50","0.00","NO","","0.00","","3","Andrew Mullen","Iain Jardine","51","90","20","63","70","60","54","E","51","69","59","38","41","79","0","31/08/2026 15:17","1m 13y","A/W","F","6","1773","0","3768.00","Festive Fixtures At Southwell Racecourse Handicap (Class F)","","","","0.00","133","146-4800692","0","0","0","0.00","0.00","0.00","3","3","24","12.50","12.50","0.00","7.50","65.07","F","6","3611.00","133","7f 173y","1713","4.94","4.33","HHH-HLHHHHH","0.00","14","5","9.7","D","6","0","Hcap","Left - Sharp","4yo+,65","9/1","9.00","4","","65","14","14","274","470","196","76","70","76","-26","20","","b","g","Izzy","Areion","","0","0.00","3","24","48.59","32.60","41.67","33.33","4","1","66.67","100.00","1.00","0.00","0.00","0.00","NO","0.00","Male","41.02","54.10","54.06","55.12","0.00","0.00","0.00","","","",""
"31/08/2026","15:17","Southwell","Aim For The Bull","6.50","18.18","7.50","115.38","15.00","154.55","NO","","0.00","","6","Rob Hornby","Mike Murphy","55","67","63","57","67","55","56","F","55","64","54","39","54","93","4","31/08/2026 15:17","1m 13y","A/W","F","6","1773","0","3768.00","Festive Fixtures At Southwell Racecourse Handicap (Class F)","","","","0.00","127","2-571714411","0","0","0","0.00","0.00","0.00","4","6","26","15.38","23.08","0.00","6.00","36.90","F","6","3768.00","135","1m 31y","1791","8.00","4.00","P-HHPPPHHPP","6.00","8","4","9.1","C D","13","0","Hcap","Left - Sharp","4yo+,65","17/2","8.50","4","","65","14","14","252","497","245","68","61","80","36","63","","ch","g","Ultimate Aim","Showcasing","p","0","1.06","4","26","60.70","46.55","30.77","19.23","2","3","25.00","25.00","1.00","0.00","0.00","0.00","NO","0.00","Male","40.00","33.17","26.23","37.84","0.00","0.00","0.00","","","1","0"
"31/08/2026","15:17","Southwell","Aspull","26.00","32.00","34.00","51.52","51.00","100.00","NO","","0.00","","14","Grace McEntee","Phil McEntee","51","25","9","61","69","52","51","E","51","67","54","12","10","22","6","31/08/2026 15:17","1m 13y","A/W","F","6","1773","0","3768.00","Festive Fixtures At Southwell Racecourse Handicap (Class F)","","","","0.00","131","1329-06057","0","0","0","0.00","0.00","0.00","1","2","9","11.11","22.22","0.00","-1.50","48.60","D","4","6442.00","125","5f","1100","55.00","34.00","PPLP-PHPLH","10.00","5","4","9.5","","8","0","Hcap","Left - Sharp","4yo+,65","28/1","28.00","4","","65","14","14","203","367","164","45","52","59","8","9","","b","g","Hilldale","Invincible Spirit","h","0","1.23","1","9","33.26","27.61","44.44","33.33","-1","1","100.00","100.00","1.00","0.00","0.00","0.00","NO","0.00","Male","59.82","24.11","18.64","16.73","0.00","0.00","0.00","","","",""
"31/08/2026","15:30","Chepstow","Margorie","7.50","7.69","8.00","7.14","8.50","15.38","NO","","0.00","","2","Callum Hutchinson","Eve Johnson Houghton","0","108","41","55","60","55","56","E","58","58","49","14","23","37","2","31/08/2026 15:30","7f 16y","Turf","F","6","1556","0","3768.00","Runtech Ltd Handicap (Div 1) (Class F)","","","","0.00","135","6510-06795D","0","0","0","0.00","0.00","0.00","1","0","10","10.00","0.00","0.00","31.00","43.20","F","6","3725.00","149","6f 213y","1533","10.50","9.00","HHHH-HHHHHP","6.00","7","4","9.9","","1","0","Hcap","Left - Galloping / Undulating","3yo+,55","14/1","14.00","3","","55","11","11","279","578","299","85","86","97","31","41","","b","f","Lady Marigold","Territories","p","0","1.07","1","10","32.18","18.80","20.00","10.00","4","-1","0.00","0.00","1.00","0.00","0.00","0.00","NO","0.00","Female","51.61","53.20","52.02","51.39","0.00","0.00","0.00","","","5","5"
"31/08/2026","15:22","Downpatrick","Six Mile Suzy","101.00","0.00","101.00","150.00","251.00","150.00","NO","","0.00","","10","Shane O'Callaghan","W J Bryson","0","22","223","0","5","0","1","G","0","0","1","0","3","3","0","31/08/2026 15:22","2m 5f 180y","Hurdle","E","4","4800","3","7200.00","North Down Marquees Maiden Hurdle (Class E)","","","","0.00","151","00-0","0","0","0","0.00","0.00","0.00","0","0","3","0.00","0.00","100.00","-3.00","0.00","E","4","6000.00","146","2m 1f 33y","3773","1000.00","251.00","HH-H","0.00","0","6","10.11","","9","0","Mdn-Hdle","Right - Undulating","4yo+","","0.00","4","","","10","10","248","561","313","64","78","80","91","","223","ch","m","Vincenta","Doyen","t1","0","0.00","0","3","3.51","0.37","33.33","0.00","1","1","0.00","0.00","1.00","0.00","0.00","0.00","NO","0.00","Female","0.00","0.00","0.00","0.00","0.00","0.00","0.00","","","",""
"31/08/2026","15:22","Downpatrick","Coded Welder","2.38","-9.42","2.25","0.00","2.25","-9.42","NO","","0.00","","1","Mr Kevin Healy","C Collins","59","164","18","108","68","56","55","E","56","65","50","26","18","44","6","31/08/2026 15:22","2m 5f 180y","Hurdle","E","4","4800","7","7200.00","North Down Marquees Maiden Hurdle (Class E)","","","","0.00","158","323300-2485","0","0","0","0.00","0.00","0.00","0","5","11","0.00","45.45","100.00","-11.00","0.00","E","4","7500.00","166","2m 5f 180y","4800","4.90","4.00","HHPPHH-PPLH","33.00","0","7","11.4","","2","0","Mdn-Hdle","Right - Undulating","4yo+","100/30","3.33","4","","","10","10","357","645","288","73","80","89","46","","18","b","g","Loreley","Lucky Speed","t","0","0.00","0","11","61.02","46.49","27.27","18.18","-3","-3","0.00","0.00","1.00","0.00","0.00","0.00","NO","0.00","Male","51.97","43.98","41.64","41.20","0.00","0.00","0.00","","","",""
"31/08/2026","15:30","Chepstow","Ashford Hill","11.00","10.00","12.00","0.00","12.00","10.00","NO","","0.00","","6","Isobelle Chalmers","Dominic Ffrench Davis","59","89","20","46","69","56","57","F","58","68","53","20","17","37","0","31/08/2026 15:30","7f 16y","Turf","F","6","1556","7","3768.00","Runtech Ltd Handicap (Div 1) (Class F)","","","","0.00","126","507-1486393","0","0","0","0.00","0.00","0.00","2","2","25","8.00","8.00","0.00","118.00","42.13","F","6","3245.00","119","7f 1y","1541","22.00","17.00","HHH-PLHPHHH","0.00","3","5","9.0","D","7","0","Hcap","Left - Galloping / Undulating","3yo+,55","10/1","10.00","3","","55","11","11","277","448","171","65","57","67","-18","20","","b","m","Magical Daze","Massaat","","0","1.07","2","25","44.50","28.76","20.00","16.00","3","3","0.00","0.00","1.00","0.00","0.00","0.00","NO","0.00","Female","54.55","27.27","44.06","39.10","0.00","0.00","0.00","","","",""
"31/08/2026","15:30","Chepstow","Nammos","6.50","45.45","9.00","-12.50","8.00","27.27","NO","","0.00","","5","Mason Paetel","John Flint","57","97","19","54","67","60","58","F","58","67","58","21","16","37","4","31/08/2026 15:30","7f 16y","Turf","F","6","1556","3","3768.00","Runtech Ltd Handicap (Div 1) (Class F)","","","","0.00","134","85-72612554","0","0","0","0.00","0.00","0.00","3","7","32","9.38","21.88","0.00","-5.25","40.56","F","6","3454.00","135","1m","1760","5.09","4.00","PH-HHPHPPPH","13.00","6","6","9.8","D  BF","2","0","Hcap","Left - Galloping / Undulating","3yo+,55","10/1","10.00","3","","55","11","11","296","535","239","65","75","68","31","19","","ch","m","Doobahdeedoo","Territories","WS","0","0.83","3","32","59.11","43.10","31.25","18.75","6","-1","33.33","33.33","1.00","0.00","0.00","0.00","NO","0.00","Female","45.83","38.29","45.07","48.53","0.00","0.00","0.00","","","",""
"31/08/2026","15:30","Chepstow","Pacific Prince","67.00","21.21","81.00","-17.50","67.00","0.00","NO","","0.00","","8","Laura Coughlan","James Bennett","0","72","83","46","56","46","46","F","40","53","41","5","3","8","4","31/08/2026 15:30","7f 16y","Turf","F","6","1556","3","3768.00","Runtech Ltd Handicap (Div 1) (Class F)","","","","0.00","126","6/0999-0060B","0","0","0","0.00","0.00","0.00","0","0","10","0.00","0.00","0.00","-10.00","0.00","F","6","3454.00","135","6f 210y","1530","62.69","41.00","P/PHHH-LHHLH","13.00","11","5","9.0","","9","0","Hcap","Left - Galloping / Undulating","3yo+,55","40/1","40.00","3","","55","11","11","181","393","212","70","73","67","2","83","","ch","g","Vasilia","Australia","","0","0.68","0","10","10.78","3.40","30.00","10.00","2","-3","0.00","0.00","1.00","0.00","0.00","0.00","NO","0.00","Male","100.00","100.00","78.57","62.20","0.00","0.00","0.00","","","",""
"31/08/2026","15:30","Chepstow","Blue Point Express","10.00","33.33","13.00","0.00","13.00","33.33","NO","","0.00","","3","Finley Marsh","Adrian Wintle","60","101","62","46","65","52","57","F","60","60","50","18","25","43","6","31/08/2026 15:30","7f 16y","Turf","F","6","1556","0","3768.00","Runtech Ltd Handicap (Div 1) (Class F)","","","","0.00","126","4616895-054","0","0","0","0.00","0.00","0.00","1","1","16","6.25","6.25","0.00","-11.00","34.54","F","6","3454.00","135","7f 80y","1620","19.66","15.00","PHPPPPH-PPP","19.00","5","4","9.0","CD","8","0","Hcap","Left - Galloping / Undulating","3yo+,55","11/1","11.00","3","","55","11","11","271","569","298","71","79","78","70","62","","b","f","Miss Fay","Blue Point","p","0","1.13","1","16","42.38","24.28","25.00","12.50","6","1","0.00","0.00","1.00","0.00","0.00","0.00","NO","0.00","Female","49.62","44.78","42.90","49.93","0.00","0.00","0.00","","","4","0"
"31/08/2026","15:22","Downpatrick","Tommy Go Maith","101.00","0.00","101.00","150.00","251.00","150.00","NO","","0.00","","9","Mr Paddy Cleary","Thomas P McGettigan","0","40","7","80","0","0","0","","0","0","0","0","3","3","0","31/08/2026 15:22","2m 5f 180y","Hurdle","E","4","4800","7","7200.00","North Down Marquees Maiden Hurdle (Class E)","","","","0.00","158","P-P0PPU","0","0","0","0.00","0.00","0.00","0","0","6","0.00","0.00","0.00","-6.00","0.00","E","4","8400.00","162","2m 2f 44y","4004","1000.00","201.00","P-HHHHH","0.00","0","5","11.4","","7","0","Mdn-Hdle","Right - Undulating","4yo+","","0.00","4","","","10","10","264","536","272","60","60","76","76","144","7","b","g","Molans Mare","Hillstar","v1","0","0.00","0","6","1.04","0.07","0.00","0.00","-4","-3","0.00","0.00","1.00","0.00","0.00","0.00","NO","0.00","Male","13.64","13.26","12.08","10.35","0.00","0.00","0.00","","","",""
"31/08/2026","15:22","Downpatrick","Salty Racer","21.00","10.00","23.00","50.00","34.00","65.00","NO","","0.00","","6","Simon Torrens","Noel C Kelly","32","66","21","0","32","32","32","E","32","","32","9","8","17","0","31/08/2026 15:22","2m 5f 180y","Hurdle","E","4","4800","0","7200.00","North Down Marquees Maiden Hurdle (Class E)","","","","0.00","158","8","0","0","0","0.00","0.00","0.00","0","0","1","0.00","0.00","100.00","-1.00","0.00","E","4","7200.00","158","2m 109y","3629","83.94","41.00","H","0.00","0","5","11.4","","6","0","Mdn-Hdle","Right - Undulating","4yo+","11/1","11.00","4","","","10","10","292","598","306","86","65","57","98","","21","b","g","Our Victoria","Getaway","","0","0.00","0","1","50.00","25.00","0.00","0.00","1","1","0.00","0.00","1.00","0.00","0.00","0.00","NO","0.00","Male","18.00","39.18","41.71","43.18","0.00","0.00","0.00","","","",""
"31/08/2026","15:22","Downpatrick","Majestic Horizon","4.00","0.00","4.00","0.00","4.00","0.00","NO","","0.00","","5","Darragh O'Keeffe","P J Rothwell","56","76","101","0","56","51","51","G","51","47","51","12","10","22","0","31/08/2026 15:22","2m 5f 180y","Hurdle","E","4","4800","0","7200.00","North Down Marquees Maiden Hurdle (Class E)","","","","0.00","158","33","0","0","0","0.00","0.00","0.00","0","1","2","0.00","50.00","0.00","-2.00","0.00","G","5","6601.00","168","2m 1f 165y","3905","4.90","4.33","HH","0.00","0","5","11.4","","5","0","Mdn-Hdle","Right - Undulating","4yo+","17/2","8.50","4","","","10","10","293","634","341","77","95","82","87","","101","b","g","Mary Wilkie","Wings Of Eagles","","0","0.00","0","2","69.05","47.73","0.00","0.00","2","2","0.00","0.00","1.00","0.00","0.00","0.00","NO","0.00","Male","34.49","42.32","44.28","45.52","0.00","0.00","0.00","","","",""
"31/08/2026","15:22","Downpatrick","Ritz Plan","6.00","0.00","6.00","-20.00","5.00","-20.00","NO","","0.00","","2","J J Slevin","S R B Crawford","54","145","48","102","62","54","53","E","54","59","56","24","27","51","6","31/08/2026 15:22","2m 5f 180y","Hurdle","E","4","4800","0","7200.00","North Down Marquees Maiden Hurdle (Class E)","","","","0.00","147","242-47","0","0","0","0.00","0.00","0.00","0","2","5","0.00","40.00","100.00","-5.00","0.00","E","4","7200.00","157","2m 1f 165y","3905","11.50","9.00","PPP-LH","33.00","0","4","10.7","","10","0","Mdn-Hdle","Right - Undulating","4yo+","7/2","3.50","4","","","10","10","342","649","307","79","90","95","43","","48","ch","f","Kindling","Shaman","p1","0","0.00","0","5","72.26","55.97","20.00","0.00","-1","-1","0.00","0.00","1.00","0.00","0.00","0.00","NO","0.00","Female","0.00","90.00","57.41","59.44","0.00","0.00","0.00","","","",""
"31/08/2026","15:22","Downpatrick","Fortis Et Liber","8.00","0.00","8.00","21.43","9.50","21.43","NO","","0.00","","3","Ricky Doyle","Colin Bowe","0","121","17","0","51","25","51","E","25","0","25","21","18","39","2","31/08/2026 15:22","2m 5f 180y","Hurdle","E","4","4800","0","7200.00","North Down Marquees Maiden Hurdle (Class E)","","","","0.00","158","2O","0","0","0","0.00","0.00","0.00","0","1","2","0.00","50.00","50.00","-2.00","0.00","E","4","7200.00","166","2m 80y","3600","31.32","15.00","PH","11.00","0","5","11.4","","3","0","Mdn-Hdle","Right - Undulating","4yo+","9/2","4.50","4","","","10","10","321","612","291","85","78","84","44","","17","b","g","Sixty's Belle","Maxios","","0","0.00","0","2","43.75","38.28","0.00","0.00","0","0","0.00","0.00","1.00","0.00","0.00","0.00","NO","0.00","Male","26.52","26.52","33.05","46.07","0.00","0.00","0.00","","","",""
"31/08/2026","15:22","Downpatrick","Tribal Moon","9.50","5.88","10.00","77.78","17.00","88.24","NO","","0.00","","7","Conor Stone-Walsh","Noel C Kelly","22","61","22","103","66","53","32","E","29","66","48","5","11","16","2","31/08/2026 15:22","2m 5f 180y","Hurdle","E","4","4800","0","7200.00","North Down Marquees Maiden Hurdle (Class E)","","","","0.00","166","00332-73005","0","0","0","0.00","0.00","0.00","2","7","24","8.33","29.17","100.00","-11.00","0.00","E","4","12000.00","146","2m 1f 165y","3905","150.00","51.00","HPPPP-HPHPH","11.00","0","5","11.12","","1","0","Mdn-Hdle","Right - Undulating","4yo+","22/1","22.00","4","","","10","10","301","567","266","86","75","66","39","30","22","b","g","Lunar Maria","Teofilo","tp","0","0.00","2","24","46.86","34.77","20.83","8.33","4","3","0.00","0.00","1.00","0.00","0.00","0.00","NO","0.00","Male","18.00","39.18","41.71","43.18","0.00","0.00","0.00","","","",""
"31/08/2026","15:22","Downpatrick","Fuusland","11.00","20.00","13.00","-25.00","10.00","-10.00","NO","","0.00","","4","Danny Gilligan","Gordon Elliott","46","86","48","0","46","23","46","E","23","0","23","8","8","16","2","31/08/2026 15:22","2m 5f 180y","Hurdle","E","4","4800","0","7200.00","North Down Marquees Maiden Hurdle (Class E)","","","","0.00","158","U4","0","0","0","0.00","0.00","0.00","0","0","2","0.00","0.00","50.00","-2.00","0.00","E","4","7200.00","158","2m 1f 165y","3905","80.00","29.00","PH","11.00","0","5","11.4","","4","0","Mdn-Hdle","Right - Undulating","4yo+","13/1","13.00","4","","","10","10","281","591","310","98","81","80","51","","48","b","g","Fu's Island","Jet Away","","0","0.00","0","2","31.25","19.53","50.00","0.00","0","0","0.00","0.00","1.00","0.00","0.00","0.00","NO","0.00","Male","51.29","48.65","48.46","48.85","0.00","0.00","0.00","","","",""
"31/08/2026","15:22","Downpatrick","Jolly d'Olivate","51.00","60.00","81.00","-37.50","51.00","0.00","NO","","0.00","","8","Mr T Power Roche","P J Rothwell","45","51","12","0","61","46","46","E","45","47","46","7","18","25","0","31/08/2026 15:22","2m 5f 180y","Hurdle","E","4","4800","0","7200.00","North Down Marquees Maiden Hurdle (Class E)","","","","0.00","151","8905","0","0","0","0.00","0.00","0.00","0","0","4","0.00","0.00","100.00","-4.00","0.00","E","4","7200.00","150","2m 1f 161y","3901","1000.00","201.00","HHHH","0.00","0","7","10.11","","8","0","Mdn-Hdle","Right - Undulating","4yo+","14/1","14.00","4","","","10","10","314","568","254","77","77","79","21","","12","ch","m","Solivate","Coastal Path","","0","0.00","0","4","32.35","11.66","25.00","0.00","4","3","0.00","0.00","1.00","0.00","0.00","0.00","NO","0.00","Female","34.49","42.32","44.28","45.52","0.00","0.00","0.00","","","",""
"31/08/2026","15:45","Cartmel","Imperial Data","12.00","0.00","12.00","-9.09","11.00","-9.09","NO","","0.00","","5","Richie McLernon","Rebecca Menzies","0","131","79","118","77","59","59","B","0","75","57","11","52","63","0","31/08/2026 15:45","3m 1f 83y","Hurdle","B","2","5583","0","12903.00","EWGA Handicap Hurdle (GBB Race) (Class B)","","","","0.00","161","4531134-P8F","0","0","0","0.00","0.00","0.00","6","6","24","25.00","25.00","91.67","3.63","76.53","C","3","8054.00","161","2m 4f 28y","4428","100.00","51.00","HHHPPPP-HHH","0.00","0","9","11.7","CD","6","0","Hcap-Hdle","Left - Sharp","4yo+,125","16/1","16.00","4","","125","7","7","288","609","321","79","81","89","72","","79","b","g","Rindoon's Sister","Imperial Monarch","tpWS","0","0.00","6","24","64.39","52.42","50.00","41.67","10","-1","33.33","66.67","1.00","0.00","0.00","0.00","NO","0.00","Male","42.04","37.07","40.31","41.73","0.00","0.00","0.00","","","",""
"31/08/2026","16:05","Epsom","Double Red","6.50","-27.27","5.00","0.00","5.00","-27.27","NO","","0.00","","3","David Probert","Henry Candy","65","135","25","74","71","62","65","D","65","70","59","46","32","78","0","31/08/2026 16:05","1m 2f 17y","Turf","D","4","2217","0","6281.00","Stanley Wootton Handicap (GBBPlus Race) (Class D)","","","","0.00","136","3815-184425","0","0","0","0.00","0.00","0.00","4","4","22","18.18","18.18","0.00","-2.50","40.04","E","5","4187.00","142","1m 4f","2640","3.80","3.50","HHHH-PPHHHH","0.00","3","5","9.10","CD","6","0","Hcap","Left - Sharp / Undulating","3yo+,80","11/2","5.50","3","","80","10","10","283","516","233","70","85","75","3","25","","gr","g","Red Boots","Belardo","p","0","1.04","4","22","56.11","41.78","31.82","18.18","0","1","50.00","75.00","1.00","0.00","0.00","0.00","NO","0.00","Male","0.00","37.50","53.89","56.44","0.00","0.00","0.00","","","",""
"31/08/2026","16:05","Epsom","Perfect Scoundrel","5.00","0.00","5.00","0.00","5.00","0.00","NO","","0.00","","5","Robert Havlin","Amanda Perrett","63","121","46","77","68","61","61","E","63","65","60","47","46","93","4","31/08/2026 16:05","1m 2f 17y","Turf","D","4","2217","0","6281.00","Stanley Wootton Handicap (GBBPlus Race) (Class D)","","","","0.00","139","6244-86321","0","0","0","0.00","0.00","0.00","1","2","9","11.11","22.22","0.00","-6.63","44.49","E","5","4449.00","135","1m 2f 17y","2217","2.54","2.38","PPHH-PPHPP","13.00","8","4","9.13","CD","3","0","Hcap","Left - Sharp / Undulating","3yo+,80","11/2","5.50","3","","80","10","10","298","607","309","72","82","88","67","46","","b","g","Saucy Minx","Without Parole","","0","0.79","1","9","64.34","46.76","55.56","33.33","7","3","0.00","0.00","1.00","0.00","0.00","0.00","NO","0.00","Male","44.44","51.39","39.03","37.14","0.00","0.00","0.00","","","1","0"
"31/08/2026","16:05","Epsom","Mao Shang Wong","13.00","16.67","15.00","0.00","15.00","16.67","NO","","0.00","","6","Saffie Osborne","David O'Meara","63","101","28","74","64","58","60","D","60","63","56","26","15","41","0","31/08/2026 16:05","1m 2f 17y","Turf","D","4","2217","0","6281.00","Stanley Wootton Handicap (GBBPlus Race) (Class D)","","","","0.00","136","1104810275","0","0","0","0.00","0.00","0.00","3","3","17","17.65","17.65","0.00","-0.50","55.22","D","4","6281.00","129","1m 1f 170y","2150","10.00","9.00","HHPHHHHHHH","0.00","7","4","9.10","D","5","0","Hcap","Left - Sharp / Undulating","3yo+,80","11/1","11.00","3","","80","10","10","250","541","291","77","88","69","57","28","","b","g","Moment Of Silence","Too Darn Hot","","0","1.47","3","17","53.23","37.13","23.53","17.65","-3","-1","0.00","66.67","1.00","0.00","0.00","0.00","NO","0.00","Male","55.47","52.09","55.04","51.57","0.00","0.00","0.00","","","",""
"31/08/2026","16:05","Epsom","Hello Cotai","17.00","12.50","19.00","-11.11","17.00","0.00","NO","","0.00","","8","Pat Cosgrave","Jim Boyle","68","69","21","65","76","60","63","E","64","68","56","24","24","48","4","31/08/2026 16:05","1m 2f 17y","Turf","D","4","2217","0","6281.00","Stanley Wootton Handicap (GBBPlus Race) (Class D)","","","","0.00","127","1816-361344","0","0","0","0.00","0.00","0.00","3","5","21","14.29","23.81","0.00","-6.00","44.32","E","5","4397.00","130","1m 2f","2200","8.40","8.50","PHPP-PPPHHL","13.00","6","5","9.1","C D","9","0","Hcap","Left - Sharp / Undulating","3yo+,80","12/1","12.00","3","","80","10","10","260","508","248","60","69","70","49","21","","b","g","Hellofahaste","Cotai Glory","","0","1.28","3","21","58.99","42.27","28.57","23.81","3","-1","66.67","66.67","1.00","0.00","0.00","0.00","NO","0.00","Male","48.69","56.62","47.90","46.01","0.00","0.00","0.00","","","",""
"31/08/2026","16:10","Ripon","Mark's Choice","4.50","14.29","5.00","-12.50","4.50","0.00","NO","","0.00","","4","Connor Beasley","Gemma Tutty","65","150","16","70","73","61","64","D","65","72","59","56","33","89","4","31/08/2026 16:10","5f","Turf","E","5","1100","0","4711.00","Book Online At ripon-races.co.uk Handicap (Class E)","","","","0.00","135","911-0624362","0","0","0","0.00","0.00","0.00","12","14","75","16.00","18.67","0.00","40.88","57.32","D","4","12885.00","125","6f","1320","21.00","17.00","PLL-HPHLPHP","7.00","5","10","9.9","CD","4","0","Hcap","Right - Sharp","3yo+,75","5/1","5.00","3","","75","9","9","318","586","268","75","84","75","34","16","","b","g","Ramamara","Bungle Inthejungle","pWS","0","1.20","11","68","55.34","41.26","36.76","23.53","14","3","27.27","45.45","1.00","0.00","0.00","0.00","NO","0.00","Male","55.68","52.30","54.86","50.49","0.00","0.00","0.00","","","",""
"31/08/2026","16:10","Ripon","Thornaby Pearl","6.00","10.00","6.50","18.18","7.50","30.00","NO","","0.00","","2","Oliver Carmichael","Adrian Nicholls","68","208","14","72","70","58","65","E","67","70","57","38","42","80","8","31/08/2026 16:10","5f","Turf","E","5","1100","7","4711.00","Book Online At ripon-races.co.uk Handicap (Class E)","","","","0.00","137","5341421131","0","0","0","0.00","0.00","0.00","9","10","55","16.36","18.18","0.00","-2.04","39.69","E","5","4397.00","133","5f 21y","1121","4.70","4.33","LPLPPHLLLH","15.00","8","8","9.11","C D","3","0","Hcap","Right - Sharp","3yo+,75","15/2","7.50","3","","75","9","9","314","637","323","87","68","93","75","14","","b","g","Juncea","Pearl Secret","WS","0","0.88","9","55","61.54","45.33","56.36","29.09","3","3","22.22","22.22","1.00","0.00","0.00","0.00","NO","0.00","Male","44.75","45.57","42.25","44.01","0.00","0.00","0.00","","","",""
"31/08/2026","16:05","Epsom","Arthur's Realm","19.00","0.00","19.00","-22.22","15.00","-22.22","NO","","0.00","","10","Darragh Keenan","Gihan Arnolda","62","46","87","76","76","64","62","D","62","75","64","10","21","31","2","31/08/2026 16:05","1m 2f 17y","Turf","D","4","2217","0","6281.00","Stanley Wootton Handicap (GBBPlus Race) (Class D)","","","","0.00","138","639/950077-5","0","0","0","0.00","0.00","0.00","5","11","49","10.20","22.45","0.00","-14.25","119.85","D","4","8191.00","135","1m 3f 218y","2638","30.99","26.00","PPP/HHPHPH-H","7.00","2","8","9.12","D","4","0","Hcap","Left - Sharp / Undulating","3yo+,80","28/1","28.00","3","","80","10","10","233","495","262","87","61","81","33","87","","b","g","Morning Line","Camelot","p","0","1.04","5","49","59.07","42.12","38.78","26.53","15","3","20.00","20.00","1.00","0.00","0.00","0.00","NO","0.00","Male","75.00","68.14","59.67","63.81","0.00","0.00","0.00","","","7","-2"
"31/08/2026","16:05","Epsom","Hengest","15.00","-35.71","10.00","11.11","11.00","-28.57","NO","","0.00","","7","Jason Watson","Dylan Cunha","55","92","37","80","60","55","54","B","55","59","54","21","18","39","2","31/08/2026 16:05","1m 2f 17y","Turf","D","4","2217","0","6281.00","Stanley Wootton Handicap (GBBPlus Race) (Class D)","","","","0.00","142","964111890","0","0","0","0.00","0.00","0.00","3","0","9","33.33","0.00","100.00","0.43","45.31","D","4","16042.00","143","1m 3f 211y","2631","22.00","15.00","HHPHPPPHH","7.00","9","4","10.2","D","1","0","Hcap","Left - Sharp / Undulating","3yo+,80","14/1","14.00","3","","80","10","10","261","556","295","73","73","83","66","37","173","b","g","Contribution","Night Of Thunder","","0","0.42","3","9","56.32","43.80","44.44","33.33","1","-3","0.00","66.67","1.00","0.00","0.00","0.00","NO","0.00","Male","51.93","50.28","50.30","47.61","0.00","0.00","0.00","","","",""
"31/08/2026","16:00","Chepstow","Kaiko","81.00","25.00","101.00","0.00","101.00","25.00","NO","","0.00","","9","Laura Coughlan","Adrian Wintle","26","62","10","46","35","26","19","E","26","27","23","3","3","6","4","31/08/2026 16:00","7f 16y","Turf","F","6","1556","3","3768.00","Runtech Ltd Handicap (Div 2) (Class F)","","","","0.00","121","5960","0","0","0","0.00","0.00","0.00","0","0","4","0.00","0.00","0.00","-4.00","0.00","F","6","3454.00","126","7f 80y","1620","397.45","126.00","HLHH","9.00","7","3","8.9","","11","0","Hcap","Left - Galloping / Undulating","3yo+,55","66/1","66.00","3","","55","11","11","208","497","289","82","72","84","51","10","","b","f","Miss Academe","Kameko","","0","1.07","0","4","7.27","1.21","75.00","50.00","2","3","0.00","0.00","1.00","0.00","0.00","0.00","NO","0.00","Female","49.62","44.78","42.90","49.93","0.00","0.00","0.00","","","",""
"31/08/2026","16:00","Chepstow","Lady Margret","26.00","32.00","34.00","-15.15","29.00","12.00","NO","","0.00","","7","Myla Coppins","Tony Carroll","44","66","17","46","57","49","51","F","53","53","49","7","11","18","2","31/08/2026 16:00","7f 16y","Turf","F","6","1556","5","3768.00","Runtech Ltd Handicap (Div 2) (Class F)","","","","0.00","126","5670-8060","0","0","0","0.00","0.00","0.00","0","0","8","0.00","0.00","0.00","-8.00","0.00","F","6","3664.00","126","1m 2f 17y","2217","53.61","34.00","HLHH-HHPH","4.00","8","4","9.0","","7","0","Hcap","Left - Galloping / Undulating","3yo+,55","28/1","28.00","3","","55","11","11","225","532","307","87","81","82","57","17","","br","f","Samara Mara","Waldgeist","","0","1.43","0","8","22.41","8.27","37.50","12.50","6","1","0.00","0.00","1.00","0.00","0.00","0.00","NO","0.00","Female","49.45","45.67","46.55","45.75","0.00","0.00","0.00","","","",""
"31/08/2026","16:00","Chepstow","A Rose Adaay","9.00","-12.50","8.00","-28.57","6.00","-37.50","NO","","0.00","","6","Mr Ben Ffrench Davis","G Harris","45","79","10","46","62","56","54","F","59","62","53","30","13","43","4","31/08/2026 16:00","7f 16y","Turf","F","6","1556","5","3768.00","Runtech Ltd Handicap (Div 2) (Class F)","","","","0.00","126","306-5353348","0","0","0","0.00","0.00","0.00","0","3","12","0.00","25.00","0.00","-12.00","0.00","F","6","3454.00","130","1m 2f","2200","11.34","9.00","PHH-HHHHPPH","9.00","11","4","9.0","","8","0","Hcap","Left - Galloping / Undulating","3yo+,55","6/1","6.00","3","","55","11","11","278","464","186","73","80","61","-28","10","","b","f","La Donacella","Adaay","p1","0","0.68","0","12","47.24","28.91","25.00","8.33","10","1","0.00","0.00","1.00","0.00","0.00","0.00","NO","0.00","Female","53.90","52.94","48.92","50.93","0.00","0.00","0.00","","","",""
"31/08/2026","16:05","Epsom","Crystal Pier","13.00","0.00","13.00","33.33","17.00","33.33","NO","","0.00","","4","Hector Crouch","Ralph Beckett","37","129","42","77","64","51","47","D","41","64","50","32","11","43","4","31/08/2026 16:05","1m 2f 17y","Turf","D","4","2217","0","6281.00","Stanley Wootton Handicap (GBBPlus Race) (Class D)","","","","0.00","132","36353-1257","0","0","0","0.00","0.00","0.00","1","3","9","11.11","33.33","0.00","-3.00","39.78","D","4","10468.00","129","1m 2f","2200","26.23","21.00","HPLPP-HLHH","13.00","5","3","9.6","","8","0","Hcap","Left - Sharp / Undulating","3yo+,80","17/2","8.50","3","","80","10","10","225","525","300","91","94","93","22","42","","b","f","Pacific Angel","Palace Pier","t","0","0.86","1","9","47.00","34.43","11.11","11.11","-1","-1","100.00","100.00","1.00","0.00","0.00","0.00","NO","0.00","Female","62.27","52.84","56.08","55.54","0.00","0.00","0.00","","","7","0"
"31/08/2026","16:05","Epsom","Sail On Sailor","7.00","0.00","7.00","8.33","7.50","8.33","NO","","0.00","","9","Mr Joe Leavy","Simon Dow","58","49","39","66","65","55","52","E","57","60","52","21","37","58","0","31/08/2026 16:05","1m 2f 17y","Turf","D","4","2217","0","6281.00","Stanley Wootton Handicap (GBBPlus Race) (Class D)","","","","0.00","121","6497-231115","0","0","0","0.00","0.00","0.00","3","2","10","30.00","20.00","0.00","3.25","41.87","E","5","4449.00","131","1m","1760","3.70","3.50","PPHH-HHHHHH","0.00","1","3","8.9","CD  BF","10","0","Hcap","Left - Sharp / Undulating","3yo+,80","14/1","14.00","3","","80","10","10","243","540","297","63","76","72","86","39","","b","g","Mumtaza","Eqtidaar","","0","1.10","3","10","61.32","51.26","60.00","50.00","4","1","100.00","100.00","1.00","0.00","0.00","0.00","NO","0.00","Male","50.71","49.49","45.00","44.18","0.00","0.00","0.00","","","5","0"
"31/08/2026","16:05","Epsom","Trio","6.00","10.00","6.50","9.09","7.00","20.00","NO","","0.00","","1","Charles Bishop","Eve Johnson Houghton","63","204","17","79","68","54","61","E","63","65","56","40","48","88","6","31/08/2026 16:05","1m 2f 17y","Turf","D","4","2217","0","6281.00","Stanley Wootton Handicap (GBBPlus Race) (Class D)","","","","0.00","134","613-3357114","0","0","0","0.00","0.00","0.00","3","2","11","27.27","18.18","0.00","15.00","60.75","D","4","6019.00","132","1m 113y","1873","3.02","2.75","HPL-PLPHPPP","20.00","10","3","9.8","C","7","0","Hcap","Left - Sharp / Undulating","3yo+,80","13/2","6.50","3","","80","10","10","335","618","283","84","76","85","38","17","","b","f","Sibling","Territories","","0","1.23","3","11","64.82","50.63","45.45","45.45","3","1","33.33","100.00","1.00","0.00","0.00","0.00","NO","0.00","Female","51.61","53.20","52.02","51.39","0.00","0.00","0.00","","","",""
"31/08/2026","16:05","Epsom","Almekarem","4.00","11.00","4.33","5.11","4.50","16.67","NO","","0.00","","2","Dylan Hogan","Sir Mark Prescott Bt","74","191","19","80","74","62","70","D","69","69","57","40","53","93","8","31/08/2026 16:05","1m 2f 17y","Turf","D","4","2217","0","6281.00","Stanley Wootton Handicap (GBBPlus Race) (Class D)","","","","0.00","142","3109364-172","0","0","0","0.00","0.00","0.00","2","3","11","18.18","27.27","0.00","-1.60","39.33","D","4","5888.00","128","1m 1f 201y","2181","4.80","4.00","HPPHHPH-PPL","27.00","4","4","10.2","D","2","0","Hcap","Left - Sharp / Undulating","3yo+,80","13/2","6.50","3","","80","10","10","330","648","318","98","72","87","61","19","","b","g","Tarfasha","Kingman","","0","0.98","2","11","51.77","40.14","27.27","27.27","3","1","100.00","100.00","1.00","0.00","0.00","0.00","NO","0.00","Male","59.68","59.20","63.91","66.31","0.00","0.00","0.00","","","",""
"31/08/2026","16:10","Ripon","Glory Fighter","26.00","32.00","34.00","21.21","41.00","60.00","NO","","0.00","","7","David Nolan","Paul Midgley","54","87","24","66","75","61","52","D","54","74","60","18","11","29","10","31/08/2026 16:10","5f","Turf","E","5","1100","0","4711.00","Book Online At ripon-races.co.uk Handicap (Class E)","","","","0.00","131","83-98315066","0","0","0","0.00","0.00","0.00","11","15","82","13.41","18.29","0.00","-11.58","51.60","E","5","3926.00","130","5f","1100","21.00","17.00","PH-HLLLPPLL","19.00","2","10","9.5","D","7","0","Hcap","Right - Sharp","3yo+,75","18/1","18.00","3","","75","9","9","237","501","264","78","77","85","24","24","","b","g","Isola Verde","Kyllachy","","0","0.88","10","78","50.88","36.25","33.33","26.92","24","-1","20.00","40.00","1.00","0.00","0.00","0.00","NO","0.00","Male","50.28","56.15","49.50","52.74","0.00","0.00","0.00","","","",""
"31/08/2026","16:19","Cartmel","Stratagem","8.00","0.00","8.00","7.14","8.50","7.14","NO","","0.00","","2","Mr J P Murray","Mickey Bowen","22","195","42","124","75","58","51","C","62","72","45","48","65","113","4","31/08/2026 16:19","3m 1f 107y","Chase","C","3","5607","7","13018.00","Wicks Group Cavendish Cup Handicap Chase (GBB Race) (Class C)","","","","0.00","160","4-6P3143131","0","0","0","0.00","0.00","0.00","7","3","27","25.93","11.11","81.48","-5.28","45.76","E","4","4991.00","161","3m 1f 107y","5607","1.92","1.80","P-PLHHHHHPP","9.00","0","10","11.6","CD","6","0","Hcap-Cha","Left - Sharp","4yo+,135","5/1","5.00","4","","135","7","7","300","653","353","95","89","87","82","","42","gr","g","Our Ziga","Sunday Break","tpWS","0","0.00","7","27","56.25","44.76","40.74","25.93","5","3","14.29","28.57","1.00","0.00","0.00","0.00","NO","0.00","Male","67.19","65.43","58.71","54.42","0.00","0.00","0.00","","","1","0"
"31/08/2026","16:19","Cartmel","Tommie Beau","10.00","11.11","11.00","-30.00","8.00","-22.22","NO","","0.00","","4","Benjamin Macey","Seamus Mullins","57","146","44","127","81","65","65","C","68","78","57","32","49","81","8","31/08/2026 16:19","3m 1f 107y","Chase","C","3","5607","5","13018.00","Wicks Group Cavendish Cup Handicap Chase (GBB Race) (Class C)","","","","0.00","163","27456-86124","0","0","0","0.00","0.00","0.00","15","10","55","27.27","18.18","92.59","9.70","90.50","C","3","15947.00","163","2m 6f 31y","4871","21.00","15.00","PPPPP-PPPPL","17.00","0","11","11.9","CD","4","0","Hcap-Cha","Left - Sharp","4yo+,135","8/1","8.00","4","","135","7","7","317","587","270","79","72","80","39","","44","b","g","Bajan Girl","Brian Boru","p","0","0.00","15","55","63.25","50.89","47.27","41.82","17","1","53.33","53.33","1.00","0.00","0.00","0.00","NO","0.00","Male","54.20","42.40","32.28","43.59","0.00","0.00","0.00","","","5","-1"
"31/08/2026","16:19","Cartmel","Breizh River","5.00","0.00","5.00","0.00","5.00","0.00","NO","","0.00","","1","Harry Reed","Tristan Davidson","75","263","44","131","80","60","73","B","75","76","56","73","77","150","10","31/08/2026 16:19","3m 1f 107y","Chase","C","3","5607","0","13018.00","Wicks Group Cavendish Cup Handicap Chase (GBB Race) (Class C)","","","","0.00","167","33-12513213","0","0","0","0.00","0.00","0.00","6","10","29","20.69","34.48","92.31","6.63","146.83","A","1","42712.00","156","2m 5f 89y","4709","9.74","7.00","PP-LPPPPPLL","22.00","0","8","11.13","C","2","0","Hcap-Cha","Left - Sharp","4yo+,135","3/1","3.00","4","","135","7","7","353","681","328","86","87","89","66","","44","b","g","Ilerda","Stormy River","tvWS","0","0.00","6","29","66.89","54.65","44.83","27.59","7","1","33.33","50.00","1.00","0.00","0.00","0.00","NO","0.00","Male","59.37","67.88","62.37","64.38","0.00","0.00","0.00","","","3","0"
"31/08/2026","16:19","Cartmel","Fairlawn Flyer","8.50","-26.67","6.50","-27.27","5.00","-46.67","NO","","0.00","","3","Sean Bowen","Mickey Bowen","61","153","55","112","71","58","62","C","61","70","46","17","35","52","6","31/08/2026 16:19","3m 1f 107y","Chase","C","3","5607","0","13018.00","Wicks Group Cavendish Cup Handicap Chase (GBB Race) (Class C)","","","","0.00","148","11123P-4343","0","0","0","0.00","0.00","0.00","11","2","38","28.95","5.26","83.33","22.15","65.78","E","4","4700.00","155","3m 10y","5290","6.56","5.50","HPPHPH-HPLH","13.00","0","10","10.8","CD","7","0","Hcap-Cha","Left - Sharp","4yo+,135","16/1","16.00","4","","135","7","7","265","598","333","95","97","90","51","","55","b","g","She's Our Native","Dr Massini","pWS1","0","0.00","11","38","54.60","43.47","36.84","31.58","8","1","63.64","63.64","1.00","0.00","0.00","0.00","NO","0.00","Male","67.19","65.43","58.71","54.42","0.00","0.00","0.00","","","3","0"
"31/08/2026","16:25","Southwell","Taradif","11.00","20.00","13.00","33.33","17.00","60.00","NO","","0.00","","8","Sean Levey","Jessica Macey","51","62","16","69","59","55","55","E","55","51","55","15","22","37","2","31/08/2026 16:25","1m 13y","A/W","E","5","1773","0","4397.00","Southwell Racecourse Conference & Events Handicap (Div 2) (Class E)","","","","0.00","134","73","0","0","0","0.00","0.00","0.00","0","0","2","0.00","0.00","0.00","-2.00","0.00","E","5","4397.00","135","7f 213y","1753","36.00","23.00","HP","7.00","5","3","9.8","","2","0","Hcap","Left - Sharp","3yo,70","14/1","14.00","3","3","70","9","9","268","579","311","67","88","75","81","16","","b","g","Lawahed","Lope De Vega","t","0","1.23","0","2","50.00","27.78","50.00","50.00","2","2","0.00","0.00","1.00","0.00","0.00","0.00","NO","0.00","Male","95.00","88.33","57.67","66.19","0.00","0.00","0.00","","","",""
"31/08/2026","16:25","Southwell","Roi De Coeur","3.50","-20.00","3.00","12.50","3.25","-10.00","NO","","0.00","","1","Marco Ghiani","Marco Botti","59","359","21","70","67","58","59","F","59","65","58","37","46","83","10","31/08/2026 16:25","1m 13y","A/W","E","5","1773","0","4397.00","Southwell Racecourse Conference & Events Handicap (Div 2) (Class E)","","","","0.00","135","765125","0","0","0","0.00","0.00","0.00","1","0","6","16.67","0.00","0.00","2.00","31.40","E","5","4187.00","132","1m","1760","3.60","3.00","PPPPLL","33.00","9","3","9.9","D  BF","1","0","Hcap","Left - Sharp","3yo,70","5/1","5.00","3","3","70","9","9","353","730","377","90","91","98","98","21","","b","g","Dame De Coeur","City Light","","0","0.61","1","6","58.00","42.91","33.33","16.67","-2","-1","0.00","0.00","1.00","0.00","0.00","0.00","NO","0.00","Male","20.19","62.60","65.85","59.76","0.00","0.00","0.00","","","",""
"31/08/2026","16:19","Cartmel","Grand Clermont","5.50","11.11","6.00","0.00","6.00","11.11","NO","","0.00","","5","Mr Rian Corcoran","David Pipe","69","143","36","132","74","65","71","C","72","72","63","41","56","97","4","31/08/2026 16:19","3m 1f 107y","Chase","C","3","5607","5","13018.00","Wicks Group Cavendish Cup Handicap Chase (GBB Race) (Class C)","","","","0.00","168","612412","0","0","0","0.00","0.00","0.00","2","2","6","33.33","33.33","100.00","7.50","66.02","B","2","11759.00","158","3m 10y","5290","5.50","4.50","PPHHPP","9.00","0","10","12.0","","1","0","Hcap-Cha","Left - Sharp","4yo+,135","6/1","6.00","4","","135","7","7","331","636","305","83","84","86","52","","36","ch","g","Flo De Clermont","Maresca Sorrento","t","0","0.00","2","6","78.77","67.89","66.67","50.00","2","1","0.00","50.00","1.00","0.00","0.00","0.00","NO","0.00","Male","39.52","50.25","53.13","57.38","0.00","0.00","0.00","","","",""
"31/08/2026","16:19","Cartmel","Tamarind Bay","5.00","0.00","5.00","0.00","5.00","0.00","NO","","0.00","","7","James Bowen","Mickey Bowen","0","80","16","128","76","60","66","C","57","73","55","27","46","73","6","31/08/2026 16:19","3m 1f 107y","Chase","C","3","5607","0","13018.00","Wicks Group Cavendish Cup Handicap Chase (GBB Race) (Class C)","","","","0.00","164","3P423-2311U","0","0","0","0.00","0.00","0.00","2","8","18","11.11","44.44","86.67","-13.13","57.46","C","3","7922.00","164","2m 4f 20y","4420","2.30","2.20","PHPPL-HHPPP","13.00","0","6","11.10","BF","3","0","Hcap-Cha","Left - Sharp","4yo+,135","10/1","10.00","4","","135","7","7","273","566","293","95","84","80","34","","16","b","g","Tempest River","Elusive Pimpernel","","0","0.00","2","18","64.58","50.20","22.22","16.67","0","1","0.00","50.00","1.00","0.00","0.00","0.00","NO","0.00","Male","67.19","65.43","58.71","54.42","0.00","0.00","0.00","","","",""
"31/08/2026","16:10","Ripon","Happier","7.00","16.67","8.00","21.43","9.50","41.67","NO","","0.00","","8","Harry Vigors","Martin Keighley","66","82","13","61","71","56","64","F","66","67","56","32","50","82","4","31/08/2026 16:10","5f","Turf","E","5","1100","5","4711.00","Book Online At ripon-races.co.uk Handicap (Class E)","","","","0.00","126","926-0496112","0","0","0","0.00","0.00","0.00","5","8","40","12.50","20.00","0.00","-22.88","36.38","F","6","4711.00","128","6f 1y","1321","4.18","4.00","PHP-HPHPPHP","7.00","4","6","9.0","D","9","0","Hcap","Right - Sharp","3yo+,75","9/1","9.00","3","","75","9","9","269","538","269","79","83","72","35","13","","b","m","Joy For Life","Profitable","","0","1.35","5","40","56.41","41.30","27.50","17.50","14","3","0.00","40.00","1.00","0.00","0.00","0.00","NO","0.00","Female","100.00","69.64","66.23","56.11","0.00","0.00","0.00","","","",""
"31/08/2026","16:10","Ripon","Canaria Queen","7.50","0.00","7.50","-15.38","6.50","-15.38","NO","","0.00","","5","Duran Fentiman","Tim Easterby","67","145","5","67","71","60","64","D","65","67","58","30","27","57","4","31/08/2026 16:10","5f","Turf","E","5","1100","0","4711.00","Book Online At ripon-races.co.uk Handicap (Class E)","","","","0.00","132","1221552822","0","0","0","0.00","0.00","0.00","8","13","51","15.69","25.49","0.00","-6.92","37.01","D","4","5234.00","123","5f","1100","6.20","5.50","PPPPPLPHPP","7.00","1","6","9.6","CD","5","0","Hcap","Right - Sharp","3yo+,75","10/1","10.00","3","","75","9","9","275","537","262","79","63","69","51","5","","bl","m","Gran Canaria Queen","Pastoral Pursuits","p","0","0.96","8","51","61.80","46.51","41.18","29.41","7","1","25.00","37.50","1.00","0.00","0.00","0.00","NO","0.00","Female","58.96","48.90","49.47","48.23","0.00","0.00","0.00","","","",""
"31/08/2026","16:10","Ripon","Betweenthesticks","15.00","28.57","19.00","-11.11","17.00","14.29","NO","","0.00","","6","James Sullivan","Ruth Carr","57","98","14","66","74","60","61","E","61","72","59","28","10","38","4","31/08/2026 16:10","5f","Turf","E","5","1100","0","4711.00","Book Online At ripon-races.co.uk Handicap (Class E)","","","","0.00","131","7-112962346","0","0","0","0.00","0.00","0.00","10","20","65","15.38","30.77","0.00","29.25","43.45","E","5","4187.00","138","5f","1100","12.50","9.00","P-PLLPPPPPH","7.00","3","6","9.5","D","6","0","Hcap","Right - Sharp","3yo+,75","11/1","11.00","3","","75","9","9","243","491","248","79","76","76","17","14","","b","g","Jollyhockeysticks","Captain Gerrard","pWS","0","0.56","10","65","56.40","44.08","36.92","24.62","3","-1","20.00","30.00","1.00","0.00","0.00","0.00","NO","0.00","Male","54.39","50.90","50.99","52.65","0.00","0.00","0.00","","","",""
"31/08/2026","16:10","Ripon","Rock Of England","4.00","-16.67","3.50","0.00","3.50","-16.67","NO","","0.00","","3","Oisin Murphy","Paul Midgley","62","161","17","75","72","60","67","D","68","70","59","41","40","81","4","31/08/2026 16:10","5f","Turf","E","5","1100","0","4711.00","Book Online At ripon-races.co.uk Handicap (Class E)","","","","0.00","140","43-91312144","0","0","0","0.00","0.00","0.00","7","9","42","16.67","21.43","0.00","4.25","51.41","D","4","5234.00","131","5f","1100","15.50","13.00","PH-PPPLPPPH","7.00","7","6","10.0","CD","2","0","Hcap","Right - Sharp","3yo+,75","7/1","7.00","3","","75","9","9","319","611","292","78","98","84","32","17","","ch","g","Miss Fay","Unfortunately","WS","0","1.27","7","42","57.20","43.72","35.71","26.19","8","3","28.57","28.57","1.00","0.00","0.00","0.00","NO","0.00","Male","50.28","56.15","49.50","52.74","0.00","0.00","0.00","","","",""
"31/08/2026","16:19","Cartmel","Caughtinyourtrance","4.33","-9.91","4.00","-25.00","3.25","-32.43","NO","","0.00","","6","Brian Hughes","James Moffatt","59","132","44","125","77","63","57","E","59","75","55","50","47","97","8","31/08/2026 16:19","3m 1f 107y","Chase","C","3","5607","0","13018.00","Wicks Group Cavendish Cup Handicap Chase (GBB Race) (Class C)","","","","0.00","161","2-P623P2211","0","0","0","0.00","0.00","0.00","4","5","19","21.05","26.32","88.24","-2.42","72.13","C","3","15947.00","163","2m 6f 31y","4871","7.24","5.50","L-LPLPPPLPP","17.00","0","7","11.7","CD","5","0","Hcap-Cha","Left - Sharp","4yo+,135","5/1","5.00","4","","135","7","7","302","632","330","81","83","88","78","","44","b","g","Loyalty Card","Ocovango","tpWS","0","0.00","4","19","60.64","48.15","42.11","36.84","7","3","100.00","100.00","1.00","0.00","0.00","0.00","NO","0.00","Male","51.84","51.84","51.84","51.92","0.00","0.00","0.00","","","1","0"
"31/08/2026","16:10","Ripon","Marajito","11.00","20.00","13.00","33.33","17.00","60.00","NO","","0.00","","9","O McSweeney","Tim Easterby","52","67","9","66","65","58","59","E","60","65","56","43","17","60","8","31/08/2026 16:10","5f","Turf","E","5","1100","0","4711.00","Book Online At ripon-races.co.uk Handicap (Class E)","","","","0.00","131","800-5165427","0","0","0","0.00","0.00","0.00","2","3","19","10.53","15.79","0.00","3.50","41.88","E","5","4187.00","133","5f 217y","1317","14.00","12.00","HPH-PPHPPPL","15.00","6","4","9.5","CD","8","0","Hcap","Right - Sharp","3yo+,75","13/2","6.50","3","","75","9","9","266","573","307","79","79","88","61","9","","b","f","Midnight Mojito","Ardad","","0","0.88","2","19","47.75","32.43","31.58","26.32","11","1","0.00","0.00","1.00","0.00","0.00","0.00","NO","0.00","Female","58.96","48.90","49.47","48.23","0.00","0.00","0.00","","","",""
"31/08/2026","16:10","Ripon","Our Absent Friends","8.00","-35.71","5.50","44.44","7.50","-7.14","NO","","0.00","","1","Jason Hart","Tristan Davidson","61","275","5","75","75","60","62","E","61","71","58","42","42","84","8","31/08/2026 16:10","5f","Turf","E","5","1100","0","4711.00","Book Online At ripon-races.co.uk Handicap (Class E)","","","","0.00","140","2063791915","0","0","0","0.00","0.00","0.00","9","12","60","15.00","20.00","0.00","51.25","52.21","D","4","5234.00","126","5f","1100","4.48","4.33","PLPLHPLPLP","15.00","9","8","10.0","CD  BF","1","0","Hcap","Right - Sharp","3yo+,75","7/1","7.00","3","","75","9","9","329","650","321","98","93","85","45","5","","ch","g","Practicallyperfect","Camacho","WS","0","1.21","9","60","51.80","39.06","38.33","30.00","2","1","0.00","0.00","1.00","0.00","0.00","0.00","NO","0.00","Male","59.37","67.88","62.37","64.38","0.00","0.00","0.00","","","",""
"31/08/2026","16:00","Chepstow","It's A Mugs Game","23.00","27.27","29.00","17.86","34.00","50.00","NO","","0.00","","8","Taylor Fisher","J Tickle","38","64","19","52","55","43","45","E","43","43","45","9","14","23","4","31/08/2026 16:00","7f 16y","Turf","F","6","1556","0","3768.00","Runtech Ltd Handicap (Div 2) (Class F)","","","","0.00","127","0-46","0","0","0","0.00","0.00","0.00","0","0","3","0.00","0.00","0.00","-3.00","0.00","D","4","5400.00","133","6f","1320","250.00","81.00","H-PP","9.00","4","3","9.1","","6","0","Hcap","Left - Galloping / Undulating","3yo+,55","22/1","22.00","3","","55","11","11","244","551","307","83","77","78","69","19","","b","g","Lucky To Be Heer","Mattmu","","0","0.89","0","3","22.22","6.59","33.33","33.33","1","1","0.00","0.00","1.00","0.00","0.00","0.00","NO","0.00","Male","47.32","52.45","52.94","55.66","0.00","0.00","0.00","","","",""
"31/08/2026","15:51","Southwell","Mayflower Billy","9.50","-11.76","8.50","20.00","10.00","5.88","NO","","0.00","","5","Sean Levey","Jessica Macey","61","83","60","67","61","52","55","E","54","60","51","10","7","17","6","31/08/2026 15:51","1m 13y","A/W","E","5","1773","0","4397.00","Southwell Racecourse Conference & Events Handicap (Div 1) (Class E)","","","","0.00","132","0-48256","0","0","0","0.00","0.00","0.00","0","1","6","0.00","16.67","0.00","-6.00","0.00","E","5","4711.00","134","1m 75y","1835","14.67","12.00","H-HPPPP","18.00","9","3","9.6","","4","0","Hcap","Left - Sharp","3yo,70","13/1","13.00","3","3","70","10","10","255","557","302","64","91","75","72","60","","ch","g","Darrfonah","Tasleet","p","0","0.61","0","6","37.74","24.87","66.67","33.33","4","1","0.00","0.00","1.00","0.00","0.00","0.00","NO","0.00","Male","95.00","88.33","57.67","66.19","0.00","0.00","0.00","","","3","3"
"31/08/2026","15:51","Southwell","Wield","29.00","0.00","29.00","0.00","29.00","0.00","NO","","0.00","","4","Luke Morris","Joseph Parr","55","90","11","70","61","55","51","D","55","56","53","21","12","33","4","31/08/2026 15:51","1m 13y","A/W","E","5","1773","0","4397.00","Southwell Racecourse Conference & Events Handicap (Div 1) (Class E)","","","","0.00","135","4-32507","0","0","0","0.00","0.00","0.00","0","1","6","0.00","16.67","0.00","-6.00","0.00","E","5","5234.00","135","1m","1760","150.00","101.00","P-LLPHP","12.00","6","3","9.9","","1","0","Hcap","Left - Sharp","3yo,70","6/1","6.00","3","3","70","10","10","299","632","333","87","85","87","74","11","","b","g","Deliberate","Showcasing","t1","0","0.98","0","6","29.29","19.08","33.33","0.00","2","3","0.00","0.00","1.00","0.00","0.00","0.00","NO","0.00","Male","0.00","52.38","47.06","48.48","0.00","0.00","0.00","","","",""
"31/08/2026","15:51","Southwell","Legacy Rock","5.50","-11.11","5.00","0.00","5.00","-11.11","NO","","0.00","","2","Billy Loughnane","Dr Richard Newland","61","175","11","69","65","58","61","F","61","63","57","22","32","54","4","31/08/2026 15:51","1m 13y","A/W","E","5","1773","0","4397.00","Southwell Racecourse Conference & Events Handicap (Div 1) (Class E)","","","","0.00","134","506-9411266","0","0","0","0.00","0.00","0.00","2","1","10","20.00","10.00","0.00","-0.25","53.39","E","5","5234.00","125","1m","1760","11.00","10.00","HHP-HPPPHHL","12.00","10","3","9.8","D","3","0","Hcap","Left - Sharp","3yo,70","11/2","5.50","3","3","70","10","10","346","655","309","82","95","81","51","11","","b","g","Rich Legacy","Kameko","t","0","1.09","2","10","49.56","36.13","30.00","20.00","-2","-3","0.00","0.00","1.00","0.00","0.00","0.00","NO","0.00","Male","38.35","37.35","42.43","41.99","0.00","0.00","0.00","","","",""
"31/08/2026","15:51","Southwell","Test Run","9.00","25.00","11.00","80.00","19.00","125.00","NO","","0.00","","9","Shay Farmer","Michael Easterby","40","25","30","65","54","41","45","B","41","41","45","0","3","3","2","31/08/2026 15:51","1m 13y","A/W","E","5","1773","5","4397.00","Southwell Racecourse Conference & Events Handicap (Div 1) (Class E)","","","","0.00","130","4-54","0","0","0","0.00","0.00","0.00","0","0","3","0.00","0.00","0.00","-3.00","0.00","D","4","5400.00","130","7f 218y","1758","58.50","34.00","H-HP","6.00","3","3","9.4","","7","0","Hcap","Left - Sharp","3yo,70","","0.00","3","3","70","10","10","228","526","298","78","60","79","81","30","","b","g","Ronja","Time Test","","0","1.06","0","3","37.22","18.23","66.67","33.33","-1","-1","0.00","0.00","1.00","0.00","0.00","0.00","NO","0.00","Male","43.66","51.33","48.08","46.49","0.00","0.00","0.00","","","",""
"31/08/2026","15:55","Downpatrick","Seven Towers","4.50","14.29","5.00","37.50","6.50","57.14","NO","","0.00","","4","Keith Donoghue","Gavin Cromwell","50","125","12","107","61","50","53","E","50","61","44","38","23","61","6","31/08/2026 15:55","2m 5f 180y","Hurdle","E","4","4800","0","7200.00","AJC Group Handicap Hurdle (Class E) (0-110)","","","","0.00","163","3633391","0","0","0","0.00","0.00","0.00","1","3","7","14.29","42.86","100.00","-4.13","72.00","E","4","7200.00","158","2m 4f 148y","4548","3.30","2.88","PPPPPPP","14.00","0","5","11.9","","5","0","Hcap-Hdle","Right - Undulating","4yo+,110","7/1","7.00","4","","110","11","11","300","619","319","83","91","89","56","","12","b","g","Tizzy Blue","Walk In The Park","t1","0","0.00","1","7","67.58","52.36","28.57","28.57","-1","-1","0.00","0.00","1.00","0.00","0.00","0.00","NO","0.00","Male","50.38","48.71","53.74","51.61","0.00","0.00","0.00","","","",""
"31/08/2026","15:55","Downpatrick","Tolka Row","13.00","0.00","13.00","33.33","17.00","33.33","NO","","0.00","","2","Sean Flanagan","David M O'Brien","57","175","17","103","60","49","57","E","55","57","42","32","23","55","4","31/08/2026 15:55","2m 5f 180y","Hurdle","E","4","4800","0","7200.00","AJC Group Handicap Hurdle (Class E) (0-110)","","","","0.00","159","872P18","0","0","0","0.00","0.00","0.00","1","1","6","16.67","16.67","83.33","28.00","72.00","E","4","7200.00","156","2m 5f","4620","10.50","7.50","HHHHPP","9.00","0","6","11.5","CD","7","0","Hcap-Hdle","Right - Undulating","4yo+,110","17/2","8.50","4","","110","11","11","293","521","228","70","83","71","4","","17","b","g","Pakaradyssa","Idaho","t1","0","0.00","1","6","54.55","42.21","33.33","33.33","0","-1","100.00","100.00","1.00","0.00","0.00","0.00","NO","0.00","Male","0.00","0.00","53.77","70.01","0.00","0.00","0.00","","","",""
"31/08/2026","15:51","Southwell","Sailor's Return","11.00","0.00","11.00","0.00","11.00","0.00","NO","","0.00","","7","Cieren Fallon","David O'Meara","56","71","28","61","58","57","55","E","56","58","55","0","3","3","2","31/08/2026 15:51","1m 13y","A/W","E","5","1773","0","4397.00","Southwell Racecourse Conference & Events Handicap (Div 1) (Class E)","","","","0.00","126","6604","0","0","0","0.00","0.00","0.00","0","0","4","0.00","0.00","0.00","-4.00","0.00","F","6","3664.00","133","1m","1760","5.73","4.50","HHHP","6.00","8","3","9.0","","10","0","Hcap","Left - Sharp","3yo,70","","0.00","3","3","70","10","10","239","578","339","84","90","84","81","28","","b","f","Closing Bell","Soldier Hollow","t1","0","1.06","0","4","34.72","16.13","50.00","25.00","2","1","0.00","0.00","1.00","0.00","0.00","0.00","NO","0.00","Female","55.47","52.09","55.04","51.57","0.00","0.00","0.00","","","",""
"31/08/2026","15:51","Southwell","Vega Storm","5.00","0.00","5.00","0.00","5.00","0.00","NO","","0.00","","6","Harry Russell","Richard Fahey","66","80","21","63","66","57","61","E","60","60","58","29","15","44","2","31/08/2026 15:51","1m 13y","A/W","E","5","1773","0","4397.00","Southwell Racecourse Conference & Events Handicap (Div 1) (Class E)","","","","0.00","128","3350463","0","0","0","0.00","0.00","0.00","0","2","7","0.00","28.57","0.00","-7.00","0.00","E","5","4187.00","129","1m","1760","7.50","6.50","HPPHHHP","6.00","2","3","9.2","","9","0","Hcap","Left - Sharp","3yo,70","4/1","4.00","3","3","70","10","10","295","541","246","89","66","62","29","21","","b","g","Constant Comment","Lucky Vega","","0","1.10","0","7","57.22","36.92","0.00","0.00","1","1","0.00","0.00","1.00","0.00","0.00","0.00","NO","0.00","Male","56.09","48.04","49.95","48.23","0.00","0.00","0.00","","","",""
"31/08/2026","15:45","Cartmel","Divilabother","3.75","9.09","4.00","16.67","4.50","27.27","NO","","0.00","","1","Harry Reed","Tristan Davidson","78","199","36","124","78","54","69","B","65","74","54","62","61","123","2","31/08/2026 15:45","3m 1f 83y","Hurdle","B","2","5583","0","12903.00","EWGA Handicap Hurdle (GBB Race) (Class B)","","","","0.00","167","224-5361112","0","0","0","0.00","0.00","0.00","4","10","25","16.00","40.00","100.00","4.00","47.86","B","2","9823.00","157","2m 7f 70y","5130","3.05","2.88","HHH-HHPHHHP","13.00","0","8","11.13","C  BF","3","0","Hcap-Hdle","Left - Sharp","4yo+,125","15/8","1.88","4","","125","7","7","331","656","325","87","84","88","66","","36","gr","g","Rockabout","Markaz","t1","0","0.00","4","25","69.22","55.49","44.00","24.00","7","1","75.00","75.00","1.00","0.00","0.00","0.00","NO","0.00","Male","59.37","67.88","62.37","64.38","0.00","0.00","0.00","","","",""
"31/08/2026","15:45","Cartmel","Al Sayah","5.00","0.00","5.00","-12.50","4.50","-12.50","NO","","0.00","","1","Mr Jack Tudor","Neil Mulholland","63","199","45","125","73","62","67","B","66","72","58","28","45","73","2","31/08/2026 15:45","3m 1f 83y","Hurdle","B","2","5583","0","12903.00","EWGA Handicap Hurdle (GBB Race) (Class B)","","","","0.00","168","11234-41341","0","0","0","0.00","0.00","0.00","7","5","25","28.00","20.00","100.00","0.35","48.69","B","2","15661.00","159","3m 1f 83y","5583","5.40","5.00","PPLHP-PPHHP","13.00","0","6","12.0","","1","0","Hcap-Hdle","Left - Sharp","4yo+,125","11/2","5.50","4","","125","7","7","343","649","306","82","74","87","63","45","98","b","m","Acquisition","Golden Horn","v","0","0.00","7","25","63.00","49.72","40.00","28.00","9","1","0.00","28.57","1.00","0.00","0.00","0.00","NO","0.00","Female","46.43","37.18","33.00","47.92","0.00","0.00","0.00","","","1","0"
"31/08/2026","15:45","Cartmel","Kayf Dancer","6.50","-27.27","5.00","12.50","5.50","-18.18","NO","","0.00","","4","James Bowen","Mickey Bowen","66","150","107","121","76","64","66","E","66","67","61","18","33","51","6","31/08/2026 15:45","3m 1f 83y","Hurdle","B","2","5583","0","12903.00","EWGA Handicap Hurdle (GBB Race) (Class B)","","","","0.00","164","35/3/140-816","0","0","0","0.00","0.00","0.00","2","1","9","22.22","11.11","100.00","7.07","44.89","B","2","9678.00","151","2m 7f 70y","5130","6.80","6.00","PH/P/LLH-PPP","38.00","0","8","11.10","","5","0","Hcap-Hdle","Left - Sharp","4yo+,125","9/1","9.00","4","","125","7","7","302","605","303","88","87","84","44","","107","b","g","Winning Counsel","Kayf Tara","WS1","0","0.00","2","9","61.08","45.93","22.22","22.22","3","1","50.00","50.00","1.00","0.00","0.00","0.00","NO","0.00","Male","67.19","65.43","58.71","54.42","0.00","0.00","0.00","","","5","1"
"31/08/2026","15:51","Southwell","Dacres Cross","7.50","7.69","8.00","42.86","11.00","53.85","NO","","0.00","","8","Tom Eaves","Kevin Ryan","58","45","54","65","59","53","49","E","56","58","51","0","6","6","0","31/08/2026 15:51","1m 13y","A/W","E","5","1773","0","4397.00","Southwell Racecourse Conference & Events Handicap (Div 1) (Class E)","","","","0.00","130","4431076-045","0","0","0","0.00","0.00","0.00","1","1","11","9.09","9.09","0.00","-6.50","54.96","E","5","4449.00","131","7f 6y","1546","6.35","5.00","PPLPHHH-HHH","0.00","7","3","9.4","","8","0","Hcap","Left - Sharp","3yo,70","","0.00","3","3","70","10","10","257","577","320","90","68","81","81","54","","b","g","Shahaama","Prince Of Lir","","0","0.89","1","11","51.23","33.64","36.36","18.18","-3","-1","100.00","100.00","1.00","0.00","0.00","0.00","NO","0.00","Male","55.36","48.96","45.18","43.77","0.00","0.00","0.00","","","5","0"
"31/08/2026","15:51","Southwell","Power Strike","11.00","-10.00","10.00","-22.22","8.00","-30.00","NO","","0.00","","10","Ryan Sexton","Julie Camacho","50","21","144","66","60","50","49","E","50","50","49","11","11","22","6","31/08/2026 15:51","1m 13y","A/W","E","5","1773","0","4397.00","Southwell Racecourse Conference & Events Handicap (Div 1) (Class E)","","","","0.00","131","607","0","0","0","0.00","0.00","0.00","0","0","3","0.00","0.00","0.00","-3.00","0.00","E","5","10200.00","127","1m 1f 130y","2110","8.20","6.50","HPL","18.00","5","3","9.5","","6","0","Hcap","Left - Sharp","3yo,70","12/1","12.00","3","3","70","10","10","259","540","281","72","69","73","67","144","","ch","g","Satiate","Night Of Thunder","","0","1.23","0","3","36.96","17.01","0.00","0.00","-3","-3","0.00","0.00","1.00","0.00","0.00","0.00","NO","0.00","Male","42.22","44.68","53.87","52.57","0.00","0.00","0.00","","","",""
"31/08/2026","15:51","Southwell","Silky Lass","17.00","0.00","17.00","12.50","19.00","12.50","NO","","0.00","","3","Alex Jary","Joey Ramsden","56","106","64","67","68","59","58","E","56","63","58","21","40","61","4","31/08/2026 15:51","1m 13y","A/W","E","5","1773","3","4397.00","Southwell Racecourse Conference & Events Handicap (Div 1) (Class E)","","","","0.00","132","752-3153329","0","0","0","0.00","0.00","0.00","1","4","10","10.00","40.00","0.00","-5.67","54.00","E","5","4397.00","130","1m 1f 104y","2084","29.77","19.00","HPP-PPPHPHP","12.00","4","3","9.6","D","5","0","Hcap","Left - Sharp","3yo,70","6/1","6.00","3","3","70","10","10","321","612","291","63","62","89","77","64","","b","f","Caledonia Duchess","Massaat","","0","1.02","1","10","58.87","43.69","20.00","10.00","4","1","0.00","100.00","1.00","0.00","0.00","0.00","NO","0.00","Female","0.00","0.00","46.02","32.75","0.00","0.00","0.00","","","9","0"
"31/08/2026","15:51","Southwell","Filly Eilish","4.33","5.11","4.50","-4.86","4.33","0.00","NO","","0.00","","1","Silvestre De Sousa","Ivan Furtado","50","225","25","70","67","56","57","F","56","59","56","30","35","65","4","31/08/2026 15:51","1m 13y","A/W","E","5","1773","0","4397.00","Southwell Racecourse Conference & Events Handicap (Div 1) (Class E)","","","","0.00","135","326615","0","0","0","0.00","0.00","0.00","1","1","6","16.67","16.67","0.00","11.00","32.45","E","5","4711.00","135","1m 14y","1774","4.47","4.00","HHPPPH","12.00","1","3","9.9","CD  BF","2","0","Hcap","Left - Sharp","3yo,70","4/1","4.00","3","3","70","10","10","341","684","343","69","89","85","100","25","","b","f","Billie Eria","Phoenix Of Spain","WS","0","0.89","1","6","60.14","43.55","50.00","33.33","2","1","0.00","0.00","1.00","0.00","0.00","0.00","NO","0.00","Female","50.46","42.35","51.86","52.91","0.00","0.00","0.00","","","",""
"31/08/2026","15:55","Downpatrick","Bruant","8.00","7.14","8.50","-6.67","8.00","0.00","NO","","0.00","","1","Kevin Sexton","A J Martin","64","231","25","110","70","53","62","E","62","70","46","42","51","93","2","31/08/2026 15:55","2m 5f 180y","Hurdle","E","4","4800","0","7200.00","AJC Group Handicap Hurdle (Class E) (0-110)","","","","0.00","166","00P0-901602","0","0","0","0.00","0.00","0.00","2","1","16","12.50","6.25","75.00","36.00","70.50","E","4","9000.00","162","2m 4f 168y","4568","12.50","9.50","HHHH-HHHHHP","5.00","0","5","11.12","C","1","0","Hcap-Hdle","Right - Undulating","4yo+,110","6/1","6.00","4","","110","11","11","325","623","298","73","74","72","79","70","25","b","g","All The Rage","Le Havre","t1","0","0.00","2","16","39.48","26.51","18.75","12.50","8","3","100.00","100.00","1.00","0.00","0.00","0.00","NO","0.00","Male","87.78","68.43","63.20","52.53","0.00","0.00","0.00","","","",""
"31/08/2026","16:00","Chepstow","Marisitta","6.00","20.00","7.00","33.33","9.00","60.00","NO","","0.00","","5","William Carson","John O'Shea","54","83","13","50","62","54","56","F","54","62","52","33","21","54","4","31/08/2026 16:00","7f 16y","Turf","F","6","1556","0","3768.00","Runtech Ltd Handicap (Div 2) (Class F)","","","","0.00","130","79-47561524","0","0","0","0.00","0.00","0.00","1","2","27","3.70","7.41","0.00","-8.00","37.68","F","6","3454.00","118","6f 16y","1336","17.00","15.00","HL-HHHLPHPP","9.00","1","6","9.4","C","4","0","Hcap","Left - Galloping / Undulating","3yo+,55","11/2","5.50","3","","55","11","11","310","604","294","77","68","92","57","13","","b","m","Nessita","Intello","p","0","0.89","1","27","46.07","27.18","37.04","22.22","11","1","0.00","0.00","1.00","0.00","0.00","0.00","NO","0.00","Female","25.00","60.19","45.88","44.67","0.00","0.00","0.00","","","",""
"31/08/2026","16:00","Chepstow","Eye Of The Water","12.00","9.09","13.00","0.00","13.00","9.09","NO","","0.00","","4","Callum Hutchinson","Ronald Harris","58","96","61","47","68","60","59","F","58","68","57","20","37","57","6","31/08/2026 16:00","7f 16y","Turf","F","6","1556","0","3768.00","Runtech Ltd Handicap (Div 2) (Class F)","","","","0.00","127","464-5446363","0","0","0","0.00","0.00","0.00","8","35","106","7.55","33.02","0.00","-28.00","33.49","F","6","3454.00","135","1m","1760","34.36","23.00","LPP-PPLPPPP","13.00","10","10","9.1","D","5","0","Hcap","Left - Galloping / Undulating","3yo+,55","9/1","9.00","3","","55","11","11","283","514","231","61","84","78","8","61","","b","g","Desert Location","Lilbourne Lad","pWS","0","0.81","7","97","61.61","45.03","28.87","12.37","9","3","28.57","28.57","1.00","0.00","0.00","0.00","NO","0.00","Male","0.00","0.00","23.38","56.09","0.00","0.00","0.00","","","3","0"
"31/08/2026","16:00","Chepstow","Vape","17.00","37.50","23.00","50.00","34.00","106.25","NO","","0.00","","3","Miss Amy Tucker","John Flint","48","103","13","55","69","58","51","E","48","67","56","23","26","49","6","31/08/2026 16:00","7f 16y","Turf","F","6","1556","7","3768.00","Runtech Ltd Handicap (Div 2) (Class F)","","","","0.00","135","021120-0468","0","0","0","0.00","0.00","0.00","9","20","71","12.68","28.17","0.00","-1.50","35.24","F","6","3454.00","121","6f 16y","1336","55.00","34.00","LLPPPP-HPPP","13.00","9","9","9.9","C","1","0","Hcap","Left - Galloping / Undulating","3yo+,55","8/1","8.00","3","","55","11","11","318","590","272","74","56","79","63","13","","gr","g","Puff","Dark Angel","p","0","1.26","9","71","55.94","41.82","43.66","30.99","15","3","55.56","55.56","1.00","0.00","0.00","0.00","NO","0.00","Male","45.83","38.29","45.07","48.53","0.00","0.00","0.00","","","",""
"31/08/2026","16:00","Chepstow","Angel's Call","7.50","7.69","8.00","-28.57","6.00","-23.08","NO","","0.00","","2","Ryan Kavanagh","Nikki Evans","59","173","19","51","65","59","62","F","64","65","53","33","45","78","4","31/08/2026 16:00","7f 16y","Turf","F","6","1556","3","3768.00","Runtech Ltd Handicap (Div 2) (Class F)","","","","0.00","131","380-7979413","0","0","0","0.00","0.00","0.00","2","2","21","9.52","9.52","0.00","-0.50","45.62","F","6","3454.00","129","1m","1760","10.50","8.00","HHH-HPPHHPP","9.00","5","5","9.5","D","3","0","Hcap","Left - Galloping / Undulating","3yo+,55","11/2","5.50","3","","55","11","11","340","623","283","70","77","72","64","19","","gr","g","Nicki's Angel","Soldier's Call","p","0","1.13","2","21","39.97","26.19","23.81","14.29","11","3","0.00","0.00","1.00","0.00","0.00","0.00","NO","0.00","Male","40.00","46.11","40.63","41.78","0.00","0.00","0.00","","","",""
"31/08/2026","16:00","Chepstow","Big Moonrise","29.00","17.86","34.00","51.52","51.00","78.57","NO","","0.00","","10","Edward Greatrex","David Evans","44","42","19","46","45","43","44","D","44","44","42","6","8","14","4","31/08/2026 16:00","7f 16y","Turf","F","6","1556","0","3768.00","Runtech Ltd Handicap (Div 2) (Class F)","","","","0.00","121","46-39","0","0","0","0.00","0.00","0.00","0","0","4","0.00","0.00","0.00","-4.00","0.00","F","6","3454.00","120","1m","1760","25.22","21.00","HH-HL","9.00","6","3","8.9","","10","0","Hcap","Left - Galloping / Undulating","3yo+,55","33/1","33.00","3","","55","11","11","218","534","316","83","78","81","74","19","","b","g","Song To The Moon","Massaat","","0","0.83","0","4","30.90","13.55","25.00","25.00","4","3","0.00","0.00","1.00","0.00","0.00","0.00","NO","0.00","Male","49.22","52.29","43.17","48.82","0.00","0.00","0.00","","","",""
"31/08/2026","16:00","Chepstow","Lady V","6.00","-10.00","5.50","22.22","6.50","10.00","NO","","0.00","","11","Rossa Ryan","Charlie Pike","43","39","91","49","47","44","44","D","44","44","44","8","10","18","0","31/08/2026 16:00","7f 16y","Turf","F","6","1556","0","3768.00","Runtech Ltd Handicap (Div 2) (Class F)","","","","0.00","124","6-86","0","0","0","0.00","0.00","0.00","0","0","3","0.00","0.00","0.00","-3.00","0.00","D","4","5400.00","128","6f 12y","1332","280.00","67.00","H-HH","0.00","2","3","8.12","","9","0","Hcap","Left - Galloping / Undulating","3yo+,55","25/1","25.00","3","","55","11","11","209","527","318","60","92","96","70","91","","b","f","Kadra","Supremacy","","0","0.95","0","3","39.44","15.68","0.00","0.00","3","3","0.00","0.00","1.00","0.00","0.00","0.00","NO","0.00","Female","51.75","55.21","44.66","35.83","0.00","0.00","0.00","","","6","0"
"31/08/2026","16:00","Chepstow","Rovinia","2.25","-12.00","2.10","13.64","2.25","0.00","NO","","0.00","","1","Owen Lewis","Roger Teal","65","256","13","53","65","58","61","F","61","62","53","39","34","73","8","31/08/2026 16:00","7f 16y","Turf","F","6","1556","5","3768.00","Runtech Ltd Handicap (Div 2) (Class F)","","","","0.00","133","0-658952221","0","0","0","0.00","0.00","0.00","2","7","19","10.53","36.84","0.00","-6.17","32.97","F","6","3454.00","135","7f 1y","1541","2.06","1.83","P-PPHPPLLPP","17.00","3","4","9.7","D","2","0","Hcap","Left - Galloping / Undulating","3yo+,55","9/2","4.50","3","","55","11","11","339","532","193","76","65","68","-16","13","","b","f","Windlass","Legends Of War","","0","1.07","2","19","59.62","45.45","31.58","21.05","11","1","100.00","100.00","1.00","0.00","0.00","0.00","NO","0.00","Female","86.43","75.35","57.76","54.56","0.00","0.00","0.00","","","",""
"31/08/2026","15:55","Downpatrick","Cozone","8.00","-14.29","7.00","8.33","7.50","-7.14","NO","","0.00","","5","James Smith","Matthew J Smith","64","106","79","109","77","59","56","E","55","75","54","39","53","92","2","31/08/2026 15:55","2m 5f 180y","Hurdle","E","4","4800","5","7200.00","AJC Group Handicap Hurdle (Class E) (0-110)","","","","0.00","165","00/0908-1631","0","0","0","0.00","0.00","0.00","6","17","65","9.23","26.15","91.18","-12.84","66.75","E","4","7200.00","152","2m 1f 165y","3905","4.50","4.00","HH/HHPH-HHPH","5.00","0","9","11.11","CD","3","0","Hcap-Hdle","Right - Undulating","4yo+,110","13/2","6.50","4","","110","11","11","294","610","316","74","64","96","82","759","79","b","g","Bella Nouf","Pour Moi","tbWS","0","0.00","6","65","52.77","38.38","49.23","32.31","9","1","33.33","33.33","1.00","0.00","0.00","0.00","NO","0.00","Male","55.99","55.99","44.63","44.64","0.00","0.00","0.00","","","",""
"31/08/2026","15:55","Downpatrick","Kashchei","15.00","0.00","15.00","-21.43","12.00","-21.43","NO","","0.00","","9","Mr Kevin Healy","C Collins","0","76","62","110","78","58","59","E","60","65","49","17","18","35","10","31/08/2026 15:55","2m 5f 180y","Hurdle","E","4","4800","7","7200.00","AJC Group Handicap Hurdle (Class E) (0-110)","","","","0.00","166","6466-67531P","0","0","0","0.00","0.00","0.00","1","2","13","7.69","15.38","85.71","-8.00","54.46","E","4","7500.00","166","2m 3f 110y","4290","28.00","17.00","HHHL-HHPPLL","23.00","0","6","11.12","","2","0","Hcap-Hdle","Right - Undulating","4yo+,110","16/1","16.00","4","","110","11","11","234","493","259","68","73","81","37","","62","b","g","Leblon","Telescope","p","0","0.00","1","13","53.83","36.27","46.15","15.38","5","1","0.00","0.00","1.00","0.00","0.00","0.00","NO","0.00","Male","51.97","43.98","41.64","41.20","0.00","0.00","0.00","","","",""
"31/08/2026","15:55","Downpatrick","Shinnhill","8.50","6.67","9.00","6.25","9.50","13.33","NO","","0.00","","6","E Finegan","Neil McKnight","42","104","22","108","64","49","56","C","42","62","44","33","27","60","2","31/08/2026 15:55","2m 5f 180y","Hurdle","E","4","4800","5","7200.00","AJC Group Handicap Hurdle (Class E) (0-110)","","","","0.00","164","471-7P2","0","0","0","0.00","0.00","0.00","1","1","6","16.67","16.67","83.33","-1.50","60.00","E","4","12000.00","148","2m 1f 165y","3905","36.00","17.00","PPP-HPH","5.00","0","9","11.10","C","4","0","Hcap-Hdle","Right - Undulating","4yo+,110","8/1","8.00","4","","110","11","11","274","540","266","61","87","71","47","","22","gr","g","Blazing Love","Conduit","","0","0.00","1","6","60.91","47.22","83.33","50.00","2","1","0.00","0.00","1.00","0.00","0.00","0.00","NO","0.00","Male","0.00","0.00","75.00","75.00","0.00","0.00","0.00","","","",""
"31/08/2026","15:55","Downpatrick","Mickey Cohen","8.50","-6.67","8.00","-35.71","5.50","-40.00","NO","","0.00","","7","Donagh Meyler","Noel Meade","60","87","50","100","67","54","55","G","53","61","52","20","22","42","2","31/08/2026 15:55","2m 5f 180y","Hurdle","E","4","4800","0","7200.00","AJC Group Handicap Hurdle (Class E) (0-110)","","","","0.00","156","073634312-4","0","0","0","0.00","0.00","0.00","1","3","15","6.67","20.00","100.00","-11.75","90.00","G","5","6000.00","161","2m 4f 116y","4516","15.00","9.50","HHHHHHPPH-H","5.00","0","5","11.2","","10","0","Hcap-Hdle","Right - Undulating","4yo+,110","14/1","14.00","4","","110","11","11","223","526","303","93","77","88","45","773","50","b","g","Beramana","U S Navy Flag","","0","0.00","1","15","60.30","42.73","26.67","6.67","7","3","0.00","100.00","1.00","0.00","0.00","0.00","NO","0.00","Male","57.74","59.61","52.61","53.05","0.00","0.00","0.00","","","",""
"31/08/2026","15:55","Downpatrick","Tell Nobody Nothin","9.00","0.00","9.00","0.00","9.00","0.00","NO","","0.00","","8","J M Halford","Noel Meade","0","78","107","102","72","52","57","G","40","69","50","27","23","50","2","31/08/2026 15:55","2m 5f 180y","Hurdle","E","4","4800","7","7200.00","AJC Group Handicap Hurdle (Class E) (0-110)","","","","0.00","158","434263-461P","0","0","0","0.00","0.00","0.00","2","6","20","10.00","30.00","90.00","-9.50","66.00","E","4","7200.00","159","3m 1f 100y","5600","7.08","5.50","PLPPPL-HHPH","5.00","0","6","11.4","C","9","0","Hcap-Hdle","Right - Undulating","4yo+,110","10/1","10.00","4","","110","11","11","221","483","262","93","62","71","36","","107","ch","g","Bonny Kate","Doyen","p","0","0.00","2","20","66.24","51.70","40.00","20.00","-4","-1","100.00","100.00","1.00","0.00","0.00","0.00","NO","0.00","Male","57.74","59.61","52.61","53.05","0.00","0.00","0.00","","","",""
"31/08/2026","15:55","Downpatrick","Penzance","15.00","0.00","15.00","14.29","17.00","14.29","NO","","0.00","","11","Mr H E Sexton","John Joseph Hanlon","69","21","15","105","80","68","53","E","58","77","63","16","28","44","4","31/08/2026 15:55","2m 5f 180y","Hurdle","E","4","4800","7","7200.00","AJC Group Handicap Hurdle (Class E) (0-110)","","","","0.00","161","0027422204","0","0","0","0.00","0.00","0.00","5","7","41","12.20","17.07","100.00","-18.92","0.00","E","4","7200.00","159","2m 140y","3660","19.86","15.00","PLPPHPLLHH","9.00","0","6","11.7","","6","0","Hcap-Hdle","Right - Undulating","4yo+,110","18/1","18.00","4","","110","11","11","254","447","193","64","58","67","4","92","15","bg","g","Iromea","Wootton Bassett","tp","0","0.00","5","41","57.22","41.62","31.71","21.95","13","-1","20.00","20.00","1.00","0.00","0.00","0.00","NO","0.00","Male","43.53","46.04","37.45","39.74","0.00","0.00","0.00","","","",""
"31/08/2026","15:55","Downpatrick","Down Around","5.50","-22.22","4.50","14.29","5.00","-11.11","NO","","0.00","","3","Danny Gilligan","Gordon Elliott","61","126","21","102","73","56","57","E","57","71","50","24","33","57","10","31/08/2026 15:55","2m 5f 180y","Hurdle","E","4","4800","0","7200.00","AJC Group Handicap Hurdle (Class E) (0-110)","","","","0.00","158","53000236-71","0","0","0","0.00","0.00","0.00","2","10","30","6.67","33.33","95.45","-21.00","75.00","E","4","9000.00","147","3m 1f 194y","5694","5.50","4.50","LLHHPLLL-PL","23.00","0","9","11.4","","8","0","Hcap-Hdle","Right - Undulating","4yo+,110","11/1","11.00","4","","110","11","11","284","568","284","92","71","70","51","","21","b","g","Teoleena","Sea Moon","b","0","0.00","2","30","65.05","49.05","26.67","20.00","4","-1","0.00","0.00","1.00","0.00","0.00","0.00","NO","0.00","Male","51.29","48.65","48.46","48.85","0.00","0.00","0.00","","","",""
"31/08/2026","15:55","Downpatrick","Love Like This","21.00","0.00","21.00","65.00","34.00","65.00","NO","","0.00","","10","Daniel King","John Patrick Ryan","45","45","12","87","71","50","50","G","45","67","43","11","1","12","0","31/08/2026 15:55","2m 5f 180y","Hurdle","E","4","4800","0","7200.00","AJC Group Handicap Hurdle (Class E) (0-110)","","","","0.00","143","2053143040","0","0","0","0.00","0.00","0.00","1","14","50","2.00","28.00","87.23","-45.67","60.00","G","5","6000.00","151","2m 4f 148y","4548","26.37","15.00","HHHHHHHHHH","0.00","0","8","10.3","","11","0","Hcap-Hdle","Right - Undulating","4yo+,110","25/1","25.00","4","","110","11","11","171","377","206","62","87","75","-18","","12","b","m","Tawny Owl","Ol' Man River","","0","0.00","1","50","50.65","36.58","30.00","24.00","14","-1","0.00","0.00","1.00","0.00","0.00","0.00","NO","0.00","Female","0.00","41.97","37.10","44.87","0.00","0.00","0.00","","","",""
"31/08/2026","14:12","Downpatrick","Euro Agent","3.25","-16.44","2.88","-13.30","2.63","-27.56","NO","","0.00","","3","Danny Gilligan","Gordon Elliott","49","133","78","102","57","42","47","E","49","53","32","20","25","45","2","31/08/2026 14:12","2m 1f 165y","Hurdle","E","4","3905","0","7200.00","Randox Maiden Hurdle (Class E)","","","","0.00","166","U8-O572","0","0","0","0.00","0.00","0.00","0","1","6","0.00","16.67","75.00","-6.00","0.00","E","4","7200.00","161","2m 2f 185y","4145","14.97","10.00","HH-HHPH","14.00","0","5","11.12","","3","0","Mdn-Hdle","Right - Undulating","4yo+","9/2","4.50","4","","","9","9","338","617","279","99","74","80","26","","78","b","g","Howareyabelle","Poet's Word","","0","0.00","0","6","44.13","31.89","0.00","0.00","0","1","0.00","0.00","1.00","0.00","0.00","0.00","NO","0.00","Male","51.29","48.65","48.46","48.85","0.00","0.00","0.00","","","",""
"31/08/2026","14:12","Downpatrick","Fairy Meadow","13.00","16.67","15.00","42.86","21.00","66.67","NO","","0.00","","8","Donagh Meyler","Emmet Mullins","39","30","38","0","39","19","39","E","19","0","19","5","12","17","0","31/08/2026 14:12","2m 1f 165y","Hurdle","E","4","3905","0","7200.00","Randox Maiden Hurdle (Class E)","","","","0.00","166","F-0","0","0","0","0.00","0.00","0.00","0","0","2","0.00","0.00","50.00","-2.00","0.00","E","4","7200.00","158","2m 2f 200y","4160","17.68","9.00","H-H","0.00","0","9","11.12","","4","0","Mdn-Hdle","Right - Undulating","4yo+","20/1","20.00","4","","","9","9","294","607","313","87","81","75","70","","38","ch","g","Kilcormac Dancer","Power","h","0","0.00","0","2","14.29","4.08","0.00","0.00","-2","-2","0.00","0.00","1.00","0.00","0.00","0.00","NO","0.00","Male","58.55","53.96","47.72","55.03","0.00","0.00","0.00","","","",""
"31/08/2026","14:12","Downpatrick","Eben Zaabeel","4.00","0.00","4.00","-16.67","3.50","-16.67","NO","","0.00","","4","Daniel King","A J Martin","63","121","73","0","66","57","41","E","39","64","54","14","18","32","0","31/08/2026 14:12","2m 1f 165y","Hurdle","E","4","3905","0","7200.00","Randox Maiden Hurdle (Class E)","","","","0.00","166","44322-00003","0","0","0","0.00","0.00","0.00","0","3","12","0.00","25.00","100.00","-12.00","0.00","E","4","9000.00","159","2m 100y","3620","240.00","41.00","PHPPP-HHHHH","0.00","0","5","11.12","","2","0","Mdn-Hdle","Right - Undulating","4yo+","13/2","6.50","4","","","9","9","311","664","353","81","89","89","94","73","148","b","g","Yaazy","Sea The Stars","t","0","0.00","0","12","52.97","35.50","50.00","16.67","4","1","0.00","0.00","1.00","0.00","0.00","0.00","NO","0.00","Male","87.78","68.43","63.20","52.53","0.00","0.00","0.00","","","",""
"31/08/2026","14:12","Downpatrick","Fox Walk","5.00","12.50","5.50","33.33","7.00","50.00","NO","","0.00","","2","Simon Torrens","Noel C Kelly","65","154","25","0","65","65","65","E","65","","65","18","25","43","2","31/08/2026 14:12","2m 1f 165y","Hurdle","E","4","3905","0","7200.00","Randox Maiden Hurdle (Class E)","","","","0.00","166","3","0","0","0","0.00","0.00","0.00","0","0","1","0.00","0.00","100.00","-1.00","0.00","E","4","7200.00","158","2m 4f 168y","4568","6.44","4.33","P","14.00","0","5","11.12","","5","0","Mdn-Hdle","Right - Undulating","4yo+","5/1","5.00","4","","","9","9","354","664","310","85","68","63","94","","25","b","g","Foxtrot Juliet","Walk In The Park","","0","0.00","0","1","66.67","44.44","0.00","0.00","1","1","0.00","0.00","1.00","0.00","0.00","0.00","NO","0.00","Male","18.00","39.18","41.71","43.18","0.00","0.00","0.00","","","",""
"31/08/2026","14:12","Downpatrick","Tullynakill","17.00","12.50","19.00","-33.33","13.00","-25.00","NO","","0.00","","5","J J Slevin","S R B Crawford","","96","","0","","","","","","","","0","13","13","0","31/08/2026 14:12","2m 1f 165y","Hurdle","E","4","3905","0","7200.00","Randox Maiden Hurdle (Class E)","","","","0.00","166","","0","0","0","0.00","0.00","0.00","0","0","0","0.00","0.00","0.00","0.00","0.00","","","0.00","","","0","0.00","0.00","","0.00","0","5","11.12","","7","0","Mdn-Hdle","Right - Undulating","4yo+","","0.00","4","","","9","9","266","628","362","79","87","96","100","","","gr","g","Flemi","Capri","","0","0.00","0","0","0.00","0.00","0.00","0.00","","","0.00","0.00","1.00","0.00","0.00","0.00","NO","0.00","Male","0.00","90.00","57.41","59.44","0.00","0.00","0.00","","","",""
"31/08/2026","14:12","Downpatrick","Mr Caulfield","3.50","10.00","3.75","27.27","4.50","40.00","NO","","0.00","","1","Conor Stone-Walsh","Noel C Kelly","67","285","25","0","67","59","59","E","59","52","59","32","33","65","2","31/08/2026 14:12","2m 1f 165y","Hurdle","E","4","3905","0","7200.00","Randox Maiden Hurdle (Class E)","","","","0.00","166","02","0","0","0","0.00","0.00","0.00","0","1","2","0.00","50.00","100.00","-2.00","0.00","E","4","7200.00","158","2m 4f 168y","4568","26.00","15.00","HP","14.00","0","5","11.12","","6","0","Mdn-Hdle","Right - Undulating","4yo+","9/4","2.25","4","","","9","9","363","680","317","85","72","77","83","","25","gr","g","Oscar Rosie","Valirann","","0","0.00","0","2","55.95","38.80","50.00","50.00","0","0","0.00","0.00","1.00","0.00","0.00","0.00","NO","0.00","Male","18.00","39.18","41.71","43.18","0.00","0.00","0.00","","","",""
"31/08/2026","14:12","Downpatrick","Greenroad Girl","201.00","0.00","201.00","0.00","201.00","0.00","NO","","0.00","","7","Darragh O'Keeffe","R K Watson","21","39","22","0","21","10","21","E","10","0","10","3","3","6","2","31/08/2026 14:12","2m 1f 165y","Hurdle","E","4","3905","0","7200.00","Randox Maiden Hurdle (Class E)","","","","0.00","156","P6","0","0","0","0.00","0.00","0.00","0","0","2","0.00","0.00","50.00","-2.00","0.00","E","4","7200.00","150","2m 1f 165y","3905","1000.00","501.00","HP","14.00","0","4","11.2","","9","0","Mdn-Hdle","Right - Undulating","4yo+","33/1","33.00","4","","","9","9","291","598","307","71","94","83","59","","22","b","f","Word To The Wise","Order Of St George","","0","0.00","0","2","8.33","1.39","0.00","0.00","0","0","0.00","0.00","1.00","0.00","0.00","0.00","NO","0.00","Female","8.33","8.33","11.11","10.98","0.00","0.00","0.00","","","",""
"31/08/2026","14:12","Downpatrick","Nelliestar","151.00","0.00","151.00","0.00","151.00","0.00","NO","","0.00","","9","Mr Paddy Cleary","Thomas P McGettigan","22","26","12","0","43","25","28","E","26","38","24","3","3","6","2","31/08/2026 14:12","2m 1f 165y","Hurdle","E","4","3905","7","7200.00","Randox Maiden Hurdle (Class E)","","","","0.00","159","0/00-0000908","0","0","0","0.00","0.00","0.00","0","0","13","0.00","0.00","100.00","-13.00","0.00","E","4","7200.00","146","2m 1f 161y","3901","1000.00","301.00","H/PH-PHPPPHH","14.00","0","6","11.5","","8","0","Mdn-Hdle","Right - Undulating","4yo+","33/1","33.00","4","","","9","9","305","548","243","69","62","81","31","115","12","ch","m","Molans Mare","Hillstar","","0","0.00","0","13","5.62","0.97","46.15","30.77","-1","-1","0.00","0.00","1.00","0.00","0.00","0.00","NO","0.00","Female","13.64","13.26","12.08","10.35","0.00","0.00","0.00","","","",""
"31/08/2026","14:07","Southwell","Edwardtheninth","9.00","-56.25","4.50","157.14","10.00","12.50","NO","","0.00","","5","Gina Mangan","Tony Forbes","57","94","64","51","65","57","43","F","56","64","52","19","35","54","0","31/08/2026 14:07","1m 6f 21y","A/W","F","6","3101","0","3768.00","Book The Bistro In Seasons Restaurant Handicap (Class F)","","","","0.00","135","8/293-394513","0","0","0","0.00","0.00","0.00","1","4","14","7.14","28.57","0.00","-11.50","32.45","F","6","3768.00","121","2m 120y","3640","4.00","3.75","H/HPH-HLHHHH","0.00","7","5","9.9","","3","0","Hcap","Left - Sharp","3yo+,60","7/1","7.00","3","","60","7","7","284","596","312","77","81","82","72","64","","b","g","Vote Often","Bated Breath","","0","0.84","1","14","47.68","33.02","21.43","7.14","0","-1","100.00","100.00","1.00","0.00","0.00","0.00","NO","0.00","Male","0.00","0.00","0.00","40.00","0.00","0.00","0.00","","","3","0"
"31/08/2026","14:07","Southwell","Sound Gloria","3.50","-34.80","2.63","0.00","2.63","-34.80","NO","","0.00","","1","Ray Dawson","Roger Varian","68","343","16","58","68","55","63","F","61","61","53","41","45","86","4","31/08/2026 14:07","1m 6f 21y","A/W","F","6","3101","0","3768.00","Book The Bistro In Seasons Restaurant Handicap (Class F)","","","","0.00","133","0-77312","0","0","0","0.00","0.00","0.00","1","1","6","16.67","16.67","0.00","-4.10","36.64","F","6","3768.00","129","1m 6f 115y","3195","1.92","1.83","H-HHHPP","20.00","6","3","9.7","BF","6","0","Hcap","Left - Sharp","3yo+,60","5/2","2.50","3","","60","7","7","357","681","324","99","90","97","38","16","","b","f","Sound Paradise","Nathaniel","","0","1.18","1","6","55.17","39.67","33.33","16.67","-2","-1","0.00","100.00","1.00","0.00","0.00","0.00","NO","0.00","Female","78.11","75.93","69.94","64.41","0.00","0.00","0.00","","","",""
"31/08/2026","14:07","Southwell","Be Hopeful","12.00","-40.91","7.50","0.00","7.50","-40.91","NO","","0.00","","6","Sean Levey","David Menuisier","49","69","26","55","52","49","46","C","49","49","46","12","17","29","2","31/08/2026 14:07","1m 6f 21y","A/W","F","6","3101","0","3768.00","Book The Bistro In Seasons Restaurant Handicap (Class F)","","","","0.00","130","706","0","0","0","0.00","0.00","0.00","0","0","3","0.00","0.00","0.00","-3.00","0.00","C","3","6480.00","130","1m 2f 219y","2419","1000.00","301.00","HHP","10.00","3","3","9.4","","7","0","Hcap","Left - Sharp","3yo+,60","11/1","11.00","3","","60","7","7","262","559","297","76","91","81","49","26","","b","g","Motheeba","Blue Point","","0","0.67","0","3","22.94","10.60","33.33","0.00","-1","-1","0.00","0.00","1.00","0.00","0.00","0.00","NO","0.00","Male","44.80","38.75","38.28","35.13","0.00","0.00","0.00","","","",""
"31/08/2026","14:07","Southwell","Le Rouge Chinois","3.50","0.00","3.50","0.00","3.50","0.00","NO","","0.00","","4","Silvestre De Sousa","Michael Appleby","55","167","14","56","73","59","45","F","47","68","56","27","40","67","6","31/08/2026 14:07","1m 6f 21y","A/W","F","6","3101","0","3768.00","Book The Bistro In Seasons Restaurant Handicap (Class F)","","","","0.00","140","832558/55-22","0","0","0","0.00","0.00","0.00","2","7","22","9.09","31.82","0.00","8.50","52.34","F","6","3245.00","135","1m 7f 169y","3469","2.70","2.63","LPPPLP/PH-PL","30.00","1","6","10.0","D","1","0","Hcap","Left - Sharp","3yo+,60","9/2","4.50","3","","60","7","7","328","652","324","86","89","94","55","14","","ch","g","La Petite Chinoise","Hurricane Red","p","0","0.34","2","22","55.70","39.78","22.73","18.18","10","3","0.00","0.00","1.00","0.00","0.00","0.00","NO","0.00","Male","35.11","40.73","42.36","39.44","0.00","0.00","0.00","","","",""
"31/08/2026","14:12","Downpatrick","Cap Bernat","34.00","0.00","34.00","21.21","41.00","21.21","NO","","0.00","","6","Danny Mullins","Robin McNeilly","45","85","442","0","66","47","52","G","50","61","49","11","7","18","4","31/08/2026 14:12","2m 1f 165y","Hurdle","E","4","3905","0","7200.00","Randox Maiden Hurdle (Class E)","","","","0.00","166","5/44266/42/05-","0","0","0","0.00","0.00","0.00","0","1","10","0.00","10.00","100.00","-10.00","0.00","E","4","6899.00","153","2m 1f 165y","3905","69.02","34.00","H/HHPHH/PP/PH-","29.00","0","13","11.12","","1","0","Mdn-Hdle","Right - Undulating","4yo+","17/2","8.50","4","","","9","9","314","592","278","71","93","86","28","","442","b","g","Our Honey","Arakan","t","0","0.00","0","10","49.81","30.51","50.00","20.00","4","1","0.00","0.00","1.00","0.00","0.00","0.00","NO","0.00","Male","0.00","0.00","0.00","0.00","0.00","0.00","0.00","","","",""
"31/08/2026","14:07","Southwell","Lednikov","6.50","-18.18","5.50","-22.22","4.50","-36.36","NO","","0.00","","3","Elle-May Croot","Ivan Furtado","67","214","16","50","71","59","64","F","63","68","57","20","37","57","8","31/08/2026 14:07","1m 6f 21y","A/W","F","6","3101","5","3768.00","Book The Bistro In Seasons Restaurant Handicap (Class F)","","","","0.00","134","9176555743","0","0","0","0.00","0.00","0.00","7","6","51","13.73","11.76","0.00","23.88","34.45","F","6","3768.00","128","1m 6f 115y","3195","20.57","17.00","HPLPHPLPLP","40.00","4","8","9.8","CD","4","0","Hcap","Left - Sharp","3yo+,60","13/2","6.50","3","","60","7","7","325","671","346","85","77","89","95","16","","b","g","Ledena","Footstepsinthesand","b","0","0.67","7","51","51.09","35.53","27.45","21.57","11","-1","42.86","42.86","1.00","0.00","0.00","0.00","NO","0.00","Male","50.46","42.35","51.86","52.91","0.00","0.00","0.00","","","",""
"31/08/2026","14:07","Southwell","Tropical Talent","19.00","-22.22","15.00","78.57","26.00","38.89","NO","","0.00","","7","Harry Russell","Oliver Greenall","60","43","451","55","66","56","61","F","60","66","49","0","17","17","0","31/08/2026 14:07","1m 6f 21y","A/W","F","6","3101","0","3768.00","Book The Bistro In Seasons Restaurant Handicap (Class F)","","","","0.00","139","623787/3252-","0","0","0","0.00","0.00","0.00","1","5","25","4.00","20.00","88.89","-21.50","0.00","F","6","4292.00","135","1m 1y","1761","42.00","34.00","HHPHHH/PHHH-","0.00","2","7","9.13","","2","0","Hcap","Left - Sharp","3yo+,60","","0.00","3","","60","7","7","266","572","306","79","76","78","73","1284","451","b","g","Tropical Rock","Nathaniel","tWS1","0","1.01","1","25","50.65","34.10","48.00","24.00","-3","-1","0.00","0.00","1.00","0.00","0.00","0.00","NO","0.00","Male","44.44","49.46","41.69","39.69","0.00","0.00","0.00","","","2","0"
"31/08/2026","14:20","Chepstow","Foxsbrush","81.00","56.25","126.00","0.00","126.00","56.25","NO","","0.00","","6","Finley Marsh","John Ryan","31","82","26","0","31","27","27","D","27","24","27","5","3","8","4","31/08/2026 14:20","6f 16y","Turf","D","4","1336","0","5400.00","Eddie & Sandra Hayward Supports Noahs Ark Charity Restricted Maiden Stakes (GBB Race) (Class D)","","","","0.00","128","70","0","0","0","0.00","0.00","0.00","0","0","2","0.00","0.00","0.00","-2.00","0.00","D","4","5400.00","123","6f 3y","1323","1000.00","251.00","PP","17.00","3","2","9.2","","7","0","Mdn","Left - Galloping / Undulating","2yo","22/1","22.00","2","2","","7","7","304","664","360","84","88","96","92","26","","ch","f","Miami Sunset","Lope Y Fernandez","","0","0.73","0","2","0.00","0.00","0.00","0.00","-2","-2","0.00","0.00","1.00","0.00","0.00","0.00","NO","0.00","Female","75.28","66.04","45.26","44.82","0.00","0.00","0.00","","","",""
"31/08/2026","14:25","Epsom","Golden Caturra","19.00","-11.11","17.00","37.50","23.00","22.22","NO","","0.00","","7","Kaiya Fraser","John Gallagher","53","58","22","0","55","54","54","D","54","53","54","9","6","15","2","31/08/2026 14:25","7f 3y","Turf","C","3","1543","0","6185.00","Irish EBF Restricted Maiden Stakes (GBB Race) (Class C)","","","","0.00","125","54","0","0","0","0.00","0.00","0.00","0","0","2","0.00","0.00","0.00","-2.00","0.00","E","5","4320.00","125","6f 16y","1336","42.49","29.00","HP","9.00","5","2","8.13","","7","0","Mdn","Left - Sharp / Undulating","2yo","8/1","8.00","2","2","","8","8","312","642","330","84","84","78","84","22","","ch","f","Shada","Caturra","","0","1.35","0","2","31.25","19.53","50.00","0.00","2","2","0.00","0.00","1.00","0.00","0.00","0.00","NO","0.00","Female","14.92","40.44","49.35","47.08","0.00","0.00","0.00","","","",""
"31/08/2026","14:25","Epsom","Red Tail","8.50","13.33","9.50","41.18","13.00","60.00","NO","","0.00","","3","Mr Joe Leavy","Richard Hannon","27","155","16","0","54","40","40","E","40","27","40","12","15","27","4","31/08/2026 14:25","7f 3y","Turf","C","3","1543","0","6185.00","Irish EBF Restricted Maiden Stakes (GBB Race) (Class C)","","","","0.00","133","20","0","0","0","0.00","0.00","0.00","0","1","2","0.00","50.00","0.00","-2.00","0.00","B","2","20936.00","133","7f","1540","24.00","17.00","PP","18.00","4","2","9.7","","2","0","Mdn","Left - Sharp / Undulating","2yo","6/1","6.00","2","2","","8","8","334","663","329","88","83","82","76","16","","b","g","Roo Ra","Showcasing","","0","1.35","0","2","37.50","28.13","0.00","0.00","0","0","0.00","0.00","1.00","0.00","0.00","0.00","NO","0.00","Male","56.90","54.21","48.26","50.85","0.00","0.00","0.00","","","",""
"31/08/2026","14:25","Epsom","Artemis Star","3.50","-10.00","3.25","-38.67","2.38","-44.80","NO","","0.00","","1","Robert Havlin","William Muir","64","168","27","0","64","56","56","C","56","49","56","14","34","48","4","31/08/2026 14:25","7f 3y","Turf","C","3","1543","0","6185.00","Irish EBF Restricted Maiden Stakes (GBB Race) (Class C)","","","","0.00","130","53","0","0","0","0.00","0.00","0.00","0","0","2","0.00","0.00","0.00","-2.00","0.00","C","3","7020.00","130","7f 80y","1620","28.43","23.00","HL","18.00","3","2","9.4","","3","0","Mdn","Left - Sharp / Undulating","2yo","5/1","5.00","2","2","","8","8","353","679","326","76","82","92","76","27","","b","c","Astronomy Domine","Ardad","h","0","0.92","0","2","65.15","42.47","100.00","50.00","2","2","0.00","0.00","1.00","0.00","0.00","0.00","NO","0.00","Male","52.25","51.12","49.03","50.27","0.00","0.00","0.00","","","",""
"31/08/2026","14:25","Epsom","L B Double U","12.00","9.09","13.00","66.67","21.00","81.82","NO","","0.00","","6","Pierre-Louis Jamin","Tom Dascombe","44","73","13","0","49","46","46","E","46","44","46","0","10","10","4","31/08/2026 14:25","7f 3y","Turf","C","3","1543","0","6185.00","Irish EBF Restricted Maiden Stakes (GBB Race) (Class C)","","","","0.00","133","63","0","0","0","0.00","0.00","0.00","0","1","2","0.00","50.00","0.00","-2.00","0.00","D","4","5400.00","133","7f 36y","1576","6.79","5.00","PP","18.00","2","2","9.7","","1","0","Mdn","Left - Sharp / Undulating","2yo","","0.00","2","2","","8","8","319","667","348","77","87","84","100","13","","b","c","Red Avis","Calyx","p1","0","0.98","0","2","68.18","48.35","0.00","0.00","0","0","0.00","0.00","1.00","0.00","0.00","0.00","NO","0.00","Male","56.61","59.32","47.19","44.83","0.00","0.00","0.00","","","",""
"31/08/2026","14:30","Ripon","Masterly","12.00","9.09","13.00","0.00","13.00","9.09","NO","","0.00","","4","Oliver Stammers","Charlie Johnston","42","142","1077","0","42","42","42","E","42","","42","0","19","19","2","31/08/2026 14:30","1m 2f 190y","Turf","D","4","2390","0","5234.00","Harrogate Theatre Panto Tickets Now On-Sale Restricted Novice Stakes (GBB Race) (Class D)","","","","0.00","138","3-","0","0","0","0.00","0.00","0.00","0","1","1","0.00","100.00","0.00","-1.00","0.00","E","5","3559.00","133","1m 1f 21y","2001","5.92","4.50","P-","20.00","4","5","9.12","","1","0","Nov","Right - Sharp","3-5yo","","0.00","3","5","","5","5","320","675","355","94","82","85","94","1077","","b","g","Lady Darshaan","Mastercraftsman","","0","0.00","0","1","71.43","51.02","0.00","0.00","-1","-1","0.00","0.00","1.00","0.00","0.00","0.00","NO","0.00","Male","35.53","45.81","49.47","43.70","0.00","0.00","0.00","","","4","-1"
"31/08/2026","14:25","Epsom","Taranis","9.50","5.88","10.00","11.11","11.00","17.65","NO","","0.00","","4","Charles Bishop","Eve Johnson Houghton","","130","6755","0","","","","","","","","0","3","3","0","31/08/2026 14:25","7f 3y","Turf","C","3","1543","0","6185.00","Irish EBF Restricted Maiden Stakes (GBB Race) (Class C)","","","","0.00","130","","0","0","0","0.00","0.00","0.00","0","3","13","0.00","23.08","100.00","-13.00","0.00","F","6","2267.00","119","1m 3f 196y","2616","0.00","5.00","","0.00","6","2","9.4","","5","0","Mdn","Left - Sharp / Undulating","2yo","","0.00","2","2","","8","8","278","650","372","96","81","95","100","7256","6755","b","g","Shalaa Lady","Space Blues","","0","0.92","0","0","0.00","0.00","0.00","0.00","","","0.00","0.00","1.00","0.00","0.00","0.00","NO","0.00","Male","51.61","53.20","52.02","51.39","0.00","0.00","0.00","","","",""
"31/08/2026","14:25","Epsom","Angel Of Desire","8.50","-6.67","8.00","0.00","8.00","-6.67","NO","","0.00","","5","David Probert","Amanda Perrett","56","93","17","0","56","56","56","C","56","","56","18","15","33","2","31/08/2026 14:25","7f 3y","Turf","C","3","1543","0","6185.00","Irish EBF Restricted Maiden Stakes (GBB Race) (Class C)","","","","0.00","128","4","0","0","0","0.00","0.00","0.00","0","0","1","0.00","0.00","0.00","-1.00","0.00","C","3","8100.00","128","7f","1540","30.00","26.00","P","9.00","7","2","9.2","","6","0","Mdn","Left - Sharp / Undulating","2yo","7/2","3.50","2","2","","8","8","349","688","339","83","89","83","84","17","","b","f","Whims Of Desire","Harry Angel","","0","1.16","0","1","0.00","0.00","100.00","100.00","1","1","0.00","0.00","1.00","0.00","0.00","0.00","NO","0.00","Female","44.44","51.39","39.03","37.14","0.00","0.00","0.00","","","",""
"31/08/2026","14:25","Epsom","Lightenings Legacy","101.00","25.00","126.00","-36.00","81.00","-20.00","NO","","0.00","","8","George Wood","Mark Usher","46","31","20","0","46","38","38","D","38","30","38","8","3","11","0","31/08/2026 14:25","7f 3y","Turf","C","3","1543","0","6185.00","Irish EBF Restricted Maiden Stakes (GBB Race) (Class C)","","","","0.00","130","96","0","0","0","0.00","0.00","0.00","0","0","2","0.00","0.00","0.00","-2.00","0.00","D","4","6210.00","123","6f 6y","1326","180.00","101.00","HH","0.00","8","2","9.4","","4","0","Mdn","Left - Sharp / Undulating","2yo","9/1","9.00","2","2","","8","8","294","614","320","71","75","82","92","20","","b","g","Crying Lightening","Land Force","v","0","0.98","0","2","5.56","0.62","0.00","0.00","0","0","0.00","0.00","1.00","0.00","0.00","0.00","NO","0.00","Male","57.50","46.80","49.53","47.37","0.00","0.00","0.00","","","",""
"31/08/2026","14:20","Chepstow","Beechwood Glory","5.50","0.00","5.50","11.11","6.00","11.11","NO","","0.00","","3","Lewis Edmunds","John Butler","48","185","23","70","56","53","52","E","53","53","52","22","30","52","2","31/08/2026 14:20","6f 16y","Turf","D","4","1336","0","5400.00","Eddie & Sandra Hayward Supports Noahs Ark Charity Restricted Maiden Stakes (GBB Race) (Class D)","","","","0.00","133","532","0","0","0","0.00","0.00","0.00","0","2","3","0.00","66.67","0.00","-3.00","0.00","E","5","4187.00","133","6f","1320","2.96","2.63","HPH","8.00","7","2","9.7","BF","2","0","Mdn","Left - Galloping / Undulating","2yo","4/1","4.00","2","2","","7","7","351","674","323","83","77","93","70","23","","ch","c","Beechwood Izzy","Cotai Glory","","0","1.09","0","3","69.38","51.81","0.00","0.00","-1","-1","0.00","0.00","1.00","0.00","0.00","0.00","NO","0.00","Male","44.57","48.95","56.65","60.43","0.00","0.00","0.00","","","",""
"31/08/2026","14:20","Chepstow","Washington Royale","3.25","-11.11","3.00","-12.50","2.75","-22.22","NO","","0.00","","2","P J Dobbs","Michael Appleby","59","189","34","75","61","59","57","B","59","59","57","13","30","43","2","31/08/2026 14:20","6f 16y","Turf","D","4","1336","0","5400.00","Eddie & Sandra Hayward Supports Noahs Ark Charity Restricted Maiden Stakes (GBB Race) (Class D)","","","","0.00","133","455","0","0","0","0.00","0.00","0.00","0","0","3","0.00","0.00","0.00","-3.00","0.00","B","2","30924.00","128","6f","1320","110.00","67.00","HPH","8.00","6","2","9.7","","6","0","Mdn","Left - Galloping / Undulating","2yo","15/2","7.50","2","2","","7","7","348","708","360","89","93","96","82","34","","b","c","Sofia Royale","Washington DC","","0","0.78","0","3","58.25","37.04","0.00","0.00","3","3","0.00","0.00","1.00","0.00","0.00","0.00","NO","0.00","Male","35.11","40.73","42.36","39.44","0.00","0.00","0.00","","","",""
"31/08/2026","14:20","Chepstow","Conscientious","41.00","0.00","41.00","25.00","51.00","25.00","NO","","0.00","","7","William Cox","Archie Watson","33","63","32","0","33","33","33","E","33","","33","0","8","8","0","31/08/2026 14:20","6f 16y","Turf","D","4","1336","0","5400.00","Eddie & Sandra Hayward Supports Noahs Ark Charity Restricted Maiden Stakes (GBB Race) (Class D)","","","","0.00","133","9","0","0","0","0.00","0.00","0.00","0","0","1","0.00","0.00","0.00","-1.00","0.00","E","5","4320.00","130","6f 20y","1340","118.62","51.00","H","0.00","5","2","9.7","","3","0","Mdn","Left - Galloping / Undulating","2yo","","0.00","2","2","","7","7","287","643","356","97","72","87","100","32","","b","g","Glittered","Due Diligence","","0","0.84","0","1","11.11","1.23","0.00","0.00","-1","-1","0.00","0.00","1.00","0.00","0.00","0.00","NO","0.00","Male","47.93","37.03","43.35","46.21","0.00","0.00","0.00","","","",""
"31/08/2026","14:20","Chepstow","Texas Crown","6.50","9.09","7.00","100.00","13.00","118.18","NO","","0.00","","4","William Carson","Daisy Hitchins","51","161","31","68","52","51","48","E","51","51","48","22","28","50","0","31/08/2026 14:20","6f 16y","Turf","D","4","1336","0","5400.00","Eddie & Sandra Hayward Supports Noahs Ark Charity Restricted Maiden Stakes (GBB Race) (Class D)","","","","0.00","133","022","0","0","0","0.00","0.00","0.00","0","2","3","0.00","66.67","0.00","-3.00","0.00","D","4","5400.00","128","5f 160y","1260","6.88","5.50","HHH","0.00","1","2","9.7","","5","0","Mdn","Left - Galloping / Undulating","2yo","4/1","4.00","2","2","","7","7","331","663","332","87","76","87","82","31","","b","g","Sanfelice","Mayson","","0","1.56","0","3","57.78","50.15","66.67","66.67","3","3","0.00","0.00","1.00","0.00","0.00","0.00","NO","0.00","Male","57.14","53.57","29.06","26.51","0.00","0.00","0.00","","","",""
"31/08/2026","14:25","Epsom","Summer Triangle","2.38","8.70","2.50","33.33","3.00","44.93","NO","","0.00","","1","Rhys Clutterbuck","Gary Moore","56","168","37","71","59","56","52","D","56","56","52","20","30","50","6","31/08/2026 14:25","7f 3y","Turf","C","3","1543","0","6185.00","Irish EBF Restricted Maiden Stakes (GBB Race) (Class C)","","","","0.00","125","022","0","0","0","0.00","0.00","0.00","0","2","3","0.00","66.67","0.00","-3.00","0.00","E","5","4320.00","128","6f","1320","3.15","2.75","HPL","27.00","1","2","8.13","","8","0","Mdn","Left - Sharp / Undulating","2yo","3/1","3.00","2","2","","8","8","353","596","243","85","80","84","-6","37","","b","f","Celestial Point","Land Force","","0","1.22","0","3","62.41","48.74","33.33","33.33","3","3","0.00","0.00","1.00","0.00","0.00","0.00","NO","0.00","Female","45.56","50.20","49.87","53.88","0.00","0.00","0.00","","","",""
"31/08/2026","14:20","Chepstow","Anna Belardo","13.00","16.67","15.00","14.29","17.00","33.33","NO","","0.00","","5","Ashley Lewis","Dr Richard Newland","17","104","102","72","44","42","34","D","42","42","34","5","17","22","10","31/08/2026 14:20","6f 16y","Turf","D","4","1336","3","5400.00","Eddie & Sandra Hayward Supports Noahs Ark Charity Restricted Maiden Stakes (GBB Race) (Class D)","","","","0.00","133","367","0","0","0","0.00","0.00","0.00","0","0","3","0.00","0.00","0.00","-3.00","0.00","B","2","16200.00","133","5f 1y","1101","6.37","6.50","PLL","42.00","4","2","9.7","","1","0","Mdn","Left - Galloping / Undulating","2yo","22/1","22.00","2","2","","7","7","313","678","365","82","91","96","96","102","","b","g","Instinction","Belardo","","0","0.99","0","3","31.48","14.92","0.00","0.00","-1","-1","0.00","0.00","1.00","0.00","0.00","0.00","NO","0.00","Male","38.35","37.35","42.43","41.99","0.00","0.00","0.00","","","7","0"
"31/08/2026","14:20","Chepstow","Ischgl","2.38","0.00","2.38","-20.29","2.10","-20.29","NO","","0.00","","1","Rossa Ryan","Ciaran Murphy","58","254","31","0","58","57","57","E","58","58","55","46","29","75","6","31/08/2026 14:20","6f 16y","Turf","D","4","1336","0","5400.00","Eddie & Sandra Hayward Supports Noahs Ark Charity Restricted Maiden Stakes (GBB Race) (Class D)","","","","0.00","133","24203","0","0","0","0.00","0.00","0.00","0","3","5","0.00","60.00","0.00","-5.00","0.00","E","5","15000.00","128","7f","1540","12.90","9.00","HPLHP","25.00","2","2","9.7","","4","0","Mdn","Left - Galloping / Undulating","2yo","6/4","1.50","2","2","","7","7","351","684","333","75","98","96","64","31","","b","g","Dame Dandy","Inns Of Court","","0","1.14","0","5","73.02","57.58","20.00","20.00","5","3","0.00","0.00","1.00","0.00","0.00","0.00","NO","0.00","Male","85.95","69.70","62.52","59.41","0.00","0.00","0.00","","","",""
"31/08/2026","14:07","Southwell","Blue Tulip","5.50","-38.89","3.75","-36.36","2.75","-61.11","NO","","0.00","","2","Billy Loughnane","William Muir","62","248","16","58","62","54","59","E","58","58","52","29","32","61","0","31/08/2026 14:07","1m 6f 21y","A/W","F","6","3101","0","3768.00","Book The Bistro In Seasons Restaurant Handicap (Class F)","","","","0.00","133","856613","0","0","0","0.00","0.00","0.00","1","0","6","16.67","0.00","0.00","11.00","37.68","E","5","5234.00","124","1m 4f 10y","2650","5.28","4.50","HPPHHH","0.00","5","3","9.7","","5","0","Hcap","Left - Sharp","3yo+,60","4/1","4.00","3","","60","7","7","333","687","354","94","92","84","84","16","","b","f","La Tulipe","Space Blues","p1","0","2.02","1","6","50.50","32.08","33.33","33.33","4","3","100.00","100.00","1.00","0.00","0.00","0.00","NO","0.00","Female","52.25","51.12","49.03","50.27","0.00","0.00","0.00","","","",""
"31/08/2026","13:45","Chepstow","Naval Cop","6.00","40.00","8.00","-14.29","7.00","20.00","NO","","0.00","","3","Alfie Redman","Andrew Balding","48","204","36","60","50","48","42","B","48","48","42","11","18","29","10","31/08/2026 13:45","5f 16y","Turf","F","6","1116","7","3768.00","DragonBet Welsh Racing Festival 9th-11th Oct Nursery Handicap (Class F)","","","","0.00","130","465","0","0","0","0.00","0.00","0.00","0","0","3","0.00","0.00","0.00","-3.00","0.00","D","4","5757.00","128","5f 3y","1103","10.00","8.50","PLL","33.00","5","2","9.4","","5","0","Hcap-Nur","Left - Galloping / Undulating","2yo,65","10/1","10.00","2","2","65","6","6","331","706","375","99","83","95","98","36","","b","f","Fair Cop","Naval Crown","","0","1.03","0","3","24.52","6.14","33.33","0.00","-1","-1","0.00","0.00","1.00","0.00","0.00","0.00","NO","0.00","Female","58.72","64.58","59.80","62.93","0.00","0.00","0.00","","","",""
"31/08/2026","13:32","Southwell","Sayidah Dubawi","3.50","20.00","4.00","50.00","5.50","80.00","NO","","0.00","","4","Billy Loughnane","James Tate","","138","","0","","","","","","","","0","9","9","0","31/08/2026 13:32","4f 214y","A/W","D","4","1094","0","5400.00","Oktoberfest 3rd And 10th October Maiden Fillies' Stakes (GBB Race) (Class D)","","","","0.00","128","","0","0","0","0.00","0.00","0.00","0","0","0","0.00","0.00","0.00","0.00","0.00","","","0.00","","","0","0.00","0.00","","0.00","7","2","9.2","","8","0","Mdn-Fil","Left - Sharp","2yo","","0.00","2","2","","10","10","245","583","338","90","85","63","100","","","b","f","Shalanez","Night Of Thunder","","0","1.20","0","0","0.00","0.00","0.00","0.00","","","0.00","0.00","1.00","0.00","0.00","0.00","NO","0.00","Female","58.62","63.11","68.24","59.70","0.00","0.00","0.00","","","",""
"31/08/2026","13:32","Southwell","Sioux Moon","15.00","0.00","15.00","28.57","19.00","28.57","NO","","0.00","","7","Paddy Bradley","Charlie Fellowes","51","49","13","0","51","47","47","D","47","44","47","0","14","14","2","31/08/2026 13:32","4f 214y","A/W","D","4","1094","0","5400.00","Oktoberfest 3rd And 10th October Maiden Fillies' Stakes (GBB Race) (Class D)","","","","0.00","128","35","0","0","0","0.00","0.00","0.00","0","0","2","0.00","0.00","0.00","-2.00","0.00","D","4","5400.00","128","5f 16y","1116","5.60","4.00","HP","4.00","3","2","9.2","","9","0","Mdn-Fil","Left - Sharp","2yo","","0.00","2","2","","10","10","290","624","334","69","83","82","100","13","","b","f","Morocco Moon","Sioux Nation","","0","1.14","0","2","38.10","14.74","50.00","0.00","0","0","0.00","0.00","1.00","0.00","0.00","0.00","NO","0.00","Female","57.44","59.42","63.22","61.03","0.00","0.00","0.00","","","",""
"31/08/2026","13:45","Chepstow","Lion Of Persia","4.00","33.33","5.00","12.50","5.50","50.00","NO","","0.00","","2","Edward Greatrex","Robert Cowell","52","217","47","61","52","37","40","E","37","37","40","37","29","66","4","31/08/2026 13:45","5f 16y","Turf","F","6","1116","0","3768.00","DragonBet Welsh Racing Festival 9th-11th Oct Nursery Handicap (Class F)","","","","0.00","131","842","0","0","0","0.00","0.00","0.00","0","1","3","0.00","33.33","0.00","-3.00","0.00","E","5","4320.00","133","5f","1100","26.00","17.00","HPP","13.00","1","2","9.5","","4","0","Hcap-Nur","Left - Galloping / Undulating","2yo,65","85/40","2.13","2","2","65","6","6","340","702","362","86","87","93","96","47","","b","g","Finddalady","Persian Force","","0","0.90","0","3","45.37","30.07","66.67","33.33","-1","-1","0.00","0.00","1.00","0.00","0.00","0.00","NO","0.00","Male","44.94","45.19","49.88","46.50","0.00","0.00","0.00","","","2","0"
"31/08/2026","13:45","Chepstow","Crystal Kraken","2.25","-20.00","2.00","-17.00","1.83","-33.60","NO","","0.00","","1","Rossa Ryan","Dylan Cunha","58","349","22","61","58","51","53","F","52","56","51","35","44","79","0","31/08/2026 13:45","5f 16y","Turf","F","6","1116","0","3768.00","DragonBet Welsh Racing Festival 9th-11th Oct Nursery Handicap (Class F)","","","","0.00","131","973522","0","0","0","0.00","0.00","0.00","0","3","6","0.00","50.00","0.00","-6.00","0.00","F","6","3768.00","132","5f 16y","1116","4.16","3.75","HHHHHH","0.00","2","2","9.5","BF","2","0","Hcap-Nur","Left - Galloping / Undulating","2yo,65","9/4","2.25","2","2","65","6","6","355","707","352","92","97","97","66","22","","b","f","Spirited Girl","Soldier's Call","","0","1.24","0","6","61.50","46.28","50.00","33.33","4","1","0.00","0.00","1.00","0.00","0.00","0.00","NO","0.00","Female","51.93","50.28","50.30","47.61","0.00","0.00","0.00","","","",""
"31/08/2026","13:45","Chepstow","Courseyoudo","12.00","45.45","17.00","0.00","17.00","45.45","NO","","0.00","","6","William Cox","Tom Lacey","0","38","60","65","48","35","27","D","35","36","29","6","8","14","2","31/08/2026 13:45","5f 16y","Turf","F","6","1116","0","3768.00","DragonBet Welsh Racing Festival 9th-11th Oct Nursery Handicap (Class F)","","","","0.00","135","6758","0","0","0","0.00","0.00","0.00","0","0","4","0.00","0.00","0.00","-4.00","0.00","E","5","4711.00","129","5f 8y","1108","18.07","15.00","PPHH","7.00","4","2","9.9","","1","0","Hcap-Nur","Left - Galloping / Undulating","2yo,65","18/1","18.00","2","2","65","6","6","303","629","326","76","77","87","86","60","","b","g","Spirit Of Brittany","Mehmas","","0","0.90","0","4","18.75","7.81","25.00","0.00","0","1","0.00","0.00","1.00","0.00","0.00","0.00","NO","0.00","Male","85.71","65.08","48.35","58.32","0.00","0.00","0.00","","","8","0"
"31/08/2026","13:45","Chepstow","Our Fella","8.00","-14.29","7.00","-8.33","6.50","-21.43","NO","","0.00","","4","Ashley Lewis","J S Moore","51","147","22","61","57","50","52","D","51","55","47","20","27","47","8","31/08/2026 13:45","5f 16y","Turf","F","6","1116","3","3768.00","DragonBet Welsh Racing Festival 9th-11th Oct Nursery Handicap (Class F)","","","","0.00","131","530234","0","0","0","0.00","0.00","0.00","0","2","6","0.00","33.33","0.00","-6.00","0.00","F","6","3768.00","135","5f 16y","1116","11.00","8.00","PHPPLP","27.00","3","2","9.5","","3","0","Hcap-Nur","Left - Galloping / Undulating","2yo,65","5/1","5.00","2","2","65","6","6","346","670","324","79","95","86","64","22","","ch","c","Bounty's Spirit","Soldier's Call","p1","0","1.03","0","6","44.71","27.79","33.33","16.67","4","3","0.00","0.00","1.00","0.00","0.00","0.00","NO","0.00","Male","62.20","58.64","57.30","57.08","0.00","0.00","0.00","","","",""
"31/08/2026","13:32","Southwell","Kokumi","8.00","-7.14","7.50","-30.77","5.50","-35.71","NO","","0.00","","7","Gina Mangan","Dr Richard Newland","61","49","13","72","61","55","55","D","55","49","55","0","24","24","4","31/08/2026 13:32","4f 214y","A/W","D","4","1094","0","5400.00","Oktoberfest 3rd And 10th October Maiden Fillies' Stakes (GBB Race) (Class D)","","","","0.00","128","22","0","0","0","0.00","0.00","0.00","0","1","2","0.00","50.00","0.00","-2.00","0.00","D","4","5400.00","128","5f 16y","1116","15.50","12.00","PP","9.00","10","2","9.2","","6","0","Mdn-Fil","Left - Sharp","2yo","","0.00","2","2","","10","10","326","648","322","67","69","86","100","13","","b","f","Flying Candy","Blackbeard","","0","0.76","0","2","76.19","58.96","50.00","50.00","2","2","0.00","0.00","1.00","0.00","0.00","0.00","NO","0.00","Female","38.35","37.35","42.43","41.99","0.00","0.00","0.00","","","",""
"31/08/2026","13:32","Southwell","Quiet Soul","29.00","42.86","41.00","25.00","51.00","78.57","NO","","0.00","","5","Sean Levey","Michael Herrington","39","84","45","63","49","40","41","B","39","42","41","20","13","33","2","31/08/2026 13:32","4f 214y","A/W","D","4","1094","0","5400.00","Oktoberfest 3rd And 10th October Maiden Fillies' Stakes (GBB Race) (Class D)","","","","0.00","128","2385","0","0","0","0.00","0.00","0.00","0","1","4","0.00","25.00","0.00","-4.00","0.00","E","5","4187.00","128","6f 6y","1326","26.50","19.00","PPHH","4.00","6","2","9.2","","7","0","Mdn-Fil","Left - Sharp","2yo","9/2","4.50","2","2","","10","10","281","611","330","76","91","86","77","45","","b","f","Mistress Of Rome","Dandy Man","","0","0.90","0","4","24.55","18.76","25.00","25.00","2","1","0.00","0.00","1.00","0.00","0.00","0.00","NO","0.00","Female","61.12","52.95","55.40","59.15","0.00","0.00","0.00","","","5","0"
"31/08/2026","13:32","Southwell","Estupenda","17.00","25.00","21.00","100.00","41.00","150.00","NO","","0.00","","10","Alex Jary","Joey Ramsden","31","14","124","0","31","31","31","D","31","","31","6","19","25","2","31/08/2026 13:32","4f 214y","A/W","D","4","1094","3","5400.00","Oktoberfest 3rd And 10th October Maiden Fillies' Stakes (GBB Race) (Class D)","","","","0.00","128","5","0","0","0","0.00","0.00","0.00","0","0","1","0.00","0.00","0.00","-1.00","0.00","D","4","5400.00","128","4f 214y","1094","9.00","8.00","P","4.00","1","2","9.2","","5","0","Mdn-Fil","Left - Sharp","2yo","18/1","18.00","2","2","","10","10","280","529","249","58","62","79","50","124","","b","f","Asombrosa","Sioux Nation","","0","1.37","0","1","42.86","18.37","0.00","0.00","-1","-1","0.00","0.00","1.00","0.00","0.00","0.00","NO","0.00","Female","0.00","0.00","46.02","32.75","0.00","0.00","0.00","","","5","0"
"31/08/2026","13:32","Southwell","Viking Barbie","12.00","-9.09","11.00","-60.00","5.00","-63.64","NO","","0.00","","2","Marco Ghiani","Ollie Sangster","53","240","18","70","53","45","49","D","53","53","46","30","41","71","10","31/08/2026 13:32","4f 214y","A/W","D","4","1094","0","5400.00","Oktoberfest 3rd And 10th October Maiden Fillies' Stakes (GBB Race) (Class D)","","","","0.00","128","43243","0","0","0","0.00","0.00","0.00","0","3","5","0.00","60.00","0.00","-5.00","0.00","E","5","4187.00","131","5f 6y","1106","17.50","13.00","PHPLL","22.00","2","2","9.2","","10","0","Mdn-Fil","Left - Sharp","2yo","11/4","2.75","2","2","","10","10","334","676","342","94","90","91","67","18","","b","f","Almond Brook","Starman","","0","1.20","0","5","65.50","46.01","60.00","20.00","1","1","0.00","0.00","1.00","0.00","0.00","0.00","NO","0.00","Female","35.55","37.12","39.35","47.43","0.00","0.00","0.00","","","",""
"31/08/2026","13:32","Southwell","Beautiful Effort","11.00","-20.00","9.00","12.50","10.00","-10.00","NO","","0.00","","3","Silvestre De Sousa","Ismail Mohammed","54","190","18","70","55","47","50","D","54","54","44","28","37","65","6","31/08/2026 13:32","4f 214y","A/W","D","4","1094","0","5400.00","Oktoberfest 3rd And 10th October Maiden Fillies' Stakes (GBB Race) (Class D)","","","","0.00","128","9652","0","0","0","0.00","0.00","0.00","0","1","4","0.00","25.00","0.00","-4.00","0.00","E","5","4187.00","128","5f 6y","1106","9.00","7.50","HPLH","13.00","8","2","9.2","","1","0","Mdn-Fil","Left - Sharp","2yo","3/1","3.00","2","2","","10","10","333","621","288","80","81","74","53","18","","ch","f","Night Time Girl","Good Effort","","0","0.60","0","4","43.75","28.91","75.00","50.00","2","3","0.00","0.00","1.00","0.00","0.00","0.00","NO","0.00","Female","0.00","39.20","39.18","36.11","0.00","0.00","0.00","","","",""
"31/08/2026","13:32","Southwell","Chiwara","15.00","0.00","15.00","14.29","17.00","14.29","NO","","0.00","","9","Barry McHugh","Richard Fahey","48","40","60","0","61","54","54","D","54","48","54","0","10","10","4","31/08/2026 13:32","4f 214y","A/W","D","4","1094","0","5400.00","Oktoberfest 3rd And 10th October Maiden Fillies' Stakes (GBB Race) (Class D)","","","","0.00","128","26","0","0","0","0.00","0.00","0.00","0","1","2","0.00","50.00","0.00","-2.00","0.00","C","3","7020.00","128","6f 18y","1338","3.93","3.75","PP","9.00","5","2","9.2","","2","0","Mdn-Fil","Left - Sharp","2yo","","0.00","2","2","","10","10","281","601","320","78","64","78","100","60","","b","f","Dreams Of Thunder","Sands Of Mali","","0","0.96","0","2","41.67","34.72","0.00","0.00","0","0","0.00","0.00","1.00","0.00","0.00","0.00","NO","0.00","Female","56.09","48.04","49.95","48.23","0.00","0.00","0.00","","","6","0"
"31/08/2026","13:32","Southwell","Delighfully Hot","6.00","0.00","6.00","50.00","8.50","50.00","NO","","0.00","","1","Cieren Fallon","James Owen","56","291","13","74","57","53","54","D","56","56","52","30","46","76","10","31/08/2026 13:32","4f 214y","A/W","D","4","1094","0","5400.00","Oktoberfest 3rd And 10th October Maiden Fillies' Stakes (GBB Race) (Class D)","","","","0.00","128","9224","0","0","0","0.00","0.00","0.00","0","2","4","0.00","50.00","0.00","-4.00","0.00","D","4","5400.00","128","5f 16y","1116","3.30","3.00","PPLL","22.00","4","2","9.2","","4","0","Mdn-Fil","Left - Sharp","2yo","11/4","2.75","2","2","","10","10","371","620","249","82","76","78","13","13","","b","f","Reassure","Too Darn Hot","","0","0.78","0","4","59.33","44.20","0.00","0.00","0","1","0.00","0.00","1.00","0.00","0.00","0.00","NO","0.00","Female","23.69","44.91","52.75","58.47","0.00","0.00","0.00","","","",""
"31/08/2026","13:32","Southwell","Cosmic Mystery","3.75","-9.09","3.50","20.00","4.00","9.09","NO","","0.00","","5","Luke Morris","Archie Watson","57","84","17","79","58","56","57","D","57","57","42","0","19","19","6","31/08/2026 13:32","4f 214y","A/W","D","4","1094","0","5400.00","Oktoberfest 3rd And 10th October Maiden Fillies' Stakes (GBB Race) (Class D)","","","","0.00","128","4U29","0","0","0","0.00","0.00","0.00","0","1","4","0.00","25.00","0.00","-4.00","0.00","A","1","28355.00","128","5f 34y","1134","33.03","26.00","HHLP","13.00","9","2","9.2","","3","0","Mdn-Fil","Left - Sharp","2yo","","0.00","2","2","","10","10","330","676","346","84","76","86","100","17","","gr","f","Yolo Star","Havana Grey","","0","1.55","0","4","41.37","25.00","0.00","0.00","-2","-1","0.00","0.00","1.00","0.00","0.00","0.00","NO","0.00","Female","47.93","37.03","43.35","46.21","0.00","0.00","0.00","","","",""
"31/08/2026","13:45","Chepstow","Devon Angel","12.00","-31.82","8.50","-46.67","5.00","-63.64","NO","","0.00","","5","Laura Coughlan","Rod Millman","54","90","2","45","54","46","49","F","48","48","40","7","13","20","6","31/08/2026 13:45","5f 16y","Turf","F","6","1116","3","3768.00","DragonBet Welsh Racing Festival 9th-11th Oct Nursery Handicap (Class F)","","","","0.00","115","706364","0","0","0","0.00","0.00","0.00","0","0","6","0.00","0.00","0.00","-6.00","0.00","F","6","3768.00","115","6f 12y","1332","109.62","51.00","HPLHPP","20.00","6","2","8.3","","6","0","Hcap-Nur","Left - Galloping / Undulating","2yo,65","16/1","16.00","2","2","65","6","6","319","659","340","93","86","91","70","2","","b","f","Ayresome Angel","Ubettabelieveit","","0","0.97","0","6","35.87","16.47","33.33","33.33","6","3","0.00","0.00","1.00","0.00","0.00","0.00","NO","0.00","Female","65.48","58.71","55.31","60.88","0.00","0.00","0.00","","","",""
"31/08/2026","13:55","Ripon","Dee's Mochafella","51.00","0.00","51.00","32.00","67.00","32.00","NO","","0.00","","8","Daniel Tudhope","Fionn Mcsharry","35","37","16","0","35","35","35","B","35","","35","15","10","25","0","31/08/2026 13:55","6f","Turf","D","4","1320","0","5757.00","Squadron Flyer At Aldwark Manor Estate EBF Restricted Maiden Stakes (GBB Race) (Class D)","","","","0.00","133","0","0","0","0","0.00","0.00","0.00","0","0","1","0.00","0.00","0.00","-1.00","0.00","B","2","15462.00","133","1m","1760","59.27","29.00","H","0.00","5","2","9.7","","1","0","Mdn","Right - Sharp","2yo","7/1","7.00","2","2","","8","8","304","585","281","66","88","77","50","16","","b","g","Rococoa","Caturra","","0","0.97","0","1","0.00","0.00","0.00","0.00","-1","-1","0.00","0.00","1.00","0.00","0.00","0.00","NO","0.00","Male","0.00","24.17","18.13","29.32","0.00","0.00","0.00","","","",""
"31/08/2026","13:55","Ripon","Travellers Girl","11.00","0.00","11.00","-35.00","7.50","-35.00","NO","","0.00","","2","Kevin Stott","Roger Fell","58","186","24","66","59","55","52","D","55","58","52","19","20","39","6","31/08/2026 13:55","6f","Turf","D","4","1320","0","5757.00","Squadron Flyer At Aldwark Manor Estate EBF Restricted Maiden Stakes (GBB Race) (Class D)","","","","0.00","128","43355","0","0","0","0.00","0.00","0.00","0","2","5","0.00","40.00","0.00","-5.00","0.00","D","4","5400.00","125","5f","1100","13.61","10.00","HPPLH","25.00","3","2","9.2","","7","0","Mdn","Right - Sharp","2yo","11/2","5.50","2","2","","8","8","347","633","286","88","83","87","28","24","","b","f","Traveller's Tales","Space Traveller","","0","1.17","0","5","62.13","40.77","20.00","20.00","-1","-1","0.00","0.00","1.00","0.00","0.00","0.00","NO","0.00","Female","27.25","58.57","50.49","55.98","0.00","0.00","0.00","","","",""
"31/08/2026","13:55","Ripon","My Boo Boo","7.50","-7.69","7.00","-41.67","4.50","-46.15","NO","","0.00","","3","Tom Marquand","Brian Toomey","53","178","53","0","53","53","53","B","53","53","53","22","37","59","4","31/08/2026 13:55","6f","Turf","D","4","1320","0","5757.00","Squadron Flyer At Aldwark Manor Estate EBF Restricted Maiden Stakes (GBB Race) (Class D)","","","","0.00","133","29","0","0","0","0.00","0.00","0.00","0","1","2","0.00","50.00","0.00","-2.00","0.00","B","2","16200.00","133","6f","1320","5.48","4.00","PP","17.00","8","2","9.7","","3","0","Mdn","Right - Sharp","2yo","9/2","4.50","2","2","","8","8","339","673","334","88","83","89","74","53","","b","c","Palmarola","Ten Sovereigns","","0","1.01","0","2","70.92","53.52","0.00","0.00","0","0","0.00","0.00","1.00","0.00","0.00","0.00","NO","0.00","Male","30.00","30.00","58.06","48.42","0.00","0.00","0.00","","","8","1"
"31/08/2026","13:55","Ripon","Ouragan","3.75","0.00","3.75","27.27","4.50","27.27","NO","","0.00","","4","Oisin Murphy","Archie Watson","40","167","20","70","57","46","48","D","47","47","47","19","19","38","8","31/08/2026 13:55","6f","Turf","D","4","1320","0","5757.00","Squadron Flyer At Aldwark Manor Estate EBF Restricted Maiden Stakes (GBB Race) (Class D)","","","","0.00","128","5245","0","0","0","0.00","0.00","0.00","0","1","4","0.00","25.00","0.00","-4.00","0.00","C","3","9180.00","125","5f 6y","1106","2.59","2.38","HLPP","33.00","7","2","9.2","BF","6","0","Mdn","Right - Sharp","2yo","11/2","5.50","2","2","","8","8","345","710","365","94","97","88","86","20","","ch","f","Graciebird","Bayside Boy","","0","1.17","0","4","51.39","37.11","0.00","0.00","-2","-1","0.00","0.00","1.00","0.00","0.00","0.00","NO","0.00","Female","47.93","37.03","43.35","46.21","0.00","0.00","0.00","","","",""
"31/08/2026","13:55","Ripon","Black Gin","19.00","11.11","21.00","65.00","34.00","83.33","NO","","0.00","","6","Jason Hart","Ivan Furtado","","57","","0","","","","","","","","0","17","17","0","31/08/2026 13:55","6f","Turf","D","4","1320","0","5757.00","Squadron Flyer At Aldwark Manor Estate EBF Restricted Maiden Stakes (GBB Race) (Class D)","","","","0.00","128","","0","0","0","0.00","0.00","0.00","0","0","0","0.00","0.00","0.00","0.00","0.00","","","0.00","","","0","0.00","0.00","","0.00","2","2","9.2","","5","0","Mdn","Right - Sharp","2yo","","0.00","2","2","","8","8","289","615","326","72","79","75","100","","","b","f","Concello","Mayson","","0","1.23","0","0","0.00","0.00","0.00","0.00","","","0.00","0.00","1.00","0.00","0.00","0.00","NO","0.00","Female","50.46","42.35","51.86","52.91","0.00","0.00","0.00","","","",""
"31/08/2026","13:55","Ripon","Brewster","19.00","22.22","23.00","81.82","41.00","122.22","NO","","0.00","","5","Billy Garritty","Michael Easterby","","62","","0","","","","","","","","0","17","17","0","31/08/2026 13:55","6f","Turf","D","4","1320","0","5757.00","Squadron Flyer At Aldwark Manor Estate EBF Restricted Maiden Stakes (GBB Race) (Class D)","","","","0.00","130","","0","0","0","0.00","0.00","0.00","0","0","0","0.00","0.00","0.00","0.00","0.00","","","0.00","","","0","0.00","0.00","","0.00","4","2","9.4","","4","0","Mdn","Right - Sharp","2yo","","0.00","2","2","","8","8","289","627","338","79","76","83","100","","","b","g","Maiden's Green","Belardo","","0","1.10","0","0","0.00","0.00","0.00","0.00","","","0.00","0.00","1.00","0.00","0.00","0.00","NO","0.00","Male","43.66","51.33","48.08","46.49","0.00","0.00","0.00","","","",""
"31/08/2026","13:55","Ripon","Harry Who","6.00","0.00","6.00","80.00","10.00","80.00","NO","","0.00","","7","Oisin Orr","Richard Fahey","46","52","61","0","46","46","46","E","46","","46","10","8","18","0","31/08/2026 13:55","6f","Turf","D","4","1320","0","5757.00","Squadron Flyer At Aldwark Manor Estate EBF Restricted Maiden Stakes (GBB Race) (Class D)","","","","0.00","133","4","0","0","0","0.00","0.00","0.00","0","0","1","0.00","0.00","0.00","-1.00","0.00","E","5","4320.00","130","6f","1320","18.58","12.00","H","0.00","1","2","9.7","","2","0","Mdn","Right - Sharp","2yo","11/1","11.00","2","2","","8","8","292","598","306","85","79","84","58","61","","b","c","Dark Orchid","Space Blues","","0","1.10","0","1","66.67","44.44","0.00","0.00","-1","-1","0.00","0.00","1.00","0.00","0.00","0.00","NO","0.00","Male","56.09","48.04","49.95","48.23","0.00","0.00","0.00","","","4","0"
"31/08/2026","13:55","Ripon","Arenite","2.50","-8.00","2.38","8.70","2.50","0.00","NO","","0.00","","1","Connor Beasley","Michael Dods","64","361","30","69","64","60","60","D","60","57","60","36","42","78","6","31/08/2026 13:55","6f","Turf","D","4","1320","0","5757.00","Squadron Flyer At Aldwark Manor Estate EBF Restricted Maiden Stakes (GBB Race) (Class D)","","","","0.00","125","22","0","0","0","0.00","0.00","0.00","0","2","2","0.00","100.00","0.00","-2.00","0.00","D","4","4320.00","128","6f 111y","1431","18.00","12.00","LP","25.00","6","2","8.13","","8","0","Mdn","Right - Sharp","2yo","9/4","2.25","2","2","","8","8","359","655","296","89","75","86","46","30","","b","f","Havana Bound","Kameko","","0","1.01","0","2","91.88","84.43","100.00","50.00","2","2","0.00","0.00","1.00","0.00","0.00","0.00","NO","0.00","Female","53.86","49.32","45.77","47.13","0.00","0.00","0.00","","","",""
"31/08/2026","13:50","Epsom","Cayman Tai","10.00","22.22","12.00","-22.73","9.50","-5.56","NO","","0.00","","7","Mr Joe Leavy","Richard Hannon","57","80","16","70","69","61","61","D","60","68","61","24","8","32","0","31/08/2026 13:50","6f 3y","Turf","E","5","1323","0","4449.00","Betfred 'Turbo Boost' Handicap (Class E)","","","","0.00","131","5321293578","0","0","0","0.00","0.00","0.00","2","11","31","6.45","35.48","0.00","-25.10","39.26","D","4","10308.00","130","6f","1320","46.00","34.00","PPHPHHPHHH","0.00","3","4","9.5","","4","0","Hcap","Left - Sharp / Undulating","3yo+,80","9/1","9.00","3","","80","7","7","269","556","287","93","81","80","33","16","","gr","g","Namibie","Earthlight","","0","0.60","2","31","61.04","45.03","32.26","9.68","-3","1","0.00","50.00","1.00","0.00","0.00","0.00","NO","0.00","Male","56.90","54.21","48.26","50.85","0.00","0.00","0.00","","","",""
"31/08/2026","13:50","Epsom","Twirler","7.00","-54.17","3.75","9.09","4.00","-50.00","NO","","0.00","","3","Kieren Fox","Michael Attwater","68","147","8","70","68","60","60","B","57","68","57","47","41","88","2","31/08/2026 13:50","6f 3y","Turf","E","5","1323","0","4449.00","Betfred 'Turbo Boost' Handicap (Class E)","","","","0.00","131","3775120420","0","0","0","0.00","0.00","0.00","6","11","38","15.79","28.95","0.00","6.88","48.03","B","2","20616.00","134","5f 215y","1315","13.75","9.50","HLHHHHHPHH","13.00","7","5","9.5","CD","3","0","Hcap","Left - Sharp / Undulating","3yo+,80","9/2","4.50","3","","80","7","7","321","637","316","79","71","75","91","8","","b","m","Run Of The Day","Cable Bay","","0","1.57","6","38","56.59","42.00","63.16","26.32","12","-1","16.67","33.33","1.00","0.00","0.00","0.00","NO","0.00","Female","40.63","33.63","32.36","39.99","0.00","0.00","0.00","","","",""
"31/08/2026","13:50","Epsom","Harry's Halo","5.50","0.00","5.50","11.11","6.00","11.11","NO","","0.00","","6","S C Cronin","K Frost","55","115","84","69","71","60","59","E","56","70","59","25","35","60","0","31/08/2026 13:50","6f 3y","Turf","E","5","1323","5","4449.00","Betfred 'Turbo Boost' Handicap (Class E)","","","","0.00","130","3312/6470-33","0","0","0","0.00","0.00","0.00","4","11","28","14.29","39.29","0.00","20.25","42.68","E","5","4187.00","138","5f 182y","1282","4.47","4.00","HHHP/PHHH-HH","0.00","6","6","9.4","D","7","0","Hcap","Left - Sharp / Undulating","3yo+,80","9/1","9.00","3","","80","7","7","277","590","313","77","93","81","62","84","","ch","g","Postale","Harry Angel","tWS","0","1.45","4","28","67.36","52.76","28.57","17.86","10","1","25.00","50.00","1.00","0.00","0.00","0.00","NO","0.00","Male","52.43","38.69","41.90","54.01","0.00","0.00","0.00","","","3","0"
"31/08/2026","13:50","Epsom","Em Four","4.00","0.00","4.00","0.00","4.00","0.00","NO","","0.00","","1","Saffie Osborne","Jamie Osborne","66","317","7","79","67","61","64","D","66","67","61","50","38","88","6","31/08/2026 13:50","6f 3y","Turf","E","5","1323","0","4449.00","Betfred 'Turbo Boost' Handicap (Class E)","","","","0.00","140","1431357851","0","0","0","0.00","0.00","0.00","7","5","33","21.21","15.15","0.00","7.00","42.32","E","5","4187.00","135","5f 60y","1160","5.43","5.00","PLPLHPHHLP","38.00","5","4","10.0","CD","1","0","Hcap","Left - Sharp / Undulating","3yo+,80","4/1","4.00","3","","80","7","7","349","712","363","92","90","93","88","7","","ch","g","Emten","Sixties Icon","","5","1.33","7","33","55.94","41.45","39.39","27.27","9","1","28.57","42.86","1.00","0.00","0.00","0.00","NO","0.00","Male","62.59","51.88","54.54","54.78","0.00","0.00","0.00","","","",""
"31/08/2026","13:50","Epsom","Perfect Location","11.00","60.00","17.00","25.00","21.00","100.00","NO","","0.00","","5","Pierre-Louis Jamin","Tom Ward","50","131","49","73","61","54","53","E","53","61","54","32","26","58","4","31/08/2026 13:50","6f 3y","Turf","E","5","1323","0","4449.00","Betfred 'Turbo Boost' Handicap (Class E)","","","","0.00","131","5102-627815","0","0","0","0.00","0.00","0.00","2","2","10","20.00","20.00","0.00","2.00","92.50","E","5","3978.00","135","6f 1y","1321","11.46","10.00","PPHP-PHHHPP","25.00","2","3","9.5","D","6","0","Hcap","Left - Sharp / Undulating","3yo+,80","7/1","7.00","3","","80","7","7","305","642","337","83","88","90","76","49","","br","f","Perfect Lady","Cable Bay","p","0","0.96","2","10","58.62","43.54","20.00","20.00","8","1","0.00","0.00","1.00","0.00","0.00","0.00","NO","0.00","Female","43.94","49.71","48.64","47.50","0.00","0.00","0.00","","","5","0"
"31/08/2026","13:50","Epsom","Proof","7.50","-7.69","7.00","0.00","7.00","-7.69","NO","","0.00","","4","Jason Watson","Charles Hills","55","137","69","73","69","55","55","B","56","64","52","19","23","42","0","31/08/2026 13:50","6f 3y","Turf","E","5","1323","0","4449.00","Betfred 'Turbo Boost' Handicap (Class E)","","","","0.00","131","35143-19806","0","0","0","0.00","0.00","0.00","2","2","15","13.33","13.33","0.00","-5.75","49.20","E","5","4187.00","134","6f","1320","5.60","5.00","PHPLP-HHHHH","0.00","1","3","9.5","","5","0","Hcap","Left - Sharp / Undulating","3yo+,80","12/1","12.00","3","","80","7","7","277","577","300","92","86","87","35","69","","b","g","Filona","Zoustar","t","0","1.33","2","15","51.05","35.45","26.67","26.67","5","-1","50.00","50.00","1.00","0.00","0.00","0.00","NO","0.00","Male","47.36","52.26","54.43","56.57","0.00","0.00","0.00","","","6","0"
"31/08/2026","13:50","Epsom","Logi Bear","3.50","40.00","4.50","28.57","5.50","80.00","NO","","0.00","","2","David Probert","John Butler","64","305","16","75","68","56","63","E","64","64","52","52","48","100","4","31/08/2026 13:50","6f 3y","Turf","E","5","1323","0","4449.00","Betfred 'Turbo Boost' Handicap (Class E)","","","","0.00","133","5000-662921","0","0","0","0.00","0.00","0.00","2","4","16","12.50","25.00","0.00","-10.85","99.30","E","5","4397.00","132","6f 1y","1321","3.45","3.25","HHPH-HHHHPP","25.00","4","3","9.7","D","2","0","Hcap","Left - Sharp / Undulating","3yo+,80","4/1","4.00","3","","80","7","7","349","661","312","79","86","96","51","16","","b","g","Moonlight Bay","Kodi Bear","p1","0","1.08","2","16","51.31","39.66","31.25","25.00","-2","1","0.00","0.00","1.00","0.00","0.00","0.00","NO","0.00","Male","44.57","48.95","56.65","60.43","0.00","0.00","0.00","","","",""
"31/08/2026","14:30","Ripon","Time Thief","2.20","-30.83","1.83","-51.81","1.40","-66.67","NO","","0.00","","2","D Egan","Tom Clover","58","351","26","0","58","58","58","D","58","","58","44","69","113","2","31/08/2026 14:30","1m 2f 190y","Turf","D","4","2390","0","5234.00","Harrogate Theatre Panto Tickets Now On-Sale Restricted Novice Stakes (GBB Race) (Class D)","","","","0.00","137","1","0","0","0","0.00","0.00","0.00","1","0","1","100.00","0.00","0.00","2.25","54.00","D","4","5400.00","133","1m 2f 23y","2223","3.33","3.25","P","20.00","3","3","9.11","","2","0","Nov","Right - Sharp","3-5yo","7/4","1.75","3","5","","5","5","359","736","377","98","86","93","100","26","","br","g","Lavender's Blue","Time Test","","0","1.36","1","1","100.00","100.00","100.00","100.00","1","1","0.00","0.00","1.00","0.00","0.00","0.00","NO","0.00","Male","57.62","48.32","55.74","57.66","0.00","0.00","0.00","","","",""
"31/08/2026","15:00","Epsom","Morte Point","9.00","37.50","12.00","27.27","15.00","75.00","NO","","0.00","","7","Robert Havlin","William Muir","74","92","23","90","74","65","70","B","70","74","64","31","45","76","8","31/08/2026 15:00","7f 3y","Turf","C","3","1543","0","10308.00","Betfred 'The Classic Bookmaker' Handicap (Class C)","","","","0.00","140","11-00091600","0","0","0","0.00","0.00","0.00","5","2","18","27.78","11.11","0.00","22.25","65.11","B","2","12885.00","129","7f","1540","14.50","10.00","PP-HPHHPLPP","18.00","3","4","10.0","D","1","0","Hcap","Left - Sharp / Undulating","3yo+,90","8/1","8.00","3","","90","8","8","320","613","293","68","79","88","58","23","","b","g","Cross My Heart","Due Diligence","bWS","0","0.92","5","18","58.83","47.17","44.44","38.89","6","1","20.00","20.00","1.00","0.00","0.00","0.00","NO","0.00","Male","52.25","51.12","49.03","50.27","0.00","0.00","0.00","","","",""
"31/08/2026","15:00","Epsom","Kisskodi","12.00","-31.82","8.50","-46.67","5.00","-63.64","NO","","0.00","","2","George Wood","Harry Eustace","63","161","15","86","73","65","66","C","66","72","63","49","49","98","2","31/08/2026 15:00","7f 3y","Turf","C","3","1543","0","10308.00","Betfred 'The Classic Bookmaker' Handicap (Class C)","","","","0.00","136","110415-3518","0","0","0","0.00","0.00","0.00","5","3","17","29.41","17.65","0.00","1.19","52.76","C","3","9631.00","130","7f 14y","1554","51.21","34.00","PPPHPH-HHPH","5.00","5","4","9.10","CD","3","0","Hcap","Left - Sharp / Undulating","3yo+,90","9/2","4.50","3","","90","8","8","315","642","327","84","71","76","96","15","","ch","g","Summerseat Mist","Kodi Bear","","0","1.35","5","17","65.35","52.62","41.18","41.18","5","1","60.00","60.00","1.00","0.00","0.00","0.00","NO","0.00","Male","39.29","58.12","50.99","52.85","0.00","0.00","0.00","","","",""
"31/08/2026","15:00","Epsom","Aurora Majesty","6.00","0.00","6.00","-10.00","5.50","-10.00","NO","","0.00","","3","Pierre-Louis Jamin","Archie Watson","67","125","15","88","76","65","65","C","67","75","65","32","39","71","6","31/08/2026 15:00","7f 3y","Turf","C","3","1543","0","10308.00","Betfred 'The Classic Bookmaker' Handicap (Class C)","","","","0.00","138","9661320-073","0","0","0","0.00","0.00","0.00","3","3","12","25.00","25.00","0.00","-4.17","46.34","C","3","9631.00","131","7f 14y","1554","19.50","19.00","PPPPLPP-PPP","14.00","2","4","9.12","CD","2","0","Hcap","Left - Sharp / Undulating","3yo+,90","15/2","7.50","3","","90","8","8","294","587","293","86","82","74","51","15","","ch","g","Anahita","Night Of Thunder","","0","0.98","3","12","60.02","48.96","50.00","25.00","2","1","0.00","33.33","1.00","0.00","0.00","0.00","NO","0.00","Male","47.93","37.03","43.35","46.21","0.00","0.00","0.00","","","",""
"31/08/2026","15:00","Epsom","Rhoscolyn","4.00","-16.67","3.50","10.00","3.75","-8.33","NO","","0.00","","8","Jason Watson","David O'Meara","73","56","2","84","80","67","63","B","63","79","66","15","19","34","4","31/08/2026 15:00","7f 3y","Turf","C","3","1543","0","10308.00","Betfred 'The Classic Bookmaker' Handicap (Class C)","","","","0.00","134","604-5005008","0","0","0","0.00","0.00","0.00","10","8","76","13.16","10.53","0.00","-14.25","254.94","B","2","51540.00","113","7f","1540","14.00","8.50","PHH-HHHPHPH","9.00","1","8","9.8","CD","5","0","Hcap","Left - Sharp / Undulating","3yo+,90","18/1","18.00","3","","90","8","8","255","506","251","84","78","75","14","2","","b","g","Zeyran","Territories","tWS","0","1.22","10","76","48.03","33.75","36.84","22.37","14","-3","30.00","50.00","1.00","0.00","0.00","0.00","NO","0.00","Male","55.47","52.09","55.04","51.57","0.00","0.00","0.00","","","",""
"31/08/2026","15:05","Ripon","Bear Lee","34.00","-15.15","29.00","0.00","29.00","-15.15","NO","","0.00","","6","Billy Garritty","Michael Easterby","63","90","12","77","63","58","60","B","60","60","58","13","28","41","4","31/08/2026 15:05","6f","Turf","A","1","1320","0","30811.00","British Stallion Studs EBF Ripon Champion Two Yrs Old Trophy Stakes (Listed) (Class A)","","","","0.00","126","4145","0","0","0","0.00","0.00","0.00","1","0","4","25.00","0.00","0.00","5.00","59.40","B","2","51540.00","118","6f","1320","65.00","41.00","HHPP","10.00","8","2","9.0","","5","0","Lis","Right - Sharp","2yo","11/1","11.00","2","2","","8","8","274","550","276","68","79","77","52","12","","b","f","Katherine Lee","Kodi Bear","","0","1.01","1","4","69.74","53.39","50.00","50.00","4","3","100.00","100.00","1.00","0.00","0.00","0.00","NO","0.00","Female","43.66","51.33","48.08","46.49","0.00","0.00","0.00","","","",""
"31/08/2026","15:05","Ripon","Napa","10.00","33.33","13.00","16.67","15.00","55.56","NO","","0.00","","4","D Egan","Kevin Foy","44","112","95","91","68","57","56","B","57","57","56","16","49","65","8","31/08/2026 15:05","6f","Turf","A","1","1320","0","30811.00","British Stallion Studs EBF Ripon Champion Two Yrs Old Trophy Stakes (Listed) (Class A)","","","","0.00","131","418","0","0","0","0.00","0.00","0.00","1","0","3","33.33","0.00","0.00","1.50","206.16","A","1","25520.00","128","5f 10y","1110","3.45","3.00","PLP","20.00","3","2","9.5","BF","3","0","Lis","Right - Sharp","2yo","17/2","8.50","2","2","","8","8","299","588","289","86","78","81","44","95","","b","c","My Wish","Naval Crown","","0","1.17","1","3","54.17","46.35","33.33","33.33","-1","-1","0.00","0.00","1.00","0.00","0.00","0.00","NO","0.00","Male","53.44","62.10","57.20","58.56","0.00","0.00","0.00","","","8","0"
"31/08/2026","15:05","Ripon","Harry Knows","15.00","0.00","15.00","28.57","19.00","28.57","NO","","0.00","","7","P J McDonald","Richard Hughes","53","86","21","87","65","61","60","B","64","64","58","18","39","57","6","31/08/2026 15:05","6f","Turf","A","1","1320","0","30811.00","British Stallion Studs EBF Ripon Champion Two Yrs Old Trophy Stakes (Listed) (Class A)","","","","0.00","131","242213","0","0","0","0.00","0.00","0.00","1","3","6","16.67","50.00","0.00","-4.43","54.00","D","4","5653.00","136","6f 12y","1332","1.90","1.80","HPPPPP","15.00","7","2","9.5","D  BF","2","0","Lis","Right - Sharp","2yo","15/2","7.50","2","2","","8","8","284","560","276","78","80","92","26","21","","b","g","Malayan Mist","Mehmas","p","0","1.17","1","6","76.25","63.26","50.00","33.33","-2","-1","0.00","100.00","1.00","0.00","0.00","0.00","NO","0.00","Male","46.21","47.76","47.65","51.00","0.00","0.00","0.00","","","",""
"31/08/2026","15:00","Epsom","Naval Light","6.00","-20.00","5.00","12.50","5.50","-10.00","NO","","0.00","","4","S H James","K R Burke","71","124","30","88","71","65","67","B","68","69","64","34","38","72","2","31/08/2026 15:00","7f 3y","Turf","C","3","1543","0","10308.00","Betfred 'The Classic Bookmaker' Handicap (Class C)","","","","0.00","133","2823-38117","0","0","0","0.00","0.00","0.00","2","4","9","22.22","44.44","0.00","-3.10","53.17","B","2","38655.00","115","7f","1540","11.00","7.50","HHHP-PHPHH","5.00","4","3","9.7","D","6","0","Hcap","Left - Sharp / Undulating","3yo+,90","7/1","7.00","3","","90","8","8","289","609","320","87","89","92","52","30","","b","g","Ventura Jazz","Havana Grey","","0","1.35","2","9","74.22","60.62","22.22","22.22","-3","1","50.00","50.00","1.00","0.00","0.00","0.00","NO","0.00","Male","68.20","54.44","57.46","56.91","0.00","0.00","0.00","","","",""
"31/08/2026","14:55","Chepstow","Lucky Radar","7.00","8.33","7.50","0.00","7.50","8.33","NO","","0.00","","4","Edward Greatrex","Rod Millman","","153","","0","","","","","","","","0","3","3","0","31/08/2026 14:55","6f 16y","Turf","D","4","1336","0","5400.00","Paving Fields Construction Restricted Maiden Stakes (GBB Race) (Class D)","","","","0.00","133","","0","0","0","0.00","0.00","0.00","0","0","0","0.00","0.00","0.00","0.00","0.00","","","0.00","","","0","0.00","0.00","","0.00","2","3","9.7","","1","0","Mdn","Left - Galloping / Undulating","3-5yo","","0.00","3","5","","6","6","313","680","367","93","88","86","100","","","b","g","Rainfall Radar","Lucky Vega","","0","1.14","0","0","0.00","0.00","0.00","0.00","","","0.00","0.00","1.00","0.00","0.00","0.00","NO","0.00","Male","65.48","58.71","55.31","60.88","0.00","0.00","0.00","","","",""
"31/08/2026","14:55","Chepstow","Persian Gate","1.83","0.00","1.83","-3.61","1.80","-3.61","NO","","0.00","","2","Rossa Ryan","Archie Watson","45","242","15","0","45","45","45","D","45","","45","0","16","16","2","31/08/2026 14:55","6f 16y","Turf","D","4","1336","0","5400.00","Paving Fields Construction Restricted Maiden Stakes (GBB Race) (Class D)","","","","0.00","131","5","0","0","0","0.00","0.00","0.00","0","0","1","0.00","0.00","0.00","-1.00","0.00","D","4","5400.00","133","6f 16y","1336","30.00","21.00","P","9.00","1","3","9.5","","4","0","Mdn","Left - Galloping / Undulating","3-5yo","","0.00","3","5","","6","6","326","713","387","93","100","94","100","15","","b","g","Online Alexander","Ardad","","0","1.56","0","1","55.56","30.86","0.00","0.00","1","1","0.00","0.00","1.00","0.00","0.00","0.00","NO","0.00","Male","47.93","37.03","43.35","46.21","0.00","0.00","0.00","","","",""
"31/08/2026","14:55","Chepstow","Kodicall","5.50","22.22","6.50","27.27","8.00","55.56","NO","","0.00","","6","William Cox","J S Moore","48","54","19","59","58","56","54","E","56","56","54","21","22","43","6","31/08/2026 14:55","6f 16y","Turf","D","4","1336","0","5400.00","Paving Fields Construction Restricted Maiden Stakes (GBB Race) (Class D)","","","","0.00","129","525","0","0","0","0.00","0.00","0.00","0","1","3","0.00","33.33","0.00","-3.00","0.00","D","4","5400.00","133","6f","1320","55.00","29.00","PPP","27.00","4","3","9.3","","6","0","Mdn","Left - Galloping / Undulating","3-5yo","9/4","2.25","3","5","","6","6","349","660","311","77","78","80","76","19","","b","g","Kodicat","Soldier's Call","","0","0.99","0","3","48.89","28.74","66.67","33.33","3","3","0.00","0.00","1.00","0.00","0.00","0.00","NO","0.00","Male","62.20","58.64","57.30","57.08","0.00","0.00","0.00","","","",""
"31/08/2026","14:55","Chepstow","Flag Of Nations","7.50","15.38","8.50","0.00","8.50","15.38","NO","","0.00","","5","Lewis Edmunds","William Muir","","61","","0","","","","","","","","0","3","3","0","31/08/2026 14:55","6f 16y","Turf","D","4","1336","0","5400.00","Paving Fields Construction Restricted Maiden Stakes (GBB Race) (Class D)","","","","0.00","131","","0","0","0","0.00","0.00","0.00","0","0","0","0.00","0.00","0.00","0.00","0.00","","","0.00","","","0","0.00","0.00","","0.00","3","3","9.5","","2","0","Mdn","Left - Galloping / Undulating","3-5yo","","0.00","3","5","","6","6","313","663","350","82","81","87","100","","","b","g","Nations Alexander","Starspangledbanner","","0","0.73","0","0","0.00","0.00","0.00","0.00","","","0.00","0.00","1.00","0.00","0.00","0.00","NO","0.00","Male","52.25","51.12","49.03","50.27","0.00","0.00","0.00","","","",""
"31/08/2026","15:00","Epsom","Velvet Rhythm","6.50","18.18","7.50","38.46","10.00","63.64","NO","","0.00","","1","Saffie Osborne","Charlie Johnston","68","231","7","77","74","58","60","C","68","68","57","43","50","93","6","31/08/2026 15:00","7f 3y","Turf","C","3","1543","0","10308.00","Betfred 'The Classic Bookmaker' Handicap (Class C)","","","","0.00","122","3-114811303","0","0","0","0.00","0.00","0.00","4","1","12","33.33","8.33","0.00","14.25","72.68","D","4","6281.00","132","7f 15y","1555","8.97","7.50","L-PLLLHPLPH","14.00","8","3","8.10","D","8","0","Hcap","Left - Sharp / Undulating","3yo+,90","11/2","5.50","3","","90","8","8","339","675","336","80","85","85","86","7","","b","f","Tea Dancing","Awtaad","","0","0.98","4","12","66.99","53.84","50.00","41.67","2","1","25.00","50.00","1.00","0.00","0.00","0.00","NO","0.00","Female","35.53","45.81","49.47","43.70","0.00","0.00","0.00","","","",""
"31/08/2026","15:00","Epsom","Do Bronxs","7.00","25.00","8.50","60.00","13.00","100.00","NO","","0.00","","6","Hector Crouch","David Loughnane","64","108","20","86","71","59","64","C","64","70","61","42","22","64","10","31/08/2026 15:00","7f 3y","Turf","C","3","1543","0","10308.00","Betfred 'The Classic Bookmaker' Handicap (Class C)","","","","0.00","131","1457-572582","0","0","0","0.00","0.00","0.00","1","2","10","10.00","20.00","0.00","1.00","45.90","D","4","5234.00","135","7f 1y","1541","7.00","5.50","PPPP-HPLPLL","23.00","7","3","9.5","","7","0","Hcap","Left - Sharp / Undulating","3yo+,90","11/2","5.50","3","","90","8","8","268","581","313","85","94","90","44","20","","gr","g","Lola Showgirl","Oasis Dream","","0","1.16","1","10","47.46","33.54","30.00","20.00","4","-1","100.00","100.00","1.00","0.00","0.00","0.00","NO","0.00","Male","49.72","42.13","49.03","47.61","0.00","0.00","0.00","","","",""
"31/08/2026","15:00","Epsom","New Vega","8.50","33.33","11.00","80.00","19.00","140.00","NO","","0.00","","5","David Probert","Simon and Ed Crisford","70","111","44","90","70","62","64","C","62","62","64","29","40","69","6","31/08/2026 15:00","7f 3y","Turf","C","3","1543","0","10308.00","Betfred 'The Classic Bookmaker' Handicap (Class C)","","","","0.00","135","21-5","0","0","0","0.00","0.00","0.00","1","1","3","33.33","33.33","0.00","-1.78","36.72","C","3","15462.00","138","7f","1540","9.60","8.00","PP-P","14.00","6","3","9.9","D","4","0","Hcap","Left - Sharp / Undulating","3yo+,90","17/2","8.50","3","","90","8","8","278","611","333","87","82","98","66","44","","ch","f","Envega","New Bay","","0","0.92","1","3","68.57","59.16","66.67","66.67","3","3","0.00","0.00","1.00","0.00","0.00","0.00","NO","0.00","Female","38.85","46.94","61.40","59.31","0.00","0.00","0.00","","","5","0"
"31/08/2026","15:05","Ripon","Not My Type","4.50","14.29","5.00","62.50","7.50","85.71","NO","","0.00","","3","Tom Marquand","William Haggas","60","193","18","84","60","58","58","D","58","57","58","19","70","89","6","31/08/2026 15:05","6f","Turf","A","1","1320","0","30811.00","British Stallion Studs EBF Ripon Champion Two Yrs Old Trophy Stakes (Listed) (Class A)","","","","0.00","126","11","0","0","0","0.00","0.00","0.00","2","0","2","100.00","0.00","0.00","5.50","55.87","D","4","5234.00","135","5f","1100","2.85","2.50","PL","15.00","4","2","9.0","","6","0","Lis","Right - Sharp","2yo","7/1","7.00","2","2","","8","8","308","655","347","95","88","88","76","18","","b","f","Arousing","No Nay Never","","0","1.10","2","2","100.00","100.00","100.00","100.00","2","2","50.00","50.00","1.00","0.00","0.00","0.00","NO","0.00","Female","54.24","63.97","62.62","59.71","0.00","0.00","0.00","","","",""
"31/08/2026","15:10","Cartmel","Dusky Days","0.00","0.00","0.00","0.00","0.00","0.00","NO","","0.00","","13","Callum Bewley","James Moffatt","58","19","2","92","73","48","49","G","46","63","43","11","1","12","6","31/08/2026 15:10","2m 6f 31y","Hurdle","E","4","4871","0","4251.00","Campbell & Rowley Handicap Hurdle (Class E)","","","","0.00","145","4122-067868","0","0","0","0.00","0.00","0.00","3","6","29","10.34","20.69","80.77","-13.13","31.70","G","5","3882.00","160","3m 1f 83y","5583","28.42","23.00","LLLP-LPPHLP","13.00","0","9","10.5","C","12","0","Hcap-Hdle","Left - Sharp","4yo+,115","25/1","25.00","4","","115","13","13","155","372","217","81","50","65","21","","2","ch","g","Day's Over","Flemensfirth","v1WS","0","0.00","3","29","45.64","32.94","44.83","20.69","1","-1","66.67","66.67","1.00","0.00","0.00","0.00","NO","0.00","Male","51.84","51.84","51.84","51.92","0.00","0.00","0.00","","","",""
"31/08/2026","15:10","Cartmel","Secret Secret","8.00","0.00","8.00","-35.71","5.50","-35.71","NO","","0.00","","7","Brian Hughes","James Moffatt","61","92","2","97","69","52","56","G","57","69","50","19","12","31","6","31/08/2026 15:10","2m 6f 31y","Hurdle","E","4","4871","0","4251.00","Campbell & Rowley Handicap Hurdle (Class E)","","","","0.00","150","3146-954535","0","0","0","0.00","0.00","0.00","6","7","51","11.76","13.73","94.74","-27.17","32.94","G","5","3882.00","165","3m 1f 83y","5583","5.90","5.50","PPLH-HPPPPL","13.00","0","10","10.10","CD","8","0","Hcap-Hdle","Left - Sharp","4yo+,115","14/1","14.00","4","","115","13","13","223","473","250","81","87","90","-8","1405","2","b","g","Maughami","Born To Sea","t","0","0.00","6","51","53.56","37.49","31.37","21.57","-3","-1","50.00","50.00","1.00","0.00","0.00","0.00","NO","0.00","Male","51.84","51.84","51.84","51.92","0.00","0.00","0.00","","","",""
"31/08/2026","15:10","Cartmel","Dinons","21.00","0.00","21.00","0.00","21.00","0.00","NO","","0.00","","4","Nathan Moscrop","Brian Ellison","56","104","44","107","78","62","60","C","56","77","50","15","53","68","2","31/08/2026 15:10","2m 6f 31y","Hurdle","E","4","4871","0","4251.00","Campbell & Rowley Handicap Hurdle (Class E)","","","","0.00","160","0875323U-38","0","0","0","0.00","0.00","0.00","11","6","43","25.58","13.95","81.58","13.02","83.37","C","3","15947.00","148","2m 6f 31y","4871","50.00","29.00","LPPPPPLP-HH","4.00","0","13","11.6","D","3","0","Hcap-Hdle","Left - Sharp","4yo+,115","20/1","20.00","4","","115","13","13","285","427","142","63","54","45","-20","","44","b","g","Beni Abbes","Balko","p","0","0.00","6","31","46.86","35.32","51.61","32.26","9","1","33.33","33.33","1.00","0.00","0.00","0.00","NO","0.00","Male","56.78","60.79","53.09","51.06","0.00","0.00","0.00","","","4","4"
"31/08/2026","15:10","Cartmel","Masterminding","0.00","0.00","0.00","0.00","0.00","0.00","NO","","0.00","","12","Mr Charlie Maggs","James Moffatt","61","31","2","89","61","48","59","G","58","58","44","16","17","33","0","31/08/2026 15:10","2m 6f 31y","Hurdle","E","4","4871","3","4251.00","Campbell & Rowley Handicap Hurdle (Class E)","","","","0.00","142","9/P5676-2324","0","0","0","0.00","0.00","0.00","0","3","18","0.00","16.67","90.00","-18.00","0.00","G","5","3882.00","148","3m 1f 83y","5583","16.01","12.00","H/HHPPH-HHHH","0.00","0","7","10.2","","13","0","Hcap-Hdle","Left - Sharp","4yo+,115","18/1","18.00","4","","115","13","13","180","413","233","81","73","68","11","839","2","ch","g","Enjoy Life","Mastercraftsman","","0","0.00","0","18","31.74","21.63","38.89","11.11","2","-1","0.00","0.00","1.00","0.00","0.00","0.00","NO","0.00","Male","51.84","51.84","51.84","51.92","0.00","0.00","0.00","","","",""
"31/08/2026","15:10","Cartmel","Big Gypsy King","34.00","0.00","34.00","21.21","41.00","21.21","NO","","0.00","","10","Ryan Mania","James Moffatt","42","67","42","97","62","44","47","E","45","54","41","19","11","30","2","31/08/2026 15:10","2m 6f 31y","Hurdle","E","4","4871","0","4251.00","Campbell & Rowley Handicap Hurdle (Class E)","","","","0.00","146","054-9898417","0","0","0","0.00","0.00","0.00","2","1","16","12.50","6.25","100.00","13.50","54.46","G","5","3459.00","158","2m 1f 46y","3786","28.00","19.00","PPL-HPHLHPH","4.00","0","4","10.6","C","11","0","Hcap-Hdle","Left - Sharp","4yo+,115","14/1","14.00","4","","115","13","13","205","497","292","81","79","61","71","132","42","b","f","Not After Hours","Sea The Moon","","0","0.00","2","16","25.05","18.87","25.00","18.75","8","1","0.00","0.00","1.00","0.00","0.00","0.00","NO","0.00","Female","51.84","51.84","51.84","51.92","0.00","0.00","0.00","","","8","-1"
"31/08/2026","15:10","Cartmel","Rauzan","19.00","-33.33","13.00","-29.17","9.50","-52.78","NO","","0.00","","5","Sean Quinlan","Elizabeth Quinlan","55","101","44","100","71","54","55","E","55","65","49","17","26","43","4","31/08/2026 15:10","2m 6f 31y","Hurdle","E","4","4871","0","4251.00","Campbell & Rowley Handicap Hurdle (Class E)","","","","0.00","153","956-0328680","0","0","0","0.00","0.00","0.00","4","2","36","11.11","5.56","95.65","12.00","76.50","C","3","15947.00","142","2m 6f 31y","4871","22.62","17.00","HPH-HHPHHLH","9.00","0","6","10.13","D","7","0","Hcap-Hdle","Left - Sharp","4yo+,115","16/1","16.00","4","","115","13","13","251","429","178","62","84","82","-50","354","44","b","g","Rayisa","Australia","tvWS2","0","0.00","4","36","47.24","30.72","25.00","13.89","14","-1","25.00","25.00","1.00","0.00","0.00","0.00","NO","0.00","Male","30.00","51.67","45.59","41.28","0.00","0.00","0.00","","","10","0"
"31/08/2026","15:10","Cartmel","Nottodaybobo","7.50","23.08","9.00","-12.50","8.00","7.69","NO","","0.00","","2","Joshua Thompson","Micky Hammond","64","130","44","105","70","50","50","E","50","68","42","42","34","76","6","31/08/2026 15:10","2m 6f 31y","Hurdle","E","4","4871","5","4251.00","Campbell & Rowley Handicap Hurdle (Class E)","","","","0.00","158","5/379P7-3112","0","0","0","0.00","0.00","0.00","3","5","19","15.79","26.32","86.67","-2.50","44.21","E","4","10562.00","155","2m 4f 139y","4539","29.00","21.00","P/HHHPH-HLPH","13.00","0","8","11.4","","6","0","Hcap-Hdle","Left - Sharp","4yo+,115","6/1","6.00","4","","115","13","13","287","582","295","74","68","80","73","","44","ch","g","Takeyourcapoff","Flemensfirth","t","0","0.00","3","19","58.84","47.36","47.37","31.58","1","3","33.33","33.33","1.00","0.00","0.00","0.00","NO","0.00","Male","65.49","65.88","57.40","53.91","0.00","0.00","0.00","","","2","0"
"31/08/2026","15:10","Cartmel","Well Educated","0.00","0.00","0.00","0.00","0.00","0.00","NO","","0.00","","3","Jonathon Bewley","George Bewley","56","108","44","95","76","58","62","C","58","76","56","35","32","67","0","31/08/2026 15:10","2m 6f 31y","Hurdle","E","4","4871","0","4251.00","Campbell & Rowley Handicap Hurdle (Class E)","","","","0.00","148","5650P-22240","0","0","0","0.00","0.00","0.00","7","11","48","14.58","22.92","95.56","-14.29","62.79","C","3","12825.00","142","2m 1f 46y","3786","34.53","26.00","HHHHH-PHHHH","0.00","0","10","10.8","","9","0","Hcap-Hdle","Left - Sharp","4yo+,115","15/2","7.50","4","","115","13","13","275","426","151","55","63","78","-45","","44","ch","g","Collegeofknowledge","Getaway","","0","0.00","7","48","61.79","46.60","41.67","27.08","16","-1","28.57","57.14","1.00","0.00","0.00","0.00","NO","0.00","Male","0.00","0.00","0.00","33.33","0.00","0.00","0.00","","","10","0"
"31/08/2026","15:05","Ripon","Clash Of Hearts","11.00","0.00","11.00","0.00","11.00","0.00","NO","","0.00","","5","M P Sheehy","Adrian Paul Keatley","58","93","12","96","67","58","61","D","58","59","59","14","38","52","6","31/08/2026 15:05","6f","Turf","A","1","1320","0","30811.00","British Stallion Studs EBF Ripon Champion Two Yrs Old Trophy Stakes (Listed) (Class A)","","","","0.00","131","33185","0","0","0","0.00","0.00","0.00","1","2","5","20.00","40.00","0.00","-3.47","59.40","A","1","99242.00","129","7f","1540","133.17","81.00","PPLPH","15.00","2","2","9.5","D","1","0","Lis","Right - Sharp","2yo","10/1","10.00","2","2","","8","8","292","540","248","73","66","71","38","12","","ch","c","Symbol Of Love","Mehmas","p1","0","1.23","1","5","75.02","59.04","80.00","60.00","3","1","0.00","0.00","1.00","0.00","0.00","0.00","NO","0.00","Male","86.61","48.98","49.95","52.08","0.00","0.00","0.00","","","",""
"31/08/2026","15:05","Ripon","Pure Mint","3.25","0.00","3.25","-11.11","3.00","-11.11","NO","","0.00","","2","Harry Davies","Simon and Ed Crisford","64","306","35","0","64","64","64","D","64","","64","25","81","106","2","31/08/2026 15:05","6f","Turf","A","1","1320","0","30811.00","British Stallion Studs EBF Ripon Champion Two Yrs Old Trophy Stakes (Listed) (Class A)","","","","0.00","131","1","0","0","0","0.00","0.00","0.00","1","0","1","100.00","0.00","0.00","1.10","57.57","D","4","5757.00","130","6f","1320","2.22","2.10","P","5.00","5","2","9.5","CD","4","0","Lis","Right - Sharp","2yo","5/1","5.00","2","2","","8","8","315","688","373","91","93","89","100","35","","b","c","Its A Given","Minzaal","","0","0.97","1","1","100.00","100.00","100.00","100.00","1","1","0.00","0.00","1.00","0.00","0.00","0.00","NO","0.00","Male","38.85","46.94","61.40","59.31","0.00","0.00","0.00","","","",""
"31/08/2026","15:05","Ripon","Rogue Jewel","4.00","0.00","4.00","0.00","4.00","0.00","NO","","0.00","","1","Daniel Tudhope","Ed Bethell","60","375","16","86","63","61","61","C","61","60","61","39","87","126","4","31/08/2026 15:05","6f","Turf","A","1","1320","0","30811.00","British Stallion Studs EBF Ripon Champion Two Yrs Old Trophy Stakes (Listed) (Class A)","","","","0.00","126","11","0","0","0","0.00","0.00","0.00","2","0","2","100.00","0.00","0.00","11.83","128.85","B","2","12885.00","132","6f","1320","1.94","1.83","PP","10.00","1","2","9.0","CD","7","0","Lis","Right - Sharp","2yo","3/1","3.00","2","2","","8","8","341","715","374","88","92","94","100","16","","b","f","Mise En Rose","Mehmas","","0","1.10","2","2","100.00","100.00","100.00","100.00","2","2","50.00","50.00","1.00","0.00","0.00","0.00","NO","0.00","Female","79.49","55.96","65.48","65.54","0.00","0.00","0.00","","","",""
"31/08/2026","15:05","Ripon","Silent Beauty","7.50","-23.08","6.00","-20.00","5.00","-38.46","NO","","0.00","","7","Jason Hart","Kevin Foy","50","86","73","93","63","56","56","D","56","50","56","9","48","57","4","31/08/2026 15:05","6f","Turf","A","1","1320","0","30811.00","British Stallion Studs EBF Ripon Champion Two Yrs Old Trophy Stakes (Listed) (Class A)","","","","0.00","126","10","0","0","0","0.00","0.00","0.00","1","0","2","50.00","0.00","0.00","0.25","54.00","A","1","70888.00","128","6f","1320","19.50","12.00","PP","10.00","6","2","9.0","D","8","0","Lis","Right - Sharp","2yo","16/1","16.00","2","2","","8","8","258","548","290","86","84","74","46","73","","b","f","No Speak Alexander","Night Of Thunder","","0","1.01","1","2","54.17","50.35","50.00","50.00","0","0","0.00","100.00","1.00","0.00","0.00","0.00","NO","0.00","Female","53.44","62.10","57.20","58.56","0.00","0.00","0.00","","","21","2"
"31/08/2026","15:10","Cartmel","Belvedere Blast","9.50","-11.76","8.50","0.00","8.50","-11.76","NO","","0.00","","6","Mr Oakley Brown","Adrian Paul Keatley","64","99","16","107","67","54","60","E","59","66","48","32","21","53","2","31/08/2026 15:10","2m 6f 31y","Hurdle","E","4","4871","5","4251.00","Campbell & Rowley Handicap Hurdle (Class E)","","","","0.00","160","165670-3395","0","0","0","0.00","0.00","0.00","7","8","64","10.94","12.50","86.36","-8.00","49.64","E","4","4621.00","152","2m 7f 16y","5076","5.10","4.33","HPPHHH-HHHP","4.00","0","8","11.6","","4","0","Hcap-Hdle","Left - Sharp","4yo+,115","17/2","8.50","4","","115","13","13","261","493","232","84","67","85","-4","1416","16","ch","g","Zelie Martin","Buratino","t1v","0","0.00","7","64","45.36","30.85","26.56","18.75","26","-1","42.86","57.14","1.00","0.00","0.00","0.00","NO","0.00","Male","86.61","48.98","49.95","52.08","0.00","0.00","0.00","","","",""
"31/08/2026","15:10","Cartmel","Enya","9.00","6.25","9.50","64.71","15.00","75.00","NO","","0.00","","11","Leah Noreci","James Moffatt","43","45","113","97","66","43","49","E","43","48","46","15","13","28","4","31/08/2026 15:10","2m 6f 31y","Hurdle","E","4","4871","7","4251.00","Campbell & Rowley Handicap Hurdle (Class E)","","","","0.00","146","2-3442","0","0","0","0.00","0.00","0.00","0","3","5","0.00","60.00","100.00","-5.00","0.00","E","4","5446.00","150","1m 7f 169y","3469","2.28","2.10","H-PPHP","9.00","0","4","10.6","BF","10","0","Hcap-Hdle","Left - Sharp","4yo+,115","20/1","20.00","4","","115","13","13","147","398","251","81","56","70","44","","113","b","f","Erica","Lord Of England","tWS","0","0.00","0","5","74.50","55.72","0.00","0.00","-3","-3","0.00","0.00","1.00","0.00","0.00","0.00","NO","0.00","Female","51.84","51.84","51.84","51.92","0.00","0.00","0.00","","","2","0"
"31/08/2026","15:10","Cartmel","Handmedownastar","2.63","0.00","2.63","22.70","3.00","22.70","NO","","0.00","","1","Sean Bowen","Nick Scholfield","72","163","99","115","72","63","64","E","63","63","64","35","67","102","8","31/08/2026 15:10","2m 6f 31y","Hurdle","E","4","4871","0","4251.00","Campbell & Rowley Handicap Hurdle (Class E)","","","","0.00","168","321","0","0","0","0.00","0.00","0.00","1","2","3","33.33","66.67","100.00","-1.17","54.46","E","4","5446.00","157","2m 3f 29y","4209","1.96","1.83","PPL","17.00","0","6","12.0","","1","0","Hcap-Hdle","Left - Sharp","4yo+,115","15/2","7.50","4","","115","13","13","337","647","310","72","97","81","60","","99","b","g","Breaffy House Lady","Diamond Boy","","0","0.00","1","3","90.00","81.67","66.67","66.67","3","3","0.00","0.00","1.00","0.00","0.00","0.00","NO","0.00","Male","64.73","64.23","61.25","55.55","0.00","0.00","0.00","","","1","0"
"31/08/2026","14:55","Chepstow","Geemann","8.00","-35.71","5.50","-33.33","4.00","-57.14","NO","","0.00","","1","Taylor Fisher","J Tickle","58","360","14","53","61","48","56","F","58","58","48","28","34","62","6","31/08/2026 14:55","6f 16y","Turf","D","4","1336","0","5400.00","Paving Fields Construction Restricted Maiden Stakes (GBB Race) (Class D)","","","","0.00","129","9860-0533","0","0","0","0.00","0.00","0.00","0","2","8","0.00","25.00","0.00","-8.00","0.00","F","6","3768.00","134","6f 12y","1332","27.13","23.00","HPPH-PPPP","27.00","5","3","9.3","","5","0","Mdn","Left - Galloping / Undulating","3-5yo","11/8","1.38","3","5","","6","6","365","654","289","90","86","93","20","14","","gr","g","Pixie K","Advertise","","0","0.84","0","8","32.49","19.47","37.50","25.00","4","3","0.00","0.00","1.00","0.00","0.00","0.00","NO","0.00","Male","47.32","52.45","52.94","55.66","0.00","0.00","0.00","","","",""
"31/08/2026","14:42","Southwell","Pace Attack","4.50","28.57","5.50","22.22","6.50","57.14","NO","","0.00","","7","Luke Morris","Sir Mark Prescott Bt","62","95","14","67","66","54","51","E","47","62","55","18","15","33","4","31/08/2026 14:42","1m 3f 23y","A/W","E","5","2443","0","4397.00","Winter Ladies Evening Sat 28th November Handicap (Class E)","","","","0.00","126","7604","0","0","0","0.00","0.00","0.00","0","0","4","0.00","0.00","0.00","-4.00","0.00","E","5","3978.00","125","1m 4f 51y","2691","18.00","12.00","HHHL","13.00","2","3","9.0","","7","0","Hcap","Left - Sharp","3yo+,75","12/1","12.00","3","","75","8","8","271","580","309","97","82","92","38","14","","gr","g","Sorelle Delle Rose","Australia","","0","0.89","0","4","38.31","18.83","0.00","0.00","0","-1","0.00","0.00","1.00","0.00","0.00","0.00","NO","0.00","Male","59.68","59.20","63.91","66.31","0.00","0.00","0.00","","","",""
"31/08/2026","14:35","Cartmel","Vietnorm","2.38","-20.29","2.10","-9.09","2.00","-27.54","NO","","0.00","","1","Mr Oakley Brown","Adrian Paul Keatley","41","336","36","0","57","50","49","E","51","52","46","32","71","103","4","31/08/2026 14:35","2m 1f 46y","Hurdle","E","4","3786","5","5446.00","Sticky Toffee Pudding Juvenile Hurdle (GBB Race) (Class E)","","","","0.00","159","0696-11152","0","0","0","0.00","0.00","0.00","3","1","9","33.33","11.11","100.00","5.25","54.46","E","4","5446.00","161","1m 7f 168y","3468","1.82","1.73","HHHH-HPPHP","15.00","0","3","11.5","BF","1","0","Juv-Hdle","Left - Sharp","3yo","8/11","0.73","3","3","","7","7","356","727","371","100","84","95","92","56","36","b","g","Seafaring","Kessaar","","0","0.00","3","9","55.93","46.98","33.33","33.33","1","-1","100.00","100.00","1.00","0.00","0.00","0.00","NO","0.00","Male","86.61","48.98","49.95","52.08","0.00","0.00","0.00","","","",""
"31/08/2026","14:35","Cartmel","Wicksey","1.73","36.99","2.00","25.00","2.25","71.23","NO","","0.00","","2","Richie McLernon","Ben Haslam","32","327","63","0","66","48","51","E","60","63","41","17","52","69","6","31/08/2026 14:35","2m 1f 46y","Hurdle","E","4","3786","0","5446.00","Sticky Toffee Pudding Juvenile Hurdle (GBB Race) (Class E)","","","","0.00","159","008-111921","0","0","0","0.00","0.00","0.00","4","0","9","44.44","0.00","100.00","22.68","54.46","E","4","5446.00","154","2m 70y","3590","7.00","6.50","HHH-HPLPPP","23.00","0","3","11.5","","2","0","Juv-Hdle","Left - Sharp","3yo","9/4","2.25","3","3","","7","7","362","738","376","93","90","95","98","97","63","b","g","Dusty Red","Expert Eye","","0","0.00","4","9","56.74","49.41","44.44","44.44","5","3","50.00","50.00","1.00","0.00","0.00","0.00","NO","0.00","Male","43.24","39.91","37.92","45.00","0.00","0.00","0.00","","","1","0"
"31/08/2026","14:42","Southwell","Saxophonist","5.00","12.50","5.50","11.11","6.00","25.00","NO","","0.00","","5","C J Whiteley","David O'Meara","69","124","23","72","69","58","64","E","64","64","59","31","20","51","2","31/08/2026 14:42","1m 3f 23y","A/W","E","5","2443","5","4397.00","Winter Ladies Evening Sat 28th November Handicap (Class E)","","","","0.00","131","383-33522","0","0","0","0.00","0.00","0.00","0","3","8","0.00","37.50","0.00","-8.00","0.00","E","5","5234.00","132","1m 2f 42y","2242","6.00","5.00","HPL-HPPHH","7.00","4","3","9.5","","4","0","Hcap","Left - Sharp","3yo+,75","13/2","6.50","3","","75","8","8","296","608","312","83","82","78","69","23","","b","g","Macheera","Saxon Warrior","","0","1.02","0","8","49.51","32.05","50.00","25.00","4","3","0.00","0.00","1.00","0.00","0.00","0.00","NO","0.00","Male","55.47","52.09","55.04","51.57","0.00","0.00","0.00","","","",""
"31/08/2026","14:42","Southwell","Faeberon","3.25","11.11","3.50","-30.00","2.75","-22.22","NO","","0.00","","1","Jack Mitchell","Simon and Ed Crisford","63","280","23","73","66","55","64","E","65","65","55","49","38","87","4","31/08/2026 14:42","1m 3f 23y","A/W","E","5","2443","0","4397.00","Winter Ladies Evening Sat 28th November Handicap (Class E)","","","","0.00","132","74-8313","0","0","0","0.00","0.00","0.00","1","2","6","16.67","33.33","0.00","-2.00","43.97","E","5","4187.00","132","1m 2f","2200","36.00","23.00","HL-PPPH","13.00","1","3","9.6","","3","0","Hcap","Left - Sharp","3yo+,75","4/1","4.00","3","","75","8","8","346","708","362","95","86","91","90","23","","b","g","Angel Fairy","Sea The Stars","p","0","1.15","1","6","58.47","44.38","66.67","16.67","-2","1","100.00","100.00","1.00","0.00","0.00","0.00","NO","0.00","Male","38.85","46.94","61.40","59.31","0.00","0.00","0.00","","","",""
"31/08/2026","14:42","Southwell","New Bay Star","10.00","11.11","11.00","20.00","13.00","33.33","NO","","0.00","","3","Alistair Rawlinson","Michael Appleby","53","140","33","72","62","56","56","C","54","61","57","36","12","48","10","31/08/2026 14:42","1m 3f 23y","A/W","E","5","2443","0","4397.00","Winter Ladies Evening Sat 28th November Handicap (Class E)","","","","0.00","131","6342-320","0","0","0","0.00","0.00","0.00","0","2","7","0.00","28.57","0.00","-7.00","0.00","E","5","10200.00","155","1m 4f 43y","2683","76.28","29.00","HHLL-LPL","33.00","7","3","9.5","","5","0","Hcap","Left - Sharp","3yo+,75","11/2","5.50","3","","75","8","8","286","590","304","81","76","82","65","33","","gr","g","Stellar Path","New Bay","","0","1.40","0","7","57.81","36.64","42.86","28.57","-3","-1","0.00","0.00","1.00","0.00","0.00","0.00","NO","0.00","Male","35.11","40.73","42.36","39.44","0.00","0.00","0.00","","","",""
"31/08/2026","14:42","Southwell","Carwyn","67.00","0.00","67.00","0.00","67.00","0.00","NO","","0.00","","8","Barry McHugh","Patrick Morris","53","62","35","60","61","54","56","D","56","59","53","12","3","15","2","31/08/2026 14:42","1m 3f 23y","A/W","E","5","2443","0","4397.00","Winter Ladies Evening Sat 28th November Handicap (Class E)","","","","0.00","119","3969-8990","0","0","0","0.00","0.00","0.00","0","1","8","0.00","12.50","0.00","-8.00","0.00","E","5","3978.00","122","1m 3f 23y","2443","239.71","101.00","HHHH-HHHP","7.00","8","3","8.7","","8","0","Hcap","Left - Sharp","3yo+,75","18/1","18.00","3","","75","8","8","243","527","284","73","80","78","53","35","","b","g","Gwendolyn","Masar","p","0","0.76","0","8","29.13","14.17","12.50","0.00","6","3","0.00","0.00","1.00","0.00","0.00","0.00","NO","0.00","Male","50.91","65.53","52.05","42.32","0.00","0.00","0.00","","","",""
"31/08/2026","14:35","Cartmel","Time Twister","29.00","-60.71","12.00","9.09","13.00","-57.14","NO","","0.00","","5","Jamie Hamilton","Michael Easterby","43","59","23","0","58","45","47","","43","49","46","0","3","3","2","31/08/2026 14:35","2m 1f 46y","Hurdle","E","4","3786","0","5446.00","Sticky Toffee Pudding Juvenile Hurdle (GBB Race) (Class E)","","","","0.00","152","70664-58","0","0","0","0.00","0.00","0.00","0","0","7","0.00","0.00","0.00","-7.00","0.00","","","0.00","","","0","0.00","0.00","HPHHH-PH","8.00","0","3","10.12","","5","0","Juv-Hdle","Left - Sharp","3yo","","0.00","3","3","","7","7","305","637","332","85","77","84","86","23","","b","g","Souila","Time Test","","0","0.00","0","7","25.15","7.12","0.00","0.00","3","1","0.00","0.00","1.00","0.00","0.00","0.00","NO","0.00","Male","43.66","51.33","48.08","46.49","0.00","0.00","0.00","","","",""
"31/08/2026","14:30","Ripon","Peace Belle","3.75","21.09","4.33","-9.91","4.00","9.09","NO","","0.00","","1","Jason Hart","Jennie Candlish","59","416","12","102","65","61","60","A","60","64","58","46","41","87","2","31/08/2026 14:30","1m 2f 190y","Turf","D","4","2390","0","5234.00","Harrogate Theatre Panto Tickets Now On-Sale Restricted Novice Stakes (GBB Race) (Class D)","","","","0.00","131","1-30442","0","0","0","0.00","0.00","0.00","1","0","6","16.67","0.00","0.00","4.00","0.00","C","3","6480.00","136","1m 3f 39y","2459","1.46","1.44","H-HHHHP","20.00","5","5","9.5","BF","3","0","Nov","Right - Sharp","3-5yo","13/8","1.63","3","5","","5","5","362","722","360","92","94","98","76","12","144","b","m","Ssafa","Massaat","","0","1.36","1","6","58.83","40.23","33.33","16.67","4","1","0.00","0.00","1.00","0.00","0.00","0.00","NO","0.00","Female","66.83","65.93","62.07","52.45","0.00","0.00","0.00","","","",""
"31/08/2026","14:30","Ripon","Why Not Me","8.00","21.43","9.50","29.41","12.00","57.14","NO","","0.00","","5","Oisin Murphy","Stuart Williams","55","133","13","0","55","53","53","D","53","52","53","0","10","10","2","31/08/2026 14:30","1m 2f 190y","Turf","D","4","2390","0","5234.00","Harrogate Theatre Panto Tickets Now On-Sale Restricted Novice Stakes (GBB Race) (Class D)","","","","0.00","131","2-4","0","0","0","0.00","0.00","0.00","0","0","2","0.00","0.00","0.00","-2.00","0.00","D","4","5400.00","131","1m 1f 104y","2084","13.00","8.50","H-P","20.00","1","4","9.5","","4","0","Nov","Right - Sharp","3-5yo","","0.00","3","5","","5","5","321","694","373","86","98","93","96","13","","b","f","Brushing","Time Test","","0","0.00","0","2","53.33","30.22","0.00","0.00","0","0","0.00","0.00","1.00","0.00","0.00","0.00","NO","0.00","Female","32.16","41.83","44.75","47.23","0.00","0.00","0.00","","","",""
"31/08/2026","14:30","Ripon","Feelin' Free","5.00","25.00","6.00","-20.00","5.00","0.00","NO","","0.00","","3","Connor Beasley","Jack Jones","58","174","12","0","58","57","57","D","57","56","57","29","22","51","2","31/08/2026 14:30","1m 2f 190y","Turf","D","4","2390","0","5234.00","Harrogate Theatre Panto Tickets Now On-Sale Restricted Novice Stakes (GBB Race) (Class D)","","","","0.00","123","25","0","0","0","0.00","0.00","0.00","0","1","2","0.00","50.00","0.00","-2.00","0.00","D","4","5400.00","114","1m 3f 219y","2639","26.41","21.00","HP","20.00","2","3","8.11","","5","0","Nov","Right - Sharp","3-5yo","3/1","3.00","3","5","","5","5","343","699","356","81","90","95","90","12","","b","f","Francisca","Nathaniel","","0","1.36","0","2","74.68","56.98","0.00","0.00","2","2","0.00","0.00","1.00","0.00","0.00","0.00","NO","0.00","Female","45.83","48.75","50.35","48.03","0.00","0.00","0.00","","","",""
"31/08/2026","14:35","Cartmel","Royal Baroness","0.00","0.00","0.00","0.00","0.00","0.00","NO","","0.00","","6","Ben Smith","Robert Smith","42","53","87","0","56","47","47","","44","47","47","0","10","10","2","31/08/2026 14:35","2m 1f 46y","Hurdle","E","4","3786","7","5446.00","Sticky Toffee Pudding Juvenile Hurdle (GBB Race) (Class E)","","","","0.00","145","660-43","0","0","0","0.00","0.00","0.00","0","0","5","0.00","0.00","0.00","-5.00","0.00","","","0.00","","","0","0.00","0.00","HHH-HP","8.00","0","3","10.5","","7","0","Juv-Hdle","Left - Sharp","3yo","","0.00","3","3","","7","7","312","642","330","80","82","82","86","87","","b","f","Royal Duchess","Frontiersman","","0","0.00","0","5","34.38","18.28","20.00","20.00","5","3","0.00","0.00","1.00","0.00","0.00","0.00","NO","0.00","Female","62.54","55.43","42.85","43.84","0.00","0.00","0.00","","","3","0"
"31/08/2026","14:35","Cartmel","Lynxman","41.00","0.00","41.00","100.00","81.00","100.00","NO","","0.00","","7","Mr Charlie Maggs","Mike Sowersby","37","49","130","0","57","35","46","","44","44","33","0","3","3","6","31/08/2026 14:35","2m 1f 46y","Hurdle","E","4","3786","3","5446.00","Sticky Toffee Pudding Juvenile Hurdle (GBB Race) (Class E)","","","","0.00","152","00647-8","0","0","0","0.00","0.00","0.00","0","0","6","0.00","0.00","0.00","-6.00","0.00","","","0.00","","","0","0.00","0.00","PHPPL-H","23.00","0","3","10.12","","4","0","Juv-Hdle","Left - Sharp","3yo","","0.00","3","3","","7","7","310","642","332","77","87","82","86","130","","b","g","La Divina","Calyx","","0","0.00","0","6","21.34","7.88","33.33","0.00","0","1","0.00","0.00","1.00","0.00","0.00","0.00","NO","0.00","Male","32.91","32.91","33.12","30.65","0.00","0.00","0.00","","","8","0"
"31/08/2026","14:35","Cartmel","Jambearee","23.00","27.27","29.00","17.86","34.00","50.00","NO","","0.00","","3","P Wadge","Brian Ellison","36","76","86","0","59","38","44","E","38","47","39","7","18","25","2","31/08/2026 14:35","2m 1f 46y","Hurdle","E","4","3786","0","5446.00","Sticky Toffee Pudding Juvenile Hurdle (GBB Race) (Class E)","","","","0.00","152","809-8765","0","0","0","0.00","0.00","0.00","0","0","7","0.00","0.00","100.00","-7.00","0.00","E","4","5446.00","152","2m 48y","3568","13.00","13.00","PPH-LPHH","8.00","0","3","10.12","","3","0","Juv-Hdle","Left - Sharp","3yo","7/1","7.00","3","3","","7","7","310","612","302","80","87","85","50","107","86","b","g","Best On Stage","Kodi Bear","p","0","0.00","0","7","27.92","10.24","28.57","14.29","-1","-1","0.00","0.00","1.00","0.00","0.00","0.00","NO","0.00","Male","56.78","60.79","53.09","51.06","0.00","0.00","0.00","","","5","0"
"31/08/2026","14:35","Cartmel","Watcha Snoop","21.00","25.00","26.00","-36.00","17.00","-20.00","NO","","0.00","","4","Ryan Mania","Adam Nicol","62","64","30","0","70","55","49","","44","64","54","0","9","9","4","31/08/2026 14:35","2m 1f 46y","Hurdle","E","4","3786","0","5446.00","Sticky Toffee Pudding Juvenile Hurdle (GBB Race) (Class E)","","","","0.00","152","2180-00000","0","0","0","0.00","0.00","0.00","1","1","9","11.11","11.11","0.00","-6.80","0.00","","","0.00","","","0","0.00","0.00","HLHP-PHPHP","15.00","0","3","10.12","","6","0","Juv-Hdle","Left - Sharp","3yo","","0.00","3","3","","7","7","323","667","344","84","90","84","86","30","","b","g","Scoop","Coulsty","t1","0","0.00","1","9","23.96","20.10","22.22","11.11","-1","-1","0.00","0.00","1.00","0.00","0.00","0.00","NO","0.00","Male","62.86","31.43","19.88","24.49","0.00","0.00","0.00","","","",""
"31/08/2026","14:42","Southwell","Everyoneknowsadave","11.00","0.00","11.00","-10.00","10.00","-10.00","NO","","0.00","","6","Liam Wright","Jessica Macey","66","113","28","75","67","59","60","D","58","67","59","31","48","79","0","31/08/2026 14:42","1m 3f 23y","A/W","E","5","2443","3","4397.00","Winter Ladies Evening Sat 28th November Handicap (Class E)","","","","0.00","142","325-4643214","0","0","0","0.00","0.00","0.00","4","5","24","16.67","20.83","0.00","12.25","40.83","D","4","6281.00","131","1m 1f 170y","2150","5.17","4.50","PPP-HPPHHHH","0.00","3","4","10.2","CD","1","0","Hcap","Left - Sharp","3yo+,75","13/2","6.50","3","","75","8","8","326","664","338","79","89","94","76","28","","b","g","Clubora","Kodiac","","0","1.40","4","24","64.87","47.77","33.33","25.00","12","1","25.00","25.00","1.00","0.00","0.00","0.00","NO","0.00","Male","95.00","88.33","57.67","66.19","0.00","0.00","0.00","","","",""
"31/08/2026","14:47","Downpatrick","Youknowthecode","7.50","23.08","9.00","75.00","15.00","115.38","NO","","0.00","","4","Danny Gilligan","Gordon Elliott","57","96","30","98","57","29","31","E","36","36","29","7","18","25","0","31/08/2026 14:47","2m 1f 165y","Hurdle","G","5","3905","0","6000.00","WillWeGo.com Handicap Hurdle (Class G) (0-100)","","","","0.00","164","8600","0","0","0","0.00","0.00","0.00","0","0","4","0.00","0.00","100.00","-4.00","0.00","E","4","10200.00","163","2m 175y","3695","551.59","151.00","HHHH","0.00","0","4","11.10","","3","0","Hcap-Hdle","Right - Undulating","4yo+,100","25/1","25.00","4","","100","12","12","217","515","298","95","69","67","67","","30","b","g","Start At The Top","Getaway","","0","0.00","0","4","39.93","17.25","0.00","0.00","0","1","0.00","0.00","1.00","0.00","0.00","0.00","NO","0.00","Male","51.29","48.65","48.46","48.85","0.00","0.00","0.00","","","",""
"31/08/2026","14:47","Downpatrick","Firstupbestdressed","17.00","25.00","21.00","25.00","26.00","56.25","NO","","0.00","","9","Conor Stone-Walsh","Gary McGill","39","42","12","77","55","46","44","G","39","53","39","6","3","9","6","31/08/2026 14:47","2m 1f 165y","Hurdle","G","5","3905","0","6000.00","WillWeGo.com Handicap Hurdle (Class G) (0-100)","","","","0.00","146","085607U-00","0","0","0","0.00","0.00","0.00","0","0","9","0.00","0.00","88.89","-9.00","0.00","G","5","6000.00","150","2m 4f 148y","4548","25.75","17.00","HHHHHPP-HL","14.00","0","6","10.6","","10","0","Hcap-Hdle","Right - Undulating","4yo+,100","28/1","28.00","4","","100","12","12","205","455","250","72","68","79","31","","12","b","g","La La Loopsey","Policy Maker","tb1","0","0.00","0","9","27.21","14.10","22.22","11.11","-1","-3","0.00","0.00","1.00","0.00","0.00","0.00","NO","0.00","Male","67.69","55.77","61.28","44.13","0.00","0.00","0.00","","","",""
"31/08/2026","14:47","Downpatrick","Le Diablo","8.50","0.00","8.50","13.33","9.50","13.33","NO","","0.00","","1","J J Slevin","John Patrick Ryan","57","179","21","95","65","54","53","E","53","57","48","29","35","64","2","31/08/2026 14:47","2m 1f 165y","Hurdle","G","5","3905","0","6000.00","WillWeGo.com Handicap Hurdle (Class G) (0-100)","","","","0.00","164","7P-17052307","0","0","0","0.00","0.00","0.00","1","2","14","7.14","14.29","91.67","20.00","60.00","E","4","7200.00","152","2m 109y","3629","22.00","13.00","HH-PHPHPHHP","5.00","0","5","11.10","","2","0","Hcap-Hdle","Right - Undulating","4yo+,100","5/1","5.00","4","","100","12","12","325","640","315","70","87","75","83","","21","b","g","Diablesse Royale","Bathyrhon","t","0","0.00","1","14","51.95","35.62","28.57","14.29","-2","-3","100.00","100.00","1.00","0.00","0.00","0.00","NO","0.00","Male","0.00","41.97","37.10","44.87","0.00","0.00","0.00","","","",""
"31/08/2026","14:47","Downpatrick","John Dixen","26.00","-44.00","15.00","14.29","17.00","-36.00","NO","","0.00","","7","Conor Clarke","P J Rothwell","54","51","41","74","54","24","46","G","51","51","27","6","11","17","2","31/08/2026 14:47","2m 1f 165y","Hurdle","G","5","3905","7","6000.00","WillWeGo.com Handicap Hurdle (Class G) (0-100)","","","","0.00","140","P00-060","0","0","0","0.00","0.00","0.00","0","0","6","0.00","0.00","83.33","-6.00","0.00","G","5","6000.00","141","2m 6f 41y","4881","22.89","13.00","HPP-PHH","5.00","0","4","10.0","","12","0","Hcap-Hdle","Right - Undulating","4yo+,100","28/1","28.00","4","","100","12","12","209","506","297","74","68","95","60","","41","b","g","Open Book","Highland Reel","p","0","0.00","0","6","18.70","8.07","33.33","33.33","0","1","0.00","0.00","1.00","0.00","0.00","0.00","NO","0.00","Male","34.49","42.32","44.28","45.52","0.00","0.00","0.00","","","",""
"31/08/2026","14:55","Chepstow","Perola","2.10","0.00","2.10","0.00","2.10","0.00","NO","","0.00","","3","Finley Marsh","Richard Hughes","60","175","91","71","60","54","56","E","55","55","55","19","27","46","8","31/08/2026 14:55","6f 16y","Turf","D","4","1336","0","5400.00","Paving Fields Construction Restricted Maiden Stakes (GBB Race) (Class D)","","","","0.00","131","24-235","0","0","0","0.00","0.00","0.00","0","2","5","0.00","40.00","0.00","-5.00","0.00","E","5","4320.00","123","7f","1540","5.78","5.00","PP-PLP","36.00","6","3","9.5","","3","0","Mdn","Left - Galloping / Undulating","3-5yo","5/2","2.50","3","5","","6","6","352","691","339","91","92","90","66","91","","b","g","Oystermouth","City Light","WS2","0","0.78","0","5","63.28","43.73","20.00","0.00","-3","-3","0.00","0.00","1.00","0.00","0.00","0.00","NO","0.00","Male","46.21","47.76","47.65","51.00","0.00","0.00","0.00","","","5","0"
"31/08/2026","14:47","Downpatrick","Banphrionsa Alainn","21.00","-40.00","13.00","0.00","13.00","-40.00","NO","","0.00","","12","D J O'Connor","A D Leahy","51","14","17","78","56","51","46","E","51","51","46","8","10","18","2","31/08/2026 14:47","2m 1f 165y","Hurdle","G","5","3905","7","6000.00","WillWeGo.com Handicap Hurdle (Class G) (0-100)","","","","0.00","147","005","0","0","0","0.00","0.00","0.00","0","0","3","0.00","0.00","100.00","-3.00","0.00","E","4","7200.00","154","2m 5f","4620","15.00","11.00","HHP","5.00","0","5","10.7","","9","0","Hcap-Hdle","Right - Undulating","4yo+,100","22/1","22.00","4","","100","12","12","230","476","246","58","54","66","68","","17","gr","m","Mons Meg","Pether's Moon","","0","0.00","0","3","44.46","23.82","0.00","0.00","1","1","0.00","0.00","1.00","0.00","0.00","0.00","NO","0.00","Female","69.23","69.23","71.13","49.48","0.00","0.00","0.00","","","",""
"31/08/2026","14:47","Downpatrick","Granlahan","6.50","-18.18","5.50","0.00","5.50","-18.18","NO","","0.00","","2","Darragh O'Keeffe","Adrian McGuinness","63","178","12","80","63","43","56","G","57","57","38","33","25","58","6","31/08/2026 14:47","2m 1f 165y","Hurdle","G","5","3905","0","6000.00","WillWeGo.com Handicap Hurdle (Class G) (0-100)","","","","0.00","146","60833U3624","0","0","0","0.00","0.00","0.00","0","4","11","0.00","36.36","90.91","-11.00","0.00","G","5","6000.00","147","2m 1f 161y","3901","4.68","3.75","HPHHHPPPPP","14.00","0","4","10.6","BF","11","0","Hcap-Hdle","Right - Undulating","4yo+,100","9/2","4.50","4","","100","12","12","310","474","164","69","96","65","-66","","12","b","g","Fiuntach","Equiano","","0","0.00","0","11","58.47","43.04","18.18","9.09","3","-1","0.00","0.00","1.00","0.00","0.00","0.00","NO","0.00","Male","52.63","54.35","61.49","59.08","0.00","0.00","0.00","","","",""
"31/08/2026","14:47","Downpatrick","He Who Dares","3.25","22.22","3.75","-18.18","3.25","0.00","NO","","0.00","","3","Phillip Enright","S Curling","66","145","25","89","66","42","61","G","63","64","40","24","35","59","0","31/08/2026 14:47","2m 1f 165y","Hurdle","G","5","3905","0","6000.00","WillWeGo.com Handicap Hurdle (Class G) (0-100)","","","","0.00","158","00860-00134","0","0","0","0.00","0.00","0.00","1","1","12","8.33","8.33","100.00","1.00","60.00","G","5","6000.00","148","2m 1f 55y","3795","14.43","13.00","HPHHH-HHHHH","0.00","0","5","11.4","D","7","0","Hcap-Hdle","Right - Undulating","4yo+,100","13/2","6.50","4","","100","12","12","308","647","339","91","76","93","79","25","59","b","g","In The House","Harzand","","0","0.00","1","12","37.97","22.35","16.67","8.33","-2","1","100.00","100.00","1.00","0.00","0.00","0.00","NO","0.00","Male","60.06","60.77","59.29","50.73","0.00","0.00","0.00","","","",""
"31/08/2026","14:47","Downpatrick","Pahlavi","23.00","-50.00","12.00","0.00","12.00","-50.00","NO","","0.00","","10","Mr H E Sexton","John Joseph Hanlon","56","40","15","94","77","51","48","G","45","76","48","11","21","32","6","31/08/2026 14:47","2m 1f 165y","Hurdle","G","5","3905","7","6000.00","WillWeGo.com Handicap Hurdle (Class G) (0-100)","","","","0.00","163","1385-0655P5","0","0","0","0.00","0.00","0.00","1","8","34","2.94","23.53","92.59","-25.50","60.00","G","5","6000.00","158","2m 140y","3660","26.27","21.00","PPPL-PHLPPP","14.00","0","9","11.9","CD","4","0","Hcap-Hdle","Right - Undulating","4yo+,100","16/1","16.00","4","","100","12","12","285","525","240","74","54","72","40","1166","15","b","g","Persian Memories","Palavicini","tp","0","0.00","1","34","53.22","38.16","38.24","17.65","10","1","100.00","100.00","1.00","0.00","0.00","0.00","NO","0.00","Male","43.53","46.04","37.45","39.74","0.00","0.00","0.00","","","",""
"31/08/2026","14:42","Southwell","Golspie","7.50","-23.08","6.00","-30.00","4.50","-46.15","NO","","0.00","","4","Billy Loughnane","Patrick Morris","65","132","25","62","69","59","66","F","66","69","58","31","27","58","0","31/08/2026 14:42","1m 3f 23y","A/W","E","5","2443","0","4397.00","Winter Ladies Evening Sat 28th November Handicap (Class E)","","","","0.00","129","2442344363","0","0","0","0.00","0.00","0.00","3","13","46","6.52","28.26","0.00","-25.00","45.33","F","6","3664.00","132","1m 3f 24y","2444","6.20","5.00","HHHHHHHHHH","0.00","5","6","9.3","","6","0","Hcap","Left - Sharp","3yo+,75","13/2","6.50","3","","75","8","8","304","586","282","73","90","75","44","25","","b","g","Surrey Storm","Ribchester","p","0","1.40","3","46","61.31","43.30","26.09","10.87","18","-1","33.33","66.67","1.00","0.00","0.00","0.00","NO","0.00","Male","50.91","65.53","52.05","42.32","0.00","0.00","0.00","","","",""
"31/08/2026","14:42","Southwell","Bearwith","8.00","-35.71","5.50","-11.11","5.00","-42.86","NO","","0.00","","2","Tom Kiely-Marshall","Harriet Bethell","50","221","19","70","74","60","59","F","53","72","57","32","62","94","8","31/08/2026 14:42","1m 3f 23y","A/W","E","5","2443","5","4397.00","Winter Ladies Evening Sat 28th November Handicap (Class E)","","","","0.00","137","3180244912","0","0","0","0.00","0.00","0.00","10","15","58","17.24","25.86","0.00","-2.13","39.63","E","5","4527.00","137","1m 1f 207y","2187","12.00","9.50","HPHPPPPHLL","27.00","6","8","9.11","CD","2","0","Hcap","Left - Sharp","3yo+,75","13/2","6.50","3","","75","8","8","326","674","348","86","75","91","96","19","","gr","g","Baylini","Brazen Beau","WS","0","0.64","10","58","59.85","46.11","34.48","27.59","0","3","20.00","30.00","1.00","0.00","0.00","0.00","NO","0.00","Male","89.44","72.21","65.46","64.46","0.00","0.00","0.00","","","",""
"31/08/2026","14:47","Downpatrick","South Of Killerig","17.00","25.00","21.00","40.00","29.00","75.00","NO","","0.00","","8","Donagh Meyler","E Sheehy","56","47","15","93","63","46","46","E","49","56","39","7","10","17","4","31/08/2026 14:47","2m 1f 165y","Hurdle","G","5","3905","0","6000.00","WillWeGo.com Handicap Hurdle (Class G) (0-100)","","","","0.00","162","448/3650-6","0","0","0","0.00","0.00","0.00","0","0","8","0.00","0.00","100.00","-8.00","0.00","E","4","7200.00","151","2m 5f 80y","4700","70.00","41.00","HPP/HPPH-P","10.00","0","6","11.8","","5","0","Hcap-Hdle","Right - Undulating","4yo+,100","25/1","25.00","4","","100","12","12","240","520","280","55","80","81","64","","15","b","g","Maple Lawn","Snow Sky","p","0","0.00","0","8","52.07","32.77","25.00","0.00","-2","-1","0.00","0.00","1.00","0.00","0.00","0.00","NO","0.00","Male","0.00","10.00","23.21","25.45","0.00","0.00","0.00","","","",""
"31/08/2026","14:47","Downpatrick","Menas Miracle","9.50","-11.76","8.50","-33.33","6.00","-41.18","NO","","0.00","","5","Mr B T Stone","Brendan Walsh","66","83","17","86","66","52","57","G","51","63","47","25","20","45","4","31/08/2026 14:47","2m 1f 165y","Hurdle","G","5","3905","7","6000.00","WillWeGo.com Handicap Hurdle (Class G) (0-100)","","","","0.00","155","214725-61P3","0","0","0","0.00","0.00","0.00","2","3","14","14.29","21.43","92.31","4.00","60.00","G","5","6000.00","168","2m 5f 180y","4800","11.00","7.50","PPPPHP-PPHP","10.00","0","7","11.1","D","8","0","Hcap-Hdle","Right - Undulating","4yo+,100","6/1","6.00","4","","100","12","12","295","550","255","69","64","78","44","","17","b","m","Clomore","Jet Away","t","0","0.00","2","14","60.43","46.43","50.00","21.43","4","1","0.00","0.00","1.00","0.00","0.00","0.00","NO","0.00","Female","30.77","30.77","39.31","53.22","0.00","0.00","0.00","","","",""
"31/08/2026","14:47","Downpatrick","Echinacea","7.00","25.00","8.50","60.00","13.00","100.00","NO","","0.00","","11","Simon Torrens","Noel C Kelly","41","20","64","95","68","57","40","E","41","67","56","5","10","15","0","31/08/2026 14:47","2m 1f 165y","Hurdle","G","5","3905","0","6000.00","WillWeGo.com Handicap Hurdle (Class G) (0-100)","","","","0.00","161","222-6922946","0","0","0","0.00","0.00","0.00","0","5","17","0.00","29.41","100.00","-17.00","0.00","E","4","5446.00","149","2m 1f 46y","3786","8.68","6.00","LHP-LHPPHHH","0.00","0","4","11.7","","6","0","Hcap-Hdle","Right - Undulating","4yo+,100","33/1","33.00","4","","100","12","12","198","424","226","78","61","46","41","152","64","b","f","Chain Of Daisies","Masar","p","0","0.00","0","17","59.85","42.67","35.29","5.88","7","-1","0.00","0.00","1.00","0.00","0.00","0.00","NO","0.00","Female","18.00","39.18","41.71","43.18","0.00","0.00","0.00","","","6","0"
"31/08/2026","14:47","Downpatrick","Ripsnorter","13.00","50.00","19.00","-22.22","15.00","16.67","NO","","0.00","","6","Danny Mullins","W J Lanigan","57","57","21","99","62","55","56","E","57","59","50","16","25","41","10","31/08/2026 14:47","2m 1f 165y","Hurdle","G","5","3905","0","6000.00","WillWeGo.com Handicap Hurdle (Class G) (0-100)","","","","0.00","168","3310-768","0","0","0","0.00","0.00","0.00","1","2","7","14.29","28.57","100.00","-4.25","60.00","E","4","7200.00","155","2m 109y","3629","30.00","15.00","HLLP-LPL","24.00","0","5","12.0","","1","0","Hcap-Hdle","Right - Undulating","4yo+,100","10/1","10.00","4","","100","12","12","337","622","285","73","94","88","30","","21","b","g","Andastra","Australia","ht","0","0.00","1","7","67.10","48.59","71.43","42.86","3","1","0.00","0.00","1.00","0.00","0.00","0.00","NO","0.00","Male","0.00","0.00","13.59","24.75","0.00","0.00","0.00","","","",""
"31/08/2026","16:25","Southwell","Kiani King","5.00","-12.50","4.50","-4.86","4.33","-16.75","NO","","0.00","","3","Billy Loughnane","Hughie Morrison","64","109","35","63","64","54","59","F","60","60","56","21","26","47","4","31/08/2026 16:25","1m 13y","A/W","E","5","1773","0","4397.00","Southwell Racecourse Conference & Events Handicap (Div 2) (Class E)","","","","0.00","128","44963","0","0","0","0.00","0.00","0.00","0","1","5","0.00","20.00","0.00","-5.00","0.00","F","6","3245.00","133","1m 13y","1773","4.00","3.25","PHHHL","13.00","4","3","9.2","BF","8","0","Hcap","Left - Sharp","3yo,70","9/1","9.00","3","3","70","9","9","281","528","247","79","94","73","1","35","","b","g","Ermine Ruby","Persian King","t1","0","1.02","0","5","50.30","31.10","20.00","0.00","-1","-1","0.00","0.00","1.00","0.00","0.00","0.00","NO","0.00","Male","29.38","38.69","44.66","42.35","0.00","0.00","0.00","","","",""
"31/08/2026","17:50","Ripon","It's Only Fun","9.00","6.25","9.50","17.65","11.00","25.00","NO","","0.00","","6","Aiden Blakemore","Sara Ender","64","74","25","61","65","56","62","E","64","65","53","18","20","38","0","31/08/2026 17:50","1m 2f 190y","Turf","F","6","2390","3","3477.00","AJA Amateur Jockeys' Handicap (Class F)","","","","0.00","155","0664412845","0","0","0","0.00","0.00","0.00","2","3","19","10.53","15.79","100.00","6.33","42.05","F","6","3664.00","132","1m 3f 24y","2444","16.34","12.00","PLHLPHHHHH","0.00","6","4","11.1","D","3","0","Hcap-Ama","Right - Sharp","4yo+,65","12/1","12.00","4","","65","10","10","274","563","289","68","71","95","55","25","444","b","g","Non Dimenticato Tu","Invincible Army","pWS","0","1.36","2","19","49.41","33.68","36.84","15.79","11","1","100.00","100.00","1.00","0.00","0.00","0.00","NO","0.00","Male","28.13","28.13","35.00","55.03","0.00","0.00","0.00","","","",""
"31/08/2026","17:45","Chepstow","Stipulation","6.50","0.00","6.50","36.36","8.50","36.36","NO","","0.00","","4","Callum Hutchinson","Daniel Mark Loughnane","66","167","22","60","68","61","53","E","48","66","58","42","30","72","6","31/08/2026 17:45","1m 2f","Turf","F","6","2200","0","3768.00","DragonBet Handicap (Class F)","","","","0.00","130","353-3386762","0","0","0","0.00","0.00","0.00","2","7","21","9.52","33.33","0.00","-12.90","35.06","E","5","4397.00","125","1m 2f","2200","8.40","7.50","HHH-HPHHPHL","30.00","1","5","9.4","D","4","0","Hcap","Left - Galloping / Undulating","4yo+,70","7/2","3.50","4","","70","6","6","317","647","330","86","92","86","66","22","","b","g","Danamight","New Bay","p","0","1.01","2","21","57.39","40.65","23.81","9.52","1","-1","0.00","50.00","1.00","0.00","0.00","0.00","NO","0.00","Male","17.07","34.54","40.37","39.95","0.00","0.00","0.00","","","",""
"31/08/2026","17:45","Chepstow","Liberate","4.50","0.00","4.50","0.00","4.50","0.00","NO","","0.00","","2","Ashley Lewis","Suzi Best","63","278","7","70","70","57","58","F","58","63","57","32","52","84","4","31/08/2026 17:45","1m 2f","Turf","F","6","2200","3","3768.00","DragonBet Handicap (Class F)","","","","0.00","140","89-09055921","0","0","0","0.00","0.00","0.00","2","1","15","13.33","6.67","0.00","4.50","146.12","F","6","3454.00","135","1m 1f 207y","2187","4.95","4.50","PH-PHHHHPHP","20.00","5","4","10.0","D","1","0","Hcap","Left - Galloping / Undulating","4yo+,70","5/1","5.00","4","","70","6","6","354","720","366","91","90","93","92","7","","b","f","Be Free","Study Of Man","","5","1.26","2","15","52.09","35.05","20.00","20.00","7","1","0.00","0.00","1.00","0.00","0.00","0.00","NO","0.00","Female","30.95","33.01","35.37","32.03","0.00","0.00","0.00","","","",""
"31/08/2026","17:50","Ripon","Jam Lass","21.00","0.00","21.00","-20.00","17.00","-20.00","NO","","0.00","","2","Mr Joshua Brown","Peter Niven","63","118","133","62","65","52","58","E","60","63","52","18","27","45","2","31/08/2026 17:50","1m 2f 190y","Turf","F","6","2390","5","3477.00","AJA Amateur Jockeys' Handicap (Class F)","","","","0.00","156","6/820196-7","0","0","0","0.00","0.00","0.00","1","1","8","12.50","12.50","0.00","18.00","29.80","E","5","3664.00","123","1m 2f 1y","2201","27.00","19.00","P/PPPHPH-H","5.00","5","5","11.2","","2","0","Hcap-Ama","Right - Sharp","4yo+,65","12/1","12.00","4","","65","10","10","286","635","349","93","82","97","77","133","","b","m","Counterpoise","U S Navy Flag","","0","1.36","1","8","39.16","26.77","37.50","25.00","2","1","100.00","100.00","1.00","0.00","0.00","0.00","NO","0.00","Female","0.00","80.00","49.82","40.47","0.00","0.00","0.00","","","7","0"
"31/08/2026","17:50","Ripon","Spirit Catcher","5.00","0.00","5.00","12.50","5.50","12.50","NO","","0.00","","7","Mr Daniel Perrin","Philip Kirby","59","71","21","62","75","60","54","F","55","73","61","15","21","36","4","31/08/2026 17:50","1m 2f 190y","Turf","F","6","2390","7","3477.00","AJA Amateur Jockeys' Handicap (Class F)","","","","0.00","156","8-001228575","0","0","0","0.00","0.00","0.00","4","7","36","11.11","19.44","0.00","-19.75","80.64","F","6","3664.00","139","1m 2f","2200","4.93","4.33","P-HPPPPHPHP","11.00","4","7","11.2","C","1","0","Hcap-Ama","Right - Sharp","4yo+,65","14/1","14.00","4","","65","10","10","287","608","321","80","86","86","69","21","","ch","g","Lidanski","New Bay","","0","0.00","4","36","52.22","38.07","27.78","16.67","6","1","25.00","50.00","1.00","0.00","0.00","0.00","NO","0.00","Male","67.90","56.08","44.34","42.40","0.00","0.00","0.00","","","",""
"31/08/2026","17:50","Ripon","Kitsune Power","7.50","0.00","7.50","-7.69","7.00","-7.69","NO","","0.00","","5","Miss A Collier","Tim Easterby","45","93","16","58","74","60","52","E","48","74","57","26","23","49","4","31/08/2026 17:50","1m 2f 190y","Turf","F","6","2390","0","3477.00","AJA Amateur Jockeys' Handicap (Class F)","","","","0.00","152","3342601340","0","0","0","0.00","0.00","0.00","5","11","50","10.00","22.00","0.00","-30.88","70.10","F","6","5234.00","136","1m 1f 170y","2150","9.00","6.50","PPLPHPPPPH","11.00","8","7","10.12","","5","0","Hcap-Ama","Right - Sharp","4yo+,65","8/1","8.00","4","","65","10","10","280","583","303","81","85","81","56","16","","b","g","Fire Heroine","Holy Roman Emperor","p","0","1.36","5","50","53.50","37.48","22.00","12.00","10","-1","20.00","40.00","1.00","0.00","0.00","0.00","NO","0.00","Male","58.96","48.90","49.47","48.23","0.00","0.00","0.00","","","",""
"31/08/2026","17:50","Ripon","Glitter Code","7.50","7.69","8.00","28.57","10.00","38.46","NO","","0.00","","3","Miss Nell Biker","Ed Bethell","51","113","26","56","71","52","49","F","51","66","54","34","27","61","0","31/08/2026 17:50","1m 2f 190y","Turf","F","6","2390","7","3477.00","AJA Amateur Jockeys' Handicap (Class F)","","","","0.00","150","553429-2076","0","0","0","0.00","0.00","0.00","0","8","23","0.00","34.78","0.00","-23.00","0.00","F","6","3229.00","147","1m 2f 5y","2205","6.80","6.00","HHHHHH-HHHH","0.00","2","4","10.10","","9","0","Hcap-Ama","Right - Sharp","4yo+,65","11/2","5.50","4","","65","10","10","244","534","290","96","86","89","19","26","","b","g","Glitterdust","Kodiac","p","0","1.36","0","23","53.28","35.08","21.74","13.04","5","1","0.00","0.00","1.00","0.00","0.00","0.00","NO","0.00","Male","79.49","55.96","65.48","65.54","0.00","0.00","0.00","","","",""
"31/08/2026","17:45","Chepstow","Staywitherjohnny","4.00","11.00","4.33","-17.42","3.75","-8.33","NO","","0.00","","5","Rossa Ryan","Ciaran Murphy","54","125","23","54","66","51","53","F","54","59","48","20","15","35","0","31/08/2026 17:45","1m 2f","Turf","F","6","2200","0","3768.00","DragonBet Handicap (Class F)","","","","0.00","124","48709-63956","0","0","0","0.00","0.00","0.00","0","1","10","0.00","10.00","100.00","-10.00","0.00","F","6","7200.00","136","1m 1f","1980","20.17","15.00","HHPHP-HPHHH","0.00","6","4","8.12","","6","0","Hcap","Left - Galloping / Undulating","4yo+,70","9/1","9.00","4","","70","6","6","273","607","334","78","96","94","66","81","23","gr","f","Soul Custody","Phoenix Of Spain","","0","1.01","0","10","46.82","29.36","20.00","10.00","0","-1","0.00","0.00","1.00","0.00","0.00","0.00","NO","0.00","Female","85.95","69.70","62.52","59.41","0.00","0.00","0.00","","","",""
"31/08/2026","17:39","Downpatrick","Stuntman Steve","7.50","-7.69","7.00","-33.33","5.00","-38.46","NO","","0.00","","4","E Finegan","Gavin Cromwell","59","136","58","112","79","50","52","C","0","74","45","14","18","32","6","31/08/2026 17:39","2m 1f 165y","Chase","C","3","3905","5","9000.00","Downpatrick Racecourse Style Awards Handicap Chase (Class C) (0-125)","","","","0.00","158","00-79455PU5","0","0","0","0.00","0.00","0.00","2","2","21","9.52","9.52","85.00","-11.50","135.00","C","3","36000.00","154","2m 1f 40y","3780","59.69","29.00","HP-HHHHHPPP","20.00","0","7","11.4","","3","0","Hcap-Cha","Right - Undulating","4yo+,125","15/2","7.50","4","","125","7","7","295","628","333","96","90","91","56","","58","b","g","Mrs Bob","Getaway","b","0","0.00","2","21","44.64","30.93","38.10","33.33","3","-1","50.00","50.00","1.00","0.00","0.00","0.00","NO","0.00","Male","50.38","48.71","53.74","51.61","0.00","0.00","0.00","","","",""
"31/08/2026","17:39","Downpatrick","Rightfolksplease","2.75","0.00","2.75","-14.29","2.50","-14.29","NO","","0.00","","1","Mr Kevin Healy","Declan Queally","35","277","18","101","66","50","48","E","50","63","38","25","57","82","4","31/08/2026 17:39","2m 1f 165y","Chase","C","3","3905","7","9000.00","Downpatrick Racecourse Style Awards Handicap Chase (Class C) (0-125)","","","","0.00","147","FF263/F0-211","0","0","0","0.00","0.00","0.00","3","5","19","15.79","26.32","78.95","-10.25","80.00","E","4","9000.00","151","2m","3520","3.20","2.75","HHHHP/HP-PHP","13.00","0","8","10.7","D","7","0","Hcap-Cha","Right - Undulating","4yo+,125","4/1","4.00","4","","125","7","7","347","710","363","95","82","88","98","","18","b","g","Ceola","Policy Maker","t","0","0.00","3","19","58.01","47.39","52.63","26.32","-1","3","66.67","66.67","1.00","0.00","0.00","0.00","NO","0.00","Male","53.33","56.67","62.15","59.46","0.00","0.00","0.00","","","",""
"31/08/2026","17:39","Downpatrick","Presenting Lad","7.50","0.00","7.50","-38.46","5.00","-38.46","NO","","0.00","","7","Phillip Enright","Mark Michael McNiff","57","57","15","102","72","53","53","E","44","68","46","9","12","21","2","31/08/2026 17:39","2m 1f 165y","Chase","C","3","3905","0","9000.00","Downpatrick Racecourse Style Awards Handicap Chase (Class C) (0-125)","","","","0.00","148","8367P-920P2","0","0","0","0.00","0.00","0.00","6","15","57","10.53","26.32","84.21","-20.50","71.50","G","5","6000.00","168","1m 7f 140y","3440","6.46","5.00","HHHPH-PPHHP","7.00","0","10","10.8","","6","0","Hcap-Cha","Right - Undulating","4yo+,125","12/1","12.00","4","","125","7","7","266","558","292","82","88","80","42","","15","b","g","Painted Lady","Califet","tb1","0","0.00","6","57","53.99","40.77","45.61","22.81","9","-1","50.00","66.67","1.00","0.00","0.00","0.00","NO","0.00","Male","75.00","55.63","51.76","50.11","0.00","0.00","0.00","","","",""
"31/08/2026","17:39","Downpatrick","War Correspondent","21.00","-10.00","19.00","-33.33","13.00","-40.00","NO","","0.00","","5","Mr H E Sexton","John Joseph Hanlon","48","96","29","121","81","59","53","E","49","74","54","17","31","48","4","31/08/2026 17:39","2m 1f 165y","Chase","C","3","3905","7","9000.00","Downpatrick Racecourse Style Awards Handicap Chase (Class C) (0-125)","","","","0.00","167","933-P44U439","0","0","0","0.00","0.00","0.00","3","10","49","6.12","20.41","88.89","-13.50","75.00","B","2","18000.00","135","2m 2f 54y","4014","80.00","34.00","PHH-HPHHPPH","13.00","0","7","11.13","","1","0","Hcap-Cha","Right - Undulating","4yo+,125","6/1","6.00","4","","125","7","7","304","595","291","76","76","82","57","354","29","gr","g","Walkamia","Teofilo","tb","0","0.00","3","49","51.59","34.95","36.73","26.53","-1","3","66.67","33.33","1.00","0.00","0.00","0.00","NO","0.00","Male","43.53","46.04","37.45","39.74","0.00","0.00","0.00","","","",""
"31/08/2026","17:45","Chepstow","Ghost Story","4.00","-8.33","3.75","-27.27","3.00","-33.33","NO","","0.00","","1","Lewis Edmunds","John Butler","59","287","21","65","73","59","58","E","59","69","59","50","37","87","2","31/08/2026 17:45","1m 2f","Turf","F","6","2200","0","3768.00","DragonBet Handicap (Class F)","","","","0.00","135","55/6123-3343","0","0","0","0.00","0.00","0.00","2","4","13","15.38","30.77","0.00","28.00","37.74","E","5","4187.00","140","1m 2f 219y","2419","6.16","5.00","HH/HHHH-HHHP","10.00","3","5","9.9","D","2","0","Hcap","Left - Galloping / Undulating","4yo+,70","3/1","3.00","4","","70","6","6","355","705","350","88","79","93","90","21","","br","m","Not Misbegotten","Waldgeist","","0","1.18","2","13","61.68","46.80","46.15","46.15","9","1","50.00","50.00","1.00","0.00","0.00","0.00","NO","0.00","Female","44.57","48.95","56.65","60.43","0.00","0.00","0.00","","","",""
"31/08/2026","17:45","Chepstow","Meet Me In Meraki","5.50","0.00","5.50","-11.11","5.00","-11.11","NO","","0.00","","3","P J Dobbs","David Evans","46","188","19","61","69","59","53","E","50","67","56","36","24","60","8","31/08/2026 17:45","1m 2f","Turf","F","6","2200","0","3768.00","DragonBet Handicap (Class F)","","","","0.00","131","34-46787325","0","0","0","0.00","0.00","0.00","5","11","44","11.36","25.00","0.00","-7.17","32.03","F","6","3454.00","142","1m 3f 209y","2629","4.20","3.50","HP-HHHHHHLL","40.00","4","5","9.5","CD","3","0","Hcap","Left - Galloping / Undulating","4yo+,70","9/2","4.50","4","","70","6","6","313","673","360","96","92","94","78","19","","b","g","Lawless Secret","Twilight Son","","0","1.09","5","44","56.13","38.82","20.45","11.36","16","-1","0.00","0.00","1.00","0.00","0.00","0.00","NO","0.00","Male","49.22","52.29","43.17","48.82","0.00","0.00","0.00","","","",""
"31/08/2026","17:45","Chepstow","Zambezi Magic","10.00","22.22","12.00","27.27","15.00","55.56","NO","","0.00","","6","William Cox","Bernard Llewellyn","50","67","39","58","70","57","53","E","51","69","54","16","23","39","0","31/08/2026 17:45","1m 2f","Turf","F","6","2200","0","3768.00","DragonBet Handicap (Class F)","","","","0.00","128","714175-7565","0","0","0","0.00","0.00","0.00","7","9","60","11.67","15.00","100.00","-24.77","34.93","E","5","5464.00","137","1m 2f","2200","14.50","13.00","HHHHHH-HHHH","0.00","2","9","9.2","D","5","0","Hcap","Left - Galloping / Undulating","4yo+,70","11/1","11.00","4","","70","6","6","287","605","318","86","76","88","68","39","1394","b","g","Millestan","Zoffany","h","0","0.51","7","60","51.42","35.24","35.00","15.00","28","3","14.29","42.86","1.00","0.00","0.00","0.00","NO","0.00","Male","46.43","51.84","51.01","50.26","0.00","0.00","0.00","","","5","0"
"31/08/2026","17:50","Ripon","Cougar","29.00","0.00","29.00","17.86","34.00","17.86","NO","","0.00","","9","Miss Sophia Watson","Michael Chapman","46","43","47","58","73","57","52","E","53","70","52","16","6","22","6","31/08/2026 17:50","1m 2f 190y","Turf","F","6","2390","7","3477.00","AJA Amateur Jockeys' Handicap (Class F)","","","","0.00","152","986811-0755","0","0","0","0.00","0.00","0.00","5","3","33","15.15","9.09","90.91","-17.02","59.17","E","5","3974.00","145","1m 4f 13y","2653","180.00","81.00","HHHHLP-HPPP","16.00","3","7","10.12","","6","0","Hcap-Ama","Right - Sharp","4yo+,65","13/1","13.00","4","","65","10","10","260","532","272","67","87","89","29","47","567","b","g","Promise To Be True","Deep Impact","","0","1.36","5","33","41.70","29.76","24.24","24.24","5","1","40.00","60.00","1.00","0.00","0.00","0.00","NO","0.00","Male","10.00","10.00","5.00","13.11","0.00","0.00","0.00","","","5","0"
"31/08/2026","17:55","Roscommon","Eddie G","7.00","16.67","8.00","21.43","9.50","41.67","NO","","0.00","","3","S Coen","Adrian McGuinness","62","138","34","83","73","60","67","D","67","68","59","49","49","98","6","31/08/2026 17:55","7f 94y","Turf","D","4","1634","5","12000.00","Lidan Handicap (Class D) (0-85)","","","","0.00","140","619/36-93911","0","0","0","0.00","0.00","0.00","4","5","20","20.00","25.00","0.00","13.75","90.00","D","4","10800.00","135","7f","1540","4.70","4.50","HPH/HH-PHPPP","13.00","13","5","10.0","D","1","0","Hcap","Right - Stiff","3yo+,85","15/2","7.50","3","","85","13","13","315","567","252","69","87","76","20","34","","b","g","Leitra Lady","Kuroshio","t","0","0.92","4","20","67.14","53.26","40.00","35.00","4","1","25.00","25.00","1.00","0.00","0.00","0.00","NO","0.00","Male","52.63","54.35","61.49","59.08","0.00","0.00","0.00","","","",""
"31/08/2026","17:55","Roscommon","Earls","9.00","-18.75","7.50","0.00","7.50","-18.75","NO","","0.00","","1","Gary Carroll","Gavin Cromwell","57","149","13","77","78","63","65","C","66","78","63","50","33","83","6","31/08/2026 17:55","7f 94y","Turf","D","4","1634","0","12000.00","Lidan Handicap (Class D) (0-85)","","","","0.00","134","360-0022237","0","0","0","0.00","0.00","0.00","11","14","66","16.67","21.21","0.00","11.95","144.24","D","4","9600.00","138","7f 111y","1651","5.60","4.50","PHP-HHPPPPP","13.00","11","9","9.8","CD","4","0","Hcap","Right - Stiff","3yo+,85","15/2","7.50","3","","85","13","13","312","569","257","74","74","76","33","13","","b","g","Princess Pearlita","Dream Ahead","tb","0","0.56","11","66","66.10","51.00","33.33","28.79","22","1","27.27","45.45","1.00","0.00","0.00","0.00","NO","0.00","Male","50.38","48.71","53.74","51.61","0.00","0.00","0.00","","","",""
"31/08/2026","17:55","Roscommon","Mercurial","17.00","-12.50","15.00","-21.43","12.00","-31.25","NO","","0.00","","13","Seamie Heffernan","John J Nallen","56","39","13","70","71","61","59","E","61","69","60","26","17","43","8","31/08/2026 17:55","7f 94y","Turf","D","4","1634","0","12000.00","Lidan Handicap (Class D) (0-85)","","","","0.00","127","0008429-428","0","0","0","0.00","0.00","0.00","2","15","43","4.65","34.88","0.00","-25.50","98.66","D","4","9600.00","125","7f 111y","1651","23.00","15.00","HHHPHPP-PPL","17.00","5","7","9.1","","12","0","Hcap","Right - Stiff","3yo+,85","16/1","16.00","3","","85","13","13","200","353","153","86","54","64","-51","13","","b","g","Conjuring","Prince Of Lir","p","0","0.90","2","43","60.82","44.34","32.56","23.26","13","1","50.00","50.00","1.00","0.00","0.00","0.00","NO","0.00","Male","0.00","83.23","74.94","79.16","0.00","0.00","0.00","","","",""
"31/08/2026","17:55","Roscommon","Highbury See See","13.00","16.67","15.00","-21.43","12.00","-8.33","NO","","0.00","","9","Andrew Slattery","Andrew Slattery","54","60","66","72","70","55","50","D","52","67","56","24","16","40","2","31/08/2026 17:55","7f 94y","Turf","D","4","1634","0","12000.00","Lidan Handicap (Class D) (0-85)","","","","0.00","129","331-0504030","0","0","0","0.00","0.00","0.00","2","4","16","12.50","25.00","0.00","-6.50","97.50","D","4","15000.00","135","1m","1760","28.00","15.00","PHH-HHHHPHH","4.00","4","4","9.3","D","10","0","Hcap","Right - Stiff","3yo+,85","16/1","16.00","3","","85","13","13","150","371","221","74","56","66","25","66","","b","g","Heart's Desire","Belardo","","0","0.68","2","16","64.95","47.98","25.00","18.75","-2","-1","0.00","0.00","1.00","0.00","0.00","0.00","NO","0.00","Male","76.73","67.86","61.54","52.40","0.00","0.00","0.00","","","",""
"31/08/2026","17:55","Roscommon","Morehampton","8.50","0.00","8.50","20.00","10.00","20.00","NO","","0.00","","9","Ben Coen","J P Murtagh","68","60","24","79","68","61","60","D","59","68","60","34","21","55","4","31/08/2026 17:55","7f 94y","Turf","D","4","1634","0","12000.00","Lidan Handicap (Class D) (0-85)","","","","0.00","131","1350-405093","0","0","0","0.00","0.00","0.00","1","3","11","9.09","27.27","0.00","-7.00","150.00","D","4","9000.00","133","7f","1540","7.80","6.50","LPHP-PPPPHP","8.00","6","3","9.5","D","8","0","Hcap","Right - Stiff","3yo+,85","11/1","11.00","3","","85","13","13","240","449","209","79","70","75","-15","24","","b","g","Donnybrook","Sea The Moon","p","0","1.02","1","11","47.25","32.71","27.27","27.27","-1","1","0.00","0.00","1.00","0.00","0.00","0.00","NO","0.00","Male","55.25","47.16","48.40","48.76","0.00","0.00","0.00","","","",""
"31/08/2026","17:55","Roscommon","Ninth Crusade","7.00","-8.33","6.50","9.09","7.00","0.00","NO","","0.00","","5","Colin Keane","M D O'Callaghan","67","90","11","74","67","58","62","E","63","63","55","28","18","46","2","31/08/2026 17:55","7f 94y","Turf","D","4","1634","0","12000.00","Lidan Handicap (Class D) (0-85)","","","","0.00","126","17062-63","0","0","1","0.00","0.00","-1.00","1","2","7","14.29","28.57","0.00","-5.47","36.72","E","5","9000.00","139","7f","1540","59.49","34.00","PHPHH-HP","4.00","7","3","9.0","","13","0","Hcap","Right - Stiff","3yo+,85","14/1","14.00","3","","85","13","13","201","492","291","86","97","93","15","11","","b","g","Dawn Crusade","Kodiac","t","0","1.69","1","7","55.34","42.98","28.57","28.57","3","3","100.00","100.00","1.00","0.00","0.00","0.00","NO","0.00","Male","53.30","60.20","59.86","58.83","0.00","0.00","0.00","","","",""
"31/08/2026","17:55","Roscommon","Gavoo","8.00","28.57","10.00","11.11","11.00","42.86","NO","","0.00","","4","Luke McAteer","David Marnane","67","117","9","80","78","63","68","B","67","68","64","40","36","76","2","31/08/2026 17:55","7f 94y","Turf","D","4","1634","0","12000.00","Lidan Handicap (Class D) (0-85)","","","","0.00","132","0351-492537","0","0","0","0.00","0.00","0.00","2","3","12","16.67","25.00","0.00","-4.00","141.00","B","2","21000.00","120","6f","1320","5.64","4.50","HHPH-PHPHPH","4.00","9","3","9.6","","7","0","Hcap","Right - Stiff","3yo+,85","9/1","9.00","3","","85","13","13","313","480","167","56","55","60","-4","9","","b","g","Daddy's Gal","Elzaam","b1","0","1.42","2","12","58.94","46.03","25.00","25.00","-2","-1","0.00","0.00","1.00","0.00","0.00","0.00","NO","0.00","Male","63.84","60.43","57.40","52.84","0.00","0.00","0.00","","","",""
"31/08/2026","17:55","Roscommon","Plume Noire","26.00","32.00","34.00","0.00","34.00","32.00","NO","","0.00","","12","J Kearney","Gerard Keane","64","57","352","79","79","64","64","B","64","69","64","10","26","36","2","31/08/2026 17:55","7f 94y","Turf","D","4","1634","3","12000.00","Lidan Handicap (Class D) (0-85)","","","","0.00","136","6418/1200/50-","0","0","0","0.00","0.00","0.00","4","3","18","22.22","16.67","0.00","7.50","107.25","B","2","60000.00","130","1m","1760","25.00","13.00","HPPP/PPHH/HP-","4.00","12","8","9.10","D","3","0","Hcap","Right - Stiff","3yo+,85","40/1","40.00","3","","85","13","13","234","432","198","68","49","49","32","352","","b","m","Mean Lae","Harzand","","0","1.12","4","18","61.32","47.47","50.00","38.89","-2","-1","25.00","25.00","1.00","0.00","0.00","0.00","NO","0.00","Female","59.66","57.84","56.09","52.71","0.00","0.00","0.00","","","",""
"31/08/2026","17:50","Ripon","On The Bubble","29.00","0.00","29.00","-21.43","23.00","-21.43","NO","","0.00","","8","Miss Emma J Brown","Gary Rutherford","47","60","4","49","65","52","54","F","54","63","47","19","3","22","10","31/08/2026 17:50","1m 2f 190y","Turf","F","6","2390","5","3477.00","AJA Amateur Jockeys' Handicap (Class F)","","","","0.00","143","6-239552047","0","0","0","0.00","0.00","0.00","2","4","39","5.13","10.26","66.67","-25.13","37.42","E","5","3229.00","137","1m 1f","1980","55.00","41.00","P-LPPLLLLPL","26.00","1","5","10.3","","10","0","Hcap-Ama","Right - Sharp","4yo+,65","11/1","11.00","4","","65","10","10","242","515","273","62","82","83","46","4","655","b","m","O Fourlunda","Land Force","","0","0.00","2","39","40.62","24.79","35.90","25.64","19","1","50.00","50.00","1.00","0.00","0.00","0.00","NO","0.00","Female","28.99","28.99","35.04","30.43","0.00","0.00","0.00","","","",""
"31/08/2026","17:50","Ripon","Star Start","4.50","-4.86","4.33","0.00","4.33","-4.86","NO","","0.00","","4","Miss C Parker","Ruth Carr","56","96","14","57","68","57","55","F","56","67","53","34","34","68","6","31/08/2026 17:50","1m 2f 190y","Turf","F","6","2390","5","3477.00","AJA Amateur Jockeys' Handicap (Class F)","","","","0.00","151","6-953853212","0","0","0","0.00","0.00","0.00","7","14","49","14.29","28.57","0.00","5.46","35.37","E","5","3974.00","138","1m 4f 13y","2653","6.00","5.50","P-PPPLPLLHP","16.00","7","6","10.11","CD","7","0","Hcap-Ama","Right - Sharp","4yo+,65","11/2","5.50","4","","65","10","10","323","675","352","80","90","90","92","14","","b","g","Button Up","U S Navy Flag","pWS","0","1.36","7","49","57.89","43.57","34.69","20.41","15","1","42.86","71.43","1.00","0.00","0.00","0.00","NO","0.00","Male","54.39","50.90","50.99","52.65","0.00","0.00","0.00","","","",""
"31/08/2026","17:50","Ripon","Three Yorkshiremen","7.50","7.69","8.00","57.14","12.00","69.23","NO","","0.00","","10","Miss Mell Boucher","Jack Jones","40","25","41","56","71","59","51","F","52","70","56","14","8","22","4","31/08/2026 17:50","1m 2f 190y","Turf","F","6","2390","0","3477.00","AJA Amateur Jockeys' Handicap (Class F)","","","","0.00","150","05167-89957","0","0","0","0.00","0.00","0.00","4","6","40","10.00","15.00","50.00","-19.63","46.13","F","6","3080.00","154","1m 5f 219y","3079","5.94","5.00","HHPPH-HPHPP","11.00","10","6","10.10","D","8","0","Hcap-Ama","Right - Sharp","4yo+,65","16/1","16.00","4","","65","10","10","221","526","305","59","90","95","61","41","607","b","g","House Of Roses","Massaat","WS","0","0.00","4","40","46.59","31.29","37.50","17.50","6","-3","25.00","25.00","1.00","0.00","0.00","0.00","NO","0.00","Male","45.83","48.75","50.35","48.03","0.00","0.00","0.00","","","5","2"
"31/08/2026","17:50","Ripon","Woodleigh","4.50","14.29","5.00","-12.50","4.50","0.00","NO","","0.00","","1","Eireann Cagney","Roger Fell","60","148","9","59","64","56","57","E","56","62","54","33","21","54","2","31/08/2026 17:50","1m 2f 190y","Turf","F","6","2390","0","3477.00","AJA Amateur Jockeys' Handicap (Class F)","","","","0.00","153","5521155451","0","0","0","0.00","0.00","0.00","5","7","39","12.82","17.95","0.00","-5.50","37.89","E","5","4187.00","130","1m 2f 1y","2201","8.80","8.00","HPHHHHHHHP","5.00","9","5","10.13","C","4","0","Hcap-Ama","Right - Sharp","4yo+,65","6/1","6.00","4","","65","10","10","304","649","345","90","82","93","80","9","","b","g","Naqrah","Inns Of Court","WS","0","1.61","5","39","55.12","39.08","25.64","12.82","11","1","40.00","80.00","1.00","0.00","0.00","0.00","NO","0.00","Male","27.25","58.57","50.49","55.98","0.00","0.00","0.00","","","",""
"31/08/2026","17:55","Roscommon","Merisi Diamond","7.50","-15.38","6.50","27.27","8.00","7.69","NO","","0.00","","2","W J Lee","Thomas Coyle","71","139","134","71","71","60","65","D","64","67","54","32","41","73","2","31/08/2026 17:55","7f 94y","Turf","D","4","1634","0","12000.00","Lidan Handicap (Class D) (0-85)","","","","0.00","128","4/04900-6731","0","0","0","0.00","0.00","0.00","5","6","24","20.83","25.00","0.00","0.25","100.20","D","4","12600.00","129","7f","1540","11.50","8.50","P/PHPPH-PHPH","4.00","2","7","9.2","CD","11","0","Hcap","Right - Stiff","3yo+,85","12/1","12.00","3","","85","13","13","252","594","342","72","93","88","89","134","","b","g","Lucy Diamonds","Caravaggio","tp","0","1.58","5","24","60.19","48.82","33.33","20.83","0","1","60.00","60.00","1.00","0.00","0.00","0.00","NO","0.00","Male","63.21","63.21","53.76","47.33","0.00","0.00","0.00","","","",""
"31/08/2026","17:55","Roscommon","Engines On","29.00","-42.86","17.00","-25.00","13.00","-57.14","NO","","0.00","","8","Chris Hayes","J A Kinsella","58","67","2","82","74","59","61","B","59","72","58","17","33","50","2","31/08/2026 17:55","7f 94y","Turf","D","4","1634","0","12000.00","Lidan Handicap (Class D) (0-85)","","","","0.00","139","31/1731-0000","0","0","0","0.00","0.00","0.00","3","4","19","15.79","21.05","0.00","34.50","142.00","B","2","60000.00","114","1m","1760","55.32","34.00","PP/HHLP-HPHH","4.00","8","6","9.13","D","2","0","Hcap","Right - Stiff","3yo+,85","25/1","25.00","3","","85","13","13","255","496","241","55","71","69","46","2","","ch","g","Van De Cappelle","Sioux Nation","tp","0","1.02","3","19","51.51","39.17","31.58","26.32","1","-1","33.33","33.33","1.00","0.00","0.00","0.00","NO","0.00","Male","45.14","64.24","59.25","48.03","0.00","0.00","0.00","","","",""
"31/08/2026","17:55","Roscommon","Goal Exceeded","6.50","0.00","6.50","-39.45","4.33","-39.45","NO","","0.00","","6","Adam Caffrey","Adrian McGuinness","62","73","22","76","80","61","60","C","61","76","62","30","41","71","4","31/08/2026 17:55","7f 94y","Turf","D","4","1634","0","12000.00","Lidan Handicap (Class D) (0-85)","","","","0.00","133","6586-203144","0","0","0","0.00","0.00","0.00","3","3","26","11.54","11.54","0.00","-4.75","123.00","C","3","18000.00","127","1m","1760","15.50","13.00","PHHP-HHPHPP","8.00","3","5","9.7","D","6","0","Hcap","Right - Stiff","3yo+,85","13/1","13.00","3","","85","13","13","252","506","254","69","64","64","57","22","","b","g","Twinkle Twinkle","Iffraaj","t","0","0.90","3","26","61.86","43.47","26.92","15.38","6","1","0.00","0.00","1.00","0.00","0.00","0.00","NO","0.00","Male","52.63","54.35","61.49","59.08","0.00","0.00","0.00","","","",""
"31/08/2026","17:39","Downpatrick","Finnians Row","12.00","0.00","12.00","-18.18","10.00","-18.18","NO","","0.00","","3","Mr Niall Moore","Dermot Anthony McLoughlin","33","152","34","107","76","53","54","E","62","67","48","20","37","57","10","31/08/2026 17:39","2m 1f 165y","Chase","C","3","3905","5","9000.00","Downpatrick Racecourse Style Awards Handicap Chase (Class C) (0-125)","","","","0.00","153","41343-PP110","0","0","0","0.00","0.00","0.00","5","8","46","10.87","17.39","93.48","26.00","69.00","E","4","10200.00","160","2m 2f 54y","4014","59.38","26.00","HPPPP-HHLLP","33.00","0","10","10.13","CD","4","0","Hcap-Cha","Right - Undulating","4yo+,125","5/1","5.00","4","","125","7","7","319","641","322","84","79","82","77","","34","b","g","High Kicker","Famous Name","tb","0","0.00","5","46","59.03","42.38","26.09","19.57","4","1","40.00","40.00","1.00","0.00","0.00","0.00","NO","0.00","Male","35.71","34.13","46.21","41.45","0.00","0.00","0.00","","","",""
"31/08/2026","17:30","Cartmel","Cuzco Du Mathan","5.00","0.00","5.00","-37.50","3.50","-37.50","NO","","0.00","","5","Leah Noreci","James Moffatt","50","99","44","90","72","52","56","B","51","68","50","12","25","37","0","31/08/2026 17:30","2m 1f 61y","Chase","G","5","3801","7","4357.00","Furness RDA Handicap Chase (Class G)","","","","0.00","158","1/4747-64478","0","0","0","0.00","0.00","0.00","3","1","21","14.29","4.76","95.24","-2.60","47.97","G","5","3327.00","161","2m 1f 61y","3801","11.00","8.50","P/HHHH-HHHHH","0.00","0","8","11.4","CD","4","0","Hcap-Cha","Left - Sharp","4yo+,100","18/1","18.00","4","","100","8","8","277","596","319","86","82","84","67","","44","gr","g","Thisbee Du Mathan","Martaline","v","0","0.00","3","21","43.14","28.57","23.81","14.29","3","-1","33.33","33.33","1.00","0.00","0.00","0.00","NO","0.00","Male","51.84","51.84","51.84","51.92","0.00","0.00","0.00","","","7","1"
"31/08/2026","17:30","Cartmel","Wearelongterm","21.00","-10.00","19.00","-22.22","15.00","-30.00","NO","","0.00","","8","Peter Jay Kavanagh","Dianne Sayer","54","69","42","81","69","46","52","E","46","62","39","28","27","55","2","31/08/2026 17:30","2m 1f 61y","Chase","G","5","3801","0","4357.00","Furness RDA Handicap Chase (Class G)","","","","0.00","149","34F326-35P7","0","0","0","0.00","0.00","0.00","0","4","23","0.00","17.39","78.26","-23.00","0.00","G","5","3829.00","151","2m 5f 34y","4654","22.00","15.00","HHLHHH-HHHP","7.00","0","9","10.9","","5","0","Hcap-Cha","Left - Sharp","4yo+,100","7/1","7.00","4","","100","8","8","267","540","273","84","75","76","38","","42","b","g","Fair Ina","Milan","pWS","0","0.00","0","23","43.98","29.22","21.74","8.70","1","-1","0.00","0.00","1.00","0.00","0.00","0.00","NO","0.00","Male","0.00","0.00","0.00","28.50","0.00","0.00","0.00","","","8","-1"
"31/08/2026","17:30","Cartmel","Judicial Review","7.00","-16.67","6.00","0.00","6.00","-16.67","NO","","0.00","","7","Callum Bewley","James Moffatt","46","70","2","79","64","42","53","G","51","62","37","25","17","42","2","31/08/2026 17:30","2m 1f 61y","Chase","G","5","3801","0","4357.00","Furness RDA Handicap Chase (Class G)","","","","0.00","147","1P9-P67P257","0","0","0","0.00","0.00","0.00","4","2","24","16.67","8.33","80.00","-3.88","37.76","G","5","4726.00","145","2m 5f 34y","4654","5.26","4.33","PHH-HPPPHHH","7.00","0","8","10.7","C D","7","0","Hcap-Cha","Left - Sharp","4yo+,100","8/1","8.00","4","","100","8","8","279","587","308","86","74","79","69","","2","ch","g","Chartani","Getaway","WS","0","0.00","4","24","44.62","32.47","29.17","25.00","-4","-1","0.00","25.00","1.00","0.00","0.00","0.00","NO","0.00","Male","51.84","51.84","51.84","51.92","0.00","0.00","0.00","","","",""
"31/08/2026","17:30","Cartmel","Getaway Jewel","4.00","16.67","4.50","28.57","5.50","50.00","NO","","0.00","","2","Brian Hughes","Micky Hammond","49","195","12","80","69","49","57","G","62","68","46","51","34","85","6","31/08/2026 17:30","2m 1f 61y","Chase","G","5","3801","0","4357.00","Furness RDA Handicap Chase (Class G)","","","","0.00","148","32064-23221","0","0","0","0.00","0.00","0.00","6","15","59","10.17","25.42","94.92","-24.48","33.88","G","5","3248.00","144","2m 110y","3630","19.00","13.00","PLHHL-PHPPP","21.00","0","12","10.8","D","6","0","Hcap-Cha","Left - Sharp","4yo+,100","100/30","3.33","4","","100","8","8","324","659","335","85","95","90","65","","12","b","g","Fada's Jewel","Getaway","","0","0.00","6","59","54.08","39.01","50.85","30.51","19","3","33.33","50.00","1.00","0.00","0.00","0.00","NO","0.00","Male","65.49","65.88","57.40","53.91","0.00","0.00","0.00","","","",""
"31/08/2026","17:30","Cartmel","Achille Des Rocs","8.50","-13.33","7.50","-15.38","6.50","-26.67","NO","","0.00","","4","Danny McMenamin","Laura Morgan","0","142","40","96","63","54","57","E","0","62","36","21","25","46","4","31/08/2026 17:30","2m 1f 61y","Chase","G","5","3801","0","4357.00","Furness RDA Handicap Chase (Class G)","","","","0.00","164","411/55-PPP","0","0","0","0.00","0.00","0.00","2","0","8","25.00","0.00","62.50","6.00","42.09","G","5","3248.00","166","2m 4f","4400","80.00","67.00","PPP/PH-HLH","14.00","0","7","11.10","","2","0","Hcap-Cha","Left - Sharp","4yo+,100","10/1","10.00","4","","100","8","8","286","611","325","82","95","98","50","","40","b","g","Cyti Rose","Coastal Path","v1","0","0.00","2","8","46.39","37.77","37.50","25.00","-2","-3","0.00","0.00","1.00","0.00","0.00","0.00","NO","0.00","Male","85.87","57.25","57.25","51.13","0.00","0.00","0.00","","","",""
"31/08/2026","17:30","Cartmel","Forcetoreckonwith","7.50","15.38","8.50","-20.00","7.00","-7.69","NO","","0.00","","3","Mr Jack Tudor","Oliver Greenall","62","146","130","92","65","51","62","E","62","62","53","27","35","62","8","31/08/2026 17:30","2m 1f 61y","Chase","G","5","3801","0","4357.00","Furness RDA Handicap Chase (Class G)","","","","0.00","160","357024-3214","0","0","0","0.00","0.00","0.00","1","2","11","9.09","18.18","100.00","-6.67","52.81","G","5","3829.00","161","2m 54y","3574","6.20","6.00","HHHHHH-PPPL","29.00","0","7","11.6","","3","0","Hcap-Cha","Left - Sharp","4yo+,100","15/2","7.50","4","","100","8","8","328","632","304","85","77","81","61","","130","b","m","Shining Beauty","Workforce","t","0","0.00","1","11","56.28","37.81","63.64","18.18","3","1","0.00","0.00","1.00","0.00","0.00","0.00","NO","0.00","Female","44.44","49.46","41.69","39.69","0.00","0.00","0.00","","","2","2"
"31/08/2026","17:30","Cartmel","Ghasham","4.00","0.00","4.00","-16.67","3.50","-16.67","NO","","0.00","","1","Jonathan England","Sam England","48","203","16","100","72","57","51","G","48","72","55","38","51","89","2","31/08/2026 17:30","2m 1f 61y","Chase","G","5","3801","0","4357.00","Furness RDA Handicap Chase (Class G)","","","","0.00","168","634-5522133","0","0","0","0.00","0.00","0.00","3","8","34","8.82","23.53","100.00","-21.00","47.53","E","4","5149.00","161","2m 1f 43y","3783","5.17","4.33","PPH-LHHPPHH","7.00","0","7","12.0","BF","1","0","Hcap-Cha","Left - Sharp","4yo+,100","5/1","5.00","4","","100","8","8","322","659","337","93","94","92","58","460","16","b","g","Shamarbelle","Churchill","tWS","0","0.00","3","34","52.07","36.86","55.88","32.35","6","-1","33.33","66.67","1.00","0.00","0.00","0.00","NO","0.00","Male","59.72","53.23","47.78","48.73","0.00","0.00","0.00","","","",""
"31/08/2026","17:30","Cartmel","Blazing Court","15.00","14.29","17.00","0.00","17.00","14.29","NO","","0.00","","6","Mr John Dixon","John Dixon","35","97","2","79","66","51","50","G","52","65","40","22","18","40","4","31/08/2026 17:30","2m 1f 61y","Chase","G","5","3801","7","4357.00","Furness RDA Handicap Chase (Class G)","","","","0.00","147","5405-UUP720","0","0","0","0.00","0.00","0.00","1","4","25","4.00","16.00","78.26","-19.50","47.00","G","5","4726.00","145","2m 5f 34y","4654","30.00","23.00","PPHH-LHPHPH","14.00","0","8","10.7","","8","0","Hcap-Cha","Left - Sharp","4yo+,100","9/1","9.00","4","","100","8","8","277","485","208","69","71","72","-4","","2","b","g","Bright Blaze","Court Cave","p","0","0.00","1","25","41.19","27.93","28.00","16.00","7","1","0.00","0.00","1.00","0.00","0.00","0.00","NO","0.00","Male","10.00","10.00","10.00","35.09","0.00","0.00","0.00","","","",""
"31/08/2026","17:25","Roscommon","Brains","11.00","0.00","11.00","0.00","11.00","0.00","NO","","0.00","","1","S Coen","R Donohoe","64","130","11","55","74","62","61","E","62","74","60","20","26","46","6","31/08/2026 17:25","7f 94y","Turf","F","6","1634","5","6000.00","Elphin Handicap (Class F) (0-60)","","","","0.00","137","85-04265756","0","0","0","0.00","0.00","0.00","14","14","88","15.91","15.91","0.00","-13.50","45.19","E","5","9000.00","119","7f","1540","20.00","13.00","LP-LHPPPPPP","10.00","14","10","9.11","CD","5","0","Hcap","Right - Stiff","3yo+,60","16/1","16.00","3","","60","18","18","280","463","183","63","89","78","-47","11","","b","g","Pure Jazz","Dandy Man","tbWS","0","0.87","14","85","55.75","41.14","42.35","30.59","11","3","21.43","35.71","1.00","0.00","0.00","0.00","NO","0.00","Male","63.64","62.94","48.09","46.71","0.00","0.00","0.00","","","",""
"31/08/2026","17:25","Roscommon","James Henry","41.00","-17.50","34.00","0.00","34.00","-17.50","NO","","0.00","","6","J Pietropaolo","Eoin Christopher McCarthy","54","50","17","52","69","60","50","F","54","68","56","30","11","41","2","31/08/2026 17:25","7f 94y","Turf","F","6","1634","7","6000.00","Elphin Handicap (Class F) (0-60)","","","","0.00","134","99/0783-3000","0","0","0","0.00","0.00","0.00","2","12","35","5.71","34.29","0.00","-29.25","60.00","F","6","6000.00","137","1m","1760","58.89","29.00","HH/HHHH-PPHH","3.00","9","7","9.8","D","7","0","Hcap","Right - Stiff","3yo+,60","10/1","10.00","3","","60","18","18","205","389","184","51","44","73","16","17","","b","g","Refuse To Give Up","Kodiac","","0","1.42","2","35","56.66","43.68","22.86","11.43","-1","-1","50.00","50.00","1.00","0.00","0.00","0.00","NO","0.00","Male","51.40","45.23","46.54","51.63","0.00","0.00","0.00","","","",""
"31/08/2026","17:25","Roscommon","Cisterna","9.50","-11.76","8.50","0.00","8.50","-11.76","NO","","0.00","","3","Andrew Slattery","Andrew Slattery","54","95","29","58","63","54","55","E","54","60","53","27","16","43","4","31/08/2026 17:25","7f 94y","Turf","F","6","1634","0","6000.00","Elphin Handicap (Class F) (0-60)","","","","0.00","135","27-05317558","0","0","0","0.00","0.00","0.00","1","2","16","6.25","12.50","0.00","-8.00","72.00","D","4","10800.00","120","1m 73y","1833","15.41","11.00","PP-HHHPHHPP","7.00","8","3","9.9","CD","6","0","Hcap","Right - Stiff","3yo+,60","11/1","11.00","3","","60","18","18","246","523","277","81","61","65","70","29","","b","g","Zarnitsa","Mehmas","","0","1.02","1","16","53.07","35.37","18.75","6.25","-2","-3","0.00","0.00","1.00","0.00","0.00","0.00","NO","0.00","Male","76.73","67.86","61.54","52.40","0.00","0.00","0.00","","","",""
"31/08/2026","17:25","Roscommon","Gordon Bennett","17.00","0.00","17.00","0.00","17.00","0.00","NO","","0.00","","12","Reserve 1","Peter Fahey","60","37","8","53","77","60","57","F","58","73","60","20","9","29","2","31/08/2026 17:25","7f 94y","Turf","F","6","1634","0","6000.00","Elphin Handicap (Class F) (0-60)","","","","0.00","135","70346039-07","0","0","0","0.00","0.00","0.00","4","10","45","8.89","22.22","0.00","-25.25","120.00","F","6","6000.00","138","5f","1100","36.00","23.00","HHHHHHHH-HP","3.00","4","8","9.9","","16","0","Hcap","Right - Stiff","3yo+,60","16/1","16.00","3","","60","18","18","223","454","231","69","41","73","48","8","","b","g","Laureldean Lady","Prince Of Lir","b1","0","0.68","4","45","60.09","43.60","22.22","13.33","-13","-1","50.00","75.00","1.00","0.00","0.00","0.00","NO","0.00","Male","61.60","53.13","48.48","49.17","0.00","0.00","0.00","","","",""
"31/08/2026","17:25","Roscommon","Distillate","26.00","0.00","26.00","0.00","26.00","0.00","NO","","0.00","","16","Reserve 3","Adrian McGuinness","0","30","6","53","68","57","53","F","45","68","55","21","11","32","0","31/08/2026 17:25","7f 94y","Turf","F","6","1634","0","6000.00","Elphin Handicap (Class F) (0-60)","","","","0.00","135","48649-2700B","0","0","0","0.00","0.00","0.00","6","15","82","7.32","18.29","0.00","3.00","63.50","F","6","6000.00","136","7f 195y","1735","30.00","21.00","HHPHH-HHHHH","0.00","12","6","9.9","D","18","0","Hcap","Right - Stiff","3yo+,60","14/1","14.00","3","","60","18","18","181","406","225","70","41","73","41","6","","ch","m","Dolly Colman","Havana Grey","t","0","1.12","6","82","57.11","39.93","17.07","10.98","22","-3","16.67","16.67","1.00","0.00","0.00","0.00","NO","0.00","Female","52.63","54.35","61.49","59.08","0.00","0.00","0.00","","","",""
"31/08/2026","17:25","Roscommon","Tamazu","26.00","12.00","29.00","0.00","29.00","12.00","NO","","0.00","","18","Seamie Heffernan","Fergal Birrane","55","10","361","46","74","56","51","F","52","69","56","0","6","6","2","31/08/2026 17:25","7f 94y","Turf","F","6","1634","0","6000.00","Elphin Handicap (Class F) (0-60)","","","","0.00","128","2004/00450/7-","0","0","0","0.00","0.00","0.00","1","3","21","4.76","14.29","0.00","80.00","90.00","F","6","6300.00","144","6f","1320","42.00","26.00","HHHP/HHHHP/H-","3.00","3","7","9.2","","12","0","Hcap","Right - Stiff","3yo+,60","","0.00","3","","60","18","18","85","331","246","44","56","73","73","361","","b","h","Cnocan Gold","Tamayuz","t","0","0.90","1","21","37.68","23.66","23.81","23.81","11","1","0.00","0.00","1.00","0.00","0.00","0.00","NO","0.00","Male","0.00","0.00","0.00","0.00","0.00","0.00","0.00","","","",""
"31/08/2026","17:25","Roscommon","Sunday Sovereign","17.00","56.25","26.00","0.00","26.00","56.25","NO","","0.00","","11","Ms Z McMullan","G A Kingston","37","38","87","45","79","61","47","F","51","77","58","19","11","30","10","31/08/2026 17:25","7f 94y","Turf","F","6","1634","10","6000.00","Elphin Handicap (Class F) (0-60)","","","","0.00","127","0/35000038-0","0","0","0","0.00","0.00","0.00","5","8","59","8.47","13.56","0.00","-29.35","109.57","F","6","6000.00","121","6f","1320","75.00","34.00","P/PLPPHPLL-P","17.00","6","9","9.1","D","13","0","Hcap","Right - Stiff","3yo+,60","16/1","16.00","3","","60","18","18","185","204","19","39","25","31","-76","87","","b","g","Red Sovereign","Equiano","h","0","1.02","5","59","46.68","31.80","28.81","15.25","9","1","0.00","0.00","1.00","0.00","0.00","0.00","NO","0.00","Male","0.00","0.00","0.00","0.00","0.00","0.00","0.00","","","",""
"31/08/2026","17:35","Southwell","Surgeon Commander","3.00","25.00","3.50","33.20","4.33","66.50","NO","","0.00","","1","Billy Loughnane","Craig Lidster","62","172","67","60","63","52","58","F","60","62","53","31","48","79","6","31/08/2026 17:35","6f 16y","A/W","F","6","1336","0","3768.00","Celebrate With Sponsorship At Southwell Racecourse Handicap (Class F)","","","","0.00","135","8561-713641","0","0","0","0.00","0.00","0.00","3","1","12","25.00","8.33","0.00","6.75","36.64","F","6","4711.00","127","7f 14y","1554","6.29","5.50","HHPP-PLPHLP","10.00","2","3","9.9","","1","0","Hcap","Left - Sharp","3yo,60","8/1","8.00","3","3","60","14","14","338","612","274","59","91","81","43","67","","b","g","Very Good","Cotai Glory","b","0","1.20","3","12","55.31","41.45","41.67","33.33","4","3","0.00","0.00","1.00","0.00","0.00","0.00","NO","0.00","Male","51.19","42.46","47.30","47.28","0.00","0.00","0.00","","","1","0"
"31/08/2026","17:35","Southwell","Love Alive","0.00","0.00","0.00","0.00","0.00","0.00","NO","","0.00","","4","Luke Morris","John Butler","53","100","26","59","60","53","52","E","53","58","51","37","16","53","2","31/08/2026 17:35","6f 16y","A/W","F","6","1336","0","3768.00","Celebrate With Sponsorship At Southwell Racecourse Handicap (Class F)","","","","0.00","134","6-715963035","0","0","0","0.00","0.00","0.00","1","1","13","7.69","7.69","0.00","10.00","37.16","F","6","4187.00","135","5f 215y","1315","4.59","4.00","P-PPHHPPHPH","3.00","14","3","9.8","","4","0","Hcap","Left - Sharp","3yo,60","13/2","6.50","3","3","60","14","14","275","577","302","81","76","81","64","26","","b","f","Anadolu","Havana Grey","","0","0.88","1","13","38.41","23.04","30.77","15.38","3","1","100.00","100.00","1.00","0.00","0.00","0.00","NO","0.00","Female","44.57","48.95","56.65","60.43","0.00","0.00","0.00","","","",""
"31/08/2026","17:35","Southwell","Taaklam","8.50","-33.33","6.00","-33.40","4.33","-55.60","NO","","0.00","","5","Tom Kiely-Marshall","Harriet Bethell","57","86","23","60","63","55","56","F","57","61","53","25","35","60","4","31/08/2026 17:35","6f 16y","A/W","F","6","1336","5","3768.00","Celebrate With Sponsorship At Southwell Racecourse Handicap (Class F)","","","","0.00","135","7853-32576","0","0","0","0.00","0.00","0.00","0","3","9","0.00","33.33","0.00","-9.00","0.00","F","6","4711.00","134","6f","1320","17.50","13.00","HPPP-PHPHP","7.00","10","3","9.9","","2","0","Hcap","Left - Sharp","3yo,60","10/1","10.00","3","3","60","14","14","284","501","217","79","56","85","-3","23","","b","g","Salayel","Mehmas","p1","0","0.99","0","9","50.53","32.74","11.11","11.11","-3","-1","0.00","0.00","1.00","0.00","0.00","0.00","NO","0.00","Male","89.44","72.21","65.46","64.46","0.00","0.00","0.00","","","",""
"31/08/2026","17:35","Southwell","Zonnebloem","10.00","11.11","11.00","100.00","21.00","122.22","NO","","0.00","","8","Sean Levey","Jessica Macey","48","50","315","54","48","47","46","E","47","47","46","8","10","18","6","31/08/2026 17:35","6f 16y","A/W","F","6","1336","0","3768.00","Celebrate With Sponsorship At Southwell Racecourse Handicap (Class F)","","","","0.00","129","463-","0","0","0","0.00","0.00","0.00","0","0","3","0.00","0.00","0.00","-3.00","0.00","E","5","3672.00","125","5f 21y","1121","692.62","151.00","PPP-","10.00","12","3","9.3","","12","0","Hcap","Left - Sharp","3yo,60","33/1","33.00","3","3","60","14","14","193","469","276","58","87","63","68","315","","b","f","Precious Diamond","A'Ali","","0","0.80","0","3","41.67","18.75","66.67","66.67","1","1","0.00","0.00","1.00","0.00","0.00","0.00","NO","0.00","Female","95.00","88.33","57.67","66.19","0.00","0.00","0.00","","","3","0"
"31/08/2026","17:35","Southwell","Yes Waliim","5.50","0.00","5.50","0.00","5.50","0.00","NO","","0.00","","2","Oliver Hoodless","Richard Hughes","59","154","14","57","60","52","57","F","59","59","51","31","35","66","6","31/08/2026 17:35","6f 16y","A/W","F","6","1336","7","3768.00","Celebrate With Sponsorship At Southwell Racecourse Handicap (Class F)","","","","0.00","132","535-0674612","0","0","0","0.00","0.00","0.00","1","2","10","10.00","20.00","0.00","-2.50","32.45","F","6","3768.00","128","6f 12y","1332","6.40","5.00","HPP-HHHPHLP","10.00","8","3","9.6","","7","0","Hcap","Left - Sharp","3yo,60","8/1","8.00","3","3","60","14","14","313","615","302","94","68","77","63","14","","b","g","Caelica","Saxon Warrior","p1WS","0","0.73","1","10","57.76","39.84","10.00","10.00","-2","1","0.00","0.00","1.00","0.00","0.00","0.00","NO","0.00","Male","46.21","47.76","47.65","51.00","0.00","0.00","0.00","","","",""
"31/08/2026","17:39","Downpatrick","Beggars Rock","5.00","12.50","5.50","-38.89","3.75","-31.25","NO","","0.00","","2","Kevin Sexton","Ian Donoghue","62","168","23","113","74","45","52","E","50","71","40","22","43","65","4","31/08/2026 17:39","2m 1f 165y","Chase","C","3","3905","0","9000.00","Downpatrick Racecourse Style Awards Handicap Chase (Class C) (0-125)","","","","0.00","159","17P-3P63601","0","0","0","0.00","0.00","0.00","3","6","27","11.11","22.22","85.19","-7.50","67.00","E","4","7200.00","164","2m 3f 20y","4200","8.40","7.50","PHH-HPPHHPP","13.00","0","7","11.5","","2","0","Hcap-Cha","Right - Undulating","4yo+,125","9/2","4.50","4","","125","7","7","328","679","351","83","90","96","82","","23","b","g","Try Trix","Soldier Of Fortune","tb","0","0.00","3","27","53.27","40.37","33.33","22.22","1","3","33.33","33.33","1.00","0.00","0.00","0.00","NO","0.00","Male","41.79","40.03","49.21","52.53","0.00","0.00","0.00","","","",""
"31/08/2026","17:39","Downpatrick","Piccolo Player","5.00","0.00","5.00","-43.75","3.25","-43.75","NO","","0.00","","6","Daniel King","John Patrick Ryan","58","92","27","104","69","56","54","E","56","68","54","12","13","25","0","31/08/2026 17:39","2m 1f 165y","Chase","C","3","3905","0","9000.00","Downpatrick Racecourse Style Awards Handicap Chase (Class C) (0-125)","","","","0.00","150","9-356425633","0","0","0","0.00","0.00","0.00","1","2","13","7.69","15.38","100.00","-4.00","75.00","E","4","7800.00","166","2m 142y","3662","6.00","5.00","H-PHLHHPHHH","0.00","0","5","10.10","","5","0","Hcap-Cha","Right - Undulating","4yo+,125","9/1","9.00","4","","125","7","7","281","582","301","79","92","81","49","","27","br","g","Mexican Sky","Vadamos","","0","0.00","1","13","61.08","44.04","38.46","23.08","3","1","0.00","0.00","1.00","0.00","0.00","0.00","NO","0.00","Male","0.00","41.97","37.10","44.87","0.00","0.00","0.00","","","",""
"31/08/2026","17:35","Southwell","Rogue Federation","19.00","-11.11","17.00","106.25","34.00","83.33","NO","","0.00","","9","William Pyle","K Frost","52","46","39","58","52","46","44","D","46","46","44","12","10","22","2","31/08/2026 17:35","6f 16y","A/W","F","6","1336","0","3768.00","Celebrate With Sponsorship At Southwell Racecourse Handicap (Class F)","","","","0.00","133","508","0","0","0","0.00","0.00","0.00","0","0","3","0.00","0.00","0.00","-3.00","0.00","D","4","5400.00","133","7f 15y","1555","888.72","201.00","PHH","3.00","6","3","9.7","","6","0","Hcap","Left - Sharp","3yo,60","22/1","22.00","3","3","60","14","14","196","395","199","61","60","79","-1","39","","b","g","Summer Dream","Dark Angel","","0","0.94","0","3","29.44","10.81","0.00","0.00","1","1","0.00","0.00","1.00","0.00","0.00","0.00","NO","0.00","Male","52.43","38.69","41.90","54.01","0.00","0.00","0.00","","","8","0"
"31/08/2026","17:35","Southwell","Based","5.50","-11.11","5.00","25.00","6.00","11.11","NO","","0.00","","3","Cieren Fallon","William Knight","58","149","32","56","62","56","58","F","58","60","50","33","20","53","2","31/08/2026 17:35","6f 16y","A/W","F","6","1336","0","3768.00","Celebrate With Sponsorship At Southwell Racecourse Handicap (Class F)","","","","0.00","131","078-271734","0","0","0","0.00","0.00","0.00","1","2","9","11.11","22.22","0.00","-5.00","38.88","F","6","3768.00","131","7f 36y","1576","10.00","8.00","HPH-HPHPHH","3.00","11","3","9.5","","8","0","Hcap","Left - Sharp","3yo,60","15/2","7.50","3","3","60","14","14","292","651","359","90","85","93","91","32","","b","g","La Dorotea","Oasis Dream","","0","0.65","1","9","51.33","37.93","22.22","22.22","-1","-1","0.00","0.00","1.00","0.00","0.00","0.00","NO","0.00","Male","70.37","63.22","54.29","58.82","0.00","0.00","0.00","","","",""
"31/08/2026","17:35","Southwell","Harlequin Bay","17.00","37.50","23.00","27.27","29.00","75.00","NO","","0.00","","10","Jack Garritty","Richard Fahey","44","41","42","59","54","49","33","E","44","54","43","20","3","23","4","31/08/2026 17:35","6f 16y","A/W","F","6","1336","0","3768.00","Celebrate With Sponsorship At Southwell Racecourse Handicap (Class F)","","","","0.00","134","522-3005","0","0","0","0.00","0.00","0.00","0","2","7","0.00","28.57","0.00","-7.00","0.00","F","6","4187.00","135","6f","1320","26.00","21.00","HHP-PHHL","7.00","13","3","9.8","","3","0","Hcap","Left - Sharp","3yo,60","13/1","13.00","3","3","60","14","14","185","407","222","84","62","82","-6","42","","b","g","Drift And Dream","Mohaather","","0","1.41","0","7","42.38","28.69","28.57","28.57","1","1","0.00","0.00","1.00","0.00","0.00","0.00","NO","0.00","Male","56.09","48.04","49.95","48.23","0.00","0.00","0.00","","","5","0"
"31/08/2026","17:35","Southwell","Lope Y Linda","13.00","0.00","13.00","-8.33","12.00","-8.33","NO","","0.00","","6","S B Kirrane","Tim Easterby","41","76","9","53","70","55","55","F","60","66","53","23","8","31","10","31/08/2026 17:35","6f 16y","A/W","F","6","1336","0","3768.00","Celebrate With Sponsorship At Southwell Racecourse Handicap (Class F)","","","","0.00","128","4120124430","0","0","0","0.00","0.00","0.00","2","3","17","11.76","17.65","0.00","-4.90","36.64","F","6","3664.00","126","5f 217y","1317","15.00","9.50","PPHPLLPLLP","17.00","9","3","9.2","","13","0","Hcap","Left - Sharp","3yo,60","11/1","11.00","3","3","60","14","14","278","525","247","55","60","66","66","9","","br","f","Dhuma","Lope Y Fernandez","","0","1.20","2","17","55.50","36.69","23.53","11.76","1","-1","0.00","0.00","1.00","0.00","0.00","0.00","NO","0.00","Female","58.96","48.90","49.47","48.23","0.00","0.00","0.00","","","",""
"31/08/2026","17:35","Southwell","Masai Angel","17.00","25.00","21.00","-20.00","17.00","0.00","NO","","0.00","","13","Harry Russell","Richard Fahey","48","20","23","59","57","49","53","E","56","56","42","13","5","18","2","31/08/2026 17:35","6f 16y","A/W","F","6","1336","0","3768.00","Celebrate With Sponsorship At Southwell Racecourse Handicap (Class F)","","","","0.00","134","5-4300","0","0","0","0.00","0.00","0.00","0","0","5","0.00","0.00","0.00","-5.00","0.00","F","6","4711.00","133","6f","1320","38.00","26.00","H-HPHH","3.00","1","3","9.8","","5","0","Hcap","Left - Sharp","3yo,60","20/1","20.00","3","3","60","14","14","214","454","240","84","54","44","58","23","","b","g","Military Angel","Harry Angel","","0","0.99","0","5","26.17","13.15","0.00","0.00","-3","-1","0.00","0.00","1.00","0.00","0.00","0.00","NO","0.00","Male","56.09","48.04","49.95","48.23","0.00","0.00","0.00","","","",""
"31/08/2026","17:35","Southwell","Society Charm","10.00","11.11","11.00","-10.00","10.00","0.00","NO","","0.00","","7","Marco Ghiani","Peter Chapple-Hyam","50","74","140","52","50","47","47","D","47","47","47","9","10","19","6","31/08/2026 17:35","6f 16y","A/W","F","6","1336","0","3768.00","Celebrate With Sponsorship At Southwell Racecourse Handicap (Class F)","","","","0.00","127","677","0","0","0","0.00","0.00","0.00","0","0","3","0.00","0.00","0.00","-3.00","0.00","D","4","5400.00","123","7f","1540","594.36","251.00","HPL","10.00","4","3","9.1","","14","0","Hcap","Left - Sharp","3yo,60","28/1","28.00","3","3","60","14","14","191","410","219","66","91","52","10","140","","b","f","Society Star","Charming Thought","","0","1.12","0","3","29.97","13.47","33.33","33.33","3","3","0.00","0.00","1.00","0.00","0.00","0.00","NO","0.00","Female","62.70","47.62","46.34","36.69","0.00","0.00","0.00","","","6","1"
"31/08/2026","17:35","Southwell","Great Success","23.00","0.00","23.00","-18.18","19.00","-18.18","NO","","0.00","","12","Kieran O'Neill","Scott Dixon","46","34","15","54","65","46","55","F","54","59","50","12","3","15","6","31/08/2026 17:35","6f 16y","A/W","F","6","1336","0","3768.00","Celebrate With Sponsorship At Southwell Racecourse Handicap (Class F)","","","","0.00","129","384-005450","0","0","0","0.00","0.00","0.00","0","0","9","0.00","0.00","0.00","-9.00","0.00","F","6","4711.00","128","6f 16y","1336","61.39","41.00","HPH-LHPPPP","10.00","5","3","9.3","","10","0","Hcap","Left - Sharp","3yo,60","22/1","22.00","3","3","60","14","14","201","405","204","49","54","69","32","15","","b","g","Beautiful News","Iffraaj","b1","0","1.07","0","9","26.41","10.91","22.22","0.00","1","3","0.00","0.00","1.00","0.00","0.00","0.00","NO","0.00","Male","38.96","43.13","44.43","49.33","0.00","0.00","0.00","","","",""
"31/08/2026","17:35","Southwell","Soul Warrior","12.00","0.00","12.00","0.00","12.00","0.00","NO","","0.00","","14","Alex Jary","Nigel Tinkler","57","16","24","55","65","56","58","F","57","61","49","16","10","26","2","31/08/2026 17:35","6f 16y","A/W","F","6","1336","3","3768.00","Celebrate With Sponsorship At Southwell Racecourse Handicap (Class F)","","","","0.00","130","8881-80358","0","0","0","0.00","0.00","0.00","1","1","9","11.11","11.11","0.00","32.00","36.64","F","6","3140.00","125","6f","1320","8.11","7.50","PPHP-HHHPH","3.00","7","3","9.4","D","9","0","Hcap","Left - Sharp","3yo,60","16/1","16.00","3","3","60","14","14","261","420","159","50","45","62","2","24","","b","g","Alsindi","Invincible Spirit","v1","0","1.20","1","9","32.18","21.34","44.44","33.33","1","1","0.00","0.00","1.00","0.00","0.00","0.00","NO","0.00","Male","25.66","25.15","43.00","44.19","0.00","0.00","0.00","","","",""
"31/08/2026","17:35","Southwell","Golden Harvest","11.00","-10.00","10.00","11.11","11.00","0.00","NO","","0.00","","11","Dougie Costello","Steph Hollinshead","58","37","39","54","58","35","43","F","41","41","36","13","10","23","0","31/08/2026 17:35","6f 16y","A/W","F","6","1336","0","3768.00","Celebrate With Sponsorship At Southwell Racecourse Handicap (Class F)","","","","0.00","129","0953","0","0","0","0.00","0.00","0.00","0","0","4","0.00","0.00","0.00","-4.00","0.00","F","6","3664.00","135","4f 214y","1094","12.00","10.00","HHHH","0.00","3","3","9.3","","11","0","Hcap","Left - Sharp","3yo,60","20/1","20.00","3","3","60","14","14","176","340","164","47","59","51","7","39","","b","g","Big Sky","Washington DC","","0","0.99","0","4","32.38","16.70","25.00","25.00","2","3","0.00","0.00","1.00","0.00","0.00","0.00","NO","0.00","Male","70.00","56.88","45.47","45.08","0.00","0.00","0.00","","","3","0"
"31/08/2026","17:55","Roscommon","Tokyo Treasure","29.00","17.86","34.00","21.21","41.00","42.86","NO","","0.00","","11","J M Sheridan","Patrick T Foley","47","58","13","77","69","56","58","D","59","61","56","35","10","45","4","31/08/2026 17:55","7f 94y","Turf","D","4","1634","0","12000.00","Lidan Handicap (Class D) (0-85)","","","","0.00","134","838-720","0","0","0","0.00","0.00","0.00","0","2","6","0.00","33.33","0.00","-6.00","0.00","D","4","9600.00","132","7f 111y","1651","17.54","12.00","PPP-PPH","8.00","10","4","9.8","","5","0","Hcap","Right - Stiff","3yo+,85","11/1","11.00","3","","85","13","13","197","369","172","51","63","57","1","13","","b","g","Japanese Slipper","Profitable","t","0","1.01","0","6","54.98","37.95","0.00","0.00","2","1","0.00","0.00","1.00","0.00","0.00","0.00","NO","0.00","Male","45.69","40.93","49.74","54.13","0.00","0.00","0.00","","","",""
"31/08/2026","19:25","Roscommon","Letiza","10.00","0.00","10.00","22.22","12.00","22.22","NO","","0.00","","15","Andrew Slattery","Andrew Slattery","62","30","9","72","73","58","61","D","62","72","57","26","10","36","2","31/08/2026 19:25","1m 4f 17y","Turf","D","4","2657","0","9000.00","Oran Handicap (Class D) (0-85)","","","","0.00","132","24/81860-244","0","0","0","0.00","0.00","0.00","2","7","26","7.69","26.92","0.00","-19.47","79.50","C","3","15601.00","124","1m 4f","2640","13.58","12.00","HH/PHPPL-HHP","4.00","4","6","9.6","","12","0","Hcap","Right - Stiff","3yo+,85","16/1","16.00","3","","85","19","19","162","252","90","55","62","60","-87","9","","b","m","Spanish Berry","Holy Roman Emperor","","0","1.21","2","26","57.83","43.62","42.31","23.08","8","3","100.00","100.00","1.00","0.00","0.00","0.00","NO","0.00","Female","76.73","67.86","61.54","52.40","0.00","0.00","0.00","","","",""
"31/08/2026","19:25","Roscommon","Merlin The Wizard","17.00","-12.50","15.00","14.29","17.00","0.00","NO","","0.00","","3","S Coen","R P Cody","60","82","16","76","72","63","65","C","68","71","60","26","24","50","2","31/08/2026 19:25","1m 4f 17y","Turf","D","4","2657","5","9000.00","Oran Handicap (Class D) (0-85)","","","","0.00","136","0253811965","0","0","0","0.00","0.00","0.00","5","3","25","20.00","12.00","0.00","-8.09","72.66","D","4","9000.00","134","1m 4f","2640","5.10","4.33","HPPPHPPHPH","4.00","2","6","9.10","D","7","0","Hcap","Right - Stiff","3yo+,85","16/1","16.00","3","","85","19","19","220","468","248","58","89","60","41","16","","b","g","Sweet Gentle Kiss","Camelot","p1","0","1.21","5","25","54.55","41.17","28.00","28.00","1","-1","0.00","60.00","1.00","0.00","0.00","0.00","NO","0.00","Male","100.00","96.30","68.86","59.86","0.00","0.00","0.00","","","",""
"31/08/2026","19:25","Roscommon","Summer Snow","21.00","-10.00","19.00","-22.22","15.00","-30.00","NO","","0.00","","12","Reserve 1","Peter Lawlor","60","35","13","69","71","57","58","D","60","70","56","26","13","39","4","31/08/2026 19:25","1m 4f 17y","Turf","D","4","2657","0","9000.00","Oran Handicap (Class D) (0-85)","","","","0.00","129","1380-905083","0","0","0","0.00","0.00","0.00","6","6","40","15.00","15.00","0.00","13.33","77.00","E","5","7200.00","134","1m 4f 48y","2688","26.60","15.00","PPPH-HHHPHP","8.00","13","6","9.3","","17","0","Hcap","Right - Stiff","3yo+,85","16/1","16.00","3","","85","19","19","174","289","115","52","31","60","-28","13","","gr","m","Chute Hall Lady","El Kabeir","t","0","1.95","6","40","55.73","39.71","22.50","17.50","2","1","16.67","33.33","1.00","0.00","0.00","0.00","NO","0.00","Female","0.00","46.22","42.92","55.60","0.00","0.00","0.00","","","",""
"31/08/2026","19:25","Roscommon","Thyer","6.50","9.09","7.00","-25.00","5.50","-18.18","NO","","0.00","","6","Leigh Roche","Maurice Ahern","73","67","15","79","73","64","67","D","65","70","60","36","33","69","4","31/08/2026 19:25","1m 4f 17y","Turf","D","4","2657","0","9000.00","Oran Handicap (Class D) (0-85)","","","","0.00","139","320000-6532","0","0","0","0.00","0.00","0.00","2","5","15","13.33","33.33","0.00","-5.80","50.76","D","4","12600.00","136","1m 2f","2200","4.43","4.00","PPHHHH-HHPP","8.00","5","5","9.13","BF","3","0","Hcap","Right - Stiff","3yo+,85","11/1","11.00","3","","85","19","19","251","299","48","42","61","57","-11","15","","b","g","Magical Rhythms","Gleneagles","","0","0.90","2","15","63.55","48.85","13.33","13.33","5","-1","50.00","100.00","1.00","0.00","0.00","0.00","NO","0.00","Male","0.00","13.33","53.56","57.27","0.00","0.00","0.00","","","",""
"31/08/2026","19:55","Roscommon","Ellens Bay","13.00","16.67","15.00","14.29","17.00","33.33","NO","","0.00","","6","Luke McAteer","Ciaran Murphy","56","85","26","53","56","46","49","E","48","48","48","25","10","35","2","31/08/2026 19:55","1m 4f 17y","Turf","F","6","2657","0","6000.00","Roscommon Racecourse On Facebook Handicap (Class F) (0-60)","","","","0.00","136","0-003","0","0","0","0.00","0.00","0.00","0","1","4","0.00","25.00","0.00","-4.00","0.00","E","5","7200.00","128","1m 5f 56y","2916","74.54","51.00","H-HHP","3.00","7","3","9.10","","11","0","Hcap","Right - Stiff","3yo,60","10/1","10.00","3","3","60","19","19","224","311","87","34","47","37","-31","26","","b","f","Semper Fi","Galileo Gold","","0","1.21","0","4","33.93","17.98","25.00","25.00","2","1","0.00","0.00","1.00","0.00","0.00","0.00","NO","0.00","Female","85.95","69.70","62.52","59.41","0.00","0.00","0.00","","","",""
"31/08/2026","19:55","Roscommon","Curious Jane","17.00","0.00","17.00","0.00","17.00","0.00","NO","","0.00","","18","Reserve 3","Ciaran Murphy","54","0","26","43","60","48","54","E","54","54","49","7","3","10","4","31/08/2026 19:55","1m 4f 17y","Turf","F","6","2657","0","6000.00","Roscommon Racecourse On Facebook Handicap (Class F) (0-60)","","","","0.00","126","0-00955","0","0","0","0.00","0.00","0.00","0","0","6","0.00","0.00","0.00","-6.00","0.00","E","5","7200.00","114","1m 5f 56y","2916","28.00","17.00","H-HHHPP","7.00","9","3","9.0","","19","0","Hcap","Right - Stiff","3yo,60","40/1","40.00","3","3","60","19","19","221","409","188","34","29","64","61","26","","b","f","Jane Austen","Kuroshio","","0","0.62","0","6","30.08","13.23","16.67","0.00","4","3","0.00","0.00","1.00","0.00","0.00","0.00","NO","0.00","Female","85.95","69.70","62.52","59.41","0.00","0.00","0.00","","","",""
"31/08/2026","19:55","Roscommon","Canon Law","6.00","10.00","6.50","9.09","7.00","20.00","NO","","0.00","","2","Rory Cleary","Brendan W Duke","61","116","26","55","61","55","59","E","61","61","50","36","30","66","12","31/08/2026 19:55","1m 4f 17y","Turf","F","6","2657","0","6000.00","Roscommon Racecourse On Facebook Handicap (Class F) (0-60)","","","","0.00","138","0005-066251","0","0","0","0.00","0.00","0.00","1","1","10","10.00","10.00","0.00","-6.50","72.00","E","5","7200.00","119","1m 5f 56y","2916","3.85","3.50","PPHL-PPHLLL","21.00","14","3","9.12","","8","0","Hcap","Right - Stiff","3yo,60","7/1","7.00","3","3","60","19","19","334","470","136","37","41","46","12","26","","b","g","Oh Sedulous","Waldgeist","","0","1.75","1","10","48.61","36.45","50.00","50.00","6","1","0.00","100.00","1.00","0.00","0.00","0.00","NO","0.00","Male","29.89","21.01","35.18","46.01","0.00","0.00","0.00","","","",""
"31/08/2026","19:25","Roscommon","Duke Of Leggagh","81.00","0.00","81.00","0.00","81.00","0.00","NO","","0.00","","17","Reserve 2","M Mulvany","43","21","13","68","72","58","34","E","33","70","53","12","13","25","0","31/08/2026 19:25","1m 4f 17y","Turf","D","4","2657","0","9000.00","Oran Handicap (Class D) (0-85)","","","","0.00","128","9584157-900","0","0","0","0.00","0.00","0.00","6","10","47","12.77","21.28","87.50","-10.00","72.75","E","5","7200.00","132","1m 4f 48y","2688","302.89","51.00","PLPPPPP-HHH","0.00","15","6","9.2","CD","18","0","Hcap","Right - Stiff","3yo+,85","33/1","33.00","3","","85","19","19","75","227","152","57","31","60","4","13","460","gr","g","Lucky Beguine","Tough As Nails","t","0","0.50","6","47","52.05","37.92","31.91","21.28","1","-1","50.00","50.00","1.00","0.00","0.00","0.00","NO","0.00","Male","52.91","53.73","46.70","53.84","0.00","0.00","0.00","","","",""
"31/08/2026","19:25","Roscommon","Neptunes Staircase","26.00","0.00","26.00","-20.00","21.00","-20.00","NO","","0.00","","1","Colin Keane","G M Lyons","34","107","156","78","73","60","54","E","60","70","58","10","31","41","4","31/08/2026 19:25","1m 4f 17y","Turf","D","4","2657","0","9000.00","Oran Handicap (Class D) (0-85)","","","","0.00","138","7022/2671-9","0","0","0","0.00","0.00","0.00","1","3","9","11.11","33.33","0.00","-6.38","66.00","D","4","12600.00","139","1m 4f","2640","34.00","15.00","HHHH/PLPP-H","8.00","10","6","9.12","CD","5","0","Hcap","Right - Stiff","3yo+,85","40/1","40.00","3","","85","19","19","141","459","318","92","97","96","33","156","","b","g","My Rosie","Lope De Vega","","0","0.67","1","9","67.16","51.52","44.44","22.22","1","1","0.00","100.00","1.00","0.00","0.00","0.00","NO","0.00","Male","62.57","54.24","54.51","58.34","0.00","0.00","0.00","","","",""
"31/08/2026","19:25","Roscommon","Flying Fortress","10.00","11.11","11.00","10.00","12.00","22.22","NO","","0.00","","13","R Whearty","Gavin Cromwell","62","34","62","73","65","56","58","D","56","62","53","25","16","41","4","31/08/2026 19:25","1m 4f 17y","Turf","D","4","2657","0","9000.00","Oran Handicap (Class D) (0-85)","","","","0.00","133","932510-5082","0","0","0","0.00","0.00","0.00","2","4","19","10.53","21.05","0.00","-7.00","79.50","D","4","9000.00","129","1m 2f 63y","2263","6.42","6.00","PPPHHH-PHPP","8.00","9","4","9.7","","10","0","Hcap","Right - Stiff","3yo+,85","16/1","16.00","3","","85","19","19","130","194","64","62","45","47","-90","62","","b","g","Lady Poppy","Churchill","b","0","0.62","2","19","58.05","42.34","26.32","15.79","3","1","50.00","50.00","1.00","0.00","0.00","0.00","NO","0.00","Male","50.38","48.71","53.74","51.61","0.00","0.00","0.00","","","",""
"31/08/2026","19:25","Roscommon","Superficial","15.00","14.29","17.00","-12.50","15.00","0.00","NO","","0.00","","13","Gavin Ryan","Andrew McNamara","59","34","30","80","67","55","52","D","59","63","52","36","20","56","2","31/08/2026 19:25","1m 4f 17y","Turf","D","4","2657","0","9000.00","Oran Handicap (Class D) (0-85)","","","","0.00","140","75378-26100","0","0","0","0.00","0.00","0.00","1","2","12","8.33","16.67","100.00","-7.00","90.00","D","4","10800.00","140","1m 3f 180y","2600","8.20","7.00","PPPPH-HHHPH","4.00","11","4","10.0","CD","2","0","Hcap","Right - Stiff","3yo+,85","11/1","11.00","3","","85","19","19","204","374","170","29","64","50","27","30","86","ch","g","Love On My Mind","Galileo Chrome","","0","0.95","1","12","54.79","39.00","33.33","33.33","-2","-1","0.00","0.00","1.00","0.00","0.00","0.00","NO","0.00","Male","48.33","61.67","57.13","56.30","0.00","0.00","0.00","","","",""
"31/08/2026","19:25","Roscommon","L'Un Deux Trois","21.00","0.00","21.00","-10.00","19.00","-10.00","NO","","0.00","","18","Reserve 3","Oliver McKiernan","64","16","24","66","69","55","57","E","58","68","51","0","26","26","2","31/08/2026 19:25","1m 4f 17y","Turf","D","4","2657","0","9000.00","Oran Handicap (Class D) (0-85)","","","","0.00","126","940807/6P-61","0","0","0","0.00","0.00","0.00","4","7","45","8.89","15.56","93.33","15.00","72.00","E","5","7200.00","146","1m 4f 100y","2740","22.00","21.00","HPLHPH/HH-HP","4.00","14","10","9.0","D","19","0","Hcap","Right - Stiff","3yo+,85","","0.00","3","","85","19","19","92","257","165","60","31","60","14","24","115","gr","g","Moment Juste","Mastercraftsman","tb","0","1.75","4","42","56.51","39.90","38.10","21.43","2","1","25.00","25.00","1.00","0.00","0.00","0.00","NO","0.00","Male","0.00","49.18","53.09","52.89","0.00","0.00","0.00","","","",""
"31/08/2026","19:25","Roscommon","Sea Eagle","26.00","32.00","34.00","0.00","34.00","32.00","NO","","0.00","","19","Jack Cleary","Gerard O'Leary","58","7","24","80","68","58","52","C","58","67","55","17","19","36","2","31/08/2026 19:25","1m 4f 17y","Turf","D","4","2657","5","9000.00","Oran Handicap (Class D) (0-85)","","","","0.00","140","56/60260-U02","0","0","0","0.00","0.00","0.00","3","4","22","13.64","18.18","75.00","-6.13","61.42","D","4","18000.00","135","1m 4f","2640","180.00","67.00","HP/HHPPP-HHP","4.00","18","6","10.0","C","1","0","Hcap","Right - Stiff","3yo+,85","25/1","25.00","3","","85","19","19","139","267","128","48","33","53","-6","66","24","br","g","Vassaria","Time Test","","0","0.00","3","22","53.96","39.58","40.91","27.27","-2","1","33.33","33.33","1.00","0.00","0.00","0.00","NO","0.00","Male","22.62","29.07","39.20","42.07","0.00","0.00","0.00","","","",""
"31/08/2026","19:25","Roscommon","Fratas","8.50","0.00","8.50","6.67","9.00","6.67","NO","","0.00","","4","J M Sheridan","Joseph Patrick O'Brien","60","80","30","78","73","57","50","D","60","73","54","24","23","47","0","31/08/2026 19:25","1m 4f 17y","Turf","D","4","2657","0","9000.00","Oran Handicap (Class D) (0-85)","","","","0.00","138","0222440-620","0","0","0","0.00","0.00","0.00","6","6","29","20.69","20.69","85.71","6.08","90.00","D","4","10800.00","138","1m 3f 180y","2600","2.26","2.20","HLLLLPL-HHH","0.00","6","6","9.12","D  BF","4","0","Hcap","Right - Stiff","3yo+,85","18/1","18.00","3","","85","19","19","192","367","175","94","57","83","-59","30","33","ch","m","Deontas","Fracas","","0","1.05","6","29","58.99","45.81","37.93","27.59","5","-3","16.67","16.67","1.00","0.00","0.00","0.00","NO","0.00","Female","48.19","57.80","54.27","60.43","0.00","0.00","0.00","","","",""
"31/08/2026","19:25","Roscommon","Zoffman","15.00","14.29","17.00","12.50","19.00","28.57","NO","","0.00","","8","Ms N Burns","Noel Meade","69","64","16","74","77","62","59","B","56","76","62","33","41","74","0","31/08/2026 19:25","1m 4f 17y","Turf","D","4","2657","5","9000.00","Oran Handicap (Class D) (0-85)","","","","0.00","134","84070-68003","0","0","0","0.00","0.00","0.00","3","13","39","7.69","33.33","100.00","-21.00","159.00","C","3","12000.00","129","2m","3520","5.40","5.00","HPHPH-HHHHH","0.00","8","7","9.8","D","8","0","Hcap","Right - Stiff","3yo+,85","13/1","13.00","3","","85","19","19","201","305","104","62","31","45","-34","16","98","b","g","Empowermentofwomen","Zoffany","p","0","0.75","3","39","65.77","49.31","38.46","25.64","7","-1","33.33","66.67","1.00","0.00","0.00","0.00","NO","0.00","Male","57.74","59.61","52.61","53.05","0.00","0.00","0.00","","","",""
"31/08/2026","19:55","Roscommon","Augusta Rock","5.50","-11.11","5.00","0.00","5.00","-11.11","NO","","0.00","","3","Declan McDonogh","Joseph Patrick O'Brien","65","114","45","51","65","42","52","E","59","59","43","39","33","72","4","31/08/2026 19:55","1m 4f 17y","Turf","F","6","2657","0","6000.00","Roscommon Racecourse On Facebook Handicap (Class F) (0-60)","","","","0.00","134","008-852","0","0","0","0.00","0.00","0.00","0","1","6","0.00","16.67","0.00","-6.00","0.00","E","5","7200.00","125","1m 5f","2860","3.81","3.50","PHH-PHP","7.00","18","3","9.8","BF","12","0","Hcap","Right - Stiff","3yo,60","13/2","6.50","3","3","60","19","19","288","569","281","95","70","85","31","45","","ch","g","Double Fantasy","Australia","t1b","0","0.00","0","6","35.80","21.90","0.00","0.00","-2","-1","0.00","0.00","1.00","0.00","0.00","0.00","NO","0.00","Male","48.19","57.80","54.27","60.43","0.00","0.00","0.00","","","",""
"31/08/2026","19:55","Roscommon","Oh I Do Declare","41.00","-30.00","29.00","0.00","29.00","-30.00","NO","","0.00","","15","Scott McCullagh","Richard John O'Brien","36","14","138","56","45","41","40","E","41","41","40","6","3","9","0","31/08/2026 19:55","1m 4f 17y","Turf","F","6","2657","0","6000.00","Roscommon Racecourse On Facebook Handicap (Class F) (0-60)","","","","0.00","139","0-09","0","0","0","0.00","0.00","0.00","0","0","3","0.00","0.00","0.00","-3.00","0.00","E","5","10200.00","134","1m 2f","2200","1000.00","301.00","H-HH","0.00","6","3","9.13","","6","0","Hcap","Right - Stiff","3yo,60","50/1","50.00","3","3","60","19","19","145","341","196","34","54","35","73","138","","ch","g","Date In Vegas","Australia","","0","1.05","0","3","12.22","1.80","33.33","33.33","-1","-1","0.00","0.00","1.00","0.00","0.00","0.00","NO","0.00","Male","0.00","44.23","41.15","47.26","0.00","0.00","0.00","","","",""
"31/08/2026","19:55","Roscommon","Captain Con","12.00","-9.09","11.00","10.00","12.00","0.00","NO","","0.00","","8","Colin Keane","Noel Meade","49","58","58","53","59","52","47","E","49","57","43","6","3","9","4","31/08/2026 19:55","1m 4f 17y","Turf","F","6","2657","0","6000.00","Roscommon Racecourse On Facebook Handicap (Class F) (0-60)","","","","0.00","136","0-00670","0","0","0","0.00","0.00","0.00","0","0","6","0.00","0.00","0.00","-6.00","0.00","F","6","6000.00","136","1m 2f 194y","2394","16.50","13.00","H-PHHPP","7.00","4","3","9.10","","10","0","Hcap","Right - Stiff","3yo,60","50/1","50.00","3","3","60","19","19","169","301","132","67","99","76","-11","58","","b","g","Sermina","Persian King","b1","0","1.21","0","6","33.85","15.97","0.00","0.00","0","1","0.00","0.00","1.00","0.00","0.00","0.00","NO","0.00","Male","57.74","59.61","52.61","53.05","0.00","0.00","0.00","","","",""
"31/08/2026","19:55","Roscommon","Princess Rosie","51.00","0.00","51.00","0.00","51.00","0.00","NO","","0.00","","16","Reserve 1","P Cluskey","52","7","26","53","55","53","52","E","52","53","52","6","3","9","2","31/08/2026 19:55","1m 4f 17y","Turf","F","6","2657","0","6000.00","Roscommon Racecourse On Facebook Handicap (Class F) (0-60)","","","","0.00","136","0806-0","0","0","0","0.00","0.00","0.00","0","0","5","0.00","0.00","0.00","-5.00","0.00","E","5","6000.00","123","1m 2f 100y","2300","733.87","201.00","HHHP-H","3.00","13","3","9.10","","17","0","Hcap","Right - Stiff","3yo,60","50/1","50.00","3","3","60","19","19","217","398","181","19","29","64","69","26","","b","f","Hanvarana","Nando Parrado","","0","1.95","0","5","26.80","8.11","0.00","0.00","-1","-1","0.00","0.00","1.00","0.00","0.00","0.00","NO","0.00","Female","0.00","0.00","15.38","9.01","0.00","0.00","0.00","","","",""
"31/08/2026","19:55","Roscommon","Nosmokewithoutfire","81.00","0.00","81.00","-17.50","67.00","-17.50","NO","","0.00","","13","J J G Ryan","T G McCourt","46","25","37","50","46","43","45","E","46","46","39","5","3","8","0","31/08/2026 19:55","1m 4f 17y","Turf","F","6","2657","0","6000.00","Roscommon Racecourse On Facebook Handicap (Class F) (0-60)","","","","0.00","133","0-7000","0","0","0","0.00","0.00","0.00","0","0","5","0.00","0.00","0.00","-5.00","0.00","F","6","6000.00","121","7f","1540","388.96","101.00","P-HHHH","0.00","10","3","9.7","","14","0","Hcap","Right - Stiff","3yo,60","50/1","50.00","3","3","60","19","19","137","293","156","23","62","36","35","37","","b","g","Royal Highness","Raven's Pass","p","0","0.67","0","5","7.14","1.33","20.00","20.00","3","3","0.00","0.00","1.00","0.00","0.00","0.00","NO","0.00","Male","51.53","43.53","53.80","51.51","0.00","0.00","0.00","","","",""
"31/08/2026","19:55","Roscommon","Elzaam Express","26.00","0.00","26.00","0.00","26.00","0.00","NO","","0.00","","13","Reserve 2","Gavin Cromwell","53","25","26","45","53","46","46","E","49","49","45","6","3","9","2","31/08/2026 19:55","1m 4f 17y","Turf","F","6","2657","0","6000.00","Roscommon Racecourse On Facebook Handicap (Class F) (0-60)","","","","0.00","128","5007","0","0","0","0.00","0.00","0.00","0","0","4","0.00","0.00","0.00","-4.00","0.00","E","5","7200.00","121","1m 5f 56y","2916","36.56","29.00","HHHP","3.00","8","3","9.2","","18","0","Hcap","Right - Stiff","3yo,60","50/1","50.00","3","3","60","19","19","178","365","187","69","29","64","25","26","","b","g","Briarfield Lass","Elzaam","p","0","0.75","0","4","16.67","4.51","25.00","0.00","4","3","0.00","0.00","1.00","0.00","0.00","0.00","NO","0.00","Male","50.38","48.71","53.74","51.61","0.00","0.00","0.00","","","",""
"31/08/2026","19:55","Roscommon","Ravens Can Fly","34.00","21.21","41.00","-17.50","34.00","0.00","NO","","0.00","","7","Adam Browne-Souza","Andrew Slattery","53","74","51","56","59","54","55","E","55","55","52","6","3","9","4","31/08/2026 19:55","1m 4f 17y","Turf","F","6","2657","7","6000.00","Roscommon Racecourse On Facebook Handicap (Class F) (0-60)","","","","0.00","139","0048","0","0","0","0.00","0.00","0.00","0","0","4","0.00","0.00","0.00","-4.00","0.00","F","6","6000.00","121","1m 4f 65y","2705","34.00","19.00","HPHP","7.00","15","3","9.13","","7","0","Hcap","Right - Stiff","3yo,60","50/1","50.00","3","3","60","19","19","219","305","86","63","30","56","-63","51","","b","g","Indian Lilac","Raven's Pass","p1","0","0.50","0","4","45.35","23.35","25.00","0.00","2","3","0.00","0.00","1.00","0.00","0.00","0.00","NO","0.00","Male","76.73","67.86","61.54","52.40","0.00","0.00","0.00","","","",""
"31/08/2026","19:55","Roscommon","Minella Buoy","5.50","0.00","5.50","-22.22","4.50","-22.22","NO","","0.00","","4","W J Lee","John J Nallen","56","111","11","45","73","51","64","F","64","64","53","8","28","36","6","31/08/2026 19:55","1m 4f 17y","Turf","F","6","2657","0","6000.00","Roscommon Racecourse On Facebook Handicap (Class F) (0-60)","","","","0.00","128","696-6222","0","0","0","0.00","0.00","0.00","0","3","7","0.00","42.86","100.00","-7.00","0.00","F","6","6000.00","127","1m 1f 120y","2100","8.40","6.50","HPP-HPPP","10.00","19","3","9.2","","16","0","Hcap","Right - Stiff","3yo,60","33/1","33.00","3","3","60","19","19","272","587","315","89","92","59","75","91","11","b","g","Cubswin","Golden Horn","h","0","0.00","0","7","56.57","43.55","14.29","14.29","3","1","0.00","0.00","1.00","0.00","0.00","0.00","NO","0.00","Male","0.00","83.23","74.94","79.16","0.00","0.00","0.00","","","",""
"31/08/2026","19:55","Roscommon","Wipeawayyourtears","19.00","22.22","23.00","-36.36","15.00","-22.22","NO","","0.00","","9","Gavin Ryan","Michael Butler","53","55","49","59","64","52","59","F","62","62","53","23","38","61","4","31/08/2026 19:55","1m 4f 17y","Turf","F","6","2657","0","6000.00","Roscommon Racecourse On Facebook Handicap (Class F) (0-60)","","","","0.00","142","706-2319","0","0","0","0.00","0.00","0.00","1","2","7","14.29","28.57","0.00","0.50","60.00","F","6","6000.00","134","1m 3f 73y","2493","13.54","9.00","HHH-HHPP","7.00","12","3","10.2","D","4","0","Hcap","Right - Stiff","3yo,60","11/1","11.00","3","3","60","19","19","307","593","286","61","61","92","72","49","","b","f","Elshabakiya","Alkumait","p","0","0.87","1","7","61.33","46.11","42.86","42.86","1","1","0.00","0.00","1.00","0.00","0.00","0.00","NO","0.00","Female","0.00","22.65","39.30","48.56","0.00","0.00","0.00","","","",""
"31/08/2026","19:55","Roscommon","Sir Trancealot","29.00","17.86","34.00","-15.15","29.00","0.00","NO","","0.00","","5","Seamie Heffernan","J P Murtagh","17","98","49","58","63","51","46","F","60","60","43","24","13","37","6","31/08/2026 19:55","1m 4f 17y","Turf","F","6","2657","0","6000.00","Roscommon Racecourse On Facebook Handicap (Class F) (0-60)","","","","0.00","141","077350","0","0","0","0.00","0.00","0.00","0","1","6","0.00","16.67","0.00","-6.00","0.00","F","6","6000.00","139","1m 3f 73y","2493","14.50","11.00","HHHPPP","10.00","16","3","10.1","","5","0","Hcap","Right - Stiff","3yo,60","11/1","11.00","3","3","60","19","19","267","431","164","72","46","31","15","49","","b","g","Love Magic","Camelot","","0","0.00","0","6","32.36","23.58","16.67","0.00","-2","-1","0.00","0.00","1.00","0.00","0.00","0.00","NO","0.00","Male","55.25","47.16","48.40","48.76","0.00","0.00","0.00","","","",""
"31/08/2026","19:55","Roscommon","Premier Princess","26.00","12.00","29.00","0.00","29.00","12.00","NO","","0.00","","18","J M Sheridan","Denis Gerard Hogan","50","0","91","54","53","46","48","E","50","50","45","5","3","8","0","31/08/2026 19:55","1m 4f 17y","Turf","F","6","2657","0","6000.00","Roscommon Racecourse On Facebook Handicap (Class F) (0-60)","","","","0.00","137","5068","0","0","0","0.00","0.00","0.00","0","0","4","0.00","0.00","0.00","-4.00","0.00","F","6","6000.00","136","1m 1f 120y","2100","32.06","23.00","HHHH","0.00","11","3","9.11","","9","0","Hcap","Right - Stiff","3yo,60","50/1","50.00","3","3","60","19","19","136","323","187","46","61","73","7","91","","b","f","Week End","Ten Sovereigns","t1p1","0","0.95","0","4","32.92","13.05","0.00","0.00","2","1","0.00","0.00","1.00","0.00","0.00","0.00","NO","0.00","Female","47.79","42.05","46.66","46.41","0.00","0.00","0.00","","","",""
"31/08/2026","19:55","Roscommon","Nathema","8.00","28.57","10.00","-11.11","9.00","14.29","NO","","0.00","","10","Andrew Slattery","Andrew Slattery","56","51","16","59","56","52","52","F","52","54","48","27","13","40","2","31/08/2026 19:55","1m 4f 17y","Turf","F","6","2657","0","6000.00","Roscommon Racecourse On Facebook Handicap (Class F) (0-60)","","","","0.00","142","8-8482","0","0","0","0.00","0.00","0.00","0","1","5","0.00","20.00","0.00","-5.00","0.00","F","6","6000.00","125","1m 4f","2640","21.71","19.00","H-HHHP","3.00","3","3","10.2","","2","0","Hcap","Right - Stiff","3yo,60","10/1","10.00","3","3","60","19","19","286","406","120","63","57","63","-63","16","","b","f","Nahema","Nathaniel","","0","0.90","0","5","45.22","25.74","0.00","0.00","3","3","0.00","0.00","1.00","0.00","0.00","0.00","NO","0.00","Female","76.73","67.86","61.54","52.40","0.00","0.00","0.00","","","",""
"31/08/2026","19:55","Roscommon","Priorstown","4.33","-9.91","4.00","16.67","4.50","5.11","NO","","0.00","","12","Ben Coen","J P Murtagh","47","30","31","59","59","53","51","E","51","56","53","8","3","11","2","31/08/2026 19:55","1m 4f 17y","Turf","F","6","2657","0","6000.00","Roscommon Racecourse On Facebook Handicap (Class F) (0-60)","","","","0.00","142","6070","0","0","0","0.00","0.00","0.00","0","0","4","0.00","0.00","0.00","-4.00","0.00","E","5","10200.00","131","1m 98y","1858","34.16","23.00","HHPH","3.00","17","3","10.2","","3","0","Hcap","Right - Stiff","3yo,60","33/1","33.00","3","3","60","19","19","233","488","255","72","73","75","35","31","","b","g","Newellen","Iffraaj","p1","0","0.00","0","4","24.37","11.83","0.00","0.00","-2","-3","0.00","0.00","1.00","0.00","0.00","0.00","NO","0.00","Male","55.25","47.16","48.40","48.76","0.00","0.00","0.00","","","",""
"31/08/2026","19:55","Roscommon","Tintinabulla","81.00","0.00","81.00","-17.50","67.00","-17.50","NO","","0.00","","11","Reese Holohan","Ms Sheila Lavery","45","37","49","49","54","49","49","E","50","50","49","8","3","11","0","31/08/2026 19:55","1m 4f 17y","Turf","F","6","2657","7","6000.00","Roscommon Racecourse On Facebook Handicap (Class F) (0-60)","","","","0.00","132","0870","0","0","0","0.00","0.00","0.00","0","0","4","0.00","0.00","0.00","-4.00","0.00","F","6","6000.00","132","1m 3f 73y","2493","220.00","81.00","HHHH","0.00","2","3","9.6","","15","0","Hcap","Right - Stiff","3yo,60","33/1","33.00","3","3","60","19","19","171","394","223","51","69","64","39","49","","b","f","Tinshu","U S Navy Flag","t1","0","1.21","0","4","28.26","10.00","50.00","0.00","4","3","0.00","0.00","1.00","0.00","0.00","0.00","NO","0.00","Female","35.71","55.60","56.51","51.60","0.00","0.00","0.00","","","",""
"31/08/2026","19:55","Roscommon","Glen Echo","7.50","7.69","8.00","0.00","8.00","7.69","NO","","0.00","","1","Gary Carroll","Gavin Cromwell","57","138","38","59","64","58","61","E","63","63","58","35","30","65","0","31/08/2026 19:55","1m 4f 17y","Turf","F","6","2657","0","6000.00","Roscommon Racecourse On Facebook Handicap (Class F) (0-60)","","","","0.00","142","070033","0","0","0","0.00","0.00","0.00","0","1","6","0.00","16.67","0.00","-6.00","0.00","F","6","6000.00","139","1m 4f","2640","19.48","13.00","HHHHHH","0.00","5","3","10.2","","1","0","Hcap","Right - Stiff","3yo,60","7/1","7.00","3","3","60","19","19","287","405","118","69","70","83","-10","38","","b","g","Illumined","Gleneagles","p","0","0.90","0","6","43.07","24.62","16.67","0.00","4","3","0.00","0.00","1.00","0.00","0.00","0.00","NO","0.00","Male","50.38","48.71","53.74","51.61","0.00","0.00","0.00","","","",""
"31/08/2026","19:55","Roscommon","Flagstone Lady","41.00","0.00","41.00","-17.50","34.00","-17.50","NO","","0.00","","16","J Kearney","M D O'Callaghan","55","7","49","51","55","49","49","F","52","52","47","7","3","10","4","31/08/2026 19:55","1m 4f 17y","Turf","F","6","2657","3","6000.00","Roscommon Racecourse On Facebook Handicap (Class F) (0-60)","","","","0.00","134","80608","0","0","0","0.00","0.00","0.00","0","0","5","0.00","0.00","0.00","-5.00","0.00","F","6","6000.00","133","1m 3f 73y","2493","101.24","41.00","HHHPP","7.00","1","3","9.8","","13","0","Hcap","Right - Stiff","3yo,60","40/1","40.00","3","3","60","19","19","202","408","206","68","47","64","27","49","","gr","f","Petits Potins","U S Navy Flag","","0","1.21","0","5","29.63","11.59","0.00","0.00","1","1","0.00","0.00","1.00","0.00","0.00","0.00","NO","0.00","Female","53.30","60.20","59.86","58.83","0.00","0.00","0.00","","","",""
"31/08/2026","19:25","Roscommon","Faro Island","7.00","-8.33","6.50","27.27","8.00","16.67","NO","","0.00","","8","Gary Carroll","Andrew Oliver","66","64","32","73","72","60","68","D","66","66","58","43","44","87","4","31/08/2026 19:25","1m 4f 17y","Turf","D","4","2657","0","9000.00","Oran Handicap (Class D) (0-85)","","","","0.00","133","7/0310-41761","0","0","0","0.00","0.00","0.00","3","2","11","27.27","18.18","0.00","14.00","78.00","E","5","10200.00","136","1m 4f","2640","16.50","11.00","H/HPHH-HHHPP","8.00","3","4","9.7","D","9","0","Hcap","Right - Stiff","3yo+,85","9/1","9.00","3","","85","19","19","274","504","230","48","72","56","54","32","","ch","g","Boost","Ulysses","p","0","0.90","3","11","60.64","48.03","36.36","27.27","-1","-1","0.00","0.00","1.00","0.00","0.00","0.00","NO","0.00","Male","53.47","52.68","49.30","45.84","0.00","0.00","0.00","","","",""
"31/08/2026","18:55","Roscommon","Shambata","21.00","0.00","21.00","0.00","21.00","0.00","NO","","0.00","","10","Ben Coen","J P Murtagh","47","38","80","0","60","53","53","E","53","47","53","11","7","18","2","31/08/2026 18:55","1m 4f 17y","Turf","E","5","2657","0","7200.00","Racing Here Again On September 28th Maiden (Class E)","","","","0.00","129","40","0","0","0","0.00","0.00","0.00","0","0","2","0.00","0.00","0.00","-2.00","0.00","E","5","9000.00","129","1m 1f 100y","2080","4.35","3.75","HP","4.00","11","3","9.3","","16","0","Mdn","Right - Stiff","3yo+","25/1","25.00","3","","","19","19","204","426","222","58","70","74","20","80","","ch","f","Shabaya","New Bay","","0","0.95","0","2","38.94","20.71","0.00","0.00","0","0","0.00","0.00","1.00","0.00","0.00","0.00","NO","0.00","Female","55.25","47.16","48.40","48.76","0.00","0.00","0.00","","","",""
"31/08/2026","18:55","Roscommon","Almazann","2.75","-21.14","2.38","-39.86","1.83","-52.57","NO","","0.00","","1","Chris Hayes","D K Weld","65","225","13","87","70","67","67","E","67","67","67","36","44","80","6","31/08/2026 18:55","1m 4f 17y","Turf","E","5","2657","0","7200.00","Racing Here Again On September 28th Maiden (Class E)","","","","0.00","134","222","0","0","0","0.00","0.00","0.00","0","3","3","0.00","100.00","0.00","-3.00","0.00","E","5","7200.00","134","1m 4f 48y","2688","2.62","2.25","PPP","12.00","17","3","9.8","","5","0","Mdn","Right - Stiff","3yo+","7/1","7.00","3","","","19","19","359","423","64","68","68","79","-15","13","","b","c","Almela","Zarak","","0","0.00","0","3","90.45","81.93","0.00","0.00","1","1","0.00","0.00","1.00","0.00","0.00","0.00","NO","0.00","Male","47.85","53.19","59.79","58.46","0.00","0.00","0.00","","","",""
"31/08/2026","18:55","Roscommon","Miss Romagna","11.00","0.00","11.00","20.00","13.00","20.00","NO","","0.00","","5","W J Lee","W McCreery","54","105","51","74","63","55","57","E","56","56","54","25","19","44","8","31/08/2026 18:55","1m 4f 17y","Turf","E","5","2657","0","7200.00","Racing Here Again On September 28th Maiden (Class E)","","","","0.00","129","6253","0","0","0","0.00","0.00","0.00","0","2","4","0.00","50.00","0.00","-4.00","0.00","E","5","9600.00","129","1m 4f 65y","2705","8.00","6.50","HPLP","15.00","7","3","9.3","","15","0","Mdn","Right - Stiff","3yo+","10/1","10.00","3","","","19","19","280","450","170","62","93","84","-69","51","","b","f","Paza","Make Believe","","0","1.21","0","4","73.66","55.27","0.00","0.00","4","3","0.00","0.00","1.00","0.00","0.00","0.00","NO","0.00","Female","53.16","73.94","58.78","55.44","0.00","0.00","0.00","","","",""
"31/08/2026","18:55","Roscommon","Nothingbutadream","101.00","50.00","151.00","-33.33","101.00","0.00","NO","","0.00","","15","J J G Ryan","C D Timmons","36","16","16","0","36","15","17","E","15","15","17","1","3","4","2","31/08/2026 18:55","1m 4f 17y","Turf","E","5","2657","0","7200.00","Racing Here Again On September 28th Maiden (Class E)","","","","0.00","143","007","0","0","1","0.00","0.00","-1.00","0","0","3","0.00","0.00","0.00","-3.00","0.00","E","5","7200.00","141","1m 4f","2640","961.35","201.00","HHP","4.00","4","4","10.3","","2","0","Mdn","Right - Stiff","3yo+","300/1","300.00","3","","","19","19","187","340","153","21","64","37","31","16","","b","g","Tommy Hilfilly","Vadamos","h","0","1.21","0","3","11.11","3.70","33.33","0.00","1","1","0.00","0.00","1.00","0.00","0.00","0.00","NO","0.00","Male","46.04","39.37","39.50","43.54","0.00","0.00","0.00","","","",""
"31/08/2026","18:55","Roscommon","Four Ball","41.00","0.00","41.00","65.00","67.00","65.00","NO","","0.00","","14","Luke McAteer","Ciaran Murphy","58","19","80","0","58","58","58","D","58","","58","16","14","30","0","31/08/2026 18:55","1m 4f 17y","Turf","E","5","2657","0","7200.00","Racing Here Again On September 28th Maiden (Class E)","","","","0.00","134","6","0","0","0","0.00","0.00","0.00","0","0","1","0.00","0.00","0.00","-1.00","0.00","D","4","12000.00","132","1m 4f","2640","190.00","67.00","H","0.00","8","3","9.8","","7","0","Mdn","Right - Stiff","3yo+","16/1","16.00","3","","","19","19","245","430","185","35","53","33","64","80","","b","g","Amarissa","Gleneagles","t1","0","0.75","0","1","68.75","47.27","100.00","100.00","1","1","0.00","0.00","1.00","0.00","0.00","0.00","NO","0.00","Male","85.95","69.70","62.52","59.41","0.00","0.00","0.00","","","",""
"31/08/2026","18:55","Roscommon","Cosmetic","4.00","0.00","4.00","16.67","4.50","16.67","NO","","0.00","","2","Wayne Lordan","A P O'Brien","62","197","31","81","68","58","63","E","62","62","55","30","22","52","10","31/08/2026 18:55","1m 4f 17y","Turf","E","5","2657","0","7200.00","Racing Here Again On September 28th Maiden (Class E)","","","","0.00","129","97-5524","0","0","0","0.00","0.00","0.00","0","1","6","0.00","16.67","0.00","-6.00","0.00","E","5","10200.00","129","1m 4f","2640","3.14","2.63","HP-PPLL","19.00","9","3","9.3","BF","11","0","Mdn","Right - Stiff","3yo+","17/2","8.50","3","","","19","19","314","484","170","96","81","87","-94","31","","b","f","Beauty Is Truth","Frankel","p","0","0.62","0","6","52.98","37.21","0.00","0.00","-2","1","0.00","0.00","1.00","0.00","0.00","0.00","NO","0.00","Female","60.78","62.79","64.57","57.49","0.00","0.00","0.00","","","",""
"31/08/2026","18:55","Roscommon","Shemiyka","19.00","0.00","19.00","22.22","23.00","22.22","NO","","0.00","","7","Sean Davis","M D O'Callaghan","68","72","26","72","68","62","64","E","64","64","60","34","20","54","4","31/08/2026 18:55","1m 4f 17y","Turf","E","5","2657","0","7200.00","Racing Here Again On September 28th Maiden (Class E)","","","","0.00","138","95-34","0","0","0","0.00","0.00","0.00","0","1","4","0.00","25.00","0.00","-4.00","0.00","E","5","6000.00","142","1m 2f 100y","2300","4.80","4.00","HH-PP","8.00","18","4","9.12","BF","4","0","Mdn","Right - Stiff","3yo+","15/2","7.50","3","","","19","19","295","380","85","67","29","33","-44","26","","b","f","Shehreen","Night Of Thunder","v","0","0.00","0","4","61.23","41.86","25.00","25.00","-2","-1","0.00","0.00","1.00","0.00","0.00","0.00","NO","0.00","Female","53.30","60.20","59.86","58.83","0.00","0.00","0.00","","","",""
"31/08/2026","18:55","Roscommon","I Hope You Dance","6.50","18.18","7.50","23.08","9.00","45.45","NO","","0.00","","4","Gary Carroll","Henry De Bromhead","53","119","89","79","70","63","63","E","66","66","60","33","34","67","8","31/08/2026 18:55","1m 4f 17y","Turf","E","5","2657","0","7200.00","Racing Here Again On September 28th Maiden (Class E)","","","","0.00","129","85-226","0","0","0","0.00","0.00","0.00","0","2","5","0.00","40.00","0.00","-5.00","0.00","D","4","12000.00","127","1m 4f","2640","6.80","5.00","HH-PLP","15.00","1","3","9.3","","12","0","Mdn","Right - Stiff","3yo+","15/2","7.50","3","","","19","19","321","564","243","67","71","82","23","89","","ch","f","Particule","Galiway","","0","1.21","0","5","64.13","45.09","20.00","20.00","3","1","0.00","0.00","1.00","0.00","0.00","0.00","NO","0.00","Female","48.25","62.65","58.42","63.21","0.00","0.00","0.00","","","",""
"31/08/2026","18:25","Roscommon","Sinmara","4.33","-9.91","4.00","11.00","4.33","0.00","NO","","0.00","","2","J M Sheridan","Joseph Patrick O'Brien","68","242","47","93","70","62","65","A","68","68","63","36","35","71","2","31/08/2026 18:25","1m 2f 63y","Turf","D","4","2263","0","10800.00","Lecarrow Conditions Race (Class D)","","","","0.00","128","3-1476","0","0","0","0.00","0.00","0.00","1","1","5","20.00","20.00","0.00","-2.75","90.00","A","1","30000.00","128","1m 40y","1800","15.00","13.00","P-PPHH","11.00","4","3","9.2","","5","0","Con","Right - Stiff","3yo+","27/10","2.70","3","","","5","5","332","712","380","99","92","93","96","47","","b","f","Playful Sound","Kingman","","0","0.38","1","5","68.10","51.62","20.00","20.00","3","1","0.00","0.00","1.00","0.00","0.00","0.00","NO","0.00","Female","48.19","57.80","54.27","60.43","0.00","0.00","0.00","","","",""
"31/08/2026","18:25","Roscommon","Dial Me In","4.33","-9.91","4.00","0.00","4.00","-9.91","NO","","0.00","","5","Declan McDonogh","Joseph Patrick O'Brien","67","172","32","87","67","62","65","B","67","67","57","23","28","51","0","31/08/2026 18:25","1m 2f 63y","Turf","D","4","2263","0","10800.00","Lecarrow Conditions Race (Class D)","","","","0.00","129","14-4208","0","0","0","0.00","0.00","0.00","1","1","6","16.67","16.67","0.00","-2.00","180.00","B","2","61848.00","123","1m 1f 197y","2177","9.36","7.00","HL-HHHH","0.00","1","3","9.3","","4","0","Con","Right - Stiff","3yo+","9/2","4.50","3","","","5","5","317","642","325","99","92","90","44","32","","b","c","Dialina","Awtaad","t","0","1.34","1","6","59.50","40.62","50.00","16.67","0","1","100.00","100.00","1.00","0.00","0.00","0.00","NO","0.00","Male","48.19","57.80","54.27","60.43","0.00","0.00","0.00","","","",""
"31/08/2026","17:55","Roscommon","Punica Granatum","7.50","0.00","7.50","38.46","10.00","38.46","NO","","0.00","","7","Shane Foley","Mrs John Harrington","59","69","16","78","66","60","63","B","59","66","52","43","10","53","4","31/08/2026 17:55","7f 94y","Turf","D","4","1634","0","12000.00","Lidan Handicap (Class D) (0-85)","","","","0.00","130","420-20U3","0","0","0","0.00","0.00","0.00","0","3","7","0.00","42.86","0.00","-7.00","0.00","E","5","7200.00","129","7f","1540","2.38","2.20","LPP-HHPP","8.00","1","3","9.4","BF","9","0","Hcap","Right - Stiff","3yo+,85","9/1","9.00","3","","85","13","13","199","419","220","81","78","80","-19","16","","b","f","Pellucid","Acclamation","p1","0","0.68","0","7","57.52","44.65","28.57","14.29","-3","-3","0.00","0.00","1.00","0.00","0.00","0.00","NO","0.00","Female","37.58","52.81","50.28","49.45","0.00","0.00","0.00","","","",""
"31/08/2026","18:25","Roscommon","God Of Power","5.00","25.00","6.00","30.00","7.50","62.50","NO","","0.00","","4","Andrew Slattery","Andrew Slattery","70","185","24","88","70","59","58","E","55","67","60","30","35","65","10","31/08/2026 18:25","1m 2f 63y","Turf","D","4","2263","0","10800.00","Lecarrow Conditions Race (Class D)","","","","0.00","133","49-1243","0","0","0","0.00","0.00","0.00","1","1","6","16.67","16.67","0.00","-2.75","120.00","E","5","10800.00","130","1m","1760","5.54","5.00","PL-PLLP","56.00","2","3","9.7","","2","0","Con","Right - Stiff","3yo+","100/30","3.33","3","","","5","5","338","684","346","81","84","85","96","24","","ch","g","Sharqawiyah","Lope De Vega","","0","1.53","1","6","62.24","44.92","16.67","16.67","-2","-1","0.00","0.00","1.00","0.00","0.00","0.00","NO","0.00","Male","76.73","67.86","61.54","52.40","0.00","0.00","0.00","","","",""
"31/08/2026","18:55","Roscommon","Nugentstown Sue","101.00","50.00","151.00","-33.33","101.00","0.00","NO","","0.00","","19","Ms N Burns","Hugh Paul Finegan","45","0","278","0","56","45","37","E","45","52","42","0","3","3","0","31/08/2026 18:55","1m 4f 17y","Turf","E","5","2657","5","7200.00","Racing Here Again On September 28th Maiden (Class E)","","","","0.00","138","83/05000-","0","0","0","0.00","0.00","0.00","0","1","7","0.00","14.29","100.00","-7.00","0.00","E","5","7200.00","129","1m 4f","2640","929.50","151.00","HP/HHHHH-","0.00","2","7","9.12","","3","0","Mdn","Right - Stiff","3yo+","","0.00","3","","","19","19","157","376","219","28","33","58","100","278","319","b","m","Our Phylli Vera","Malinas","","0","1.21","0","7","36.71","18.32","57.14","28.57","5","3","0.00","0.00","1.00","0.00","0.00","0.00","NO","0.00","Female","61.54","61.54","64.10","68.96","0.00","0.00","0.00","","","",""
"31/08/2026","18:25","Roscommon","Hazdann","2.63","0.00","2.63","-15.34","2.38","-15.34","NO","","0.00","","1","Chris Hayes","D K Weld","75","246","85","103","76","73","74","A","75","75","64","26","55","81","4","31/08/2026 18:25","1m 2f 63y","Turf","D","4","2263","0","10800.00","Lecarrow Conditions Race (Class D)","","","","0.00","136","91/4-7","0","0","0","0.00","0.00","0.00","1","0","4","25.00","0.00","0.00","7.00","120.00","A","1","30000.00","135","1m 1f","1980","11.00","11.00","HP/P-H","22.00","5","4","9.10","","1","0","Con","Right - Stiff","3yo+","4/1","4.00","3","","","5","5","350","709","359","87","93","91","88","85","","ch","c","Hazmiyra","Night Of Thunder","","0","1.15","1","4","54.17","36.81","50.00","25.00","-2","-1","0.00","0.00","1.00","0.00","0.00","0.00","NO","0.00","Male","47.85","53.19","59.79","58.46","0.00","0.00","0.00","","","",""
"31/08/2026","18:25","Roscommon","Handshake","15.00","-14.29","13.00","66.67","21.00","42.86","NO","","0.00","","3","Scott McCullagh","Joseph Patrick O'Brien","51","227","39","0","54","52","52","E","52","51","52","17","40","57","2","31/08/2026 18:25","1m 2f 63y","Turf","D","4","2263","0","10800.00","Lecarrow Conditions Race (Class D)","","","","0.00","133","14","0","0","0","0.00","0.00","0.00","1","0","2","50.00","0.00","0.00","0.50","96.00","E","5","15000.00","135","1m 5f","2860","5.85","5.00","PH","11.00","3","3","9.7","","3","0","Con","Right - Stiff","3yo+","13/2","6.50","3","","","5","5","315","670","355","99","89","91","76","39","","ch","c","Hargeisa","Sea The Moon","t","0","0.76","1","2","50.00","50.00","50.00","50.00","2","2","0.00","0.00","1.00","0.00","0.00","0.00","NO","0.00","Male","48.19","57.80","54.27","60.43","0.00","0.00","0.00","","","",""
"31/08/2026","18:55","Roscommon","Mawhibah","8.50","6.67","9.00","25.00","11.00","33.33","NO","","0.00","","3","J M Sheridan","Joseph Patrick O'Brien","48","131","16","74","57","54","53","D","54","54","53","39","13","52","6","31/08/2026 18:55","1m 4f 17y","Turf","E","5","2657","0","7200.00","Racing Here Again On September 28th Maiden (Class E)","","","","0.00","129","542","0","0","0","0.00","0.00","0.00","0","1","3","0.00","33.33","0.00","-3.00","0.00","E","5","9000.00","122","1m 4f","2640","2.66","2.25","HPL","12.00","10","3","9.3","BF","14","0","Mdn","Right - Stiff","3yo+","13/2","6.50","3","","","19","19","289","473","184","93","60","82","-51","16","","gr","f","Bruxcalina","Australia","","0","0.67","0","3","68.71","47.85","33.33","33.33","1","1","0.00","0.00","1.00","0.00","0.00","0.00","NO","0.00","Female","48.19","57.80","54.27","60.43","0.00","0.00","0.00","","","",""
"31/08/2026","19:25","Roscommon","Royal Saxo","29.00","-28.57","21.00","25.00","26.00","-10.71","NO","","0.00","","11","Robbie Colgan","A J Martin","63","38","30","78","63","39","46","D","47","47","42","7","3","10","0","31/08/2026 19:25","1m 4f 17y","Turf","D","4","2657","0","9000.00","Oran Handicap (Class D) (0-85)","","","","0.00","138","9957","0","0","0","0.00","0.00","0.00","0","0","4","0.00","0.00","0.00","-4.00","0.00","D","4","10800.00","139","1m 3f 180y","2600","50.19","15.00","HHHH","0.00","7","6","9.12","","6","0","Hcap","Right - Stiff","3yo+,85","66/1","66.00","3","","85","19","19","23","40","17","30","30","43","-86","30","","b","g","Melija","Pedro The Great","t1","0","1.21","0","4","27.50","15.25","75.00","50.00","2","1","0.00","0.00","1.00","0.00","0.00","0.00","NO","0.00","Male","87.78","68.43","63.20","52.53","0.00","0.00","0.00","","","",""
"31/08/2026","19:25","Roscommon","Youcansaythatagain","9.50","-11.76","8.50","6.67","9.00","-5.88","NO","","0.00","","6","W J Lee","Andrew Oliver","70","67","15","82","70","69","65","D","69","69","65","28","26","54","4","31/08/2026 19:25","1m 4f 17y","Turf","D","4","2657","0","9000.00","Oran Handicap (Class D) (0-85)","","","","0.00","133","715","0","0","0","0.00","0.00","0.00","1","0","3","33.33","0.00","0.00","-0.75","72.00","D","4","12600.00","136","1m 2f","2200","10.50","7.00","HPP","8.00","1","3","9.7","","11","0","Hcap","Right - Stiff","3yo+,85","16/1","16.00","3","","85","19","19","271","541","270","48","93","76","53","15","","b","c","Daring Diva","Ghaiyyath","","0","1.21","1","3","67.88","52.17","33.33","33.33","-1","-1","0.00","0.00","1.00","0.00","0.00","0.00","NO","0.00","Male","53.47","52.68","49.30","45.84","0.00","0.00","0.00","","","",""
"31/08/2026","18:55","Roscommon","Gentle Soda","51.00","0.00","51.00","0.00","51.00","0.00","NO","","0.00","","18","Reserve 2","E McNamara","43","6","13","0","43","43","43","E","43","","43","13","7","20","0","31/08/2026 18:55","1m 4f 17y","Turf","E","5","2657","0","7200.00","Racing Here Again On September 28th Maiden (Class E)","","","","0.00","129","0","0","0","0","0.00","0.00","0.00","0","0","1","0.00","0.00","0.00","-1.00","0.00","E","5","7200.00","129","7f 111y","1651","1000.00","151.00","H","0.00","16","3","9.3","","18","0","Mdn","Right - Stiff","3yo+","22/1","22.00","3","","","19","19","211","406","195","52","31","62","50","13","","b","f","Karakama","Churchill","","0","0.00","0","1","21.43","4.59","0.00","0.00","-1","-1","0.00","0.00","1.00","0.00","0.00","0.00","NO","0.00","Female","0.00","38.13","38.04","38.99","0.00","0.00","0.00","","","",""
"31/08/2026","19:25","Roscommon","Adel","15.00","14.29","17.00","12.50","19.00","28.57","NO","","0.00","","16","J A Powell","M D O'Callaghan","37","26","62","76","65","45","49","E","45","60","47","29","23","52","6","31/08/2026 19:25","1m 4f 17y","Turf","D","4","2657","0","9000.00","Oran Handicap (Class D) (0-85)","","","","0.00","127","667-8710","0","0","0","0.00","0.00","0.00","1","0","7","14.29","0.00","0.00","5.00","72.00","D","4","9000.00","136","1m 2f 63y","2263","6.43","5.50","HPH-HPPP","12.00","19","3","9.1","CD","14","0","Hcap","Right - Stiff","3yo+,85","14/1","14.00","3","","85","19","19","153","385","232","67","39","65","61","62","","b","g","Achinora","Alson","","0","0.00","1","7","35.12","20.96","28.57","28.57","1","1","0.00","0.00","1.00","0.00","0.00","0.00","NO","0.00","Male","53.30","60.20","59.86","58.83","0.00","0.00","0.00","","","",""
"31/08/2026","19:25","Roscommon","Ryefield Dasher","11.00","0.00","11.00","10.00","12.00","10.00","NO","","0.00","","5","Chris Hayes","Thomas Gibney","54","76","35","70","66","52","56","B","54","55","54","9","3","12","2","31/08/2026 19:25","1m 4f 17y","Turf","D","4","2657","0","9000.00","Oran Handicap (Class D) (0-85)","","","","0.00","121","045-605","0","0","0","0.00","0.00","0.00","0","0","6","0.00","0.00","0.00","-6.00","0.00","C","3","12000.00","117","1m 4f 84y","2724","22.00","17.00","HHP-HHP","4.00","12","3","8.9","","16","0","Hcap","Right - Stiff","3yo+,85","50/1","50.00","3","","85","19","19","18","153","135","37","71","47","-20","35","","b","g","Malinka","Time Test","","0","0.87","0","6","50.06","32.98","33.33","0.00","6","3","0.00","0.00","1.00","0.00","0.00","0.00","NO","0.00","Male","66.37","55.33","54.49","48.74","0.00","0.00","0.00","","","",""
"31/08/2026","19:25","Roscommon","Lord Aus","12.00","0.00","12.00","-9.09","11.00","-9.09","NO","","0.00","","2","Ben Coen","J P Murtagh","56","99","39","75","75","57","64","E","63","63","60","35","45","80","6","31/08/2026 19:25","1m 4f 17y","Turf","D","4","2657","0","9000.00","Oran Handicap (Class D) (0-85)","","","","0.00","126","805313","0","0","0","0.00","0.00","0.00","1","1","6","16.67","16.67","0.00","-3.13","72.00","E","5","15000.00","125","1m 5f","2860","3.23","2.88","HHHHPL","12.00","16","3","9.0","D  BF","15","0","Hcap","Right - Stiff","3yo+,85","12/1","12.00","3","","85","19","19","246","509","263","67","72","72","52","39","","b","g","Dolce Strega","Australia","","0","0.00","1","6","50.74","34.76","16.67","16.67","2","1","0.00","100.00","1.00","0.00","0.00","0.00","NO","0.00","Male","55.25","47.16","48.40","48.76","0.00","0.00","0.00","","","",""
"31/08/2026","19:25","Roscommon","Stellar Moment","8.50","-6.67","8.00","-7.14","7.50","-13.33","NO","","0.00","","10","R M Mulligan","John O'Donoghue","66","60","31","78","66","58","60","E","61","61","54","29","52","81","4","31/08/2026 19:25","1m 4f 17y","Turf","D","4","2657","5","9000.00","Oran Handicap (Class D) (0-85)","","","","0.00","129","6321","0","0","0","0.00","0.00","0.00","1","2","4","25.00","50.00","0.00","2.00","102.00","E","5","10200.00","129","1m 4f","2640","6.60","6.00","HHPP","8.00","17","3","9.3","D","13","0","Hcap","Right - Stiff","3yo+,85","14/1","14.00","3","","85","19","19","285","515","230","55","58","73","44","31","","b","f","In The Present","Ulysses","","0","0.00","1","4","78.44","65.81","50.00","50.00","4","3","100.00","100.00","1.00","0.00","0.00","0.00","NO","0.00","Female","0.00","26.67","46.67","56.42","0.00","0.00","0.00","","","",""
"31/08/2026","18:55","Roscommon","Kigalienne","21.00","40.00","29.00","-10.71","26.00","25.00","NO","","0.00","","11","Scott McCullagh","Mrs John Harrington","","34","","0","","","","","","","","0","14","14","0","31/08/2026 18:55","1m 4f 17y","Turf","E","5","2657","0","7200.00","Racing Here Again On September 28th Maiden (Class E)","","","","0.00","129","","0","0","0","0.00","0.00","0.00","0","0","0","0.00","0.00","0.00","0.00","0.00","","","0.00","","","0","0.00","0.00","","0.00","15","3","9.3","","13","0","Mdn","Right - Stiff","3yo+","","0.00","3","","","19","19","180","442","262","67","49","46","100","","","b","f","Kinetica","Study Of Man","","0","0.50","0","0","0.00","0.00","0.00","0.00","","","0.00","0.00","1.00","0.00","0.00","0.00","NO","0.00","Female","37.58","52.81","50.28","49.45","0.00","0.00","0.00","","","",""
"31/08/2026","18:55","Roscommon","Michinaga","34.00","0.00","34.00","0.00","34.00","0.00","NO","","0.00","","17","Reserve 3","Charles Weld","61","9","13","0","61","57","57","E","57","54","57","10","7","17","2","31/08/2026 18:55","1m 4f 17y","Turf","E","5","2657","0","7200.00","Racing Here Again On September 28th Maiden (Class E)","","","","0.00","134","96","0","0","0","0.00","0.00","0.00","0","0","2","0.00","0.00","0.00","-2.00","0.00","E","5","7200.00","129","1m 4f 48y","2688","1000.00","201.00","HP","4.00","3","3","9.8","","19","0","Mdn","Right - Stiff","3yo+","28/1","28.00","3","","","19","19","235","363","128","17","31","62","18","13","","b","g","Ria Olivia","Rey De Oro","","0","0.90","0","2","50.00","26.33","0.00","0.00","2","2","0.00","0.00","1.00","0.00","0.00","0.00","NO","0.00","Male","44.18","58.16","49.10","55.81","0.00","0.00","0.00","","","",""
"31/08/2026","18:55","Roscommon","Metallic","19.00","0.00","19.00","-22.22","15.00","-22.22","NO","","0.00","","12","Reserve 1","Joseph Patrick O'Brien","7","33","16","0","7","7","7","E","7","","7","1","7","8","0","31/08/2026 18:55","1m 4f 17y","Turf","E","5","2657","0","7200.00","Racing Here Again On September 28th Maiden (Class E)","","","","0.00","134","8","0","0","0","0.00","0.00","0.00","0","0","1","0.00","0.00","0.00","-1.00","0.00","E","5","7200.00","127","1m 4f","2640","19.00","10.00","H","0.00","19","3","9.8","","17","0","Mdn","Right - Stiff","3yo+","300/1","300.00","3","","","19","19","193","443","250","93","31","62","64","16","","b","g","Empowering","Wootton Bassett","","0","0.00","0","1","22.22","4.94","0.00","0.00","-1","-1","0.00","0.00","1.00","0.00","0.00","0.00","NO","0.00","Male","48.19","57.80","54.27","60.43","0.00","0.00","0.00","","","",""
"31/08/2026","18:55","Roscommon","Coolnagrattan","41.00","25.00","51.00","-20.00","41.00","0.00","NO","","0.00","","6","Seamie Heffernan","W R Crawford","50","80","33","0","67","53","56","E","53","53","56","23","8","31","2","31/08/2026 18:55","1m 4f 17y","Turf","E","5","2657","0","7200.00","Racing Here Again On September 28th Maiden (Class E)","","","","0.00","143","430","0","0","0","0.00","0.00","0.00","0","1","3","0.00","33.33","0.00","-3.00","0.00","E","5","10200.00","159","1m 4f 43y","2683","44.00","34.00","HHP","4.00","12","4","10.3","","1","0","Mdn","Right - Stiff","3yo+","11/1","11.00","3","","","19","19","217","237","20","26","48","44","-98","33","110","b","g","Set To Fire","Poet's Word","ht","0","0.87","0","3","64.97","46.77","33.33","33.33","3","3","0.00","0.00","1.00","0.00","0.00","0.00","NO","0.00","Male","32.14","32.14","28.56","39.95","0.00","0.00","0.00","","","",""
"31/08/2026","18:55","Roscommon","Plug In Hybrid","12.00","0.00","12.00","9.09","13.00","9.09","NO","","0.00","","9","Colin Keane","Noel Meade","59","39","25","0","59","59","59","E","59","","59","18","14","32","2","31/08/2026 18:55","1m 4f 17y","Turf","E","5","2657","0","7200.00","Racing Here Again On September 28th Maiden (Class E)","","","","0.00","134","6","0","0","0","0.00","0.00","0.00","0","0","1","0.00","0.00","0.00","-1.00","0.00","E","5","9000.00","134","1m 1f","1980","33.54","23.00","P","4.00","6","3","9.8","","9","0","Mdn","Right - Stiff","3yo+","14/1","14.00","3","","","19","19","269","532","263","56","99","72","36","25","","b","g","Nimboo","Waldgeist","","0","1.05","0","1","61.54","37.87","0.00","0.00","1","1","0.00","0.00","1.00","0.00","0.00","0.00","NO","0.00","Male","57.74","59.61","52.61","53.05","0.00","0.00","0.00","","","",""
"31/08/2026","18:55","Roscommon","Purple Bandit","13.00","16.67","15.00","0.00","15.00","16.67","NO","","0.00","","8","Shane Foley","Mrs John Harrington","","48","","0","","","","","","","","0","14","14","0","31/08/2026 18:55","1m 4f 17y","Turf","E","5","2657","0","7200.00","Racing Here Again On September 28th Maiden (Class E)","","","","0.00","134","","0","0","0","0.00","0.00","0.00","0","0","0","0.00","0.00","0.00","0.00","0.00","","","0.00","","","0","0.00","0.00","","0.00","14","3","9.8","","10","0","Mdn","Right - Stiff","3yo+","","0.00","3","","","19","19","180","503","323","67","75","81","100","","","b","g","Signe","Toronado","b1","0","1.75","0","0","0.00","0.00","0.00","0.00","","","0.00","0.00","1.00","0.00","0.00","0.00","NO","0.00","Male","37.58","52.81","50.28","49.45","0.00","0.00","0.00","","","",""
"31/08/2026","18:55","Roscommon","Nemorino","34.00","21.21","41.00","0.00","41.00","21.21","NO","","0.00","","15","Robbie Colgan","Henry De Bromhead","","16","","0","","","","","","","","0","14","14","0","31/08/2026 18:55","1m 4f 17y","Turf","E","5","2657","0","7200.00","Racing Here Again On September 28th Maiden (Class E)","","","","0.00","134","","0","0","0","0.00","0.00","0.00","0","0","0","0.00","0.00","0.00","0.00","0.00","","","0.00","","","0","0.00","0.00","","0.00","13","3","9.8","","8","0","Mdn","Right - Stiff","3yo+","","0.00","3","","","19","19","180","409","229","67","37","25","100","","","b","g","Nisriyna","Dark Angel","","0","1.95","0","0","0.00","0.00","0.00","0.00","","","0.00","0.00","1.00","0.00","0.00","0.00","NO","0.00","Male","48.25","62.65","58.42","63.21","0.00","0.00","0.00","","","",""
"31/08/2026","18:55","Roscommon","Daily Wonder","67.00","21.21","81.00","25.00","101.00","51.52","NO","","0.00","","13","S Tormey","T G McCourt","","25","","0","","","","","","","","0","24","24","0","31/08/2026 18:55","1m 4f 17y","Turf","E","5","2657","7","7200.00","Racing Here Again On September 28th Maiden (Class E)","","","","0.00","134","","0","0","0","0.00","0.00","0.00","0","0","0","0.00","0.00","0.00","0.00","0.00","","","0.00","","","0","0.00","0.00","","0.00","5","3","9.8","","6","0","Mdn","Right - Stiff","3yo+","","0.00","3","","","19","19","196","389","193","27","42","24","100","","","ch","g","Disavow","Space Blues","","0","0.90","0","0","0.00","0.00","0.00","0.00","","","0.00","0.00","1.00","0.00","0.00","0.00","NO","0.00","Male","51.53","43.53","53.80","51.51","0.00","0.00","0.00","","","",""
"31/08/2026","16:45","Ripon","Inspiring Speeches","8.50","6.67","9.00","6.25","9.50","13.33","NO","","0.00","","6","Ethan Tindall","Sara Ender","58","109","31","49","68","57","55","F","55","65","56","25","25","50","6","31/08/2026 16:45","1m 1f 170y","Turf","F","6","2150","5","3664.00","Napoleons Casino And Restaurant Leeds Classified Stakes (Div 1) (Class F)","","","","0.00","135","54116-95344","0","0","0","0.00","0.00","0.00","2","6","28","7.14","21.43","0.00","-23.13","40.95","F","6","3245.00","135","1m 2f 42y","2242","6.40","6.00","HPPLP-LLPPP","17.00","3","5","9.9","D","2","0","Cla","Right - Sharp","3yo+","13/2","6.50","3","","","10","10","311","596","285","65","75","75","70","31","","ch","g","Vallambrosa","Churchill","p","0","0.76","2","28","63.32","44.94","21.43","10.71","-4","-1","50.00","100.00","1.00","0.00","0.00","0.00","NO","0.00","Male","28.13","28.13","35.00","55.03","0.00","0.00","0.00","","","",""
"31/08/2026","16:45","Ripon","Top Gun Tina","17.00","25.00","21.00","65.00","34.00","106.25","NO","","0.00","","10","Cam Hardie","David Thompson","51","18","58","44","68","52","54","F","53","68","51","9","3","12","0","31/08/2026 16:45","1m 1f 170y","Turf","F","6","2150","0","3664.00","Napoleons Casino And Restaurant Leeds Classified Stakes (Div 1) (Class F)","","","","0.00","135","70-54465854","0","0","0","0.00","0.00","0.00","1","4","33","3.03","12.12","0.00","-30.50","41.87","F","6","4187.00","140","7f 173y","1713","15.55","11.00","HH-HHPPHHHH","0.00","4","6","9.9","","5","0","Cla","Right - Sharp","3yo+","20/1","20.00","3","","","10","10","230","482","252","61","58","69","64","58","","b","m","Vera Richardson","Mondialiste","","0","1.22","1","33","47.73","30.09","21.21","12.12","9","3","0.00","0.00","1.00","0.00","0.00","0.00","NO","0.00","Female","68.45","55.88","55.88","56.08","0.00","0.00","0.00","","","4","0"
"31/08/2026","16:45","Ripon","Volenti","7.50","-15.38","6.50","-27.27","5.00","-38.46","NO","","0.00","","4","Oisin Orr","Sam England","60","126","43","48","69","58","59","E","60","66","54","31","20","51","4","31/08/2026 16:45","1m 1f 170y","Turf","F","6","2150","0","3664.00","Napoleons Casino And Restaurant Leeds Classified Stakes (Div 1) (Class F)","","","","0.00","135","38-09744343","0","0","0","0.00","0.00","0.00","5","11","48","10.42","22.92","100.00","-5.90","35.28","F","6","3402.00","129","1m 1f","1980","7.35","5.50","HH-HHHHHHHL","11.00","1","7","9.9","","6","0","Cla","Right - Sharp","3yo+","5/1","5.00","3","","","10","10","310","614","304","84","91","82","47","43","1415","b","g","Izba","Estidhkaar","","0","1.42","5","48","50.87","36.01","35.42","16.67","6","1","40.00","40.00","1.00","0.00","0.00","0.00","NO","0.00","Male","59.72","53.23","47.78","48.73","0.00","0.00","0.00","","","3","0"
"31/08/2026","16:45","Ripon","Rogers Dream","4.33","5.11","4.50","0.00","4.50","5.11","NO","","0.00","","5","Oisin Murphy","Gihan Arnolda","60","122","31","46","60","55","53","F","58","59","52","16","10","26","4","31/08/2026 16:45","1m 1f 170y","Turf","F","6","2150","0","3664.00","Napoleons Casino And Restaurant Leeds Classified Stakes (Div 1) (Class F)","","","","0.00","135","075848-443","0","0","0","0.00","0.00","0.00","0","1","9","0.00","11.11","0.00","-9.00","0.00","F","6","3245.00","135","1m 2f 42y","2242","5.50","4.50","HHPPLH-PHP","11.00","2","5","9.9","","4","0","Cla","Right - Sharp","3yo+","11/1","11.00","3","","","10","10","263","581","318","84","99","78","57","31","","b","m","Virginia Hall","Harry Angel","","0","1.48","0","9","47.65","26.82","22.22","0.00","5","1","0.00","0.00","1.00","0.00","0.00","0.00","NO","0.00","Female","75.00","68.14","59.67","63.81","0.00","0.00","0.00","","","",""
"31/08/2026","16:45","Ripon","Princess Coco","51.00","32.00","67.00","0.00","67.00","32.00","NO","","0.00","","9","Andrew Elliott","Simon Whitaker","47","43","77","43","47","37","37","F","35","46","37","4","3","7","6","31/08/2026 16:45","1m 1f 170y","Turf","F","6","2150","0","3664.00","Napoleons Casino And Restaurant Leeds Classified Stakes (Div 1) (Class F)","","","","0.00","128","050-00709","0","0","0","0.00","0.00","0.00","0","0","8","0.00","0.00","0.00","-8.00","0.00","F","6","3664.00","116","1m 2f","2200","495.61","201.00","HHH-HHHPL","17.00","5","3","9.2","","8","0","Cla","Right - Sharp","3yo+","50/1","50.00","3","","","10","10","218","424","206","69","62","68","7","77","","b","f","Cocabana","Aclaim","b","0","1.12","0","8","9.92","1.53","12.50","12.50","8","3","0.00","0.00","1.00","0.00","0.00","0.00","NO","0.00","Female","25.00","45.21","35.86","34.15","0.00","0.00","0.00","","","9","0"
"31/08/2026","16:45","Ripon","Trucial Pearl","5.50","-26.00","4.33","5.11","4.50","-22.22","NO","","0.00","","1","Miss Joanna Mason","Michael Easterby","45","195","6","49","64","54","57","F","63","63","52","34","28","62","4","31/08/2026 16:45","1m 1f 170y","Turf","F","6","2150","0","3664.00","Napoleons Casino And Restaurant Leeds Classified Stakes (Div 1) (Class F)","","","","0.00","128","4423653144","0","0","0","0.00","0.00","0.00","1","3","14","7.14","21.43","0.00","-9.67","36.64","F","6","3664.00","119","1m 208y","1968","8.49","7.50","HHHHHHHPPH","11.00","9","3","9.2","C","9","0","Cla","Right - Sharp","3yo+","9/2","4.50","3","","","10","10","344","693","349","82","83","91","93","6","","b","f","Emirates Rewards","Ardad","v","0","1.22","1","14","61.08","42.83","28.57","28.57","-2","-1","100.00","100.00","1.00","0.00","0.00","0.00","NO","0.00","Female","43.66","51.33","48.08","46.49","0.00","0.00","0.00","","","",""
"31/08/2026","16:45","Ripon","Due To Shine","19.00","55.56","29.00","42.86","41.00","122.22","NO","","0.00","","2","Connor Beasley","Brian Ellison","57","130","31","46","58","44","49","F","46","57","46","15","3","18","2","31/08/2026 16:45","1m 1f 170y","Turf","F","6","2150","0","3664.00","Napoleons Casino And Restaurant Leeds Classified Stakes (Div 1) (Class F)","","","","0.00","128","84023-705","0","0","0","0.00","0.00","0.00","0","1","8","0.00","12.50","0.00","-8.00","0.00","F","6","3245.00","126","1m 2f 42y","2242","100.00","67.00","HHHHP-PHH","6.00","7","3","9.2","","7","0","Cla","Right - Sharp","3yo+","12/1","12.00","3","","","10","10","231","538","307","79","83","85","60","31","","b","f","Shine Baby Shine","Due Diligence","p","0","1.17","0","8","32.43","18.37","12.50","12.50","4","1","0.00","0.00","1.00","0.00","0.00","0.00","NO","0.00","Female","56.78","60.79","53.09","51.06","0.00","0.00","0.00","","","",""
"31/08/2026","16:45","Ripon","Copper And Five","6.00","30.00","7.50","53.85","11.00","100.00","NO","","0.00","","7","James Sullivan","Ruth Carr","57","93","18","49","78","60","57","F","57","74","59","24","21","45","4","31/08/2026 16:45","1m 1f 170y","Turf","F","6","2150","0","3664.00","Napoleons Casino And Restaurant Leeds Classified Stakes (Div 1) (Class F)","","","","0.00","135","464-0224682","0","0","0","0.00","0.00","0.00","6","10","58","10.34","17.24","0.00","-19.17","41.28","F","6","4004.00","132","1m 100y","1860","8.94","7.00","PHP-PPPPPHP","11.00","10","10","9.9","C","1","0","Cla","Right - Sharp","3yo+","7/1","7.00","3","","","10","10","320","570","250","81","72","78","19","18","","ch","g","Peachez","Paco Boy","p","0","0.72","6","58","57.34","40.15","25.86","18.97","0","-1","50.00","33.33","1.00","0.00","0.00","0.00","NO","0.00","Male","54.39","50.90","50.99","52.65","0.00","0.00","0.00","","","",""
"31/08/2026","16:40","Epsom","Super Hit","8.50","6.67","9.00","-31.25","6.50","-26.67","NO","","0.00","","1","Jason Watson","James Owen","24","214","14","67","68","59","47","F","55","67","57","36","30","66","8","31/08/2026 16:40","1m 113y","Turf","E","5","1873","0","4449.00","Geoff Lewis Handicap (Class E)","","","","0.00","134","7267413137","0","0","0","0.00","0.00","0.00","5","9","38","13.16","23.68","0.00","12.62","43.04","E","5","3974.00","153","1m 4f 13y","2653","4.70","4.33","PPPHPHHHLL","20.00","1","5","9.8","C","5","0","Hcap","Left - Sharp / Undulating","3yo+,75","9/2","4.50","3","","75","8","8","320","672","352","97","84","85","86","14","","b","g","Heaven's Angel","Too Darn Hot","ht","0","1.42","5","38","51.72","39.69","26.32","18.42","-4","-1","60.00","80.00","1.00","0.00","0.00","0.00","NO","0.00","Male","23.69","44.91","52.75","58.47","0.00","0.00","0.00","","","",""
"31/08/2026","16:40","Epsom","Eduardo Calderon","4.33","-39.94","3.00","0.00","3.00","-39.94","NO","","0.00","","4","Kaiya Fraser","Harry Eustace","62","134","12","67","69","62","64","D","62","63","58","43","29","72","6","31/08/2026 16:40","1m 113y","Turf","E","5","1873","0","4449.00","Geoff Lewis Handicap (Class E)","","","","0.00","127","387-2443","0","0","0","0.00","0.00","0.00","0","3","7","0.00","42.86","0.00","-7.00","0.00","E","5","4187.00","132","7f","1540","6.82","5.50","PHP-PHPL","15.00","4","3","9.1","","7","0","Hcap","Left - Sharp / Undulating","3yo+,75","7/2","3.50","3","","75","8","8","322","618","296","86","83","87","40","12","","b","g","Deia Glory","Shaman","","0","1.12","0","7","59.09","41.21","28.57","0.00","-1","-1","0.00","0.00","1.00","0.00","0.00","0.00","NO","0.00","Male","39.29","58.12","50.99","52.85","0.00","0.00","0.00","","","",""
"31/08/2026","16:40","Epsom","Uniter","17.00","-43.75","10.00","0.00","10.00","-43.75","NO","","0.00","","6","Saffie Osborne","Denis Coakley","54","98","12","58","55","48","54","E","54","54","43","7","3","10","0","31/08/2026 16:40","1m 113y","Turf","E","5","1873","0","4449.00","Geoff Lewis Handicap (Class E)","","","","0.00","118","3735-867P85","0","0","0","0.00","0.00","0.00","0","1","10","0.00","10.00","0.00","-10.00","0.00","F","6","3402.00","133","6f 195y","1515","21.09","13.00","HLPP-HHHHHH","0.00","3","3","8.6","","8","0","Hcap","Left - Sharp / Undulating","3yo+,75","28/1","28.00","3","","75","8","8","244","571","327","79","88","92","68","12","","b","g","Regent","Oasis Dream","","0","1.05","0","10","26.89","15.23","10.00","0.00","-4","-1","0.00","0.00","1.00","0.00","0.00","0.00","NO","0.00","Male","43.10","40.82","41.03","32.25","0.00","0.00","0.00","","","",""
"31/08/2026","16:40","Epsom","H Key Lails","12.00","45.45","17.00","25.00","21.00","81.82","NO","","0.00","","3","S C Cronin","Michael Attwater","61","171","25","73","71","60","63","D","63","70","57","26","28","54","4","31/08/2026 16:40","1m 113y","Turf","E","5","1873","5","4449.00","Geoff Lewis Handicap (Class E)","","","","0.00","140","145-2331774","0","0","0","0.00","0.00","0.00","8","13","51","15.69","25.49","0.00","33.38","40.24","E","5","4449.00","127","1m","1760","42.00","26.00","PLH-LPPLHLH","10.00","8","6","10.0","D","1","0","Hcap","Left - Sharp / Undulating","3yo+,75","13/2","6.50","3","","75","8","8","318","635","317","82","97","78","60","25","","gr","g","Natural Appeal","Washington DC","p","0","0.97","8","51","60.11","45.43","47.06","37.25","17","3","25.00","37.50","1.00","0.00","0.00","0.00","NO","0.00","Male","40.63","33.63","32.36","39.99","0.00","0.00","0.00","","","",""
"31/08/2026","16:45","Ripon","Little Ted","3.75","-9.09","3.50","20.00","4.00","9.09","NO","","0.00","","3","David Allan","Tim Easterby","56","128","16","50","73","58","49","F","56","69","56","27","34","61","4","31/08/2026 16:45","1m 1f 170y","Turf","F","6","2150","0","3664.00","Napoleons Casino And Restaurant Leeds Classified Stakes (Div 1) (Class F)","","","","0.00","135","9605272264","0","0","0","0.00","0.00","0.00","9","29","103","8.74","28.16","0.00","-53.67","37.56","F","6","5234.00","132","1m 1f 170y","2150","17.55","10.00","HHPHHHPHPP","11.00","8","9","9.9","CD","3","0","Cla","Right - Sharp","3yo+","6/1","6.00","3","","","10","10","332","628","296","79","81","83","53","16","","ch","g","Speedy Utmost Meg","Cityscape","h1","0","0.71","9","103","58.85","42.56","41.75","21.36","-5","-1","22.22","33.33","1.00","0.00","0.00","0.00","NO","0.00","Male","58.96","48.90","49.47","48.23","0.00","0.00","0.00","","","",""
"31/08/2026","16:40","Epsom","Tronido","8.00","14.29","9.00","6.25","9.50","21.43","NO","","0.00","","7","Tyler Heard","Simon Dow","45","64","14","65","69","58","47","E","46","68","57","18","18","36","10","31/08/2026 16:40","1m 113y","Turf","E","5","1873","0","4449.00","Geoff Lewis Handicap (Class E)","","","","0.00","132","0-805814075","0","0","0","0.00","0.00","0.00","5","2","30","16.67","6.67","0.00","36.33","39.04","E","5","3978.00","137","6f 1y","1321","19.84","15.00","L-HLHLLLLLP","25.00","7","5","9.6","CD","6","0","Hcap","Left - Sharp / Undulating","3yo+,75","10/1","10.00","3","","75","8","8","282","612","330","81","71","89","89","14","","b","m","Vezere","Aclaim","h","0","1.20","5","30","45.14","31.24","43.33","23.33","-4","-3","0.00","20.00","1.00","0.00","0.00","0.00","NO","0.00","Female","50.71","49.49","45.00","44.18","0.00","0.00","0.00","","","",""
"31/08/2026","16:40","Epsom","Oj Lifestyle","3.75","27.27","4.50","28.57","5.50","63.64","NO","","0.00","","2","Tom Queally","Gary Moore","63","177","32","72","69","60","60","E","60","68","57","28","25","53","4","31/08/2026 16:40","1m 113y","Turf","E","5","1873","0","4449.00","Geoff Lewis Handicap (Class E)","","","","0.00","139","33613-86173","0","0","0","0.00","0.00","0.00","5","6","30","16.67","20.00","0.00","112.88","43.14","E","5","4449.00","129","1m 2f 17y","2217","6.26","5.50","HHHPP-HPPHP","10.00","5","6","9.13","","2","0","Hcap","Left - Sharp / Undulating","3yo+,75","6/1","6.00","3","","75","8","8","316","614","298","85","90","84","39","32","","b","g","Vetlana","Gleneagles","tb","0","0.90","5","30","49.00","36.47","30.00","16.67","6","1","40.00","60.00","1.00","0.00","0.00","0.00","NO","0.00","Male","45.56","50.20","49.87","53.88","0.00","0.00","0.00","","","",""
"31/08/2026","16:45","Ripon","Twin And Tonic","67.00","21.21","81.00","0.00","81.00","21.21","NO","","0.00","","8","C Horgan","Roger Fell","25","78","39","39","43","25","30","C","25","25","30","8","12","20","2","31/08/2026 16:45","1m 1f 170y","Turf","F","6","2150","5","3664.00","Napoleons Casino And Restaurant Leeds Classified Stakes (Div 1) (Class F)","","","","0.00","128","094","0","0","0","0.00","0.00","0.00","0","0","3","0.00","0.00","0.00","-3.00","0.00","C","3","6480.00","125","1m 2f 43y","2243","1000.00","251.00","HHP","6.00","6","3","9.2","","10","0","Cla","Right - Sharp","3yo+","22/1","22.00","3","","","10","10","214","506","292","92","72","85","43","39","","b","f","Ceiriog Valley","Century Dream","","0","0.81","0","3","3.70","0.41","0.00","0.00","1","1","0.00","0.00","1.00","0.00","0.00","0.00","NO","0.00","Female","27.25","58.57","50.49","55.98","0.00","0.00","0.00","","","4","0"
"31/08/2026","16:55","Cartmel","Passengerontheship","7.00","0.00","7.00","8.33","7.50","8.33","NO","","0.00","","1","Jonathan England","Sam England","49","229","44","110","71","54","57","E","60","63","51","24","51","75","10","31/08/2026 16:55","2m 5f 34y","Chase","C","3","4654","0","9057.00","FGH Handicap Chase (GBB Race) (Class C)","","","","0.00","153","2-86P111115","0","0","0","0.00","0.00","0.00","5","4","16","31.25","25.00","93.75","-0.90","55.05","E","4","4357.00","161","2m 5f 34y","4654","2.89","2.50","H-HHHLLPLLP","31.00","0","7","10.13","CD  BF","7","0","Hcap-Cha","Left - Sharp","4yo+,130","17/2","8.50","4","","130","8","8","303","659","356","92","89","86","89","","44","b","g","Canto Creek","Pillar Coral","t","0","0.00","5","16","65.10","54.74","56.25","37.50","4","1","40.00","40.00","1.00","0.00","0.00","0.00","NO","0.00","Male","59.72","53.23","47.78","48.73","0.00","0.00","0.00","","","5","0"
"31/08/2026","16:55","Cartmel","Karnaval Point","6.50","18.18","7.50","23.08","9.00","45.45","NO","","0.00","","3","Mr Rian Corcoran","David Pipe","66","170","36","125","66","64","65","B","65","65","64","18","38","56","6","31/08/2026 16:55","2m 5f 34y","Chase","C","3","4654","5","9057.00","FGH Handicap Chase (GBB Race) (Class C)","","","","0.00","168","1316","0","0","0","0.00","0.00","0.00","2","0","4","50.00","0.00","100.00","10.25","47.00","B","2","9823.00","153","2m 7f 70y","5130","8.40","6.50","PPPP","19.00","0","6","12.0","","2","0","Hcap-Cha","Left - Sharp","4yo+,130","11/1","11.00","4","","130","8","8","310","625","315","79","84","84","68","","36","b","g","Meralda","Great Pretender","b","0","0.00","2","4","71.88","59.77","75.00","50.00","0","-1","50.00","50.00","1.00","0.00","0.00","0.00","NO","0.00","Male","39.52","50.25","53.13","57.38","0.00","0.00","0.00","","","",""
"31/08/2026","16:50","Roscommon","Ruler's Control","3.00","-6.00","2.88","6.38","3.00","0.00","NO","","0.00","","1","J M Sheridan","Joseph Patrick O'Brien","65","252","34","100","65","65","64","A","65","65","64","48","47","95","6","31/08/2026 16:50","7f 94y","Turf","D","4","1634","0","15000.00","Irish EBF Median Sires Series Conditions Race (Class D)","","","","0.00","130","145","0","0","0","0.00","0.00","0.00","1","0","3","33.33","0.00","0.00","5.50","132.00","A","1","113420.00","129","7f","1540","26.00","21.00","PPP","19.00","7","2","9.4","","5","0","Con-Med","Right - Stiff","2yo","7/2","3.50","2","2","","9","9","353","648","295","87","71","80","57","34","","b","c","Reinette","Territories","t","0","1.69","1","3","69.17","60.19","66.67","66.67","3","3","0.00","0.00","1.00","0.00","0.00","0.00","NO","0.00","Male","48.19","57.80","54.27","60.43","0.00","0.00","0.00","","","",""
"31/08/2026","16:55","Cartmel","King Roly","4.50","14.29","5.00","-25.00","4.00","-14.29","NO","","0.00","","2","James Bowen","Mickey Bowen","66","224","12","124","73","60","63","A","66","69","49","38","53","91","4","31/08/2026 16:55","2m 5f 34y","Chase","C","3","4654","0","9057.00","FGH Handicap Chase (GBB Race) (Class C)","","","","0.00","167","41214-6P291","0","0","0","0.00","0.00","0.00","6","3","20","30.00","15.00","82.35","3.65","53.60","E","4","4700.00","165","2m 7f","5060","7.11","6.00","HPPPL-HHPHP","13.00","0","7","11.13","","3","0","Hcap-Cha","Left - Sharp","4yo+,130","5/1","5.00","4","","130","8","8","343","675","332","95","87","88","62","","12","b","g","Roll On Ruby","Scorpion","tb","0","0.00","6","20","61.61","51.59","50.00","35.00","2","1","83.33","100.00","1.00","0.00","0.00","0.00","NO","0.00","Male","67.19","65.43","58.71","54.42","0.00","0.00","0.00","","","",""
"31/08/2026","16:55","Cartmel","Cossack Chach","13.00","16.67","15.00","28.57","19.00","50.00","NO","","0.00","","8","Derek Fox","Lucinda Russell","65","49","71","121","75","53","59","C","62","69","48","9","20","29","0","31/08/2026 16:55","2m 5f 34y","Chase","C","3","4654","0","9057.00","FGH Handicap Chase (GBB Race) (Class C)","","","","0.00","164","126/P2971/P-3","0","0","0","0.00","0.00","0.00","2","2","11","18.18","18.18","80.00","-3.00","64.50","C","3","8714.00","165","1m 7f 133y","3433","95.00","51.00","PPL/PPHPH/H-H","0.00","0","6","11.10","","5","0","Hcap-Cha","Left - Sharp","4yo+,130","25/1","25.00","4","","130","8","8","254","522","268","72","71","75","50","1158","71","b","g","Infatuation","Churchill","tpWS2","0","0.00","2","11","53.34","41.19","54.55","45.45","-1","1","100.00","100.00","1.00","0.00","0.00","0.00","NO","0.00","Male","9.09","15.07","27.52","43.01","0.00","0.00","0.00","","","6","-3"
"31/08/2026","16:55","Cartmel","Bleu D'Enfer","13.00","-25.00","10.00","33.33","13.00","0.00","NO","","0.00","","6","Mr Theo Gillard","Donald McCain","67","115","50","124","78","65","66","C","66","74","57","24","33","57","2","31/08/2026 16:55","2m 5f 34y","Chase","C","3","4654","0","9057.00","FGH Handicap Chase (GBB Race) (Class C)","","","","0.00","167","105-7482924","0","0","0","0.00","0.00","0.00","2","10","31","6.45","32.26","93.33","-24.14","60.73","C","3","7922.00","163","2m 7f 180y","5240","13.00","12.00","PHH-HHPPPHH","6.00","0","8","11.13","","4","0","Hcap-Cha","Left - Sharp","4yo+,130","17/2","8.50","4","","130","8","8","289","545","256","83","69","73","31","","50","gr","g","Quesotho Royale","Turgeon","tpWS","0","0.00","2","31","56.33","42.08","61.29","35.48","9","3","0.00","100.00","1.00","0.00","0.00","0.00","NO","0.00","Male","64.73","56.37","56.37","51.41","0.00","0.00","0.00","","","3","1"
"31/08/2026","16:55","Cartmel","Jack Sprat","7.00","-8.33","6.50","0.00","6.50","-8.33","NO","","0.00","","7","Brian Hughes","James Moffatt","62","73","42","99","65","55","60","G","61","65","50","15","8","23","4","31/08/2026 16:55","2m 5f 34y","Chase","C","3","4654","0","9057.00","FGH Handicap Chase (GBB Race) (Class C)","","","","0.00","142","420P-474923","0","0","0","0.00","0.00","0.00","3","6","29","10.34","20.69","96.15","-16.75","47.97","G","5","3829.00","167","2m 5f 34y","4654","7.20","5.50","PPPH-PHPHPP","13.00","0","8","10.2","","8","0","Hcap-Cha","Left - Sharp","4yo+,130","14/1","14.00","4","","130","8","8","241","486","245","73","84","83","5","","42","b","g","Hell Cat Maggie","Walk In The Park","pWS","0","0.00","3","29","56.51","40.39","37.93","20.69","5","3","0.00","66.67","1.00","0.00","0.00","0.00","NO","0.00","Male","51.84","51.84","51.84","51.92","0.00","0.00","0.00","","","3","0"
"31/08/2026","16:50","Roscommon","Lars Soldier","21.00","-10.00","19.00","0.00","19.00","-10.00","NO","","0.00","","1","Wesley Joyce","M Mulvany","59","252","13","84","70","55","58","E","59","62","57","32","36","68","6","31/08/2026 16:50","7f 94y","Turf","D","4","1634","3","15000.00","Irish EBF Median Sires Series Conditions Race (Class D)","","","","0.00","130","4153425","0","0","0","0.00","0.00","0.00","1","2","7","14.29","28.57","0.00","12.00","180.00","E","5","16199.00","127","7f 111y","1651","11.00","8.00","PPPLPPP","19.00","5","2","9.4","","4","0","Con-Med","Right - Stiff","2yo","11/2","5.50","2","2","","9","9","318","596","278","76","75","76","51","13","","b","g","Amber Dawn","Soldier's Call","","0","0.90","1","7","62.93","44.52","28.57","14.29","1","-1","0.00","0.00","1.00","0.00","0.00","0.00","NO","0.00","Male","52.91","53.73","46.70","53.84","0.00","0.00","0.00","","","",""
"31/08/2026","16:50","Roscommon","Joga Bonito","5.00","-16.75","4.33","-24.92","3.50","-37.50","NO","","0.00","","3","W J Lee","P Twomey","63","240","31","90","63","59","60","E","61","61","56","32","90","122","10","31/08/2026 16:50","7f 94y","Turf","D","4","1634","0","15000.00","Irish EBF Median Sires Series Conditions Race (Class D)","","","","0.00","130","4231","0","0","0","0.00","0.00","0.00","1","2","4","25.00","50.00","0.00","-0.25","150.00","E","5","15000.00","130","7f","1540","4.60","3.75","PPLL","31.00","2","2","9.4","D","3","0","Con-Med","Right - Stiff","2yo","11/2","5.50","2","2","","9","9","340","687","347","92","93","91","71","31","","gr","g","Aurora Gray","Territories","p","0","1.58","1","4","83.93","71.84","25.00","25.00","-2","-1","0.00","0.00","1.00","0.00","0.00","0.00","NO","0.00","Male","45.80","43.10","50.02","55.95","0.00","0.00","0.00","","","",""
"31/08/2026","16:50","Roscommon","Full Volume","5.50","11.11","6.00","40.00","8.00","55.56","NO","","0.00","","4","Shane Foley","Mrs John Harrington","0","183","24","96","60","58","39","D","59","59","44","25","47","72","8","31/08/2026 16:50","7f 94y","Turf","D","4","1634","0","15000.00","Irish EBF Median Sires Series Conditions Race (Class D)","","","","0.00","132","6126","0","0","0","0.00","0.00","0.00","1","1","4","25.00","25.00","0.00","0.00","150.00","A","1","30000.00","131","1m","1760","14.47","13.00","PPLP","25.00","1","2","9.6","D","2","0","Con-Med","Right - Stiff","2yo","15/2","7.50","2","2","","9","9","330","655","325","78","80","80","87","24","","b","c","Red Azalea","Lucky Vega","","0","0.68","1","4","58.33","47.57","25.00","25.00","2","3","0.00","0.00","1.00","0.00","0.00","0.00","NO","0.00","Male","37.58","52.81","50.28","49.45","0.00","0.00","0.00","","","",""
"31/08/2026","16:50","Roscommon","South Dakota","2.88","19.68","3.25","0.00","3.25","19.68","NO","","0.00","","5","Wayne Lordan","A P O'Brien","59","135","28","95","66","58","61","A","59","59","55","43","39","82","0","31/08/2026 16:50","7f 94y","Turf","D","4","1634","0","15000.00","Irish EBF Median Sires Series Conditions Race (Class D)","","","","0.00","134","4433","0","0","0","0.00","0.00","0.00","0","1","4","0.00","25.00","0.00","-4.00","0.00","A","1","110000.00","134","5f 205y","1305","6.80","4.50","HHHH","0.00","4","2","9.8","","1","0","Con-Med","Right - Stiff","2yo","4/1","4.00","2","2","","9","9","299","576","277","92","86","87","12","28","","b","c","Palace","St Mark's Basilica","","0","0.68","0","4","66.02","45.21","0.00","0.00","-2","-3","0.00","0.00","1.00","0.00","0.00","0.00","NO","0.00","Male","60.78","62.79","64.57","57.49","0.00","0.00","0.00","","","",""
"31/08/2026","16:50","Roscommon","Cudawudashuda","26.00","0.00","26.00","100.00","51.00","100.00","NO","","0.00","","6","Colin Keane","G M Lyons","49","99","59","0","49","49","49","E","49","","49","9","18","27","0","31/08/2026 16:50","7f 94y","Turf","D","4","1634","0","15000.00","Irish EBF Median Sires Series Conditions Race (Class D)","","","","0.00","126","6","0","0","0","0.00","0.00","0.00","0","0","1","0.00","0.00","0.00","-1.00","0.00","E","5","15000.00","127","7f 195y","1735","12.82","11.00","H","0.00","9","2","9.0","","6","0","Con-Med","Right - Stiff","2yo","22/1","22.00","2","2","","9","9","248","604","356","91","99","95","71","59","","b","c","Lady Lambada","Space Traveller","","0","1.42","0","1","37.50","14.06","0.00","0.00","1","1","0.00","0.00","1.00","0.00","0.00","0.00","NO","0.00","Male","62.57","54.24","54.51","58.34","0.00","0.00","0.00","","","",""
"31/08/2026","16:50","Roscommon","The Long Haul","101.00","0.00","101.00","50.00","151.00","50.00","NO","","0.00","","9","J J G Ryan","T G McCourt","42","17","15","0","42","32","32","E","32","23","32","4","10","14","2","31/08/2026 16:50","7f 94y","Turf","D","4","1634","0","15000.00","Irish EBF Median Sires Series Conditions Race (Class D)","","","","0.00","126","50","0","0","0","0.00","0.00","0.00","0","0","2","0.00","0.00","0.00","-2.00","0.00","E","5","15000.00","128","6f","1320","1000.00","251.00","PH","6.00","6","2","9.0","","8","0","Con-Med","Right - Stiff","2yo","50/1","50.00","2","2","","9","9","236","474","238","61","69","61","47","15","","b","g","Philly's Hope","Inns Of Court","","0","1.02","0","2","17.65","6.23","50.00","50.00","2","2","0.00","0.00","1.00","0.00","0.00","0.00","NO","0.00","Male","51.53","43.53","53.80","51.51","0.00","0.00","0.00","","","",""
"31/08/2026","16:50","Roscommon","Wunderschon","41.00","-30.00","29.00","42.86","41.00","0.00","NO","","0.00","","7","K G Kennedy","Mrs John Harrington","60","49","34","0","60","60","60","D","60","","60","17","15","32","0","31/08/2026 16:50","7f 94y","Turf","D","4","1634","5","15000.00","Irish EBF Median Sires Series Conditions Race (Class D)","","","","0.00","125","7","0","0","0","0.00","0.00","0.00","0","0","1","0.00","0.00","0.00","-1.00","0.00","D","4","13200.00","123","7f","1540","190.00","81.00","H","0.00","8","2","8.13","","9","0","Con-Med","Right - Stiff","2yo","12/1","12.00","2","2","","9","9","267","536","269","78","70","74","47","34","","b","f","Wonderful Filly","Sea The Moon","","0","1.02","0","1","45.45","20.66","0.00","0.00","1","1","0.00","0.00","1.00","0.00","0.00","0.00","NO","0.00","Female","37.58","52.81","50.28","49.45","0.00","0.00","0.00","","","",""
"31/08/2026","16:50","Roscommon","Panhandle","51.00","0.00","51.00","32.00","67.00","32.00","NO","","0.00","","8","Gary Carroll","Gavin Cromwell","42","39","8","0","44","43","43","E","43","42","43","5","10","15","0","31/08/2026 16:50","7f 94y","Turf","D","4","1634","0","15000.00","Irish EBF Median Sires Series Conditions Race (Class D)","","","","0.00","126","00","0","0","0","0.00","0.00","0.00","0","0","2","0.00","0.00","0.00","-2.00","0.00","E","5","15000.00","125","5f 205y","1305","438.76","151.00","HH","0.00","3","2","9.0","","7","0","Con-Med","Right - Stiff","2yo","40/1","40.00","2","2","","9","9","251","534","283","70","78","76","59","8","","b","g","Maayaat","Nando Parrado","","0","0.90","0","2","16.07","3.38","0.00","0.00","-2","-2","0.00","0.00","1.00","0.00","0.00","0.00","NO","0.00","Male","50.38","48.71","53.74","51.61","0.00","0.00","0.00","","","",""
"31/08/2026","16:40","Epsom","Amused","5.00","12.50","5.50","22.22","6.50","37.50","NO","","0.00","","5","Luke Catton","Jim Boyle","63","122","6","70","67","58","63","E","63","65","53","28","26","54","2","31/08/2026 16:40","1m 113y","Turf","E","5","1873","3","4449.00","Geoff Lewis Handicap (Class E)","","","","0.00","137","555-0200227","0","0","0","0.00","0.00","0.00","0","4","12","0.00","33.33","0.00","-12.00","0.00","E","5","3978.00","130","1m 1y","1761","3.62","3.25","PPP-HPHHPHH","5.00","6","4","9.11","BF","3","0","Hcap","Left - Sharp / Undulating","3yo+,75","6/1","6.00","3","","75","8","8","312","593","281","78","79","84","40","6","","b","g","Happy Face","No Nay Never","","0","0.75","0","12","44.38","32.28","25.00","16.67","4","1","0.00","0.00","1.00","0.00","0.00","0.00","NO","0.00","Male","48.69","56.62","47.90","46.01","0.00","0.00","0.00","","","",""
"31/08/2026","16:29","Downpatrick","Kevin's Pride","8.00","0.00","8.00","-14.29","7.00","-14.29","NO","","0.00","","4","E Finegan","John C McConnell","31","130","52","0","68","60","28","E","31","68","49","10","19","29","8","31/08/2026 16:29","2m 3f 100y","Chase","E","4","4280","5","7800.00","Cosy Group Beginners Chase (Class E)","","","","0.00","166","122/221-454","0","0","0","0.00","0.00","0.00","2","4","9","22.22","44.44","100.00","-0.77","91.50","E","4","7800.00","166","3m 1f 80y","5580","4.74","4.33","PPL/HPP-PPL","21.00","0","7","11.12","","3","0","Cha","Right - Undulating","4yo+","14/1","14.00","4","","","7","7","296","652","356","88","93","88","87","","52","b","g","Aasleagh Lady","Mount Nelson","tb1","0","0.00","2","9","68.77","60.25","33.33","22.22","-3","-3","50.00","50.00","1.00","0.00","0.00","0.00","NO","0.00","Male","56.66","57.47","56.23","50.99","0.00","0.00","0.00","","","",""
"31/08/2026","16:29","Downpatrick","Spinola Bay","15.00","0.00","15.00","0.00","15.00","0.00","NO","","0.00","","6","James Smith","Gordon Elliott","54","120","41","0","74","51","48","C","49","60","50","25","23","48","8","31/08/2026 16:29","2m 3f 100y","Chase","E","4","4280","5","7800.00","Cosy Group Beginners Chase (Class E)","","","","0.00","166","04753/11-367","0","0","0","0.00","0.00","0.00","2","1","10","20.00","10.00","100.00","2.00","120.00","C","3","9000.00","158","2m 1f 89y","3829","24.00","17.00","HPHHH/PP-LPP","21.00","0","6","11.12","","6","0","Cha","Right - Undulating","4yo+","5/1","5.00","4","","","7","7","317","666","349","93","83","82","91","","41","b","g","Earth Lady","Dragon Dancer","p","0","0.00","2","10","63.26","47.18","30.00","20.00","0","-1","0.00","0.00","1.00","0.00","0.00","0.00","NO","0.00","Male","51.29","48.65","48.46","48.85","0.00","0.00","0.00","","","",""
"31/08/2026","16:29","Downpatrick","Robbies Rock","4.50","0.00","4.50","14.29","5.00","14.29","NO","","0.00","","4","Kevin Sexton","Gavin Cromwell","56","130","34","0","73","56","61","A","59","73","57","19","25","44","2","31/08/2026 16:29","2m 3f 100y","Chase","E","4","4280","0","7800.00","Cosy Group Beginners Chase (Class E)","","","","0.00","166","814/2421-808","0","0","0","0.00","0.00","0.00","3","5","18","16.67","27.78","100.00","-1.38","80.99","E","4","10200.00","166","2m 2f 54y","4014","110.00","51.00","HPP/HPPP-HHP","5.00","0","5","11.12","","5","0","Cha","Right - Undulating","4yo+","7/1","7.00","4","","","7","7","305","643","338","91","91","78","78","99","34","b","g","Sirens Rock","Masar","t","0","0.00","3","18","61.44","49.21","27.78","16.67","0","-1","0.00","33.33","1.00","0.00","0.00","0.00","NO","0.00","Male","50.38","48.71","53.74","51.61","0.00","0.00","0.00","","","",""
"31/08/2026","16:29","Downpatrick","Jabbar","5.00","-12.50","4.50","-4.86","4.33","-16.75","NO","","0.00","","1","Mr T E O'Connor","Gerard O'Leary","62","228","24","0","82","59","60","E","60","73","59","33","28","61","2","31/08/2026 16:29","2m 3f 100y","Chase","E","4","4280","7","7800.00","Cosy Group Beginners Chase (Class E)","","","","0.00","166","20263-47902","0","0","0","0.00","0.00","0.00","7","8","33","21.21","24.24","100.00","9.60","75.00","C","3","12000.00","161","2m 180y","3700","7.60","6.00","HHHPP-PHPHH","5.00","0","7","11.12","","2","0","Cha","Right - Undulating","4yo+","7/2","3.50","4","","","7","7","334","675","341","79","94","86","82","35","24","b","g","Silk Fan","Galileo Gold","","0","0.00","7","33","65.53","51.56","30.30","27.27","7","1","28.57","57.14","1.00","0.00","0.00","0.00","NO","0.00","Male","22.62","29.07","39.20","42.07","0.00","0.00","0.00","","","",""
"31/08/2026","16:35","Chepstow","Rating","13.00","0.00","13.00","50.00","19.00","50.00","NO","","0.00","","4","Ashley Lewis","G Harris","56","85","13","66","69","58","58","E","59","66","56","23","22","45","6","31/08/2026 16:35","1m 14y","Turf","B","2","1774","3","20616.00","LSL Racing Chepstow Mile Series Final Handicap (Class B)","","","","0.00","119","8-323155351","0","0","0","0.00","0.00","0.00","3","13","33","9.09","39.39","0.00","-7.50","33.49","F","6","3454.00","132","1m 14y","1774","5.04","4.50","H-HLPPPPPPP","10.00","6","5","8.7","CD","9","0","Hcap","Left - Galloping / Undulating","3yo+,85","12/1","12.00","3","","85","17","17","214","437","223","57","84","87","-5","13","","ch","m","Savoy Showgirl","Profitable","p","0","1.03","3","33","55.39","40.63","30.30","15.15","11","1","33.33","66.67","1.00","0.00","0.00","0.00","NO","0.00","Female","53.90","52.94","48.92","50.93","0.00","0.00","0.00","","","",""
"31/08/2026","16:35","Chepstow","Too Much Trevor","13.00","33.33","17.00","37.50","23.00","83.33","NO","","0.00","","9","Laura Coughlan","G Harris","60","57","13","61","68","56","59","E","60","64","55","22","17","39","2","31/08/2026 16:35","1m 14y","Turf","B","2","1774","3","20616.00","LSL Racing Chepstow Mile Series Final Handicap (Class B)","","","","0.00","114","5231441731","0","0","0","0.00","0.00","0.00","3","11","37","8.11","29.73","0.00","-10.00","38.03","E","5","4187.00","119","7f 16y","1556","13.84","10.00","HHHHHPPPHH","3.00","14","5","8.2","C","12","0","Hcap","Left - Galloping / Undulating","3yo+,85","12/1","12.00","3","","85","17","17","213","379","166","57","59","46","4","13","","br","g","Walk On Bye","Magna Grecia","","0","1.40","3","37","54.59","39.67","35.14","18.92","5","1","33.33","33.33","1.00","0.00","0.00","0.00","NO","0.00","Male","53.90","52.94","48.92","50.93","0.00","0.00","0.00","","","",""
"31/08/2026","16:29","Downpatrick","Killeemore Lad","2.88","0.00","2.88","19.68","3.25","19.68","NO","","0.00","","2","Philip Donovan","Andrew Slattery","28","188","18","116","76","49","50","C","28","66","46","32","43","75","10","31/08/2026 16:29","2m 3f 100y","Chase","E","4","4280","0","7800.00","Cosy Group Beginners Chase (Class E)","","","","0.00","166","0/822218-F22","0","0","0","0.00","0.00","0.00","3","7","22","13.64","31.82","91.67","52.25","68.26","E","4","9000.00","159","1m 7f 120y","3420","4.10","3.50","H/HPHHHP-PLL","26.00","0","8","11.12","D","4","0","Cha","Right - Undulating","4yo+","7/2","3.50","4","","","7","7","328","659","331","89","82","88","72","785","18","b","g","Firey Witness","Doyen","","0","0.00","3","22","59.44","45.55","40.91","40.91","8","1","0.00","0.00","1.00","0.00","0.00","0.00","NO","0.00","Male","76.73","67.86","61.54","52.40","0.00","0.00","0.00","","","",""
"31/08/2026","16:29","Downpatrick","Barton Sky","101.00","0.00","101.00","0.00","101.00","0.00","NO","","0.00","","7","Ricky Doyle","John Joseph Hanlon","30","81","21","0","56","46","44","E","46","46","44","4","15","19","6","31/08/2026 16:29","2m 3f 100y","Chase","E","4","4280","0","7800.00","Cosy Group Beginners Chase (Class E)","","","","0.00","166","6-50","0","0","0","0.00","0.00","0.00","0","0","3","0.00","0.00","100.00","-3.00","0.00","E","4","7200.00","166","2m 6f 113y","4953","15.56","11.00","H-LP","16.00","0","8","11.12","","1","0","Cha","Right - Undulating","4yo+","33/1","33.00","4","","","7","7","264","599","335","81","82","97","75","","21","b","g","Academy Rose","Snow Sky","","0","0.00","0","3","44.02","23.94","33.33","33.33","1","1","0.00","0.00","1.00","0.00","0.00","0.00","NO","0.00","Male","43.53","46.04","37.45","39.74","0.00","0.00","0.00","","","",""
"31/08/2026","16:25","Southwell","Jackabi","19.00","11.11","21.00","65.00","34.00","83.33","NO","","0.00","","5","Rob Hornby","Mark Rimell","55","91","25","67","56","49","53","F","55","56","47","21","13","34","4","31/08/2026 16:25","1m 13y","A/W","E","5","1773","0","4397.00","Southwell Racecourse Conference & Events Handicap (Div 2) (Class E)","","","","0.00","132","657224-0514","0","0","0","0.00","0.00","0.00","1","1","10","10.00","10.00","0.00","-6.50","37.68","E","5","4187.00","132","7f 16y","1556","7.00","7.00","HLLHLH-HPPH","13.00","1","3","9.6","","4","0","Hcap","Left - Sharp","3yo,70","9/1","9.00","3","3","70","9","9","285","587","302","80","71","70","81","25","","b","g","Countryside","Hello Youmzain","t","0","0.89","1","10","42.66","28.52","40.00","30.00","4","3","0.00","0.00","1.00","0.00","0.00","0.00","NO","0.00","Male","52.57","57.94","43.78","44.64","0.00","0.00","0.00","","","",""
"31/08/2026","16:25","Southwell","Alkumatic Jo Jo","9.00","-6.25","8.50","-6.67","8.00","-12.50","NO","","0.00","","2","Silvestre De Sousa","Ivan Furtado","63","121","21","65","66","56","58","E","56","63","55","28","25","53","2","31/08/2026 16:25","1m 13y","A/W","E","5","1773","0","4397.00","Southwell Racecourse Conference & Events Handicap (Div 2) (Class E)","","","","0.00","130","432-5626573","0","0","0","0.00","0.00","0.00","0","5","11","0.00","45.45","0.00","-11.00","0.00","E","5","4187.00","129","1m","1760","38.00","19.00","HPH-HHHHHHP","7.00","3","3","9.4","","7","0","Hcap","Left - Sharp","3yo,70","7/1","7.00","3","3","70","9","9","293","531","238","73","85","88","-8","21","","b","f","Approachable","Alkumait","","0","1.06","0","11","65.07","46.02","18.18","9.09","7","1","0.00","0.00","1.00","0.00","0.00","0.00","NO","0.00","Female","50.46","42.35","51.86","52.91","0.00","0.00","0.00","","","",""
"31/08/2026","16:25","Southwell","Hunterian","15.00","0.00","15.00","14.29","17.00","14.29","NO","","0.00","","6","Andrew Mullen","Charlie Johnston","50","75","45","62","67","51","53","F","51","61","52","28","15","43","2","31/08/2026 16:25","1m 13y","A/W","E","5","1773","0","4397.00","Southwell Racecourse Conference & Events Handicap (Div 2) (Class E)","","","","0.00","127","0-23632166","0","0","0","0.00","0.00","0.00","1","3","9","11.11","33.33","0.00","-5.00","41.87","F","6","3402.00","130","1m 6y","1766","6.26","5.00","P-LLLPPHPH","7.00","7","3","9.1","D","9","0","Hcap","Left - Sharp","3yo,70","7/1","7.00","3","3","70","9","9","282","586","304","86","74","83","61","45","","br","g","Tottie","Study Of Man","","0","0.89","1","9","52.99","39.68","33.33","11.11","3","-1","0.00","0.00","1.00","0.00","0.00","0.00","NO","0.00","Male","35.53","45.81","49.47","43.70","0.00","0.00","0.00","","","6","0"
"31/08/2026","16:25","Southwell","Ballybunion","5.00","0.00","5.00","0.00","5.00","0.00","NO","","0.00","","4","Callum Shepherd","Michael Bell","62","105","21","66","62","57","58","E","57","60","56","26","11","37","2","31/08/2026 16:25","1m 13y","A/W","E","5","1773","0","4397.00","Southwell Racecourse Conference & Events Handicap (Div 2) (Class E)","","","","0.00","131","722-064","0","0","0","0.00","0.00","0.00","0","1","6","0.00","16.67","0.00","-6.00","0.00","E","5","4187.00","132","1m","1760","8.30","6.00","HPP-HHP","7.00","2","3","9.5","","6","0","Hcap","Left - Sharp","3yo,70","15/2","7.50","3","3","70","9","9","273","568","295","93","78","88","36","21","","ch","g","Princess Pearl","Footstepsinthesand","WS3","0","1.10","0","6","52.61","33.42","0.00","0.00","2","1","0.00","0.00","1.00","0.00","0.00","0.00","NO","0.00","Male","66.61","53.45","50.66","45.14","0.00","0.00","0.00","","","",""
"31/08/2026","16:29","Downpatrick","Herja","5.00","12.50","5.50","0.00","5.50","12.50","NO","","0.00","","3","Mr H E Sexton","Mrs P Griffin","68","152","34","105","68","60","64","E","63","67","54","26","37","63","2","31/08/2026 16:29","2m 3f 100y","Chase","E","4","4280","7","7800.00","Cosy Group Beginners Chase (Class E)","","","","0.00","159","122-4723262","0","0","0","0.00","0.00","0.00","1","7","15","6.67","46.67","93.33","-12.80","41.93","E","4","10200.00","151","2m 2f 54y","4014","22.41","17.00","LLL-HHPHPHH","5.00","0","6","11.5","D","7","0","Cha","Right - Undulating","4yo+","9/2","4.50","4","","","7","7","318","629","311","74","76","94","67","","34","br","m","Crofton Trail","Policy Maker","t","0","0.00","1","15","64.85","52.09","53.33","33.33","7","1","0.00","0.00","1.00","0.00","0.00","0.00","NO","0.00","Female","0.00","0.00","0.00","0.00","0.00","0.00","0.00","","","",""
"31/08/2026","16:25","Southwell","Boy Named Sioux","12.00","27.27","15.00","14.29","17.00","45.45","NO","","0.00","","9","Warren Fentiman","Richard Fahey","57","61","9","67","59","56","57","D","57","58","53","21","11","32","0","31/08/2026 16:25","1m 13y","A/W","E","5","1773","3","4397.00","Southwell Racecourse Conference & Events Handicap (Div 2) (Class E)","","","","0.00","132","837416-5790","0","0","0","0.00","0.00","0.00","1","0","10","10.00","0.00","0.00","-4.50","37.16","D","4","5234.00","123","7f 219y","1759","31.64","26.00","HHHHHH-HHHH","0.00","6","3","9.6","C","3","0","Hcap","Left - Sharp","3yo,70","9/1","9.00","3","3","70","9","9","284","592","308","84","69","77","78","9","","b","g","Mysterious Burg","Sioux Nation","","0","0.98","1","10","40.72","23.35","20.00","10.00","0","1","0.00","0.00","1.00","0.00","0.00","0.00","NO","0.00","Male","56.09","48.04","49.95","48.23","0.00","0.00","0.00","","","",""
"31/08/2026","16:25","Southwell","Wise Crack","8.00","21.43","9.50","5.88","10.00","28.57","NO","","0.00","","7","Shane Gray","Ruth Carr","66","64","21","66","66","53","58","E","65","65","53","24","13","37","4","31/08/2026 16:25","1m 13y","A/W","E","5","1773","0","4397.00","Southwell Racecourse Conference & Events Handicap (Div 2) (Class E)","","","","0.00","131","6738-056814","0","0","0","0.00","0.00","0.00","1","1","10","10.00","10.00","0.00","9.00","41.87","E","5","4187.00","132","1m","1760","12.50","9.00","HHPP-HHHHPP","13.00","8","3","9.5","","5","0","Hcap","Left - Sharp","3yo,70","8/1","8.00","3","3","70","9","9","316","617","301","72","71","78","80","21","","b","g","Veiled Intrigue","Blue Point","p1","0","1.06","1","10","42.74","27.38","10.00","10.00","4","1","0.00","0.00","1.00","0.00","0.00","0.00","NO","0.00","Male","54.39","50.90","50.99","52.65","0.00","0.00","0.00","","","",""
"31/08/2026","16:35","Chepstow","Redhot Whisper","12.00","9.09","13.00","-8.33","12.00","0.00","NO","","0.00","","10","C Planas","Adrian Wintle","63","47","22","61","68","59","58","F","58","66","57","21","25","46","0","31/08/2026 16:35","1m 14y","Turf","B","2","1774","0","20616.00","LSL Racing Chepstow Mile Series Final Handicap (Class B)","","","","0.00","114","4090-903321","0","0","0","0.00","0.00","0.00","1","9","21","4.76","42.86","0.00","-13.00","37.68","F","6","3768.00","136","1m 14y","1774","11.09","8.00","PPHH-HHHHHH","0.00","1","5","8.2","CD","13","0","Hcap","Left - Galloping / Undulating","3yo+,85","13/1","13.00","3","","85","17","17","165","390","225","65","73","53","34","22","","b","g","Whispering Bell","Too Darn Hot","hWS","0","0.92","1","21","50.79","39.34","28.57","4.76","1","1","100.00","100.00","1.00","0.00","0.00","0.00","NO","0.00","Male","49.62","44.78","42.90","49.93","0.00","0.00","0.00","","","",""
"31/08/2026","16:35","Chepstow","Kodi Fire","15.00","14.29","17.00","37.50","23.00","57.14","NO","","0.00","","2","Finley Marsh","Charles Hills","58","105","25","75","70","53","60","E","61","66","53","18","35","53","8","31/08/2026 16:35","1m 14y","Turf","B","2","1774","0","20616.00","LSL Racing Chepstow Mile Series Final Handicap (Class B)","","","","0.00","128","1150-584125","0","0","0","0.00","0.00","0.00","4","1","18","22.22","5.56","0.00","31.00","75.65","E","5","4449.00","135","1m","1760","11.50","9.00","HPHP-PHHLPP","13.00","15","4","9.2","CD","4","0","Hcap","Left - Galloping / Undulating","3yo+,85","16/1","16.00","3","","85","17","17","291","579","288","80","69","86","53","25","","br","g","Emilandra","Kodi Bear","tp","0","1.04","4","18","58.37","42.91","38.89","22.22","6","1","25.00","25.00","1.00","0.00","0.00","0.00","NO","0.00","Male","47.36","52.26","54.43","56.57","0.00","0.00","0.00","","","",""
"31/08/2026","16:35","Chepstow","Law Of Design","17.00","0.00","17.00","0.00","17.00","0.00","NO","","0.00","","15","William Cox","Ian Williams","53","20","13","64","70","58","54","D","53","68","57","9","15","24","2","31/08/2026 16:35","1m 14y","Turf","B","2","1774","0","20616.00","LSL Racing Chepstow Mile Series Final Handicap (Class B)","","","","0.00","117","4390-859555","0","0","0","0.00","0.00","0.00","1","1","16","6.25","6.25","0.00","-12.00","162.00","F","6","3454.00","135","1m 14y","1774","4.03","3.75","PPHH-PHHHHP","3.00","4","4","8.5","BF","10","0","Hcap","Left - Galloping / Undulating","3yo+,85","33/1","33.00","3","","85","17","17","141","269","128","56","37","55","-20","13","","ch","g","Areeda","Sottsass","v1","0","1.23","1","16","35.38","23.13","25.00","12.50","6","1","0.00","100.00","1.00","0.00","0.00","0.00","NO","0.00","Male","38.29","42.16","45.54","47.08","0.00","0.00","0.00","","","",""
"31/08/2026","16:35","Chepstow","Revelance","4.00","0.00","4.00","0.00","4.00","0.00","NO","","0.00","","1","Rossa Ryan","Ralph Beckett","59","249","25","85","69","62","62","C","64","65","61","48","61","109","6","31/08/2026 16:35","1m 14y","Turf","B","2","1774","0","20616.00","LSL Racing Chepstow Mile Series Final Handicap (Class B)","","","","0.00","138","72/11239-761","0","0","0","0.00","0.00","0.00","3","2","10","30.00","20.00","0.00","-3.28","60.80","D","4","5339.00","141","1m 14y","1774","3.15","3.25","HP/LPPPP-HPL","10.00","5","4","9.12","CD","1","0","Hcap","Left - Galloping / Undulating","3yo+,85","5/1","5.00","3","","85","17","17","342","698","356","92","91","89","84","25","","b","f","Mujabaha","Blue Point","","0","1.03","3","10","70.97","57.99","30.00","30.00","-2","1","0.00","33.33","1.00","0.00","0.00","0.00","NO","0.00","Female","62.27","52.84","56.08","55.54","0.00","0.00","0.00","","","",""
"31/08/2026","16:35","Chepstow","Nakaaha","13.00","33.33","17.00","12.50","19.00","50.00","NO","","0.00","","7","Callum Hutchinson","G Harris","58","61","25","78","66","58","50","E","58","65","56","16","20","36","4","31/08/2026 16:35","1m 14y","Turf","B","2","1774","0","20616.00","LSL Racing Chepstow Mile Series Final Handicap (Class B)","","","","0.00","131","08-02556102","0","0","0","0.00","0.00","0.00","3","4","18","16.67","22.22","0.00","25.50","47.10","D","4","5339.00","137","1m 14y","1774","11.95","11.00","HH-HPPHHPHP","6.00","2","4","9.5","D","3","0","Hcap","Left - Galloping / Undulating","3yo+,85","18/1","18.00","3","","85","17","17","234","457","223","57","81","66","19","25","","b","f","Naqaawa","Bated Breath","h","0","1.44","3","18","57.83","43.20","33.33","27.78","6","1","33.33","0.00","1.00","0.00","0.00","0.00","NO","0.00","Female","53.90","52.94","48.92","50.93","0.00","0.00","0.00","","","",""
"31/08/2026","16:40","Epsom","Here I Bow","9.00","25.00","11.00","0.00","11.00","25.00","NO","","0.00","","8","Jonny Peate","Oli Rix","59","32","11","75","62","59","56","D","59","59","57","8","3","11","6","31/08/2026 16:40","1m 113y","Turf","E","5","1873","0","4449.00","Geoff Lewis Handicap (Class E)","","","","0.00","135","7085","0","0","0","0.00","0.00","0.00","0","0","4","0.00","0.00","0.00","-4.00","0.00","D","4","6442.00","135","7f","1540","46.48","34.00","HPPP","15.00","2","3","9.9","","4","0","Hcap","Left - Sharp / Undulating","3yo+,75","22/1","22.00","3","","75","8","8","283","559","276","76","71","84","45","11","","b","f","So Like Your Moves","Bow Creek","WS3","0","1.12","0","4","22.86","8.82","50.00","0.00","4","3","0.00","0.00","1.00","0.00","0.00","0.00","NO","0.00","Female","8.33","52.48","43.22","55.49","0.00","0.00","0.00","","","",""
"31/08/2026","16:35","Chepstow","The Bureau Club","21.00","-40.00","13.00","0.00","13.00","-40.00","NO","","0.00","","17","Olivia Tubb","Charlie Pike","63","7","22","67","68","59","61","F","63","63","58","13","4","17","4","31/08/2026 16:35","1m 14y","Turf","B","2","1774","5","20616.00","LSL Racing Chepstow Mile Series Final Handicap (Class B)","","","","0.00","114","4467742","0","0","0","0.00","0.00","0.00","0","1","7","0.00","14.29","0.00","-7.00","0.00","F","6","3768.00","135","1m 14y","1774","32.00","23.00","HHHHHHL","6.00","7","3","8.2","","15","0","Hcap","Left - Galloping / Undulating","3yo+,85","22/1","22.00","3","","85","17","17","120","250","130","30","62","66","-28","22","","b","f","Bakoura","Mondialiste","ht","0","0.67","0","7","38.23","23.27","42.86","14.29","5","1","0.00","0.00","1.00","0.00","0.00","0.00","NO","0.00","Female","51.75","55.21","44.66","35.83","0.00","0.00","0.00","","","",""
"31/08/2026","16:35","Chepstow","Thanos","8.00","-28.57","6.00","-10.00","5.50","-35.71","NO","","0.00","","3","Lewis Edmunds","Harry Charlton","52","98","60","74","64","57","59","F","62","63","53","15","38","53","2","31/08/2026 16:35","1m 14y","Turf","B","2","1774","0","20616.00","LSL Racing Chepstow Mile Series Final Handicap (Class B)","","","","0.00","121","67922-2113","0","0","0","0.00","0.00","0.00","2","3","9","22.22","33.33","0.00","-3.58","34.54","E","5","5757.00","135","1m","1760","3.02","2.75","HHHHH-HHHP","3.00","17","3","8.9","CD","8","0","Hcap","Left - Galloping / Undulating","3yo+,85","18/1","18.00","3","","85","17","17","214","516","302","86","51","75","90","60","","br","g","Reedanjas","Lope Y Fernandez","p","0","2.76","2","9","67.08","54.11","33.33","33.33","-3","1","0.00","50.00","1.00","0.00","0.00","0.00","NO","0.00","Male","79.29","71.84","69.15","65.29","0.00","0.00","0.00","","","3","0"
"31/08/2026","16:35","Chepstow","Eutropia","7.00","8.33","7.50","23.08","9.00","33.33","NO","","0.00","","14","Edward Greatrex","Adrian Wintle","61","21","38","69","68","58","64","E","65","65","56","11","25","36","2","31/08/2026 16:35","1m 14y","Turf","B","2","1774","0","20616.00","LSL Racing Chepstow Mile Series Final Handicap (Class B)","","","","0.00","122","3313115223","0","0","0","0.00","0.00","0.00","3","7","21","14.29","33.33","0.00","-10.50","37.68","E","5","4187.00","133","1m 14y","1774","2.56","2.38","HHHHHHHHHP","3.00","11","4","8.10","D  BF","5","0","Hcap","Left - Galloping / Undulating","3yo+,85","25/1","25.00","3","","85","17","17","193","468","275","65","62","89","59","38","","b","f","Next One","Study Of Man","","0","1.04","3","21","62.26","48.09","23.81","19.05","7","1","33.33","66.67","1.00","0.00","0.00","0.00","NO","0.00","Female","49.62","44.78","42.90","49.93","0.00","0.00","0.00","","","3","0"
"31/08/2026","16:35","Chepstow","Spirit Of The Bay","12.00","9.09","13.00","-25.00","10.00","-18.18","NO","","0.00","","7","Mason Paetel","John Flint","58","61","25","68","74","63","63","E","62","73","61","21","38","59","2","31/08/2026 16:35","1m 14y","Turf","B","2","1774","3","20616.00","LSL Racing Chepstow Mile Series Final Handicap (Class B)","","","","0.00","121","3759-447213","0","0","0","0.00","0.00","0.00","7","8","45","15.56","17.78","0.00","-8.00","44.02","D","4","5339.00","128","1m 14y","1774","14.35","9.50","PPHP-HPHHPH","3.00","10","8","8.9","CD","6","0","Hcap","Left - Galloping / Undulating","3yo+,85","13/1","13.00","3","","85","17","17","269","451","182","56","57","49","20","25","","b","m","Decorative","Cable Bay","p","0","0.50","7","45","58.56","43.08","42.22","28.89","17","3","28.57","85.71","1.00","0.00","0.00","0.00","NO","0.00","Female","45.83","38.29","45.07","48.53","0.00","0.00","0.00","","","",""
"31/08/2026","16:35","Chepstow","Bobby Dassler","51.00","60.00","81.00","-17.50","67.00","32.00","NO","","0.00","","11","Olivia Haines","Barry T Murphy","33","41","13","61","73","57","44","F","48","69","56","6","13","19","4","31/08/2026 16:35","1m 14y","Turf","B","2","1774","7","20616.00","LSL Racing Chepstow Mile Series Final Handicap (Class B)","","","","0.00","114","7234813778","0","0","0","0.00","0.00","0.00","3","12","50","6.00","24.00","0.00","-28.67","41.17","F","6","3454.00","119","1m 14y","1774","28.45","29.00","LLLPPPLHHL","6.00","3","7","8.2","CD","16","0","Hcap","Left - Galloping / Undulating","3yo+,85","50/1","50.00","3","","85","17","17","128","310","182","54","51","66","11","13","","b","g","Butoolat","Awtaad","t","0","0.87","3","50","49.86","36.05","28.00","12.00","-2","-1","33.33","33.33","1.00","0.00","0.00","0.00","NO","0.00","Male","30.21","25.20","25.80","22.68","0.00","0.00","0.00","","","",""
"31/08/2026","16:35","Chepstow","Talis Evolvere","12.00","-27.27","9.00","-25.00","7.00","-45.45","NO","","0.00","","6","Alexander Voikhansky","Richard Hannon","60","64","12","79","77","67","60","C","60","76","65","18","29","47","4","31/08/2026 16:35","1m 14y","Turf","B","2","1774","0","20616.00","LSL Racing Chepstow Mile Series Final Handicap (Class B)","","","","0.00","132","5280827665","0","0","0","0.00","0.00","0.00","6","13","45","13.33","28.89","0.00","6.68","194.32","D","4","6281.00","137","1m","1760","5.39","4.50","HPHPHPPPPH","6.00","16","6","9.6","D","2","0","Hcap","Left - Galloping / Undulating","3yo+,85","16/1","16.00","3","","85","17","17","291","354","63","64","42","51","-94","12","","b","g","My Henrietta","Awtaad","","0","1.64","6","45","61.51","46.32","26.67","20.00","3","-3","16.67","50.00","1.00","0.00","0.00","0.00","NO","0.00","Male","56.90","54.21","48.26","50.85","0.00","0.00","0.00","","","",""
"31/08/2026","16:35","Chepstow","Homeland","15.00","42.86","21.00","25.00","26.00","78.57","NO","","0.00","","5","Miss Zoe Lewis","T Faulkner","63","76","37","61","63","57","56","F","57","63","53","11","11","22","8","31/08/2026 16:35","1m 14y","Turf","B","2","1774","7","20616.00","LSL Racing Chepstow Mile Series Final Handicap (Class B)","","","","0.00","114","659765-3413","0","0","0","0.00","0.00","0.00","2","4","19","10.53","21.05","0.00","-13.75","35.59","F","6","3768.00","134","1m 2f","2200","2.44","2.10","PLLPHP-PPPL","13.00","12","4","8.2","BF","14","0","Hcap","Left - Galloping / Undulating","3yo+,85","25/1","25.00","3","","85","17","17","116","234","118","58","75","79","-94","37","","b","g","Karen's Caper","Land Force","p","0","1.40","2","19","54.51","38.85","36.84","15.79","-3","-1","50.00","100.00","1.00","0.00","0.00","0.00","NO","0.00","Male","33.97","32.01","38.94","53.67","0.00","0.00","0.00","","","",""
"31/08/2026","16:35","Chepstow","Scarfo","29.00","42.86","41.00","-17.50","34.00","17.86","NO","","0.00","","13","Isobelle Chalmers","Bernard Llewellyn","54","26","13","61","66","53","58","F","58","63","52","14","12","26","4","31/08/2026 16:35","1m 14y","Turf","B","2","1774","7","20616.00","LSL Racing Chepstow Mile Series Final Handicap (Class B)","","","","0.00","114","9079132263","0","0","0","0.00","0.00","0.00","2","8","38","5.26","21.05","0.00","-25.00","42.40","F","6","3454.00","112","1m 14y","1774","9.21","8.00","PHHHPLPPPH","6.00","8","5","8.2","CD","17","0","Hcap","Left - Galloping / Undulating","3yo+,85","20/1","20.00","3","","85","17","17","172","322","150","36","53","66","-5","13","","ch","g","Midsummer Breeze","Soldier's Call","","0","1.38","2","38","48.62","30.92","15.79","7.89","14","1","50.00","50.00","1.00","0.00","0.00","0.00","NO","0.00","Male","46.43","51.84","51.01","50.26","0.00","0.00","0.00","","","",""
"31/08/2026","16:35","Chepstow","Auburn Avenue","12.00","-9.09","11.00","20.00","13.00","9.09","NO","","0.00","","12","William Carson","John Flint","55","32","25","68","70","59","57","F","55","66","56","16","11","27","0","31/08/2026 16:35","1m 14y","Turf","B","2","1774","0","20616.00","LSL Racing Chepstow Mile Series Final Handicap (Class B)","","","","0.00","121","302472-8715","0","0","0","0.00","0.00","0.00","1","6","19","5.26","31.58","0.00","-7.00","34.54","D","4","5339.00","123","1m 14y","1774","8.06","6.00","HHPPHH-HHHH","0.00","9","5","8.9","C","7","0","Hcap","Left - Galloping / Undulating","3yo+,85","18/1","18.00","3","","85","17","17","117","248","131","56","48","62","-35","25","","ch","m","Bint Malyana","Phoenix Of Spain","p","0","0.93","1","19","61.99","46.03","21.05","10.53","1","1","0.00","0.00","1.00","0.00","0.00","0.00","NO","0.00","Female","45.83","38.29","45.07","48.53","0.00","0.00","0.00","","","",""
"31/08/2026","16:35","Chepstow","Moonhall Lass","21.00","40.00","29.00","17.86","34.00","65.00","NO","","0.00","","15","Molly Keegan-Price","J Tickle","50","20","30","61","68","59","57","F","57","66","58","13","1","14","4","31/08/2026 16:35","1m 14y","Turf","B","2","1774","7","20616.00","LSL Racing Chepstow Mile Series Final Handicap (Class B)","","","","0.00","114","0311883144","0","0","0","0.00","0.00","0.00","3","4","31","9.68","12.90","0.00","-23.63","36.14","F","6","3768.00","135","7f 6y","1546","7.80","6.50","PHPPPHHHPP","6.00","13","4","8.2","","11","0","Hcap","Left - Galloping / Undulating","3yo+,85","22/1","22.00","3","","85","17","17","105","282","177","79","30","66","2","30","","b","f","Analasa","Dandy Man","p","0","0.87","3","31","55.98","39.22","25.81","16.13","7","1","33.33","33.33","1.00","0.00","0.00","0.00","NO","0.00","Female","47.32","52.45","52.94","55.66","0.00","0.00","0.00","","","",""
"31/08/2026","16:55","Cartmel","Pour Les Filles","8.50","-40.00","5.50","0.00","5.50","-40.00","NO","","0.00","","4","Sean Bowen","Mickey Bowen","0","159","44","127","74","64","64","A","64","70","50","25","38","63","2","31/08/2026 16:55","2m 5f 34y","Chase","C","3","4654","0","9057.00","FGH Handicap Chase (GBB Race) (Class C)","","","","0.00","170","17P-1P5033P","0","0","0","0.00","0.00","0.00","3","3","15","20.00","20.00","76.92","4.11","78.91","A","1","42712.00","153","2m 5f 89y","4709","21.00","15.00","LPH-LHLHPHH","6.00","0","8","12.2","","1","0","Hcap-Cha","Left - Sharp","4yo+,130","8/1","8.00","4","","130","8","8","322","608","286","95","96","86","9","","44","b","g","Ravello Bay","Pour Moi","tp","0","0.00","3","15","58.38","47.86","26.67","20.00","-1","1","66.67","66.67","1.00","0.00","0.00","0.00","NO","0.00","Male","67.19","65.43","58.71","54.42","0.00","0.00","0.00","","","",""
"31/08/2026","17:20","Ripon","Tiberio Force","19.00","-50.00","10.00","22.22","12.00","-38.89","NO","","0.00","","4","Mark Winn","Simon Whitaker","52","106","16","44","70","54","53","F","52","67","53","16","10","26","4","31/08/2026 17:20","1m 1f 170y","Turf","F","6","2150","0","3664.00","Napoleons Casino And Restaurant Leeds Classified Stakes (Div 2) (Class F)","","","","0.00","135","12986-66789","0","0","0","0.00","0.00","0.00","2","7","45","4.44","15.56","0.00","-27.50","34.25","F","6","5234.00","126","1m 1f 170y","2150","27.37","26.00","HPPPL-HHPPH","8.00","5","7","9.9","CD","5","0","Cla","Right - Sharp","3yo+","17/2","8.50","3","","","10","10","285","509","224","77","70","72","5","16","","bl","g","Rio's Rosanna","Lethal Force","b","0","1.12","2","45","47.51","29.78","17.78","11.11","13","-3","50.00","50.00","1.00","0.00","0.00","0.00","NO","0.00","Male","25.00","45.21","35.86","34.15","0.00","0.00","0.00","","","",""
"31/08/2026","17:15","Epsom","Silver Trumpet","5.00","-12.50","4.50","28.57","5.50","12.50","NO","","0.00","","3","Charles Bishop","Eve Johnson Houghton","58","208","25","75","70","59","61","E","58","68","58","39","32","71","6","31/08/2026 17:15","7f 3y","Turf","D","4","1543","0","6281.00","Betfred 'Play Fred's 5 Million' Handicap (Class D)","","","","0.00","136","1725-437615","0","0","0","0.00","0.00","0.00","5","4","29","17.24","13.79","0.00","-2.17","45.17","E","5","5234.00","135","6f 210y","1530","4.10","4.00","PPPP-PPHPPP","27.00","6","5","9.10","CD","3","0","Hcap","Left - Sharp / Undulating","3yo+,85","100/30","3.33","3","","85","6","6","317","652","335","96","89","93","57","25","","gr","g","Cherubic","Advertise","pWS","0","0.92","5","29","56.01","41.25","31.03","17.24","3","-1","40.00","60.00","1.00","0.00","0.00","0.00","NO","0.00","Male","51.61","53.20","52.02","51.39","0.00","0.00","0.00","","","",""
"31/08/2026","17:15","Epsom","Fresh Fade","26.00","12.00","29.00","-21.43","23.00","-12.00","NO","","0.00","","6","Kieren Fox","Michael Attwater","54","100","33","72","65","56","52","D","54","65","56","10","14","24","4","31/08/2026 17:15","7f 3y","Turf","D","4","1543","0","6281.00","Betfred 'Play Fred's 5 Million' Handicap (Class D)","","","","0.00","128","136045-6060","0","0","0","0.00","0.00","0.00","1","1","15","6.67","6.67","0.00","-11.00","150.00","D","4","20616.00","128","6f","1320","239.13","126.00","LPLPLP-PPHP","18.00","5","3","9.2","","5","0","Hcap","Left - Sharp / Undulating","3yo+,85","16/1","16.00","3","","85","6","6","287","569","282","83","78","78","43","33","","ch","g","Julienne","Cotai Glory","","0","1.35","1","15","48.09","31.51","26.67","13.33","5","3","100.00","100.00","1.00","0.00","0.00","0.00","NO","0.00","Male","40.63","33.63","32.36","39.99","0.00","0.00","0.00","","","",""
"31/08/2026","17:20","Ripon","Back From Dubai","4.00","11.00","4.33","0.00","4.33","11.00","NO","","0.00","","1","D Egan","Roy Bowring","55","130","18","49","70","57","54","F","55","66","54","27","25","52","4","31/08/2026 17:20","1m 1f 170y","Turf","F","6","2150","0","3664.00","Napoleons Casino And Restaurant Leeds Classified Stakes (Div 2) (Class F)","","","","0.00","135","3-588314063","0","0","0","0.00","0.00","0.00","10","18","82","12.20","21.95","0.00","-9.50","34.43","F","6","4004.00","133","1m 100y","1860","10.50","8.50","L-LHLPPPHPP","8.00","7","9","9.9","D","1","0","Cla","Right - Sharp","3yo+","9/2","4.50","3","","","10","10","330","651","321","85","81","84","71","18","","b","g","Emirates Rewards","Exceed And Excel","","0","1.17","10","82","52.57","38.25","29.27","18.29","8","-1","20.00","40.00","1.00","0.00","0.00","0.00","NO","0.00","Male","0.00","0.00","80.02","66.73","0.00","0.00","0.00","","","",""
"31/08/2026","17:20","Ripon","Captain Bruce","23.00","27.27","29.00","0.00","29.00","27.27","NO","","0.00","","8","Cam Hardie","Andrew Crook","46","60","63","45","57","44","40","F","45","52","38","8","8","16","6","31/08/2026 17:20","1m 1f 170y","Turf","F","6","2150","0","3664.00","Napoleons Casino And Restaurant Leeds Classified Stakes (Div 2) (Class F)","","","","0.00","128","81516-90988","0","0","0","0.00","0.00","0.00","2","0","13","15.38","0.00","0.00","16.00","34.55","F","6","3402.00","122","1m 6y","1766","172.86","151.00","HPHPH-PLPLH","12.00","3","3","9.2","D","8","0","Cla","Right - Sharp","3yo+","18/1","18.00","3","","","10","10","256","472","216","69","57","74","16","63","","br","g","Seduct","Awtaad","tWS1","0","0.76","2","13","24.74","18.15","53.85","38.46","7","3","0.00","0.00","1.00","0.00","0.00","0.00","NO","0.00","Male","0.00","0.00","0.00","0.00","0.00","0.00","0.00","","","8","0"
"31/08/2026","17:20","Ripon","Golden Samba","17.00","-31.25","12.00","0.00","12.00","-31.25","NO","","0.00","","5","Miss Joanna Mason","Tina Jackson","37","73","63","44","60","50","51","F","57","59","48","12","10","22","12","31/08/2026 17:20","1m 1f 170y","Turf","F","6","2150","0","3664.00","Napoleons Casino And Restaurant Leeds Classified Stakes (Div 2) (Class F)","","","","0.00","135","7063-84376","0","0","0","0.00","0.00","0.00","0","2","9","0.00","22.22","0.00","-9.00","0.00","F","6","3140.00","122","1m 7f 218y","3518","5.60","5.50","HHPH-HPLLL","24.00","10","4","9.9","","3","0","Cla","Right - Sharp","3yo+","11/1","11.00","3","","","10","10","268","569","301","81","80","76","64","63","","b","f","Gold Ribbon","Nathaniel","","0","0.72","0","9","32.34","16.83","33.33","22.22","3","-1","0.00","0.00","1.00","0.00","0.00","0.00","NO","0.00","Female","10.00","55.00","69.04","64.01","0.00","0.00","0.00","","","6","0"
"31/08/2026","17:20","Ripon","Wheres The Crumpet","21.00","10.00","23.00","27.27","29.00","40.00","NO","","0.00","","6","Aiden Brookes","David Thompson","27","66","37","42","71","55","41","F","45","64","52","14","23","37","2","31/08/2026 17:20","1m 1f 170y","Turf","F","6","2150","0","3664.00","Napoleons Casino And Restaurant Leeds Classified Stakes (Div 2) (Class F)","","","","0.00","135","38-37800988","0","0","0","0.00","0.00","0.00","4","5","47","8.51","10.64","0.00","2.33","37.69","F","6","4711.00","126","1m 5y","1765","55.00","34.00","PP-HPHPHPHH","4.00","2","8","9.9","D","6","0","Cla","Right - Sharp","3yo+","10/1","10.00","3","","","10","10","276","553","277","67","65","78","67","37","1308","ch","m","Jivry","Mukhadram","p","0","1.48","4","47","47.68","30.41","21.28","10.64","7","1","50.00","50.00","1.00","0.00","0.00","0.00","NO","0.00","Female","68.45","55.88","55.88","56.08","0.00","0.00","0.00","","","",""
"31/08/2026","17:15","Epsom","French Affair","2.25","0.00","2.25","-27.20","1.91","-27.20","NO","","0.00","","1","S D Bowen","Jennie Candlish","66","348","23","82","68","60","64","D","66","66","59","50","70","120","2","31/08/2026 17:15","7f 3y","Turf","D","4","1543","0","6281.00","Betfred 'Play Fred's 5 Million' Handicap (Class D)","","","","0.00","138","24-25424611","0","0","0","0.00","0.00","0.00","3","3","15","20.00","20.00","0.00","7.63","101.87","E","5","3664.00","139","5f 217y","1317","2.94","2.63","LP-PPPHPPHH","9.00","3","3","9.12","","1","0","Hcap","Left - Sharp / Undulating","3yo+,85","5/2","2.50","3","","85","6","6","356","715","359","95","84","97","83","23","","b","g","Clearly Crystal","Mehmas","","0","0.92","3","15","69.97","53.40","40.00","40.00","-3","1","66.67","66.67","1.00","0.00","0.00","0.00","NO","0.00","Male","66.83","65.93","62.07","52.45","0.00","0.00","0.00","","","",""
"31/08/2026","17:10","Chepstow","Control Room","3.75","21.09","4.33","5.11","4.50","27.27","NO","","0.00","","1","Edward Greatrex","G Harris","60","229","25","68","69","58","61","E","60","62","56","36","32","68","10","31/08/2026 17:10","5f 16y","Turf","E","5","1116","0","4397.00","Tom's Big Bike Ride Handicap (Class E)","","","","0.00","138","6921-2324","0","0","0","0.00","0.00","0.00","1","3","8","12.50","37.50","0.00","-3.50","43.20","D","4","5339.00","123","5f 16y","1116","8.47","7.00","HPPL-LLLP","26.00","4","3","9.12","D","2","0","Hcap","Left - Galloping / Undulating","3yo+,70","5/1","5.00","3","","70","7","7","337","636","299","88","82","76","53","25","","gr","f","Call Sign Charlie","Land Force","","0","0.90","1","8","68.51","52.17","37.50","12.50","8","3","100.00","100.00","1.00","0.00","0.00","0.00","NO","0.00","Female","53.90","52.94","48.92","50.93","0.00","0.00","0.00","","","",""
"31/08/2026","17:10","Chepstow","Magna","4.33","5.11","4.50","42.86","6.00","50.15","NO","","0.00","","3","Rossa Ryan","Tony Carroll","67","169","35","67","73","57","61","E","61","68","54","33","26","59","8","31/08/2026 17:10","5f 16y","Turf","E","5","1116","0","4397.00","Tom's Big Bike Ride Handicap (Class E)","","","","0.00","139","1233111374","0","0","0","0.00","0.00","0.00","5","8","25","20.00","32.00","0.00","-6.63","37.47","E","5","4397.00","130","5f 21y","1121","16.54","13.00","PHHPLPPPLP","21.00","5","4","9.13","D","1","0","Hcap","Left - Galloping / Undulating","3yo+,70","11/2","5.50","3","","70","7","7","313","645","332","89","94","100","49","35","","b","f","Ghurfah","Magna Grecia","","0","1.03","5","25","60.32","48.53","60.00","32.00","11","1","20.00","40.00","1.00","0.00","0.00","0.00","NO","0.00","Female","49.45","45.67","46.55","45.75","0.00","0.00","0.00","","","",""
"31/08/2026","17:10","Chepstow","Some Nightmare","8.00","-14.29","7.00","0.00","7.00","-14.29","NO","","0.00","","7","William Carson","John O'Shea","62","59","13","49","70","59","59","F","61","70","57","19","45","64","4","31/08/2026 17:10","5f 16y","Turf","E","5","1116","0","4397.00","Tom's Big Bike Ride Handicap (Class E)","","","","0.00","121","8435433732","0","0","0","0.00","0.00","0.00","9","17","75","12.00","22.67","0.00","-34.83","35.72","F","6","3454.00","120","6f 16y","1336","15.51","12.00","HHPPPLPPHP","11.00","2","9","8.9","CD","7","0","Hcap","Left - Galloping / Undulating","3yo+,70","10/1","10.00","3","","70","7","7","287","596","309","82","72","88","67","13","","b","g","Isolde's Return","Dream Ahead","p","0","1.24","9","75","56.27","40.33","37.33","21.33","17","1","33.33","33.33","1.00","0.00","0.00","0.00","NO","0.00","Male","25.00","60.19","45.88","44.67","0.00","0.00","0.00","","","",""
"31/08/2026","17:10","Chepstow","Double Naughty","9.50","17.65","11.00","20.00","13.00","41.18","NO","","0.00","","6","Taylor Fisher","J Tickle","51","83","18","62","62","54","55","D","55","60","52","23","7","30","0","31/08/2026 17:10","5f 16y","Turf","E","5","1116","0","4397.00","Tom's Big Bike Ride Handicap (Class E)","","","","0.00","132","49433-16679","0","0","0","0.00","0.00","0.00","1","1","10","10.00","10.00","0.00","-2.00","41.87","E","5","4397.00","131","6f 12y","1332","22.00","17.00","PPLPH-HHHHH","0.00","6","3","9.6","","6","0","Hcap","Left - Galloping / Undulating","3yo+,70","17/2","8.50","3","","70","7","7","260","577","317","89","77","84","67","18","","b","f","Suraat","Cotai Glory","","0","0.97","1","10","46.97","31.55","40.00","20.00","0","-1","100.00","100.00","1.00","0.00","0.00","0.00","NO","0.00","Female","47.32","52.45","52.94","55.66","0.00","0.00","0.00","","","",""
"31/08/2026","17:15","Epsom","Dapper Guest","6.00","0.00","6.00","-20.00","5.00","-20.00","NO","","0.00","","4","Saffie Osborne","George Margarson","70","156","8","76","71","61","58","D","61","70","58","20","38","58","2","31/08/2026 17:15","7f 3y","Turf","D","4","1543","0","6281.00","Betfred 'Play Fred's 5 Million' Handicap (Class D)","","","","0.00","137","49-08640803","0","0","0","0.00","0.00","0.00","3","0","23","13.04","0.00","0.00","0.33","58.22","D","4","5653.00","131","6f 210y","1530","16.77","15.00","HH-PPPHHHHP","9.00","4","4","9.11","D","2","0","Hcap","Left - Sharp / Undulating","3yo+,85","15/2","7.50","3","","85","6","6","328","651","323","82","94","84","63","8","","b","g","Sea Of Dreams","Dandy Man","p","0","1.35","3","23","45.44","30.83","30.43","26.09","3","-1","66.67","66.67","1.00","0.00","0.00","0.00","NO","0.00","Male","45.14","46.76","49.18","38.78","0.00","0.00","0.00","","","",""
"31/08/2026","17:15","Epsom","Play Me","4.00","0.00","4.00","100.00","7.00","100.00","NO","","0.00","","2","D J Murphy","Jim Boyle","65","210","17","66","65","57","56","E","62","64","56","41","37","78","2","31/08/2026 17:15","7f 3y","Turf","D","4","1543","7","6281.00","Betfred 'Play Fred's 5 Million' Handicap (Class D)","","","","0.00","127","242-3441591","0","0","0","0.00","0.00","0.00","3","6","23","13.04","26.09","0.00","11.50","41.17","E","5","4449.00","131","7f 3y","1543","16.53","15.00","PHP-PPHHPHH","9.00","1","4","9.1","CD","6","0","Hcap","Left - Sharp / Undulating","3yo+,85","3/1","3.00","3","","85","6","6","314","670","356","84","89","96","87","17","","b","g","Initially","Too Darn Hot","","0","1.22","3","23","55.58","40.90","39.13","26.09","5","-1","33.33","33.33","1.00","0.00","0.00","0.00","NO","0.00","Male","48.69","56.62","47.90","46.01","0.00","0.00","0.00","","","",""
"31/08/2026","17:15","Epsom","Million Gold","21.00","25.00","26.00","32.00","34.00","65.00","NO","","0.00","","5","Robert Havlin","Michael Appleby","28","115","65","75","57","57","47","D","57","57","47","8","28","36","6","31/08/2026 17:15","7f 3y","Turf","D","4","1543","0","6281.00","Betfred 'Play Fred's 5 Million' Handicap (Class D)","","","","0.00","131","1-30","0","0","0","0.00","0.00","0.00","1","0","3","33.33","0.00","0.00","1.33","59.40","D","4","12885.00","129","6f","1320","50.00","29.00","P-PP","27.00","2","3","9.5","","4","0","Hcap","Left - Sharp / Undulating","3yo+,85","20/1","20.00","3","","85","6","6","307","634","327","87","91","86","63","65","","b","g","Hana Lina","Earthlight","","0","0.98","1","3","53.33","45.33","33.33","33.33","-1","-1","0.00","0.00","1.00","0.00","0.00","0.00","NO","0.00","Male","35.11","40.73","42.36","39.44","0.00","0.00","0.00","","","14","0"
"31/08/2026","17:20","Ripon","Balance Of Trade","29.00","0.00","29.00","17.86","34.00","17.86","NO","","0.00","","10","Rhys Elliott","Gary Rutherford","34","40","20","46","61","47","38","F","34","60","47","10","11","21","4","31/08/2026 17:20","1m 1f 170y","Turf","F","6","2150","5","3664.00","Napoleons Casino And Restaurant Leeds Classified Stakes (Div 2) (Class F)","","","","0.00","128","7-043945588","0","0","0","0.00","0.00","0.00","0","2","15","0.00","13.33","100.00","-15.00","0.00","F","6","3611.00","118","7f 173y","1713","55.00","41.00","H-PPHPHHPHP","8.00","8","3","9.2","","7","0","Cla","Right - Sharp","3yo+","14/1","14.00","3","","","10","10","244","509","265","60","77","75","53","20","45","b","g","Darkan","Magna Grecia","","0","0.71","0","15","43.12","24.52","13.33","0.00","1","1","0.00","0.00","1.00","0.00","0.00","0.00","NO","0.00","Male","28.99","28.99","35.04","30.43","0.00","0.00","0.00","","","",""
"31/08/2026","17:25","Roscommon","Shamanka","8.50","6.67","9.00","-6.25","8.50","0.00","NO","","0.00","","17","Jack Cleary","Harry Cleary","66","28","11","57","66","56","60","E","61","61","56","11","15","26","2","31/08/2026 17:25","7f 94y","Turf","F","6","1634","5","6000.00","Elphin Handicap (Class F) (0-60)","","","","0.00","139","3/63530-0405","0","0","0","0.00","0.00","0.00","0","2","11","0.00","18.18","0.00","-11.00","0.00","E","5","9000.00","123","7f","1540","173.28","81.00","P/PPPPL-HPHH","3.00","13","4","9.13","","4","0","Hcap","Right - Stiff","3yo+,60","28/1","28.00","3","","60","18","18","191","318","127","36","60","47","-16","11","","b","f","Duchess Power","Shaman","t","0","0.92","0","11","48.33","30.48","18.18","9.09","3","3","0.00","0.00","1.00","0.00","0.00","0.00","NO","0.00","Female","0.00","69.23","69.23","26.41","0.00","0.00","0.00","","","",""
"31/08/2026","17:25","Roscommon","Draiocht","8.00","0.00","8.00","0.00","8.00","0.00","NO","","0.00","","8","Reserve 2","T J O'Mara","55","48","6","42","64","55","59","F","61","62","53","23","11","34","2","31/08/2026 17:25","7f 94y","Turf","F","6","1634","0","6000.00","Elphin Handicap (Class F) (0-60)","","","","0.00","124","0548190-436","0","0","0","0.00","0.00","0.00","1","1","19","5.26","5.26","0.00","-2.00","66.01","F","6","6000.00","126","7f 195y","1735","7.34","5.00","HHHHHHP-HHP","3.00","11","6","8.12","","17","0","Hcap","Right - Stiff","3yo+,60","13/1","13.00","3","","60","18","18","216","381","165","39","41","73","12","6","","br","g","Rock Magic","Dandy Man","","0","0.56","1","19","48.56","31.59","15.79","10.53","5","1","0.00","0.00","1.00","0.00","0.00","0.00","NO","0.00","Male","64.29","63.99","63.52","58.32","0.00","0.00","0.00","","","",""
"31/08/2026","17:25","Roscommon","Oitentinha","23.00","13.64","26.00","12.00","29.00","27.27","NO","","0.00","","10","Luke McAteer","Oliver McKiernan","36","40","73","46","53","50","46","E","49","51","46","5","3","8","0","31/08/2026 17:25","7f 94y","Turf","F","6","1634","0","6000.00","Elphin Handicap (Class F) (0-60)","","","","0.00","128","7809-99","0","0","0","0.00","0.00","0.00","0","0","6","0.00","0.00","0.00","-6.00","0.00","F","6","6000.00","132","1m","1760","21.00","15.00","PPPH-HH","0.00","2","4","9.2","","10","0","Hcap","Right - Stiff","3yo+,60","66/1","66.00","3","","60","18","18","40","242","202","67","62","58","15","73","","b","f","Miss Understood","Churchill","t","0","1.58","0","6","37.60","16.21","16.67","16.67","2","1","0.00","0.00","1.00","0.00","0.00","0.00","NO","0.00","Female","0.00","49.18","53.09","52.89","0.00","0.00","0.00","","","",""
"31/08/2026","17:25","Roscommon","Angel Of Promise","8.50","6.67","9.00","12.50","10.00","20.00","NO","","0.00","","15","Ben Coen","Edward Lynam","59","33","50","57","59","56","49","F","57","59","51","6","3","9","2","31/08/2026 17:25","7f 94y","Turf","F","6","1634","0","6000.00","Elphin Handicap (Class F) (0-60)","","","","0.00","139","0/609-005","0","0","0","0.00","0.00","0.00","0","0","7","0.00","0.00","0.00","-7.00","0.00","F","6","6000.00","141","1m","1760","16.50","13.00","H/HPH-HHP","3.00","18","4","9.13","","3","0","Hcap","Right - Stiff","3yo+,60","50/1","50.00","3","","60","18","18","110","360","250","80","66","68","36","50","","b","f","Lethal Promise","Dark Angel","b1","0","0.00","0","7","41.30","23.10","0.00","0.00","-1","1","0.00","0.00","1.00","0.00","0.00","0.00","NO","0.00","Female","0.00","66.67","54.88","51.04","0.00","0.00","0.00","","","",""
"31/08/2026","17:25","Roscommon","Phoenix Pairc","12.00","-9.09","11.00","-25.00","8.50","-31.82","NO","","0.00","","2","W J Lee","W McCreery","64","113","11","60","67","59","63","E","64","64","57","15","26","41","2","31/08/2026 17:25","7f 94y","Turf","F","6","1634","0","6000.00","Elphin Handicap (Class F) (0-60)","","","","0.00","142","443190-0707","0","0","0","0.00","0.00","0.00","1","1","12","8.33","8.33","0.00","-6.50","72.00","E","5","9000.00","127","7f","1540","13.00","11.00","PPLLHP-PHHP","3.00","17","4","10.2","D","2","0","Hcap","Right - Stiff","3yo+,60","20/1","20.00","3","","60","18","18","280","444","164","95","93","89","-11","11","","gr","f","Tooley Woods","Phoenix Of Spain","t","0","0.00","1","12","52.58","35.48","8.33","8.33","-4","-3","0.00","0.00","1.00","0.00","0.00","0.00","NO","0.00","Female","53.16","73.94","58.78","55.44","0.00","0.00","0.00","","","",""
"31/08/2026","17:25","Roscommon","Givehertilxmas","5.50","-11.11","5.00","-12.50","4.50","-22.22","NO","","0.00","","5","Colin Keane","Gerard Keane","62","62","62","60","64","56","58","F","59","63","56","22","10","32","2","31/08/2026 17:25","7f 94y","Turf","F","6","1634","0","6000.00","Elphin Handicap (Class F) (0-60)","","","","0.00","142","50692606-03","0","0","0","0.00","0.00","0.00","0","2","11","0.00","18.18","0.00","-11.00","0.00","F","6","6000.00","136","7f 94y","1634","23.07","12.00","HHHHHPPH-PH","3.00","5","4","10.2","","1","0","Hcap","Right - Stiff","3yo+,60","14/1","14.00","3","","60","18","18","176","405","229","76","97","86","-30","62","","b","f","Aine","Inns Of Court","p1","0","0.90","0","11","47.67","29.65","18.18","9.09","1","1","0.00","0.00","1.00","0.00","0.00","0.00","NO","0.00","Female","59.66","57.84","56.09","52.71","0.00","0.00","0.00","","","",""
"31/08/2026","17:25","Roscommon","Queen Of Newark","51.00","-20.00","41.00","-17.50","34.00","-34.00","NO","","0.00","","9","Robbie Colgan","Matthew J Smith","35","47","62","51","60","43","49","E","53","53","41","20","9","29","8","31/08/2026 17:25","7f 94y","Turf","F","6","1634","0","6000.00","Elphin Handicap (Class F) (0-60)","","","","0.00","128","0770-0300","0","0","0","0.00","0.00","0.00","0","1","8","0.00","12.50","0.00","-8.00","0.00","F","6","6000.00","123","7f 94y","1634","29.73","21.00","HHHP-HPLP","13.00","15","3","9.2","","11","0","Hcap","Right - Stiff","3yo+,60","16/1","16.00","3","","60","18","18","136","271","135","65","42","71","-43","62","","b","f","Afeefah","Profitable","","0","0.37","0","8","24.01","12.30","25.00","12.50","2","1","0.00","0.00","1.00","0.00","0.00","0.00","NO","0.00","Female","55.99","55.99","44.63","44.64","0.00","0.00","0.00","","","",""
"31/08/2026","17:25","Roscommon","Whatswrongnow","9.00","0.00","9.00","25.00","11.00","25.00","NO","","0.00","","6","Adam Browne-Souza","Batt Burke","64","50","8","50","66","55","59","F","60","64","55","28","25","53","6","31/08/2026 17:25","7f 94y","Turf","F","6","1634","7","6000.00","Elphin Handicap (Class F) (0-60)","","","","0.00","132","2030263502","0","0","0","0.00","0.00","0.00","0","10","35","0.00","28.57","0.00","-35.00","0.00","F","6","6000.00","125","5f","1100","15.59","12.00","PPPPPHPPPP","10.00","16","5","9.6","","9","0","Hcap","Right - Stiff","3yo+,60","11/1","11.00","3","","60","18","18","236","295","59","30","56","41","-68","8","","ch","g","Puppet Theatre","Cotai Glory","","0","0.00","0","35","55.53","38.96","11.43","8.57","7","-1","0.00","0.00","1.00","0.00","0.00","0.00","NO","0.00","Male","0.00","94.44","94.44","69.49","0.00","0.00","0.00","","","",""
"31/08/2026","17:20","Ripon","Ten Sixty Six","4.00","11.00","4.33","20.12","5.00","33.33","NO","","0.00","","7","Daniel Tudhope","David O'Meara","53","61","18","50","57","51","51","F","53","57","50","14","3","17","2","31/08/2026 17:20","1m 1f 170y","Turf","F","6","2150","0","3664.00","Napoleons Casino And Restaurant Leeds Classified Stakes (Div 2) (Class F)","","","","0.00","128","2239-979465","0","0","0","0.00","0.00","0.00","0","2","10","0.00","20.00","0.00","-10.00","0.00","F","6","4004.00","129","1m 100y","1860","21.72","17.00","LLLL-PHPHPH","4.00","6","3","9.2","","10","0","Cla","Right - Sharp","3yo+","10/1","10.00","3","","","10","10","260","585","325","95","93","87","50","18","","b","f","Zabeel Park","Ten Sovereigns","","0","0.81","0","10","41.52","27.28","30.00","20.00","-2","1","0.00","0.00","1.00","0.00","0.00","0.00","NO","0.00","Female","55.47","52.09","55.04","51.57","0.00","0.00","0.00","","","",""
"31/08/2026","17:20","Ripon","Evelyn's Phoenix","4.50","0.00","4.50","14.29","5.00","14.29","NO","","0.00","","2","David Allan","Tim Easterby","57","121","15","47","66","54","44","F","45","66","52","16","30","46","6","31/08/2026 17:20","1m 1f 170y","Turf","F","6","2150","0","3664.00","Napoleons Casino And Restaurant Leeds Classified Stakes (Div 2) (Class F)","","","","0.00","135","90-12969064","0","0","0","0.00","0.00","0.00","4","4","30","13.33","13.33","0.00","15.33","41.87","F","6","4711.00","128","1m 13y","1773","20.00","21.00","PP-HPHHHPPP","12.00","1","5","9.9","CD","2","0","Cla","Right - Sharp","3yo+","17/2","8.50","3","","","10","10","336","663","327","85","78","82","82","15","","b","g","Pebbles Place","Phoenix Of Spain","tp","0","1.42","4","30","47.91","34.34","23.33","13.33","-4","-1","25.00","50.00","1.00","0.00","0.00","0.00","NO","0.00","Male","58.96","48.90","49.47","48.23","0.00","0.00","0.00","","","",""
"31/08/2026","17:20","Ripon","Quirke On Parole","4.00","16.67","4.50","-21.43","3.75","-8.33","NO","","0.00","","2","Jason Hart","Mark Walford","54","121","26","48","64","54","39","F","48","63","50","25","21","46","8","31/08/2026 17:20","1m 1f 170y","Turf","F","6","2150","0","3664.00","Napoleons Casino And Restaurant Leeds Classified Stakes (Div 2) (Class F)","","","","0.00","135","1257-097393","0","0","0","0.00","0.00","0.00","1","3","15","6.67","20.00","0.00","-12.90","40.04","F","6","3229.00","140","1m 2f 5y","2205","12.00","11.00","PPPL-LPPLPP","16.00","9","4","9.9","D","4","0","Cla","Right - Sharp","3yo+","5/1","5.00","3","","","10","10","306","631","325","84","91","95","55","26","","b","f","Isa","Without Parole","","0","1.22","1","15","46.59","31.18","40.00","20.00","-1","1","0.00","0.00","1.00","0.00","0.00","0.00","NO","0.00","Female","52.62","52.63","49.28","50.86","0.00","0.00","0.00","","","",""
"31/08/2026","17:20","Ripon","Retro Rocket","29.00","17.86","34.00","0.00","34.00","17.86","NO","","0.00","","9","Harry Vigors","Martin Keighley","31","51","25","32","41","37","36","D","37","38","36","6","3","9","2","31/08/2026 17:20","1m 1f 170y","Turf","F","6","2150","5","3664.00","Napoleons Casino And Restaurant Leeds Classified Stakes (Div 2) (Class F)","","","","0.00","128","0768","0","0","0","0.00","0.00","0.00","0","0","4","0.00","0.00","0.00","-4.00","0.00","F","6","3664.00","121","1m 14y","1774","70.00","51.00","HHPH","4.00","4","3","9.2","","9","0","Cla","Right - Sharp","3yo+","25/1","25.00","3","","","10","10","202","514","312","78","84","84","66","25","","b","g","Glamour Time","Rich History","p1","0","1.22","0","4","18.06","5.48","0.00","0.00","4","3","0.00","0.00","1.00","0.00","0.00","0.00","NO","0.00","Male","100.00","69.64","66.23","56.11","0.00","0.00","0.00","","","",""
"31/08/2026","17:25","Roscommon","La Campanella","6.00","20.00","7.00","0.00","7.00","20.00","NO","","0.00","","14","J J G Ryan","Gerard Keane","57","35","6","42","67","52","55","F","57","60","51","7","3","10","6","31/08/2026 17:25","7f 94y","Turf","F","6","1634","0","6000.00","Elphin Handicap (Class F) (0-60)","","","","0.00","124","8005-075474","0","0","0","0.00","0.00","0.00","0","0","11","0.00","0.00","0.00","-11.00","0.00","F","6","6000.00","126","7f 195y","1735","9.40","8.00","HHLH-HHPPPP","10.00","7","4","8.12","","14","0","Hcap","Right - Stiff","3yo+,60","50/1","50.00","3","","60","18","18","122","307","185","76","63","38","8","6","","ch","f","Isabella Vite","Profitable","v1","0","1.69","0","11","49.67","29.14","18.18","18.18","7","1","0.00","0.00","1.00","0.00","0.00","0.00","NO","0.00","Female","59.66","57.84","56.09","52.71","0.00","0.00","0.00","","","",""
"31/08/2026","17:25","Roscommon","Glen Breeze","11.00","0.00","11.00","-10.00","10.00","-10.00","NO","","0.00","","12","J M Sheridan","Patrick Magee","62","37","26","55","65","56","61","F","62","63","52","29","27","56","4","31/08/2026 17:25","7f 94y","Turf","F","6","1634","0","6000.00","Elphin Handicap (Class F) (0-60)","","","","0.00","132","0760203165","0","0","0","0.00","0.00","0.00","1","2","12","8.33","16.67","0.00","-8.50","60.00","F","6","6000.00","137","6f","1320","6.13","5.00","HHLPHHPPHP","7.00","10","3","9.6","","8","0","Hcap","Right - Stiff","3yo+,60","10/1","10.00","3","","60","18","18","278","580","302","49","70","95","88","26","","b","g","Iseebreeze","Royal Lytham","p","0","1.01","1","12","57.32","39.36","33.33","8.33","0","-1","0.00","100.00","1.00","0.00","0.00","0.00","NO","0.00","Male","68.32","56.71","53.00","56.37","0.00","0.00","0.00","","","",""
"31/08/2026","17:25","Roscommon","Bullet Bourbon","8.50","-6.67","8.00","-7.14","7.50","-13.33","NO","","0.00","","4","R Whearty","T G McCourt","63","83","16","45","70","51","62","E","63","64","53","25","21","46","0","31/08/2026 17:25","7f 94y","Turf","F","6","1634","0","6000.00","Elphin Handicap (Class F) (0-60)","","","","0.00","122","390-2970616","0","0","0","0.00","0.00","0.00","1","2","16","6.25","12.50","0.00","18.00","72.00","F","6","6000.00","132","1m","1760","12.00","9.00","HHL-HHPHHHH","0.00","1","3","8.10","D","15","0","Hcap","Right - Stiff","3yo+,60","12/1","12.00","3","","60","18","18","224","305","81","33","48","62","-62","16","","ch","f","Highway To Heaven","Sioux Nation","","0","0.68","1","16","47.32","30.52","25.00","6.25","4","1","0.00","0.00","1.00","0.00","0.00","0.00","NO","0.00","Female","51.53","43.53","53.80","51.51","0.00","0.00","0.00","","","",""
"31/08/2026","17:10","Chepstow","Connie's Rose","5.50","-33.33","4.00","-8.33","3.75","-38.89","NO","","0.00","","2","Callum Hutchinson","G Harris","56","174","2","62","69","60","57","F","57","69","59","39","32","71","8","31/08/2026 17:10","5f 16y","Turf","E","5","1116","0","4397.00","Tom's Big Bike Ride Handicap (Class E)","","","","0.00","134","6327244433","0","0","0","0.00","0.00","0.00","10","23","78","12.82","29.49","0.00","-33.52","40.01","F","6","3664.00","129","7f 16y","1556","11.00","9.50","PLLLLPLPPL","21.00","7","7","9.8","CD","5","0","Hcap","Left - Galloping / Undulating","3yo+,70","9/2","4.50","3","","70","7","7","328","655","327","88","86","83","70","2","","b","m","Sing So Sweetly","Adaay","tpWS","0","1.31","10","78","60.99","45.38","35.90","20.51","20","1","20.00","20.00","1.00","0.00","0.00","0.00","NO","0.00","Female","53.90","52.94","48.92","50.93","0.00","0.00","0.00","","","",""
"31/08/2026","17:00","Southwell","Travel Agent","12.00","0.00","12.00","-22.73","9.50","-22.73","NO","","0.00","","3","Sean Levey","Adam Kirby","65","127","14","68","65","56","58","E","62","62","54","25","20","45","0","31/08/2026 17:00","6f 16y","A/W","E","5","1336","0","5234.00","Gents Evening Saturday 24th October Handicap (Class E)","","","","0.00","133","4211245775","0","0","0","0.00","0.00","0.00","3","2","19","15.79","10.53","0.00","-3.30","43.97","E","5","3978.00","135","6f 20y","1340","8.71","7.00","HHHPPHHHHH","0.00","7","4","9.7","D","4","0","Hcap","Left - Sharp","4yo+,70","11/1","11.00","4","","70","12","12","250","584","334","99","90","79","66","14","","b","g","Flower Fashion","No Nay Never","es","0","1.20","3","19","48.04","35.24","31.58","26.32","3","-3","0.00","33.33","1.00","0.00","0.00","0.00","NO","0.00","Male","37.50","52.43","61.74","40.59","0.00","0.00","0.00","","","",""
"31/08/2026","17:00","Southwell","Sole Spirit","12.00","-18.18","10.00","33.33","13.00","9.09","NO","","0.00","","2","Paul Mulrennan","Bryan Smart","58","150","354","67","62","50","57","F","58","61","47","31","40","71","8","31/08/2026 17:00","6f 16y","A/W","E","5","1336","0","5234.00","Gents Evening Saturday 24th October Handicap (Class E)","","","","0.00","132","068P/1161-","0","0","0","0.00","0.00","0.00","3","0","8","37.50","0.00","0.00","22.00","38.03","E","5","3978.00","131","6f","1320","15.50","13.00","HHPP/PPLP-","16.00","9","4","9.6","D","5","0","Hcap","Left - Sharp","4yo+,70","9/1","9.00","4","","70","12","12","284","547","263","80","66","83","34","354","","b","g","Freedom Spirit","Aclaim","","0","1.20","3","8","48.30","40.35","37.50","37.50","0","1","0.00","33.33","1.00","0.00","0.00","0.00","NO","0.00","Male","0.00","62.13","63.51","55.34","0.00","0.00","0.00","","","1","0"
"31/08/2026","17:00","Southwell","Cairdeas","10.00","-5.56","9.50","41.18","13.00","33.33","NO","","0.00","","12","Tom Eaves","Paul Midgley","63","55","25","67","69","59","62","E","63","67","60","26","7","33","4","31/08/2026 17:00","6f 16y","A/W","E","5","1336","0","5234.00","Gents Evening Saturday 24th October Handicap (Class E)","","","","0.00","132","80460-25204","0","0","0","0.00","0.00","0.00","1","4","19","5.26","21.05","0.00","-14.00","46.39","E","5","4711.00","134","6f 17y","1337","32.00","21.00","LHHPH-PPPHP","8.00","10","4","9.6","","6","0","Hcap","Left - Sharp","4yo+,70","11/1","11.00","4","","70","12","12","231","454","223","67","58","79","19","25","","ch","g","Avengers Queen","Sergei Prokofiev","","0","0.99","1","19","53.15","36.71","26.32","15.79","-3","1","0.00","0.00","1.00","0.00","0.00","0.00","NO","0.00","Male","50.28","56.15","49.50","52.74","0.00","0.00","0.00","","","",""
"31/08/2026","17:00","Southwell","Marianne Mozart","6.50","18.18","7.50","115.38","15.00","154.55","NO","","0.00","","9","Silvestre De Sousa","Ismail Mohammed","58","67","31","70","63","58","57","B","58","58","57","13","7","20","4","31/08/2026 17:00","6f 16y","A/W","E","5","1336","0","5234.00","Gents Evening Saturday 24th October Handicap (Class E)","","","","0.00","135","5-55","0","0","0","0.00","0.00","0.00","0","0","3","0.00","0.00","0.00","-3.00","0.00","D","4","5400.00","135","7f 36y","1576","17.48","12.00","H-HL","8.00","3","4","9.9","","3","0","Hcap","Left - Sharp","4yo+,70","22/1","22.00","4","","70","12","12","177","430","253","90","86","68","9","31","","b","f","Soundscape","Kodiac","","0","0.99","0","3","46.40","25.12","0.00","0.00","-1","-1","0.00","0.00","1.00","0.00","0.00","0.00","NO","0.00","Female","0.00","39.20","39.18","36.11","0.00","0.00","0.00","","","",""
"31/08/2026","17:04","Downpatrick","Not So Serious","15.00","0.00","15.00","0.00","15.00","0.00","NO","","0.00","","7","J J Slevin","W J Lanigan","0","61","17","85","66","15","39","G","0","62","25","17","16","33","4","31/08/2026 17:04","2m 3f 100y","Chase","G","5","4280","0","6000.00","Tote Guarantee, Never Beaten By SP Handicap Chase (Class G) (0-100)","","","","0.00","153","5400-0PPP1U","0","0","0","0.00","0.00","0.00","1","0","10","10.00","0.00","50.00","41.00","60.00","G","5","6000.00","155","2m 5f 180y","4800","31.28","21.00","PLPH-LHHHPP","7.00","0","5","10.13","","10","0","Hcap-Cha","Right - Undulating","4yo+,100","20/1","20.00","4","","100","16","16","180","416","236","66","78","69","23","","17","b","g","Its Not Funny","Kingston Hill","p","0","0.00","1","10","27.01","17.44","20.00","10.00","-6","-1","100.00","100.00","1.00","0.00","0.00","0.00","NO","0.00","Male","0.00","0.00","13.59","24.75","0.00","0.00","0.00","","","",""
"31/08/2026","17:04","Downpatrick","Run For The Border","9.50","0.00","9.50","41.18","13.00","41.18","NO","","0.00","","2","Daniel King","John Patrick Ryan","60","124","21","95","77","52","62","G","62","65","52","21","29","50","4","31/08/2026 17:04","2m 3f 100y","Chase","G","5","4280","0","6000.00","Tote Guarantee, Never Beaten By SP Handicap Chase (Class G) (0-100)","","","","0.00","163","667157-3243","0","0","0","0.00","0.00","0.00","1","2","12","8.33","16.67","100.00","-1.00","72.00","E","4","9000.00","145","3m 1f 194y","5694","4.60","4.00","PHHHHH-HHPP","7.00","0","6","11.9","D","4","0","Hcap-Cha","Right - Undulating","4yo+,100","16/1","16.00","4","","100","16","16","283","501","218","52","89","72","5","","21","b","m","Dynaperformer","Ruler Of The World","","0","0.00","1","12","59.46","42.01","41.67","8.33","2","-3","0.00","100.00","1.00","0.00","0.00","0.00","NO","0.00","Female","0.00","41.97","37.10","44.87","0.00","0.00","0.00","","","",""
"31/08/2026","17:00","Southwell","Fantasy Obsessor","15.00","0.00","15.00","14.29","17.00","14.29","NO","","0.00","","7","Ray Dawson","Michael Appleby","67","87","38","62","67","58","61","D","59","65","58","30","14","44","2","31/08/2026 17:00","6f 16y","A/W","E","5","1336","0","5234.00","Gents Evening Saturday 24th October Handicap (Class E)","","","","0.00","127","99-50225275","0","0","0","0.00","0.00","0.00","2","3","14","14.29","21.43","0.00","10.00","42.99","D","4","13425.00","122","5f","1100","19.52","17.00","PP-LPHPPHHP","4.00","4","4","9.1","CD","12","0","Hcap","Left - Sharp","4yo+,70","9/1","9.00","4","","70","12","12","210","510","300","71","86","87","56","38","","b","f","Fantasy Lover","Mayson","","0","1.12","2","14","48.44","36.12","21.43","14.29","2","1","0.00","0.00","1.00","0.00","0.00","0.00","NO","0.00","Female","35.11","40.73","42.36","39.44","0.00","0.00","0.00","","","5","0"
"31/08/2026","17:00","Southwell","Jesse Luc","13.00","0.00","13.00","-8.33","12.00","-8.33","NO","","0.00","","5","Callum Shepherd","Mike Murphy","56","90","25","64","67","61","61","E","62","67","58","31","39","70","2","31/08/2026 17:00","6f 16y","A/W","E","5","1336","0","5234.00","Gents Evening Saturday 24th October Handicap (Class E)","","","","0.00","129","236-4535367","0","0","0","0.00","0.00","0.00","6","9","33","18.18","27.27","0.00","-13.93","43.00","E","5","4711.00","131","6f 17y","1337","8.40","6.50","HHH-HHHPHHP","4.00","11","6","9.3","CD","10","0","Hcap","Left - Sharp","4yo+,70","9/1","9.00","4","","70","12","12","282","561","279","78","81","100","20","25","","b","g","Be Amazing","Brazen Beau","tpWS3","0","0.65","6","33","65.13","48.93","42.42","24.24","9","-3","50.00","66.67","1.00","0.00","0.00","0.00","NO","0.00","Male","40.00","33.17","26.23","37.84","0.00","0.00","0.00","","","",""
"31/08/2026","17:00","Southwell","Dicko The Legend","4.00","0.00","4.00","0.00","4.00","0.00","NO","","0.00","","1","Billy Loughnane","Liam Bailey","66","157","14","66","71","62","62","D","66","67","59","33","30","63","2","31/08/2026 17:00","6f 16y","A/W","E","5","1336","0","5234.00","Gents Evening Saturday 24th October Handicap (Class E)","","","","0.00","131","7529634563","0","0","0","0.00","0.00","0.00","5","13","46","10.87","28.26","0.00","-10.00","74.76","E","5","3978.00","133","6f 20y","1340","4.40","4.00","HHPHHHHHHP","4.00","1","6","9.5","D","7","0","Hcap","Left - Sharp","4yo+,70","17/2","8.50","4","","70","12","12","306","538","232","53","95","65","19","14","","b","g","Caledonia Princess","Ardad","WS","0","0.99","5","46","60.01","43.49","34.78","10.87","-6","-3","40.00","60.00","1.00","0.00","0.00","0.00","NO","0.00","Male","14.29","29.85","37.35","42.60","0.00","0.00","0.00","","","",""
"31/08/2026","17:00","Southwell","Hectic","15.00","14.29","17.00","-37.50","11.00","-28.57","NO","","0.00","","8","Jack Garritty","Liam Bailey","57","76","14","66","80","62","58","E","57","77","61","35","20","55","6","31/08/2026 17:00","6f 16y","A/W","E","5","1336","0","5234.00","Gents Evening Saturday 24th October Handicap (Class E)","","","","0.00","131","19-44407539","0","0","0","0.00","0.00","0.00","3","7","35","8.57","20.00","0.00","-14.17","49.76","E","5","3978.00","133","6f 20y","1340","5.90","5.00","PH-PHHHHLPH","12.00","5","6","9.5","CD","8","0","Hcap","Left - Sharp","4yo+,70","8/1","8.00","4","","70","12","12","266","422","156","53","67","49","-13","14","","b","g","Ceedwell","Massaat","t1bWS","0","1.07","3","35","53.65","36.38","25.71","11.43","11","1","66.67","66.67","1.00","0.00","0.00","0.00","NO","0.00","Male","14.29","29.85","37.35","42.60","0.00","0.00","0.00","","","",""
"31/08/2026","16:55","Cartmel","Sean Og","4.00","16.67","4.50","0.00","4.50","16.67","NO","","0.00","","5","Sean Quinlan","Dianne Sayer","52","137","44","111","73","56","60","C","64","72","52","73","48","121","4","31/08/2026 16:55","2m 5f 34y","Chase","C","3","4654","0","9057.00","FGH Handicap Chase (GBB Race) (Class C)","","","","0.00","154","34426-74141","0","0","0","0.00","0.00","0.00","6","9","39","15.38","23.08","97.22","0.25","52.92","E","4","4357.00","158","2m 5f 34y","4654","3.25","3.25","PHHHP-HHPHP","13.00","0","8","11.0","CD","6","0","Hcap-Cha","Left - Sharp","4yo+,130","85/40","2.13","4","","130","8","8","304","637","333","79","82","90","82","","44","b","g","Genesta","Getaway","","0","0.00","6","39","59.21","44.43","41.03","25.64","5","1","16.67","33.33","1.00","0.00","0.00","0.00","NO","0.00","Male","0.00","0.00","0.00","28.50","0.00","0.00","0.00","","","1","0"
"31/08/2026","17:00","Southwell","Classy Clarets","7.00","8.33","7.50","-15.38","6.50","-8.33","NO","","0.00","","4","Shay Farmer","Iain Jardine","59","108","14","70","67","58","62","F","64","66","55","31","40","71","10","31/08/2026 17:00","6f 16y","A/W","E","5","1336","5","5234.00","Gents Evening Saturday 24th October Handicap (Class E)","","","","0.00","135","1324511112","0","0","0","0.00","0.00","0.00","8","11","46","17.39","23.91","0.00","16.45","36.34","E","5","4187.00","134","7f 6y","1546","20.81","13.00","HPHHLLLLPL","20.00","6","5","9.9","D","1","0","Hcap","Left - Sharp","4yo+,70","9/1","9.00","4","","70","12","12","325","580","255","79","51","74","51","14","","b","g","Hope And Faith","Cotai Glory","h","0","0.94","8","46","51.85","39.47","41.30","28.26","10","3","25.00","50.00","1.00","0.00","0.00","0.00","NO","0.00","Male","41.02","54.10","54.06","55.12","0.00","0.00","0.00","","","",""
"31/08/2026","17:00","Southwell","Baba Reza","11.00","10.00","12.00","9.09","13.00","20.00","NO","","0.00","","6","Tom Kiely-Marshall","Julie Camacho","59","88","25","65","70","60","60","E","59","69","60","30","29","59","8","31/08/2026 17:00","6f 16y","A/W","E","5","1336","5","5234.00","Gents Evening Saturday 24th October Handicap (Class E)","","","","0.00","130","3009306-234","0","0","0","0.00","0.00","0.00","4","9","33","12.12","27.27","0.00","-1.00","41.58","E","5","4711.00","132","6f 17y","1337","7.09","6.50","LHHHPPH-PPL","16.00","2","8","9.4","D","9","0","Hcap","Left - Sharp","4yo+,70","9/1","9.00","4","","70","12","12","242","420","178","67","60","69","-18","25","","ch","g","Friendship Is Love","Garswood","pWS","0","1.20","4","33","55.91","40.06","42.42","30.30","9","1","0.00","0.00","1.00","0.00","0.00","0.00","NO","0.00","Male","42.22","44.68","53.87","52.57","0.00","0.00","0.00","","","",""
"31/08/2026","17:00","Southwell","Hierarchy","12.00","0.00","12.00","-9.09","11.00","-9.09","NO","","0.00","","11","William Carver","Jamie Osborne","55","60","16","70","78","61","56","E","55","76","60","25","30","55","0","31/08/2026 17:00","6f 16y","A/W","E","5","1336","0","5234.00","Gents Evening Saturday 24th October Handicap (Class E)","","","","0.00","135","9187934065","0","0","0","0.00","0.00","0.00","7","15","59","11.86","25.42","0.00","-9.25","48.00","E","5","4397.00","137","6f 1y","1321","7.04","6.00","HHHHHHHHHH","0.00","12","7","9.9","CD","2","0","Hcap","Left - Sharp","4yo+,70","11/1","11.00","4","","70","12","12","240","500","260","85","63","79","33","16","","ch","g","Cheworee","Mehmas","tb","0","0.80","7","59","53.74","39.98","27.12","22.03","11","-1","14.29","14.29","1.00","0.00","0.00","0.00","NO","0.00","Male","62.59","51.88","54.54","54.78","0.00","0.00","0.00","","","",""
"31/08/2026","17:00","Southwell","Thunderous Love","10.00","-11.11","9.00","-12.50","8.00","-22.22","NO","","0.00","","10","Rob Hornby","Jonathan Portman","61","64","20","63","74","58","63","E","61","73","54","0","27","27","4","31/08/2026 17:00","6f 16y","A/W","E","5","1336","0","5234.00","Gents Evening Saturday 24th October Handicap (Class E)","","","","0.00","128","20-57696922","0","0","0","0.00","0.00","0.00","6","6","33","18.18","18.18","0.00","37.75","44.27","E","5","4458.00","132","6f 18y","1338","2.82","2.88","PP-LPHHPHPP","8.00","8","5","9.2","CD  BF","11","0","Hcap","Left - Sharp","4yo+,70","","0.00","4","","70","12","12","229","475","246","57","67","81","41","20","","b","m","Air Stricker","Lightning Spear","p","0","0.73","6","33","50.97","38.92","30.30","24.24","5","-1","50.00","50.00","1.00","0.00","0.00","0.00","NO","0.00","Female","45.06","48.95","48.85","51.43","0.00","0.00","0.00","","","",""
"31/08/2026","17:04","Downpatrick","King's Son","15.00","-14.29","13.00","0.00","13.00","-14.29","NO","","0.00","","12","Philip Donovan","Seamus Neville","48","45","27","84","63","47","52","G","50","58","43","22","15","37","2","31/08/2026 17:04","2m 3f 100y","Chase","G","5","4280","0","6000.00","Tote Guarantee, Never Beaten By SP Handicap Chase (Class G) (0-100)","","","","0.00","152","75280-03667","0","0","0","0.00","0.00","0.00","0","2","10","0.00","20.00","100.00","-10.00","0.00","G","5","6000.00","159","2m 5f 141y","4761","11.00","8.50","HPPHP-PHPHH","3.00","0","6","10.12","","11","0","Hcap-Cha","Right - Undulating","4yo+,100","14/1","14.00","4","","100","16","16","156","265","109","68","58","66","-83","","27","b","g","Ugoline","Clovis Du Berlais","","0","0.00","0","10","56.66","35.61","30.00","10.00","-2","-3","0.00","0.00","1.00","0.00","0.00","0.00","NO","0.00","Male","66.67","66.67","41.11","48.00","0.00","0.00","0.00","","","",""
"31/08/2026","17:04","Downpatrick","Gorthill","17.00","0.00","17.00","0.00","17.00","0.00","NO","","0.00","","6","Unknown Jockey","Stephen Carlin","47","69","10","99","65","47","56","E","47","57","39","37","39","76","12","31/08/2026 17:04","2m 3f 100y","Chase","G","5","4280","0","6000.00","Tote Guarantee, Never Beaten By SP Handicap Chase (Class G) (0-100)","","","","0.00","167","14/P2/256-5P2","0","0","0","0.00","0.00","0.00","1","3","11","9.09","27.27","77.78","-4.50","60.00","G","5","6000.00","160","3m 1f 180y","5680","62.97","41.00","LL/PP/LHP-LLL","20.00","0","10","11.13","C","2","0","Hcap-Cha","Right - Undulating","4yo+,100","17/2","8.50","4","","100","16","16","311","492","181","36","38","73","34","424","10","b","g","Reflexion","Rail Link","t","0","0.00","1","11","47.88","37.16","54.55","45.45","1","1","0.00","0.00","1.00","0.00","0.00","0.00","NO","0.00","Male","60.00","76.15","76.15","50.77","0.00","0.00","0.00","","","",""
"31/08/2026","17:04","Downpatrick","Full Noise","5.50","11.11","6.00","10.00","6.50","22.22","NO","","0.00","","9","Mr D McGill","Gary McGill","55","53","27","94","67","39","52","E","55","63","35","22","28","50","8","31/08/2026 17:04","2m 3f 100y","Chase","G","5","4280","7","6000.00","Tote Guarantee, Never Beaten By SP Handicap Chase (Class G) (0-100)","","","","0.00","162","0/01P7P4/25-3","0","0","0","0.00","0.00","0.00","3","3","23","13.04","13.04","91.30","-17.86","65.00","G","5","6000.00","159","2m 5f 141y","4761","7.20","5.50","H/HPPHHP/LH-L","13.00","0","10","11.8","CD","5","0","Hcap-Cha","Right - Undulating","4yo+,100","14/1","14.00","4","","100","16","16","272","489","217","66","56","48","47","","27","ch","g","Tigger Dream","Carlotamix","p","0","0.00","3","23","45.72","31.82","30.43","26.09","1","-1","66.67","100.00","1.00","0.00","0.00","0.00","NO","0.00","Male","67.69","55.77","61.28","44.13","0.00","0.00","0.00","","","",""
"31/08/2026","17:04","Downpatrick","Baltinglass Hill","23.00","27.27","29.00","-10.71","26.00","13.64","NO","","0.00","","16","Simon Torrens","P J Rothwell","24","9","110","73","71","52","41","G","24","70","44","15","14","29","2","31/08/2026 17:04","2m 3f 100y","Chase","G","5","4280","0","6000.00","Tote Guarantee, Never Beaten By SP Handicap Chase (Class G) (0-100)","","","","0.00","141","585337-PP70","0","0","0","0.00","0.00","0.00","3","6","47","6.38","12.77","88.64","-25.00","63.00","G","5","6000.00","152","2m","3520","65.00","23.00","PPPPPP-HHPH","3.00","0","9","10.1","","15","0","Hcap-Cha","Right - Undulating","4yo+,100","22/1","22.00","4","","100","16","16","108","189","81","59","47","42","-67","2202","110","b","g","Dona Sola","Cable Bay","b","0","0.00","3","47","48.12","32.74","25.53","19.15","11","-1","33.33","66.67","1.00","0.00","0.00","0.00","NO","0.00","Male","34.49","42.32","44.28","45.52","0.00","0.00","0.00","","","",""
"31/08/2026","17:04","Downpatrick","Our Zebo","5.00","0.00","5.00","12.50","5.50","12.50","NO","","0.00","","3","Conor Stone-Walsh","Noel C Kelly","41","90","10","89","71","50","54","E","51","68","42","20","16","36","0","31/08/2026 17:04","2m 3f 100y","Chase","G","5","4280","0","6000.00","Tote Guarantee, Never Beaten By SP Handicap Chase (Class G) (0-100)","","","","0.00","157","P21102316-7","0","0","0","0.00","0.00","0.00","3","4","20","15.00","20.00","85.00","-5.75","63.00","G","5","6000.00","160","3m 1f 180y","5680","14.69","11.00","PHHHHHHHH-H","0.00","0","7","11.3","","8","0","Hcap-Cha","Right - Undulating","4yo+,100","16/1","16.00","4","","100","16","16","232","467","235","68","59","55","53","","10","gr","g","Gelenschik","Mastercraftsman","b","0","0.00","3","20","49.71","37.04","25.00","15.00","-4","1","100.00","100.00","1.00","0.00","0.00","0.00","NO","0.00","Male","18.00","39.18","41.71","43.18","0.00","0.00","0.00","","","",""
"31/08/2026","17:10","Chepstow","Level Up","5.50","0.00","5.50","-11.11","5.00","-11.11","NO","","0.00","","5","P J Dobbs","David Evans","51","117","3","66","69","59","58","F","56","68","57","34","32","66","6","31/08/2026 17:10","5f 16y","Turf","E","5","1116","0","4397.00","Tom's Big Bike Ride Handicap (Class E)","","","","0.00","138","2335222167","0","0","0","0.00","0.00","0.00","13","23","97","13.40","23.71","0.00","-14.00","40.75","E","5","4449.00","135","5f 10y","1110","13.52","10.00","PPPPLLPPPP","16.00","1","7","9.12","CD","3","0","Hcap","Left - Galloping / Undulating","3yo+,70","11/2","5.50","3","","70","7","7","322","657","335","86","93","80","76","3","","b","g","Kamarinskaya","Hot Streak","vWS","0","0.90","13","97","56.19","40.42","36.08","24.74","31","1","23.08","30.77","1.00","0.00","0.00","0.00","NO","0.00","Male","49.22","52.29","43.17","48.82","0.00","0.00","0.00","","","",""
"31/08/2026","17:10","Chepstow","Savannah Smiles","13.00","16.67","15.00","-28.57","11.00","-16.67","NO","","0.00","","4","Ashley Lewis","G Harris","45","157","13","63","67","58","56","E","62","67","56","32","18","50","2","31/08/2026 17:10","5f 16y","Turf","E","5","1116","3","4397.00","Tom's Big Bike Ride Handicap (Class E)","","","","0.00","135","07-76231269","0","0","0","0.00","0.00","0.00","8","14","59","13.56","23.73","0.00","-9.25","38.60","F","6","3454.00","130","6f 16y","1336","30.00","21.00","PP-PHHPLHPH","5.00","3","6","9.9","CD","4","0","Hcap","Left - Galloping / Undulating","3yo+,70","6/1","6.00","3","","70","7","7","303","607","304","88","91","92","33","13","","b","m","Silicon Star","Unfortunately","pWS","0","1.03","8","59","52.92","38.82","38.98","28.81","15","-3","12.50","37.50","1.00","0.00","0.00","0.00","NO","0.00","Female","53.90","52.94","48.92","50.93","0.00","0.00","0.00","","","",""
"31/08/2026","17:04","Downpatrick","Kalsman","15.00","14.29","17.00","37.50","23.00","57.14","NO","","0.00","","4","Mr Kieren Buckley","Liam Lennon","54","76","22","97","61","46","53","E","54","61","39","26","21","47","10","31/08/2026 17:04","2m 3f 100y","Chase","G","5","4280","0","6000.00","Tote Guarantee, Never Beaten By SP Handicap Chase (Class G) (0-100)","","","","0.00","165","941/4-619033","0","0","0","0.00","0.00","0.00","2","1","28","7.14","3.57","83.33","-1.50","69.00","G","5","6000.00","168","2m 1f 165y","3905","24.23","19.00","HHH/L-PLPLLP","17.00","0","8","11.11","D","3","0","Hcap-Cha","Right - Undulating","4yo+,100","12/1","12.00","4","","100","16","16","260","402","142","54","52","60","-24","992","22","br","g","South Circle","Kalanisi","h","0","0.00","2","28","38.08","23.42","53.57","32.14","12","1","0.00","0.00","1.00","0.00","0.00","0.00","NO","0.00","Male","23.08","23.08","40.38","33.41","0.00","0.00","0.00","","","",""
"31/08/2026","17:04","Downpatrick","Deadheat","19.00","0.00","19.00","38.89","26.00","38.89","NO","","0.00","","11","Mr N McParlan","S McParlan","47","46","10","79","66","47","44","G","46","62","39","19","18","37","4","31/08/2026 17:04","2m 3f 100y","Chase","G","5","4280","0","6000.00","Tote Guarantee, Never Beaten By SP Handicap Chase (Class G) (0-100)","","","","0.00","147","8067/P7/9P-03","0","0","0","0.00","0.00","0.00","2","3","17","11.76","17.65","82.35","-5.00","76.50","G","5","6000.00","148","3m 1f 180y","5680","69.99","41.00","HHHH/HH/HP-PH","7.00","0","13","10.7","","13","0","Hcap-Cha","Right - Undulating","4yo+,100","18/1","18.00","4","","100","16","16","231","400","169","59","54","68","-12","","10","b","g","Eaton Lass","Buck's Boum","p","0","0.00","2","17","41.95","29.59","52.94","29.41","5","1","0.00","0.00","1.00","0.00","0.00","0.00","NO","0.00","Male","0.00","54.81","44.94","46.20","0.00","0.00","0.00","","","",""
"31/08/2026","17:04","Downpatrick","My Cullen","15.00","0.00","15.00","-28.57","11.00","-28.57","NO","","0.00","","5","Darragh O'Keeffe","John Joseph Hanlon","65","71","17","90","67","50","56","G","56","66","46","29","30","59","10","31/08/2026 17:04","2m 3f 100y","Chase","G","5","4280","0","6000.00","Tote Guarantee, Never Beaten By SP Handicap Chase (Class G) (0-100)","","","","0.00","158","266-0F90524","0","0","0","0.00","0.00","0.00","0","4","17","0.00","23.53","93.33","-17.00","0.00","G","5","6000.00","153","2m 5f 180y","4800","16.00","12.00","PHH-PHHPLLP","17.00","0","6","11.4","","7","0","Hcap-Cha","Right - Undulating","4yo+,100","11/1","11.00","4","","100","16","16","254","440","186","61","86","36","3","","17","b","g","Annalore","Jet Away","p","0","0.00","0","17","49.17","32.38","47.06","23.53","5","3","0.00","0.00","1.00","0.00","0.00","0.00","NO","0.00","Male","43.53","46.04","37.45","39.74","0.00","0.00","0.00","","","",""
"31/08/2026","17:04","Downpatrick","Driveonwill","13.00","-8.33","12.00","27.27","15.00","16.67","NO","","0.00","","8","Donagh Meyler","Ross O'Sullivan","45","57","34","100","77","52","47","E","45","70","46","35","32","67","0","31/08/2026 17:04","2m 3f 100y","Chase","G","5","4280","0","6000.00","Tote Guarantee, Never Beaten By SP Handicap Chase (Class G) (0-100)","","","","0.00","168","686-444U1U0","0","0","0","0.00","0.00","0.00","1","3","15","6.67","20.00","86.67","-5.00","66.01","E","4","10200.00","156","2m 2f 54y","4014","11.00","9.50","PHP-HHHPHHH","0.00","0","6","12.0","CD","1","0","Hcap-Cha","Right - Undulating","4yo+,100","9/1","9.00","4","","100","16","16","253","564","311","80","72","83","76","","34","br","g","Verde Goodwood","Affinisea","t","0","0.00","1","15","57.76","41.70","13.33","13.33","-7","-1","100.00","100.00","1.00","0.00","0.00","0.00","NO","0.00","Male","40.58","39.71","46.14","51.02","0.00","0.00","0.00","","","",""
"31/08/2026","17:04","Downpatrick","The Cobblers Wife","8.50","-13.33","7.50","-7.69","7.00","-20.00","NO","","0.00","","1","Danny Mullins","Anthony Mullins","65","126","18","82","65","34","53","G","50","52","30","32","33","65","0","31/08/2026 17:04","2m 3f 100y","Chase","G","5","4280","0","6000.00","Tote Guarantee, Never Beaten By SP Handicap Chase (Class G) (0-100)","","","","0.00","150","07-9U064P1","0","0","0","0.00","0.00","0.00","1","1","9","11.11","11.11","77.78","-3.50","60.00","G","5","6000.00","140","2m 4f 100y","4500","6.40","5.50","HH-HHPHHHH","0.00","0","8","10.10","","12","0","Hcap-Cha","Right - Undulating","4yo+,100","10/1","10.00","4","","100","16","16","258","569","311","81","81","81","68","","18","b","m","Mummys Garden","Affinisea","","0","0.00","1","9","36.60","25.14","55.56","22.22","5","1","0.00","0.00","1.00","0.00","0.00","0.00","NO","0.00","Female","0.00","34.87","53.46","39.35","0.00","0.00","0.00","","","",""
"31/08/2026","17:04","Downpatrick","Annarubyrose","17.00","12.50","19.00","0.00","19.00","12.50","NO","","0.00","","9","Reserve 1","Ian Donoghue","53","53","24","88","63","57","57","G","59","60","50","21","3","24","4","31/08/2026 17:04","2m 3f 100y","Chase","G","5","4280","0","6000.00","Tote Guarantee, Never Beaten By SP Handicap Chase (Class G) (0-100)","","","","0.00","156","66389-2457","0","0","0","0.00","0.00","0.00","0","2","9","0.00","22.22","100.00","-9.00","0.00","G","5","6000.00","154","2m 180y","3700","10.50","8.00","HHPPP-PHPP","7.00","0","5","11.2","","16","0","Hcap-Cha","Right - Undulating","4yo+,100","16/1","16.00","4","","100","16","16","173","372","199","77","38","73","11","","24","b","m","Ejayteekay","Hillstar","","0","0.00","0","9","60.73","42.65","33.33","11.11","1","1","0.00","0.00","1.00","0.00","0.00","0.00","NO","0.00","Female","41.79","40.03","49.21","52.53","0.00","0.00","0.00","","","",""
"31/08/2026","17:04","Downpatrick","My Policy","34.00","0.00","34.00","0.00","34.00","0.00","NO","","0.00","","15","A Balfe","Patrick Rooney","0","10","38","85","69","46","53","G","0","62","38","10","7","17","0","31/08/2026 17:04","2m 3f 100y","Chase","G","5","4280","7","6000.00","Tote Guarantee, Never Beaten By SP Handicap Chase (Class G) (0-100)","","","","0.00","153","48325/P82-PP","0","0","0","0.00","0.00","0.00","0","4","14","0.00","28.57","78.57","-14.00","0.00","G","5","6000.00","152","2m 4f 85y","4485","48.00","26.00","PPHHP/HHH-HH","0.00","0","7","10.13","","9","0","Hcap-Cha","Right - Undulating","4yo+,100","33/1","33.00","4","","100","16","16","87","230","143","42","53","63","-15","","38","b","m","Rathleek Kathleen","Policy Maker","p","0","0.00","0","14","48.42","34.01","50.00","35.71","4","-1","0.00","0.00","1.00","0.00","0.00","0.00","NO","0.00","Female","53.85","53.85","46.92","31.28","0.00","0.00","0.00","","","",""
"31/08/2026","17:04","Downpatrick","Wing Back","5.00","12.50","5.50","-26.00","4.33","-16.75","NO","","0.00","","14","Phillip Enright","S Curling","45","30","45","93","61","45","44","G","45","60","41","14","16","30","0","31/08/2026 17:04","2m 3f 100y","Chase","G","5","4280","0","6000.00","Tote Guarantee, Never Beaten By SP Handicap Chase (Class G) (0-100)","","","","0.00","161","890/913F0-96","0","0","0","0.00","0.00","0.00","1","1","13","7.69","7.69","92.31","-10.25","60.00","E","4","9600.00","156","2m 1f","3740","910.00","81.00","PHP/HHHHH-HH","0.00","0","6","11.7","","6","0","Hcap-Cha","Right - Undulating","4yo+,100","25/1","25.00","4","","100","16","16","158","412","254","84","67","92","11","","45","b","g","Play The Wing","Malinas","h","0","0.00","1","13","38.20","22.25","7.69","7.69","1","1","0.00","100.00","1.00","0.00","0.00","0.00","NO","0.00","Male","60.06","60.77","59.29","50.73","0.00","0.00","0.00","","","",""
"31/08/2026","17:04","Downpatrick","Nobody","29.00","0.00","29.00","42.86","41.00","42.86","NO","","0.00","","13","Mr J H Williamson","Brendan Walsh","0","42","15","77","58","35","41","E","23","53","30","6","3","9","0","31/08/2026 17:04","2m 3f 100y","Chase","G","5","4280","3","6000.00","Tote Guarantee, Never Beaten By SP Handicap Chase (Class G) (0-100)","","","","0.00","145","6-80000-85U","0","0","0","0.00","0.00","0.00","0","0","16","0.00","0.00","80.00","-16.00","0.00","G","5","6000.00","142","1m 7f 140y","3440","12.93","12.00","HHHHHHH-HHH","0.00","0","5","10.5","","14","0","Hcap-Cha","Right - Undulating","4yo+,100","50/1","50.00","4","","100","16","16","95","327","232","61","78","83","10","810","15","b","g","Lady Atlas","Estidhkaar","h","0","0.00","0","16","26.73","12.64","25.00","12.50","8","1","0.00","0.00","1.00","0.00","0.00","0.00","NO","0.00","Male","30.77","30.77","39.31","53.22","0.00","0.00","0.00","","","",""
