"Date","Time","Course","Horse","EvP","E--B","BrP","B--M","MoP","E--M","NRs","Odds","E--SP","Finishing Position","UR1_Rank","Jockey","Trainer","dyLTO","UR1","DSLR","OR","dyHA","dyMR","dyAVG(X)","dyHC","dyMR(X)","dy2HA","dyAVG","TissueRating","PFR","TIS+PFR","Pace","Time","Distance","Race Type","Class","ClassNumber","DistanceInYards","JockeyClaim","Prize","Race","Fin Pos","UR2","UR3","UR4","Pounds","Form","Won Since","Plc Since","Runs Since","SR Since","Plc SR Since","P/L Since","Won Before","Plc Before","Runs Before","SR Before","Plc SR Before","Finished Races SR","P/L Before","VDW","Class LTO","New Class LTO","Value LTO","Pounds LTO","Distance LTO","Distance in Yards LTO","BSP_(Decimal)_LTO","SP_(Decimal)_LTO","PaceForm","Pace %","Draw","Age","Weight","History","#","Rating","Classifications","Course Characteristics","Qual","Tissue Odds","Tissue Numerical Odds","Min Age","Max Age","Hcap Limit","Runners","Orig_Runners","Main","Main Stats","Stats","Trn Stats","Jky Stats","TrnJky Stats","Hrs Stats","DSLR(F)","DSLR(J)","Colour","Sex","Dam","Sire","Equip","Pen","Draw IV","FWins","FRuns","fPRB","fPRB^2","50% Low SR","70% Low SR","PvSTot","PvSTotL3","50% High SR","12 Tick Higher SR","BSP","IR_Lowest","%DiffLOW","IR_Highest","Replay","%DiffHIGH","Sex","t7PRB","t14PRB","t28PRB","t56PRB","UR5","UR6","Numerical Odds","POSAFTUPG","CHGPOS","LTO_POSAFTUPG","LTO_CHGPOS"
"30/08/2026","14:50","Beverley","Pocket Change","29.00","0.00","29.00","-10.71","26.00","-10.71","NO","16/1","-42.86","13","5","Kevin Stott","Phillip Makin","44","63","126","0","44","44","44","C","44","","44","13","8","21","2","30/08/2026 14:50","5f","Turf","D","4","1100","0","5400.00","Churchill Tyres EBF Restricted Maiden Fillies' Stakes (GBB Race) (Class D)","13","","","0.00","128","8","0","0","0","0.00","0.00","0.00","0","0","1","0.00","0.00","0.00","-1.00","0.00","C","3","16200.00","122","5f 1y","1101","38.00","34.00","P","8.00","9","2","9.2","","10","23","Mdn-Fil","Right - Stiff","2yo","9/1","9.00","2","2","","13","13","280","582","302","67","90","75","70","126","","ch","f","Ivor's Magic","Far Above","","0","0.77","0","1","0.00","0.00","0.00","0.00","-1","-1","0.00","0.00","21.00","50.00","138.10","1000.00","YES","4661.90","Female","84.72","66.54","61.89","47.67","0.00","0.00","16.00","","","8","0"
"30/08/2026","14:50","Beverley","Cheeky Chesca","5.50","11.11","6.00","50.00","8.50","66.67","NO","8/1","77.78","3","4","David Allan","Tim Easterby","54","123","13","60","57","54","50","F","51","56","51","19","20","39","6","30/08/2026 14:50","5f","Turf","D","4","1100","0","5400.00","Churchill Tyres EBF Restricted Maiden Fillies' Stakes (GBB Race) (Class D)","3","","","0.00","128","552237793","0","0","0","0.00","0.00","0.00","0","3","9","0.00","33.33","0.00","-9.00","0.00","F","6","3664.00","131","5f 212y","1312","8.20","7.50","HPLLLHPLH","25.00","13","2","9.2","","1","58","Mdn-Fil","Right - Stiff","2yo","6/1","6.00","2","2","","13","13","338","515","177","74","70","73","-40","13","","b","f","Bear Cheek","Invincible Army","b1","0","0.43","0","9","52.69","33.79","22.22","0.00","3","1","0.00","0.00","11.50","4.10","-64.35","1000.00","YES","8595.65","Female","56.59","46.93","48.31","48.03","0.00","0.00","8.00","","","",""
"30/08/2026","14:50","Beverley","Floral Maid","23.00","13.64","26.00","-28.00","19.00","-18.18","NO","25/1","13.64","2","13","Cam Hardie","Brian Ellison","","7","","0","","","","","","","","0","14","14","0","30/08/2026 14:50","5f","Turf","D","4","1100","0","5400.00","Churchill Tyres EBF Restricted Maiden Fillies' Stakes (GBB Race) (Class D)","2","","","0.00","128","","0","0","0","0.00","0.00","0.00","0","0","0","0.00","0.00","0.00","0.00","0.00","","","0.00","","","0","0.00","0.00","","0.00","6","2","9.2","","5","64","Mdn-Fil","Right - Stiff","2yo","","0.00","2","2","","13","13","243","516","273","64","41","68","100","","","ch","f","Saadatt","Calyx","","0","1.07","0","0","0.00","0.00","0.00","0.00","","","0.00","0.00","34.00","8.00","-76.47","1000.00","YES","2841.18","Female","53.39","59.51","51.76","49.81","0.00","0.00","25.00","","","",""
"30/08/2026","14:50","Beverley","Last Dandelion","6.00","-10.00","5.50","33.33","7.00","20.00","NO","8/1","60.00","11","3","Ethan Tindall","Stuart Williams","53","139","7","61","55","47","49","E","48","53","46","19","38","57","4","30/08/2026 14:50","5f","Turf","D","4","1100","5","5400.00","Churchill Tyres EBF Restricted Maiden Fillies' Stakes (GBB Race) (Class D)","11","","","0.00","123","05304532","0","0","0","0.00","0.00","0.00","0","3","8","0.00","37.50","0.00","-8.00","0.00","E","5","4320.00","128","5f 60y","1160","3.85","3.50","HPPPHPPH","17.00","11","2","8.11","BF","7","39","Mdn-Fil","Right - Stiff","2yo","6/1","6.00","2","2","","13","13","349","620","271","75","68","90","38","7","","b","f","Parsnip","Pinatubo","","0","0.19","0","8","49.48","32.36","12.50","12.50","-2","-3","0.00","0.00","13.00","23.00","76.92","1000.00","YES","7592.31","Female","37.92","41.56","44.80","47.49","0.00","0.00","8.00","","","",""
"30/08/2026","14:50","Beverley","Purrista","15.00","0.00","15.00","14.29","17.00","14.29","NO","25/1","78.57","9","6","Connor Beasley","Gemma Tutty","44","56","4","0","44","44","43","D","44","44","43","13","5","18","2","30/08/2026 14:50","5f","Turf","D","4","1100","0","5400.00","Churchill Tyres EBF Restricted Maiden Fillies' Stakes (GBB Race) (Class D)","9","","","0.00","128","305","0","0","0","0.00","0.00","0.00","0","1","3","0.00","33.33","0.00","-3.00","0.00","D","4","5400.00","122","5f","1100","53.02","23.00","HHP","8.00","10","2","9.2","","11","42","Mdn-Fil","Right - Stiff","2yo","9/1","9.00","2","2","","13","13","288","467","179","61","87","63","-32","4","","ch","f","Pink Haze","Caturra","","0","0.60","0","3","42.06","29.27","0.00","0.00","1","1","0.00","0.00","32.00","16.50","-48.44","1000.00","YES","3025.00","Female","56.93","52.15","55.11","50.36","0.00","0.00","25.00","","","",""
"30/08/2026","14:50","Beverley","Suenicora Star","26.00","0.00","26.00","-36.00","17.00","-36.00","NO","12/1","-52.00","7","12","M P Sheehy","Brian Ellison","53","22","29","0","53","47","47","D","47","41","47","11","3","14","2","30/08/2026 14:50","5f","Turf","D","4","1100","0","5400.00","Churchill Tyres EBF Restricted Maiden Fillies' Stakes (GBB Race) (Class D)","7","","","0.00","128","05","0","0","0","0.00","0.00","0.00","0","0","2","0.00","0.00","0.00","-2.00","0.00","D","4","5940.00","125","5f","1100","130.00","67.00","HP","8.00","7","2","9.2","","13","47","Mdn-Fil","Right - Stiff","2yo","11/1","11.00","2","2","","13","13","266","514","248","64","63","51","70","29","","b","f","Lady Crossmar","Aclaim","","0","0.96","0","2","29.12","10.37","100.00","0.00","2","2","0.00","0.00","18.10","800.00","4319.89","1000.00","YES","5424.86","Female","53.39","59.51","51.76","49.81","0.00","0.00","12.00","","","",""
"30/08/2026","14:50","Beverley","Eleven Eighty Two","3.75","9.09","4.00","11.00","4.33","21.09","NO","3/1 (F)","9.09","8","1","Andrew Mullen","Ben Haslam","48","187","34","69","58","51","53","E","53","53","52","27","34","61","6","30/08/2026 14:50","5f","Turf","D","4","1100","0","5400.00","Churchill Tyres EBF Restricted Maiden Fillies' Stakes (GBB Race) (Class D)","8","","","0.00","128","4226","0","0","0","0.00","0.00","0.00","0","2","4","0.00","50.00","0.00","-4.00","0.00","E","5","4711.00","123","6f","1320","4.60","4.00","HHPL","25.00","8","2","9.2","","4","47","Mdn-Fil","Right - Stiff","2yo","4/1","4.00","2","2","","13","13","354","580","226","69","59","74","24","34","","b","f","Eyes That Dazzle","Ardad","","0","0.71","0","4","54.72","44.00","50.00","25.00","0","-1","0.00","0.00","4.90","8.40","71.43","1000.00","YES","20308.16","Female","47.72","43.38","39.47","46.05","0.00","0.00","3.00","","","",""
"30/08/2026","14:50","Beverley","Serenity Bay","41.00","-17.50","34.00","0.00","34.00","-17.50","NO","40/1","0.00","6","2","Oisin Orr","Ed Dunlop","25","155","40","0","48","39","37","B","39","39","37","12","3","15","2","30/08/2026 14:50","5f","Turf","D","4","1100","0","5400.00","Churchill Tyres EBF Restricted Maiden Fillies' Stakes (GBB Race) (Class D)","6","","","0.00","128","059","0","0","0","0.00","0.00","0.00","0","0","3","0.00","0.00","0.00","-3.00","0.00","D","4","5940.00","125","7f 36y","1576","100.00","41.00","HPH","8.00","5","2","9.2","","12","48","Mdn-Fil","Right - Stiff","2yo","10/1","10.00","2","2","","13","13","252","578","326","99","93","62","72","40","","b","f","Star Story","Bayside Boy","","0","1.07","0","3","9.70","1.61","0.00","0.00","-3","-3","0.00","0.00","62.65","50.00","-20.19","1000.00","YES","1496.17","Female","63.56","48.25","43.60","42.86","0.00","0.00","40.00","","","9","0"
"30/08/2026","14:55","Yarmouth","Fantasy Master","9.50","-11.76","8.50","-33.33","6.00","-41.18","YES","13/2","-23.53","3","4","Kieran O'Neill","Robert Cowell","71","69","8","72","76","64","64","D","67","75","62","32","23","55","8","30/08/2026 14:55","5f 42y","Turf","C","3","1142","0","9483.00","Bodhi Solutions - Exceeding Expectations In Construction Handicap (Class C)","3","","","0.00","120","0406551-382","0","0","0","0.00","0.00","0.00","8","13","56","14.29","23.21","0.00","81.25","77.62","D","4","6442.00","130","5f","1100","8.70","7.50","HHHHPPP-LPP","31.00","4","8","8.8","D","9","64","Hcap","Left - Galloping","3yo+,95","17/2","8.50","3","","95","4","9","268","528","260","77","66","79","38","8","","ch","g","Dinvar Diva","Sepoy","p","0","0.89","8","56","57.98","43.02","30.36","23.21","10","1","37.50","50.00","9.20","9.00","-2.17","1000.00","YES","10769.57","Male","60.00","53.12","55.14","47.93","0.00","0.00","6.50","","","",""
"30/08/2026","14:50","Beverley","Dawn's Gift","9.50","-11.76","8.50","0.00","8.50","-11.76","NO","12/1","41.18","10","10","Alistair Rawlinson","Sara Ender","56","40","29","0","56","56","56","D","56","","56","16","15","31","0","30/08/2026 14:50","5f","Turf","D","4","1100","0","5400.00","Churchill Tyres EBF Restricted Maiden Fillies' Stakes (GBB Race) (Class D)","10","","","0.00","128","6","0","0","0","0.00","0.00","0.00","0","0","1","0.00","0.00","0.00","-1.00","0.00","D","4","4320.00","128","6f 111y","1431","88.78","67.00","H","0.00","3","2","9.2","","2","41","Mdn-Fil","Right - Stiff","2yo","15/2","7.50","2","2","","13","13","308","519","211","46","59","58","48","29","","b","f","Snake's Head","Mohaather","","0","1.21","0","1","54.55","29.75","0.00","0.00","1","1","0.00","0.00","18.00","160.00","788.89","1000.00","YES","5455.56","Female","29.17","29.17","37.00","53.33","0.00","0.00","12.00","","","",""
"30/08/2026","14:55","Yarmouth","Kinswoman","4.00","-8.33","3.75","-69.82","1.83","-72.33","YES","4/9 (F)","-85.20","1","1","Harry Davies","William Haggas","74","174","15","86","74","66","67","C","66","72","67","31","40","71","6","30/08/2026 14:55","5f 42y","Turf","C","3","1142","0","9483.00","Bodhi Solutions - Exceeding Expectations In Construction Handicap (Class C)","1","","","0.00","134","21121-26984","0","0","0","0.00","0.00","0.00","3","6","14","21.43","42.86","0.00","-8.18","89.39","C","3","15702.00","138","5f 34y","1134","5.63","5.00","PPPPL-LHPPP","23.00","2","4","9.8","D","6","68","Hcap","Left - Galloping","3yo+,95","9/1","9.00","3","","95","4","9","302","587","285","97","87","88","13","15","","b","f","Ladyship","Mehmas","","0","1.14","3","14","76.72","62.62","28.57","28.57","-4","-1","0.00","33.33","1.47","1.01","-31.29","1.60","YES","8.84","Female","52.16","65.11","61.84","59.66","0.00","0.00","0.44","","","",""
"30/08/2026","14:55","Yarmouth","Seven Questions","10.00","-11.11","9.00","-56.25","4.50","-61.11","YES","6/1 (2F)","-33.33","4","3","Jack Mitchell","Robert Cowell","47","108","33","86","80","65","58","B","61","78","64","35","28","63","6","30/08/2026 14:55","5f 42y","Turf","C","3","1142","0","9483.00","Bodhi Solutions - Exceeding Expectations In Construction Handicap (Class C)","4","","","0.00","134","700-3641700","0","0","0","0.00","0.00","0.00","5","4","28","17.86","14.29","0.00","18.63","142.48","B","2","38655.00","122","5f","1100","24.00","19.00","PPH-PPLHLPH","23.00","1","5","9.8","CD","4","51","Hcap","Left - Galloping","3yo+,95","15/2","7.50","3","","95","4","9","287","603","316","77","92","91","56","33","","b","g","Get Up And Dance","Kodiac","p","0","0.97","5","28","53.43","39.63","42.86","21.43","12","-3","40.00","40.00","9.20","40.00","334.78","1000.00","YES","10769.57","Male","60.00","53.12","55.14","47.93","0.00","0.00","6.00","","","",""
"30/08/2026","14:50","Beverley","Picnic Princess","12.00","27.27","15.00","-14.29","13.00","9.09","NO","16/1","45.45","5","9","Shane Gray","Richard Fahey","","49","","0","","","","","","","","0","18","18","0","30/08/2026 14:50","5f","Turf","D","4","1100","0","5400.00","Churchill Tyres EBF Restricted Maiden Fillies' Stakes (GBB Race) (Class D)","5","","","0.00","128","","0","0","0","0.00","0.00","0.00","0","0","0","0.00","0.00","0.00","0.00","0.00","","","0.00","","","0","0.00","0.00","","0.00","12","2","9.2","","8","48","Mdn-Fil","Right - Stiff","2yo","","0.00","2","2","","13","13","255","577","322","77","75","70","100","","","b","f","Flycatcher","Ardad","","0","0.75","0","0","0.00","0.00","0.00","0.00","","","0.00","0.00","17.00","150.00","782.35","1000.00","YES","5782.35","Female","57.11","50.93","49.78","48.11","0.00","0.00","16.00","","","",""
"30/08/2026","14:50","Beverley","Get On That Baby","34.00","0.00","34.00","-24.24","26.00","-24.24","NO","25/1","-24.24","4","8","Miss Joanna Mason","Michael Easterby","","50","","0","","","","","","","","0","14","14","0","30/08/2026 14:50","5f","Turf","D","4","1100","0","5400.00","Churchill Tyres EBF Restricted Maiden Fillies' Stakes (GBB Race) (Class D)","4","","","0.00","128","","0","0","0","0.00","0.00","0.00","0","0","0","0.00","0.00","0.00","0.00","0.00","","","0.00","","","0","0.00","0.00","","0.00","4","2","9.2","","6","51","Mdn-Fil","Right - Stiff","2yo","","0.00","2","2","","13","13","243","560","317","71","70","76","100","","","b","f","Sharsted","Arizona","","0","1.73","0","0","0.00","0.00","0.00","0.00","","","0.00","0.00","28.31","19.50","-31.12","1000.00","YES","3432.32","Female","33.97","47.55","46.24","45.76","0.00","0.00","25.00","","","",""
"30/08/2026","14:50","Beverley","Dorothea Hope","9.00","-18.75","7.50","0.00","7.50","-18.75","NO","6/1","-25.00","12","11","Jason Hart","Tim Easterby","47","36","23","56","54","47","47","E","47","47","47","5","8","13","0","30/08/2026 14:50","5f","Turf","D","4","1100","0","5400.00","Churchill Tyres EBF Restricted Maiden Fillies' Stakes (GBB Race) (Class D)","12","","","0.00","128","458","0","0","0","0.00","0.00","0.00","0","0","3","0.00","0.00","0.00","-3.00","0.00","D","4","5400.00","122","5f","1100","84.11","67.00","HHH","0.00","1","2","9.2","","3","38","Mdn-Fil","Right - Stiff","2yo","25/1","25.00","2","2","","13","13","274","551","277","74","88","91","24","23","","b","f","Afeefah","Invincible Army","","0","1.73","0","3","55.56","34.15","0.00","0.00","1","1","0.00","0.00","9.06","30.00","231.13","1000.00","YES","10937.53","Female","56.59","46.93","48.31","48.03","0.00","0.00","6.00","","","",""
"30/08/2026","14:50","Beverley","Pivotal Voyage","6.00","10.00","6.50","18.18","7.50","30.00","NO","4/1 (2F)","-20.00","1","7","Tom Eaves","Kevin Ryan","","52","","0","","","","","","","","0","18","18","0","30/08/2026 14:50","5f","Turf","D","4","1100","0","5400.00","Churchill Tyres EBF Restricted Maiden Fillies' Stakes (GBB Race) (Class D)","1","","","0.00","128","","0","0","0","0.00","0.00","0.00","0","0","0","0.00","0.00","0.00","0.00","0.00","","","0.00","","","0","0.00","0.00","","0.00","2","2","9.2","","9","64","Mdn-Fil","Right - Stiff","2yo","","0.00","2","2","","13","13","255","556","301","82","48","71","100","","","ch","f","Portico","Space Traveller","","0","1.70","0","0","0.00","0.00","0.00","0.00","","","0.00","0.00","5.40","1.01","-81.30","6.20","YES","14.81","Female","58.27","49.55","44.45","43.66","0.00","0.00","4.00","","","",""
"30/08/2026","14:35","Goodwood","Toyotomi","12.00","9.09","13.00","-37.50","8.50","-31.82","YES","9/1","-18.18","6","2","Daniel Tudhope","David O'Meara","65","74","71","94","72","68","68","C","68","71","66","33","28","61","0","30/08/2026 14:35","6f","Turf","B","2","1320","0","23193.00","Virgin Bet Daily Price Boosts Handicap (Class B)","6","","","0.00","133","8705-56310","0","0","0","0.00","0.00","0.00","1","1","9","11.11","11.11","0.00","-6.75","104.68","B","2","90195.00","127","6f","1320","177.68","81.00","HHHH-HHHHH","0.00","4","5","9.7","CD","4","67","Hcap","Right - Sharp / Undulating","3yo+,100","11/1","11.00","3","","100","10","15","188","466","278","71","75","67","65","71","","b","g","Tribune","Blue Point","","0","1.46","1","9","47.21","29.60","33.33","22.22","5","3","0.00","100.00","13.00","9.00","-30.77","140.00","YES","976.92","Male","59.10","51.78","55.44","51.15","0.00","0.00","9.00","","","19","0"
"30/08/2026","14:25","Cork","Cause I Like You","11.00","0.00","11.00","10.00","12.00","10.00","NO","8/1","-20.00","2","5","Wesley Joyce","M Mulvany","64","94","15","49","66","54","62","F","64","64","54","22","37","59","2","30/08/2026 14:25","1m","Turf","F","6","1760","0","6000.00","Book Tickets Online At www.corkracecourse.ie Apprentice Handicap (Class F) (0-60)","2","","","0.00","131","8054065215","0","0","0","0.00","0.00","0.00","1","1","15","6.67","6.67","0.00","-10.67","60.00","F","6","6000.00","121","1m","1760","20.00","13.00","HHHPPPHHHP","4.00","14","3","9.5","D","13","53","Hcap-App","Right - Easy","3yo,60","11/1","11.00","3","3","60","16","16","296","564","268","78","65","75","50","15","","b","f","Diamond Rio","Dandy Man","tp","0","0.88","1","15","58.32","39.14","26.67","13.33","7","3","100.00","100.00","11.50","55.00","378.26","1000.00","YES","8595.65","Female","44.74","42.55","45.34","53.09","0.00","0.00","8.00","","","",""
"30/08/2026","14:25","Cork","Ochtar Againn","17.00","12.50","19.00","38.89","26.00","56.25","NO","22/1","37.50","16","14","Paddy Harnett","M J Byrne","53","24","23","52","59","50","57","E","59","59","49","7","3","10","0","30/08/2026 14:25","1m","Turf","F","6","1760","0","6000.00","Book Tickets Online At www.corkracecourse.ie Apprentice Handicap (Class F) (0-60)","16","","","0.00","134","7-0050047","0","0","0","0.00","0.00","0.00","0","0","8","0.00","0.00","0.00","-8.00","0.00","F","6","6000.00","130","7f","1540","7.58","6.00","H-HHHHHHH","0.00","12","3","9.8","","8","31","Hcap-App","Right - Easy","3yo,60","40/1","40.00","3","3","60","16","16","206","296","90","43","70","55","-78","23","","b","f","Lady Athaliah","Profitable","p","0","0.30","0","8","38.45","20.46","12.50","12.50","-2","1","0.00","0.00","35.48","450.00","1168.32","950.00","YES","2577.56","Female","0.00","0.00","76.92","66.62","0.00","0.00","22.00","","","",""
"30/08/2026","14:35","Goodwood","Strike Red","9.50","17.65","11.00","-20.00","9.00","-5.88","YES","8/1","-5.88","7","5","Billy Garritty","Richard Fahey","77","53","44","91","80","67","72","B","71","77","66","45","54","99","4","30/08/2026 14:35","6f","Turf","B","2","1320","0","23193.00","Virgin Bet Daily Price Boosts Handicap (Class B)","7","","","0.00","130","800-3107421","0","0","0","0.00","0.00","0.00","10","8","59","16.95","13.56","0.00","15.75","275.47","B","2","19328.00","131","6f 6y","1326","5.63","5.00","PHP-PHHHHPP","11.00","5","8","9.4","D","10","65","Hcap","Right - Sharp / Undulating","3yo+,100","8/1","8.00","3","","100","10","15","284","479","195","47","58","69","21","44","","b","g","Capulet Monteque","Dark Angel","","0","1.12","10","59","64.90","49.23","35.59","23.73","9","3","20.00","30.00","11.00","11.00","0.00","150.00","YES","1263.64","Male","57.11","50.93","49.78","48.11","0.00","0.00","8.00","","","1","0"
"30/08/2026","14:25","Cork","Sayonara","7.00","8.33","7.50","30.77","9.50","41.67","NO","11/1","83.33","3","6","Adam Browne-Souza","Andrew Slattery","62","85","23","51","62","54","59","F","62","62","51","29","13","42","8","30/08/2026 14:25","1m","Turf","F","6","1760","7","6000.00","Book Tickets Online At www.corkracecourse.ie Apprentice Handicap (Class F) (0-60)","3","","","0.00","126","38-5300842","0","0","0","0.00","0.00","0.00","0","2","9","0.00","22.22","0.00","-9.00","0.00","F","6","6000.00","126","7f","1540","26.40","21.00","HP-PLHHLPP","16.00","10","3","9.0","","11","53","Hcap-App","Right - Easy","3yo,60","8/1","8.00","3","3","60","16","16","290","460","170","76","55","60","-21","23","","b","g","Pass The Moon","Kodiac","","0","0.44","0","9","44.33","31.27","22.22","11.11","3","3","0.00","0.00","14.00","4.10","-70.71","1000.00","YES","7042.86","Male","71.15","58.76","59.29","51.14","0.00","0.00","11.00","","","",""
"30/08/2026","14:25","Cork","Beau Army","7.00","8.33","7.50","7.69","8.00","16.67","NO","7/1","16.67","4","1","S Coen","Adrian McGuinness","66","182","15","52","67","54","62","F","66","66","53","30","31","61","8","30/08/2026 14:25","1m","Turf","F","6","1760","0","6000.00","Book Tickets Online At www.corkracecourse.ie Apprentice Handicap (Class F) (0-60)","4","","","0.00","134","6204053914","0","0","0","0.00","0.00","0.00","3","2","19","15.79","10.53","0.00","5.00","60.00","F","6","6000.00","126","1m","1760","9.15","7.50","HPHPPPPPLP","16.00","4","3","9.8","","7","51","Hcap-App","Right - Easy","3yo,60","8/1","8.00","3","3","60","16","16","350","677","327","69","95","99","64","15","","b","f","Isabeau","Invincible Army","v","0","1.65","3","19","55.26","40.67","26.32","15.79","3","-1","0.00","0.00","9.95","1000.00","9950.25","1000.00","YES","9950.25","Female","51.61","57.19","61.45","59.39","0.00","0.00","7.00","","","",""
"30/08/2026","14:25","Cork","Aiteall","12.00","0.00","12.00","63.64","19.00","63.64","NO","40/1","263.64","14","8","J Pietropaolo","Joseph Patrick O'Brien","48","69","10","60","51","49","49","E","49","49","49","7","3","10","0","30/08/2026 14:25","1m","Turf","F","6","1760","4","6000.00","Book Tickets Online At www.corkracecourse.ie Apprentice Handicap (Class F) (0-60)","14","","","0.00","138","050","0","0","0","0.00","0.00","0.00","0","0","3","0.00","0.00","0.00","-3.00","0.00","E","5","9000.00","127","1m","1760","753.57","201.00","HHH","0.00","5","3","9.12","","1","44","Hcap-App","Right - Easy","3yo,60","40/1","40.00","3","3","60","16","16","217","476","259","93","42","54","70","10","","b","g","Dramatically","Wootton Bassett","t1","0","1.46","0","3","29.42","12.57","33.33","0.00","1","1","0.00","0.00","80.00","75.00","-6.25","450.00","YES","462.50","Male","47.67","58.96","54.91","60.83","0.00","0.00","40.00","","","",""
"30/08/2026","14:25","Cork","Arizona Star","26.00","-20.00","21.00","-57.50","9.50","-66.00","NO","13/2","-74.00","8","4","T Casey","M Mulvany","69","99","53","50","69","41","54","E","51","51","44","27","30","57","4","30/08/2026 14:25","1m","Turf","F","6","1760","7","6000.00","Book Tickets Online At www.corkracecourse.ie Apprentice Handicap (Class F) (0-60)","8","","","0.00","125","00-3063","0","0","0","0.00","0.00","0.00","0","2","6","0.00","33.33","0.00","-6.00","0.00","E","5","6000.00","127","1m 2f","2200","55.00","34.00","HH-PLHH","8.00","16","3","8.13","","12","48","Hcap-App","Right - Easy","3yo,60","9/1","9.00","3","3","60","16","16","240","521","281","78","52","81","70","53","","br","f","Bequia","Arizona","","0","2.25","0","6","38.68","23.76","50.00","33.33","2","3","0.00","0.00","11.00","19.50","77.27","1000.00","YES","8990.91","Female","44.74","42.55","45.34","53.09","0.00","0.00","6.50","","","",""
"30/08/2026","14:25","Cork","Miss Ivor","67.00","21.21","81.00","-50.00","41.00","-39.39","NO","50/1","-24.24","11","7","Orla Tynan","P O'Rourke","51","74","23","51","51","42","43","F","41","46","42","6","3","9","4","30/08/2026 14:25","1m","Turf","F","6","1760","7","6000.00","Book Tickets Online At www.corkracecourse.ie Apprentice Handicap (Class F) (0-60)","11","","","0.00","126","080-090","0","0","0","0.00","0.00","0.00","0","0","6","0.00","0.00","0.00","-6.00","0.00","F","6","6000.00","129","7f","1540","360.00","81.00","HHH-PPH","8.00","7","3","9.0","","10","47","Hcap-App","Right - Easy","3yo,60","40/1","40.00","3","3","60","16","16","170","445","275","49","85","75","66","23","","b","f","Surface Of Earth","Elzaam","","0","0.73","0","6","22.69","8.81","33.33","0.00","2","1","0.00","0.00","140.00","170.00","21.43","180.00","YES","28.57","Female","0.00","0.00","15.38","21.37","0.00","0.00","50.00","","","",""
"30/08/2026","14:35","Goodwood","Sudden Flight","19.00","0.00","19.00","-22.22","15.00","-22.22","YES","11/1","-38.89","5","10","Finley Marsh","Richard Hughes","60","9","20","87","76","66","68","C","68","72","65","29","30","59","6","30/08/2026 14:35","6f","Turf","B","2","1320","0","23193.00","Virgin Bet Daily Price Boosts Handicap (Class B)","5","","","0.00","126","44100-32220","0","0","0","0.00","0.00","0.00","2","5","14","14.29","35.71","0.00","-7.88","118.55","B","2","41232.00","127","6f 12y","1332","13.47","9.50","HHPPH-PPPPP","17.00","3","4","9.0","D","13","68","Hcap","Right - Sharp / Undulating","3yo+,100","13/1","13.00","3","","100","10","15","215","300","85","61","63","57","-96","20","","b","g","Links Drive Lady","Aclaim","p","0","1.68","2","14","68.30","52.44","28.57","28.57","2","1","0.00","50.00","13.50","1001.00","7314.81","1.00","YES","-92.59","Male","45.69","48.42","47.51","50.97","0.00","0.00","11.00","","","",""
"30/08/2026","14:35","Goodwood","Lakers","13.00","-8.33","12.00","-18.18","10.00","-25.00","YES","7/1","-41.67","3","9","D Egan","Kevin Foy","67","35","135","94","75","65","65","B","67","74","65","19","18","37","2","30/08/2026 14:35","6f","Turf","B","2","1320","0","23193.00","Virgin Bet Daily Price Boosts Handicap (Class B)","3","","","0.00","133","0/16571-3395","0","0","0","0.00","0.00","0.00","3","3","13","23.08","23.08","0.00","-1.17","63.63","C","3","11776.00","135","6f","1320","12.16","8.50","H/PPPPH-HPHH","6.00","2","4","9.7","D","5","69","Hcap","Right - Sharp / Undulating","3yo+,100","20/1","20.00","3","","100","10","15","146","376","230","82","65","72","11","135","","b","g","Namhroodah","Pinatubo","WS","0","1.33","3","13","67.93","54.34","53.85","30.77","-1","-3","33.33","33.33","8.60","10.50","22.09","150.00","YES","1644.19","Male","35.71","59.19","54.49","57.32","0.00","0.00","7.00","","","5","0"
"30/08/2026","14:35","Goodwood","Rapper's Delight","8.00","28.57","10.00","0.00","10.00","28.57","YES","11/1","57.14","8","7","George Wood","Richard Spencer","64","41","33","89","79","65","71","C","71","71","67","32","34","66","4","30/08/2026 14:35","6f","Turf","B","2","1320","0","23193.00","Virgin Bet Daily Price Boosts Handicap (Class B)","8","","","0.00","128","321-9228","0","0","0","0.00","0.00","0.00","1","4","7","14.29","57.14","0.00","-5.33","38.88","B","2","38655.00","123","5f","1100","7.80","6.50","PPP-PPPH","11.00","10","4","9.2","BF","11","65","Hcap","Right - Sharp / Undulating","3yo+,100","12/1","12.00","3","","100","10","15","215","363","148","67","45","71","-35","33","","b","g","Timeless Gift","Harry Angel","v","0","1.15","1","7","79.42","66.73","42.86","42.86","1","1","0.00","100.00","14.00","1000.00","7042.86","1000.00","YES","7042.86","Male","87.50","56.82","56.59","54.47","0.00","0.00","11.00","","","",""
"30/08/2026","14:35","Goodwood","Ardisia","10.00","0.00","10.00","-11.11","9.00","-11.11","YES","11/2 (2F)","-38.89","2","1","Oisin Murphy","Hugo Palmer","75","129","28","99","76","64","66","A","64","75","63","23","40","63","2","30/08/2026 14:35","6f","Turf","B","2","1320","0","23193.00","Virgin Bet Daily Price Boosts Handicap (Class B)","2","","","0.00","135","3112-746304","0","0","0","0.00","0.00","0.00","5","3","17","29.41","17.65","0.00","24.00","335.51","A","1","34026.00","127","6f 17y","1337","20.30","17.00","HPPH-PPPHHP","6.00","8","3","9.9","CD","3","70","Hcap","Right - Sharp / Undulating","3yo+,100","16/1","16.00","3","","100","10","15","258","533","275","76","93","97","9","28","","b","g","Garraun","Ardad","","0","0.82","5","17","65.48","52.77","76.47","47.06","9","3","20.00","20.00","7.17","2.34","-67.36","1000.00","YES","13847.00","Male","40.55","46.09","46.83","47.93","0.00","0.00","5.50","","","",""
"30/08/2026","14:35","Goodwood","Fandom","10.00","0.00","10.00","22.22","12.00","22.22","YES","12/1","33.33","10","4","Mr Joe Leavy","Richard Hannon","73","59","22","97","77","69","69","B","73","76","65","31","45","76","4","30/08/2026 14:35","6f","Turf","B","2","1320","0","23193.00","Virgin Bet Daily Price Boosts Handicap (Class B)","10","","","0.00","136","90-63104303","0","0","0","0.00","0.00","0.00","1","3","12","8.33","25.00","0.00","-5.00","309.24","B","2","41803.00","138","5f","1100","6.66","6.00","LH-HPPLPPHP","11.00","9","5","9.10","D","2","63","Hcap","Right - Sharp / Undulating","3yo+,100","12/1","12.00","3","","100","10","15","279","493","214","67","57","66","24","22","","b","g","Brogan","Showcasing","","0","1.02","1","12","55.10","40.31","25.00","16.67","2","1","100.00","100.00","20.00","19.50","-2.50","1000.00","YES","4900.00","Male","59.46","55.55","49.19","51.04","0.00","0.00","12.00","","","",""
"30/08/2026","14:35","Goodwood","Purosangue","7.50","-23.08","6.00","10.00","6.50","-15.38","YES","17/2","30.77","9","8","Kieran Shoemark","Robert Cowell","62","37","29","93","80","69","69","B","72","78","68","11","14","25","2","30/08/2026 14:35","6f","Turf","B","2","1320","0","23193.00","Virgin Bet Daily Price Boosts Handicap (Class B)","9","","","0.00","132","906640-4458","0","0","0","0.00","0.00","0.00","2","7","25","8.00","28.00","0.00","-16.00","225.48","B","2","15462.00","138","5f 7y","1107","11.73","9.00","HHHPPP-HPHH","6.00","6","5","9.6","D","8","63","Hcap","Right - Sharp / Undulating","3yo+,100","33/1","33.00","3","","100","10","15","159","319","160","43","63","56","-2","29","","br","g","Avon Breeze","Aclaim","","0","1.03","2","25","62.52","45.46","32.00","20.00","-3","-1","0.00","0.00","14.00","13.00","-7.14","1000.00","YES","7042.86","Male","60.00","53.12","55.14","47.93","0.00","0.00","8.50","","","",""
"30/08/2026","14:35","Goodwood","Jungle Drums","29.00","0.00","29.00","42.86","41.00","42.86","YES","50/1","78.57","4","6","William Carver","Jamie Osborne","64","50","31","89","72","64","67","D","68","70","61","21","25","46","6","30/08/2026 14:35","6f","Turf","B","2","1320","0","23193.00","Virgin Bet Daily Price Boosts Handicap (Class B)","4","","","0.00","128","1/80010-0514","0","0","0","0.00","0.00","0.00","5","1","13","38.46","7.69","0.00","127.21","119.63","F","6","3564.00","142","6f 20y","1340","3.69","3.25","L/PPHLL-PPPP","17.00","7","4","9.2","D  BF","12","69","Hcap","Right - Sharp / Undulating","3yo+,100","18/1","18.00","3","","100","10","15","204","324","120","53","42","45","-20","31","","b","g","Ayr Missile","Bungle Inthejungle","","0","0.78","5","13","62.02","51.66","61.54","53.85","7","1","20.00","20.00","66.40","3.15","-95.26","1000.00","YES","1406.02","Male","58.29","47.98","52.83","53.70","0.00","0.00","50.00","","","",""
"30/08/2026","14:35","Goodwood","Flash Harry","7.00","-33.33","5.00","-43.75","3.25","-62.50","YES","15/8 (F)","-68.75","1","3","Rossa Ryan","Clive Cox","73","67","8","94","78","68","70","B","69","73","67","19","21","40","6","30/08/2026 14:35","6f","Turf","B","2","1320","0","23193.00","Virgin Bet Daily Price Boosts Handicap (Class B)","1","","","0.00","133","2/12310-6090","0","0","0","0.00","0.00","0.00","2","3","10","20.00","30.00","0.00","-6.09","135.41","B","2","69579.00","130","6f","1320","36.01","26.00","P/PPLPL-HPPP","17.00","1","4","9.7","CD","7","71","Hcap","Right - Sharp / Undulating","3yo+,100","20/1","20.00","3","","100","10","15","227","512","285","85","83","85","32","8","","ch","g","Mrs Todd","Harry Angel","","0","1.55","2","10","69.87","54.16","40.00","30.00","4","3","0.00","50.00","3.25","1.01","-68.92","4.80","YES","47.69","Male","38.43","51.29","54.14","49.86","0.00","0.00","1.88","","","",""
"30/08/2026","14:55","Yarmouth","Elara May","19.00","-33.33","13.00","-50.00","7.00","-66.67","YES","7/1","-61.11","2","2","Ashley Lewis","Philip McBride","64","138","9","83","64","55","56","D","60","64","55","22","20","42","6","30/08/2026 14:55","5f 42y","Turf","C","3","1142","3","9483.00","Bodhi Solutions - Exceeding Expectations In Construction Handicap (Class C)","2","","","0.00","126","33111314-84","0","0","0","0.00","0.00","0.00","4","2","11","36.36","18.18","0.00","13.87","46.65","D","4","6442.00","137","6f","1320","26.06","23.00","PPPPPPLL-PH","23.00","3","3","9.0","CD","8","67","Hcap","Left - Galloping","3yo+,95","13/1","13.00","3","","95","4","9","247","561","314","79","91","70","74","9","","b","f","Manatiya","Bated Breath","","0","1.06","4","11","74.26","63.21","63.64","45.45","3","1","0.00","25.00","9.00","6.40","-28.89","1000.00","YES","11011.11","Female","0.00","28.57","17.06","32.19","0.00","0.00","7.00","","","",""
"30/08/2026","15:20","Beverley","Highland Olly","17.00","-31.25","12.00","0.00","12.00","-31.25","YES","16/1","0.00","3","1","Alistair Rawlinson","Grant Tuer","67","148","18","77","78","59","66","D","67","74","59","47","45","92","6","30/08/2026 15:20","1m 100y","Turf","D","4","1860","0","5574.00","Ward Homes Yorkshire Handicap (Class D)","3","","","0.00","127","7-511042175","0","0","0","0.00","0.00","0.00","6","5","32","18.75","15.63","0.00","8.00","47.59","D","4","6185.00","140","7f 75y","1615","24.00","17.00","L-LLLPLPPPP","13.00","4","5","9.1","C D","8","70","Hcap","Right - Stiff","4yo+,85","8/1","8.00","4","","85","11","13","297","582","285","65","54","95","71","18","","b","g","Roxy Star","Cable Bay","p","0","0.97","6","32","60.22","43.83","25.00","21.88","12","1","50.00","50.00","23.00","16.00","-30.43","1000.00","YES","4247.83","Male","10.00","52.61","51.66","50.54","0.00","0.00","16.00","","","",""
"30/08/2026","15:20","Beverley","Financer","8.00","7.14","8.50","-33.33","6.00","-28.57","YES","4/1 (2F)","-42.86","1","2","David Allan","Tim Easterby","76","124","14","76","76","65","72","C","71","73","63","34","31","65","6","30/08/2026 15:20","1m 100y","Turf","D","4","1860","0","5574.00","Ward Homes Yorkshire Handicap (Class D)","1","","","0.00","126","4045521472","0","0","0","0.00","0.00","0.00","4","7","32","12.50","21.88","0.00","27.88","80.53","C","3","12562.00","127","1m 2f 5y","2205","17.24","15.00","HPHHHPPPPP","13.00","7","5","9.0","","12","71","Hcap","Right - Stiff","4yo+,85","11/1","11.00","4","","85","11","13","290","431","141","61","69","61","-50","14","","b","g","Isa","Cracksman","p","0","0.89","4","32","61.74","46.55","43.75","34.38","10","3","25.00","25.00","5.60","1.01","-81.96","5.50","YES","-1.79","Male","56.59","46.93","48.31","48.03","0.00","0.00","4.00","","","",""
"30/08/2026","15:20","Beverley","Hot Cash","5.00","-12.50","4.50","28.57","5.50","12.50","YES","5/1","25.00","10","5","Connor Beasley","Jack Channon","52","108","36","83","71","61","60","B","63","70","61","28","15","43","2","30/08/2026 15:20","1m 100y","Turf","D","4","1860","0","5574.00","Ward Homes Yorkshire Handicap (Class D)","10","","","0.00","133","15654-02280","0","0","0","0.00","0.00","0.00","2","4","14","14.29","28.57","0.00","-3.50","79.34","D","4","5653.00","137","1m 5y","1765","9.26","7.00","PPPHP-PPHPH","4.00","9","4","9.7","","4","60","Hcap","Right - Stiff","4yo+,85","14/1","14.00","4","","85","11","13","220","465","245","69","85","74","17","36","","b","g","Spirit Of Appin","Too Darn Hot","","0","0.92","2","14","62.10","47.39","28.57","21.43","-2","-1","0.00","50.00","7.20","8.20","13.89","1000.00","YES","13788.89","Male","55.04","53.59","53.37","54.28","0.00","0.00","5.00","","","",""
"30/08/2026","15:20","Beverley","Priapos","23.00","27.27","29.00","17.86","34.00","50.00","YES","40/1","81.82","5","8","Paul Mulrennan","Phillip Makin","60","74","29","85","70","61","61","D","60","69","58","27","30","57","6","30/08/2026 15:20","1m 100y","Turf","D","4","1860","0","5574.00","Ward Homes Yorkshire Handicap (Class D)","5","","","0.00","135","5112-741100","0","0","0","0.00","0.00","0.00","5","1","22","22.73","4.55","0.00","15.75","62.93","B","2","26170.00","126","7f 218y","1758","78.53","41.00","PPPP-HHPPLH","13.00","2","4","9.9","D","1","67","Hcap","Right - Stiff","4yo+,85","14/1","14.00","4","","85","11","13","268","535","267","71","83","73","40","29","","b","g","Laurel Wreath","Zoustar","","0","1.18","5","22","49.98","37.14","36.36","31.82","4","-1","20.00","20.00","70.00","20.00","-71.43","680.00","YES","871.43","Male","84.72","66.54","61.89","47.67","0.00","0.00","40.00","","","",""
"30/08/2026","15:20","Beverley","Nostrum","9.50","5.88","10.00","11.11","11.00","17.65","YES","8/1","-5.88","11","10","Jason Hart","Michael Appleby","63","50","29","85","75","65","66","C","67","74","64","23","14","37","10","30/08/2026 15:20","1m 100y","Turf","D","4","1860","0","5574.00","Ward Homes Yorkshire Handicap (Class D)","11","","","0.00","135","8000-025800","0","0","0","0.00","0.00","0.00","3","3","21","14.29","14.29","0.00","-8.65","225.76","C","3","25770.00","134","1m 1f 11y","1991","36.00","26.00","HHPP-LLLLPL","21.00","5","6","9.9","D","2","60","Hcap","Right - Stiff","4yo+,85","18/1","18.00","4","","85","11","13","247","442","195","62","86","69","-22","29","","b","g","Mirror Lake","Kingman","WS","0","1.26","3","21","39.41","30.14","23.81","19.05","-1","-1","33.33","100.00","10.67","8.60","-19.40","1000.00","YES","9272.07","Male","51.64","50.29","44.68","40.65","0.00","0.00","8.00","","","",""
"30/08/2026","15:20","Beverley","On The River","6.00","-20.00","5.00","-12.50","4.50","-30.00","YES","11/4 (F)","-45.00","2","6","Tom Kiely-Marshall","Harriet Bethell","61","80","36","78","75","60","59","D","59","74","59","32","24","56","2","30/08/2026 15:20","1m 100y","Turf","D","4","1860","5","5574.00","Ward Homes Yorkshire Handicap (Class D)","2","","","0.00","123","85642-52753","0","0","0","0.00","0.00","0.00","11","11","60","18.33","18.33","0.00","11.13","69.89","D","4","5653.00","135","1m 5y","1765","55.79","34.00","HHHPH-HPPHH","4.00","6","7","8.11","CD","7","70","Hcap","Right - Stiff","4yo+,85","12/1","12.00","4","","85","11","13","229","485","256","98","69","58","31","36","","b","g","Lady Lekki","Heeraat","","0","1.70","11","60","59.95","45.44","35.00","26.67","12","1","45.45","63.64","4.50","4.10","-8.89","1000.00","YES","22122.22","Male","88.89","70.57","63.42","63.11","0.00","0.00","2.75","","","",""
"30/08/2026","15:20","Beverley","Count Palatine","7.50","23.08","9.00","37.50","12.00","69.23","YES","20/1","207.69","6","8","S B Kirrane","Michael Dods","71","74","11","81","71","61","63","D","65","69","58","38","18","56","2","30/08/2026 15:20","1m 100y","Turf","D","4","1860","0","5574.00","Ward Homes Yorkshire Handicap (Class D)","6","","","0.00","131","6612-003061","0","0","0","0.00","0.00","0.00","5","7","32","15.63","21.88","0.00","27.00","47.11","D","4","5496.00","133","6f 195y","1515","11.00","9.50","HHPH-HHHPHH","4.00","8","5","9.5","","6","67","Hcap","Right - Stiff","4yo+,85","10/1","10.00","4","","85","11","13","242","440","198","73","62","71","-8","11","","b","g","Sovana","Profitable","","0","0.93","5","32","54.13","39.60","34.38","25.00","10","3","60.00","60.00","32.00","16.00","-50.00","1000.00","YES","3025.00","Male","56.84","50.02","45.88","47.79","0.00","0.00","20.00","","","",""
"30/08/2026","15:20","Beverley","Walsingham","11.00","0.00","11.00","-20.00","9.00","-20.00","YES","11/2","-45.00","8","4","C J Whiteley","David O'Meara","65","109","22","84","74","60","66","B","65","70","60","26","23","49","0","30/08/2026 15:20","1m 100y","Turf","D","4","1860","5","5574.00","Ward Homes Yorkshire Handicap (Class D)","8","","","0.00","129","110-3108057","0","0","0","0.00","0.00","0.00","4","7","23","17.39","30.43","0.00","-6.75","56.99","D","4","5234.00","135","1m","1760","5.55","5.00","PHH-HHPHHHH","0.00","10","6","9.3","D","3","65","Hcap","Right - Stiff","4yo+,85","16/1","16.00","4","","85","11","13","233","466","233","77","78","75","3","22","","b","g","Dark Crusader","Lope De Vega","","0","1.04","4","23","65.12","51.75","34.78","26.09","-1","-1","25.00","50.00","7.64","10.00","30.89","1000.00","YES","12989.01","Male","59.10","51.78","55.44","51.15","0.00","0.00","5.50","","","",""
"30/08/2026","15:25","Yarmouth","Man Of Desert","15.00","14.29","17.00","-25.00","13.00","-14.29","YES","20/1","42.86","7","5","Silvestre De Sousa","Chris Dwyer","55","106","18","65","65","55","53","E","55","63","52","31","10","41","6","30/08/2026 15:25","1m 2f 23y","Turf","E","5","2223","0","4397.00","Bodhi Solutions - Constructing Champions Handicap (Class E)","7","","","0.00","126","0487-057427","0","0","0","0.00","0.00","0.00","0","2","13","0.00","15.38","0.00","-13.00","0.00","D","4","6281.00","129","1m","1760","55.00","34.00","PPPL-HPPLPH","20.00","7","5","9.0","","9","65","Hcap","Left - Galloping","4yo+,75","7/1","7.00","4","","75","8","9","241","461","220","76","76","84","-16","18","","b","g","Desert Berry","Study Of Man","t","0","1.11","0","13","33.53","18.09","7.69","7.69","-5","1","0.00","0.00","21.03","13.50","-35.81","1000.00","YES","4655.11","Male","52.83","54.84","55.00","51.60","0.00","0.00","20.00","","","",""
"30/08/2026","15:25","Yarmouth","Patrol","8.50","-40.00","5.50","-22.22","4.50","-53.33","YES","9/2","-40.00","2","1","Mr Jack Callan","Dylan Cunha","59","164","9","74","72","63","64","D","67","70","60","29","30","59","4","30/08/2026 15:25","1m 2f 23y","Turf","E","5","2223","0","4397.00","Bodhi Solutions - Constructing Champions Handicap (Class E)","2","","","0.00","135","775-8224363","0","0","0","0.00","0.00","0.00","3","7","29","10.34","24.14","0.00","-15.93","60.71","D","4","6442.00","136","1m 4f","2640","7.61","7.50","HHP-HHHHPHP","13.00","1","4","9.9","","2","74","Hcap","Left - Galloping","4yo+,75","15/2","7.50","4","","75","8","9","337","620","283","80","79","78","46","9","","b","g","Laurelita","Dark Angel","v1","0","1.41","3","29","58.81","41.64","27.59","20.69","11","3","66.67","66.67","5.40","2.50","-53.70","34.00","YES","529.63","Male","53.37","52.22","49.20","47.27","0.00","0.00","4.50","","","",""
"30/08/2026","15:25","Yarmouth","Triple Double A","8.50","-13.33","7.50","-15.38","6.50","-26.67","YES","4/1 (2F)","-46.67","4","2","Luke Catton","Hugo Palmer","70","155","22","74","77","63","63","C","65","76","60","26","42","68","6","30/08/2026 15:25","1m 2f 23y","Turf","E","5","2223","3","4397.00","Bodhi Solutions - Constructing Champions Handicap (Class E)","4","","","0.00","132","544-1775786","0","0","0","0.00","0.00","0.00","4","1","17","23.53","5.88","0.00","-5.31","39.12","C","3","16200.00","118","7f 212y","1752","41.26","29.00","PHP-PPLPPPP","20.00","2","4","9.6","C D","3","68","Hcap","Left - Galloping","4yo+,75","8/1","8.00","4","","75","8","9","327","647","320","87","74","85","74","22","","br","g","Shaaqaaf","Mohaather","tpWS2","0","1.15","4","17","60.40","45.40","47.06","29.41","7","-1","25.00","50.00","5.70","5.50","-3.51","1000.00","YES","17443.86","Male","40.55","46.09","46.83","47.93","0.00","0.00","4.00","","","",""
"30/08/2026","15:25","Yarmouth","Something Splendid","6.00","-20.00","5.00","-31.25","3.75","-45.00","YES","9/4 (F)","-55.00","1","8","Marco Ghiani","Peter Chapple-Hyam","62","80","88","72","65","57","60","C","62","64","54","15","17","32","4","30/08/2026 15:25","1m 2f 23y","Turf","E","5","2223","0","4397.00","Bodhi Solutions - Constructing Champions Handicap (Class E)","1","","","0.00","133","52412204-97","0","0","0","0.00","0.00","0.00","1","5","15","6.67","33.33","0.00","-9.50","43.81","E","5","4711.00","134","1m 2f 50y","2250","5.60","4.00","PPPHPPHP-PH","13.00","3","4","9.7","D","6","74","Hcap","Left - Galloping","4yo+,75","14/1","14.00","4","","75","8","9","253","545","292","80","87","87","38","88","","b","g","La Chapelle","Postponed","","0","1.19","1","15","56.07","42.02","46.67","40.00","1","-1","0.00","0.00","4.00","1.03","-74.25","4.80","YES","20.00","Male","44.05","34.52","38.68","32.17","0.00","0.00","2.25","","","8","-1"
"30/08/2026","15:20","Beverley","Wondrous Light","8.50","0.00","8.50","-20.00","7.00","-20.00","YES","7/1","-6.67","9","6","Kevin Stott","Jonathan Portman","59","80","80","76","67","56","60","E","59","66","56","26","25","51","0","30/08/2026 15:20","1m 100y","Turf","D","4","1860","0","5574.00","Ward Homes Yorkshire Handicap (Class D)","9","","","0.00","126","162465-1414","0","0","0","0.00","0.00","0.00","3","2","13","23.08","15.38","0.00","10.00","44.75","D","4","6185.00","130","1m 75y","1835","6.00","5.00","PPPHPH-HHHH","0.00","3","4","9.0","CD","10","62","Hcap","Right - Stiff","4yo+,85","16/1","16.00","4","","85","11","13","189","513","324","77","91","84","72","80","","gr","f","Fullofwonder","Earthlight","","0","1.10","3","13","69.68","55.21","53.85","38.46","-1","-1","66.67","66.67","11.50","5.00","-56.52","85.00","YES","639.13","Female","44.66","49.11","48.95","51.56","0.00","0.00","7.00","","","4","0"
"30/08/2026","15:20","Beverley","Panelli","29.00","42.86","41.00","0.00","41.00","42.86","YES","100/1","257.14","7","11","Cam Hardie","Mike Sowersby","59","15","24","68","73","62","62","E","63","69","61","22","8","30","10","30/08/2026 15:20","1m 100y","Turf","D","4","1860","0","5574.00","Ward Homes Yorkshire Handicap (Class D)","7","","","0.00","118","7168-422447","0","0","0","0.00","0.00","0.00","1","5","16","6.25","31.25","0.00","-11.50","38.88","E","5","5234.00","132","1m","1760","4.80","4.33","PLHH-PLPLLP","21.00","11","4","8.6","D","13","66","Hcap","Right - Stiff","4yo+,85","18/1","18.00","4","","85","11","13","141","299","158","46","44","61","7","24","","b","g","Via Condotti","Kingman","t","0","0.68","1","16","55.97","39.40","25.00","12.50","4","-1","0.00","100.00","210.94","200.00","-5.19","1000.00","YES","374.07","Male","29.37","29.37","31.75","34.18","0.00","0.00","100.00","","","",""
"30/08/2026","15:25","Yarmouth","Moonjid","9.00","6.25","9.50","41.18","13.00","50.00","YES","20/1","150.00","8","3","Mason Paetel","Michael Appleby","67","139","15","73","70","64","66","C","67","68","61","39","28","67","4","30/08/2026 15:25","1m 2f 23y","Turf","E","5","2223","3","4397.00","Bodhi Solutions - Constructing Champions Handicap (Class E)","8","","","0.00","131","1-584531754","0","0","0","0.00","0.00","0.00","2","2","19","10.53","10.53","0.00","-12.00","53.65","E","5","4397.00","126","1m 2f 43y","2243","15.67","15.00","P-HHPPPLHPP","13.00","8","4","9.5","CD","5","64","Hcap","Left - Galloping","4yo+,75","5/1","5.00","4","","75","8","9","334","656","322","71","82","82","87","15","","b","g","Sweet Cecily","Mohaather","p","0","1.32","2","19","52.23","36.13","26.32","10.53","-5","-1","50.00","100.00","24.85","13.50","-45.67","1000.00","YES","3924.14","Male","51.64","50.29","44.68","40.65","0.00","0.00","20.00","","","",""
"30/08/2026","15:25","Yarmouth","Solanna","5.00","0.00","5.00","150.00","11.00","150.00","YES","14/1","250.00","5","4","Daniel Muscutt","John Butler","42","112","18","70","72","60","55","E","60","68","57","35","29","64","4","30/08/2026 15:25","1m 2f 23y","Turf","E","5","2223","0","4397.00","Bodhi Solutions - Constructing Champions Handicap (Class E)","5","","","0.00","131","34P-5143216","0","0","0","0.00","0.00","0.00","10","14","56","17.86","25.00","66.67","-18.27","35.29","E","5","4187.00","142","1m 3f 219y","2639","3.40","3.00","HPH-PHHHPPH","13.00","6","7","9.5","CD  BF","7","68","Hcap","Left - Galloping","4yo+,75","6/1","6.00","4","","75","8","9","286","590","304","67","73","83","81","18","269","ch","g","Night Lily","Helmet","","0","0.94","10","56","60.66","46.48","41.07","28.57","8","1","30.00","30.00","21.00","20.00","-4.76","1000.00","YES","4661.90","Male","39.17","48.48","56.85","62.24","0.00","0.00","14.00","","","",""
"30/08/2026","15:20","Beverley","Tele Red","7.00","41.67","9.50","17.65","11.00","66.67","YES","14/1","133.33","4","3","Andrew Elliott","K R Burke","74","121","310","77","74","63","68","E","72","73","62","32","45","77","4","30/08/2026 15:20","1m 100y","Turf","D","4","1860","0","5574.00","Ward Homes Yorkshire Handicap (Class D)","4","","","0.00","127","4462652212-","0","0","0","0.00","0.00","0.00","6","14","49","12.24","28.57","0.00","-24.13","51.72","E","5","4397.00","136","1m 2f 43y","2243","3.52","3.25","PPPHHPPPHP-","8.00","1","9","9.1","C D  BF","9","68","Hcap","Right - Stiff","4yo+,85","12/1","12.00","4","","85","11","13","246","489","243","89","51","76","27","310","2080","b","g","Hardy Blue","Telescope","","0","0.93","6","49","67.48","51.87","38.78","22.45","13","1","16.67","33.33","23.00","2.50","-89.13","160.00","YES","595.65","Male","65.36","53.96","55.47","56.20","0.00","0.00","14.00","","","2","0"
"30/08/2026","15:00","Cork","Roaring Fire","10.00","22.22","12.00","-18.18","10.00","0.00","YES","28/1","211.11","7","6","J A Powell","M D O'Callaghan","49","65","346","0","49","49","49","E","49","","49","12","58","70","2","30/08/2026 15:00","7f","Turf","D","4","1540","0","10800.00","Glenvale Stud Conditions Race (Class D)","7","","","0.00","135","1-","0","0","0","0.00","0.00","0.00","1","0","1","100.00","0.00","0.00","1.75","108.00","E","5","10800.00","131","5f 205y","1305","3.12","2.75","P-","6.00","7","3","9.9","","8","60","Con","Right - Easy","3yo+","18/1","18.00","3","","","8","9","271","569","298","80","72","77","69","346","","b","g","Spontaneity","Mayson","b1","0","1.04","1","1","100.00","100.00","100.00","100.00","1","1","0.00","100.00","60.00","16.00","-73.33","1000.00","YES","1566.67","Male","51.37","60.76","60.07","58.90","0.00","0.00","28.00","","","",""
"30/08/2026","15:00","Cork","Res Ipsa","6.50","0.00","6.50","0.00","6.50","0.00","YES","9/2","-18.18","4","2","Colin Keane","G M Lyons","55","160","48","93","66","54","58","D","55","55","57","33","49","82","6","30/08/2026 15:00","7f","Turf","D","4","1540","0","10800.00","Glenvale Stud Conditions Race (Class D)","4","","","0.00","135","6-212","0","0","0","0.00","0.00","0.00","1","1","4","25.00","25.00","0.00","-2.80","90.00","D","4","13200.00","135","1m 20y","1780","1.57","1.57","H-PPP","17.00","8","3","9.9","BF","7","64","Con","Right - Easy","3yo+","6/1","6.00","3","","","8","9","288","652","364","94","97","94","79","48","","gr","c","Red Impression","Frankel","t","0","1.21","1","4","68.75","53.91","50.00","50.00","0","1","100.00","100.00","6.94","1000.00","14309.22","1000.00","YES","14309.22","Male","74.11","56.68","56.26","59.32","0.00","0.00","4.50","","","",""
"30/08/2026","15:00","Cork","Felix Guido","17.00","0.00","17.00","0.00","17.00","0.00","YES","66/1","312.50","3","5","S A Wallace","Joseph Patrick O'Brien","46","101","125","86","46","46","46","B","46","","46","14","15","29","2","30/08/2026 15:00","7f","Turf","D","4","1540","7","10800.00","Glenvale Stud Conditions Race (Class D)","3","","","0.00","130","0","0","0","0","0.00","0.00","0.00","0","0","1","0.00","0.00","0.00","-1.00","0.00","B","2","30000.00","130","1m","1760","6.37","5.50","P","6.00","2","3","9.4","","2","65","Con","Right - Easy","3yo+","16/1","16.00","3","","","8","9","221","501","280","90","75","64","51","125","","b","c","Rare","Starspangledbanner","t1","0","1.04","0","1","0.00","0.00","0.00","0.00","-1","-1","0.00","0.00","168.24","90.00","-46.50","290.00","YES","72.37","Male","47.67","58.96","54.91","60.83","0.00","0.00","66.00","","","",""
"30/08/2026","15:00","Cork","Bamako Beach","3.50","-20.00","3.00","-18.50","2.63","-34.80","YES","11/8 (F)","-45.00","1","3","Seamie Heffernan","M D O'Callaghan","69","148","53","102","72","70","71","A","72","72","68","22","52","74","6","30/08/2026 15:00","7f","Turf","D","4","1540","0","10800.00","Glenvale Stud Conditions Race (Class D)","1","","","0.00","135","2-271","0","0","0","0.00","0.00","0.00","1","2","4","25.00","50.00","0.00","-2.64","90.00","E","5","9000.00","134","7f","1540","1.37","1.36","P-PHL","17.00","6","3","9.9","D","6","76","Con","Right - Easy","3yo+","10/1","10.00","3","","","8","9","306","627","321","80","79","82","80","53","","b","c","Joyous","Sands Of Mali","","0","0.35","1","4","77.31","69.00","50.00","50.00","4","3","0.00","0.00","2.28","1.01","-55.70","3.00","YES","31.58","Male","51.37","60.76","60.07","58.90","0.00","0.00","1.38","","","",""
"30/08/2026","15:00","Cork","Bold Style","13.00","-8.33","12.00","0.00","12.00","-8.33","YES","25/1","108.33","5","7","Andrew Slattery","Andrew Slattery","50","59","48","92","70","57","55","A","50","66","57","0","20","20","4","30/08/2026 15:00","7f","Turf","D","4","1540","0","10800.00","Glenvale Stud Conditions Race (Class D)","5","","","0.00","136","21/326-3","0","0","0","0.00","0.00","0.00","1","1","6","16.67","16.67","0.00","-3.90","135.00","D","4","13200.00","144","1m 20y","1780","12.00","9.50","PP/LLH-H","11.00","3","5","9.10","","3","64","Con","Right - Easy","3yo+","","0.00","3","","","8","9","255","507","252","71","78","76","27","48","","b","g","La Rosetta","Shamardal","","0","0.87","1","6","52.78","43.57","33.33","16.67","0","1","0.00","0.00","44.00","38.00","-13.64","320.00","YES","627.27","Male","71.15","58.76","59.29","51.14","0.00","0.00","25.00","","","",""
"30/08/2026","15:00","Cork","Inventor","126.00","20.00","151.00","0.00","151.00","20.00","YES","500/1","300.00","8","8","Adam Lynch","Gillian Scott","53","17","847","0","69","55","57","E","56","64","53","0","1","1","0","30/08/2026 15:00","7f","Turf","D","4","1540","10","10800.00","Glenvale Stud Conditions Race (Class D)","8","","","0.00","126","2470/00660/0-","0","0","0","0.00","0.00","0.00","2","3","25","8.00","12.00","0.00","-11.25","64.50","F","6","6300.00","127","5f 160y","1260","15.93","13.00","HHHP/HHPHH/H-","0.00","4","9","9.0","","5","32","Con","Right - Easy","3yo+","","0.00","3","","","8","9","218","459","241","67","65","72","37","847","","b","g","Patent Joy","Invincible Spirit","","0","2.08","2","25","55.65","37.88","32.00","12.00","-1","-3","0.00","0.00","1000.00","1000.00","0.00","1000.00","YES","0.00","Male","88.89","52.14","61.78","57.19","0.00","0.00","500.00","","","",""
"30/08/2026","15:00","Cork","Bella Isabella","5.50","33.33","7.00","-25.00","5.50","0.00","YES","9/2","0.00","6","4","Chris Hayes","D K Weld","65","139","52","94","76","64","70","C","69","69","61","40","55","95","6","30/08/2026 15:00","7f","Turf","D","4","1540","0","10800.00","Glenvale Stud Conditions Race (Class D)","6","","","0.00","131","0/213607-015","0","0","0","0.00","0.00","0.00","2","2","10","20.00","20.00","0.00","7.50","111.00","A","1","42000.00","135","7f 50y","1590","6.00","5.50","H/HPPHHH-PHL","17.00","1","4","9.5","CD","9","60","Con","Right - Easy","3yo+","5/1","5.00","3","","","8","9","306","633","327","80","85","88","74","52","","b","f","Carla Bianca","Wootton Bassett","","0","1.21","2","10","53.77","41.95","40.00","20.00","4","1","50.00","0.00","8.20","8.00","-2.44","1000.00","YES","12095.12","Female","67.71","57.12","61.30","59.31","0.00","0.00","4.50","","","",""
"30/08/2026","15:00","Cork","Benevento","5.50","0.00","5.50","-11.11","5.00","-11.11","YES","5/2 (2F)","-44.44","2","1","W J Lee","Robson Aguiar","73","256","23","98","73","68","66","E","69","73","65","50","60","110","10","30/08/2026 15:00","7f","Turf","D","4","1540","0","10800.00","Glenvale Stud Conditions Race (Class D)","2","","","0.00","140","214/4004-731","0","0","0","0.00","0.00","0.00","3","1","11","27.27","9.09","0.00","11.00","171.11","E","5","10800.00","138","1m","1760","11.50","9.00","PPP/PHPP-PLL","28.00","5","4","10.0","D","1","73","Con","Right - Easy","3yo+","7/2","3.50","3","","","8","9","351","698","347","84","96","88","79","23","","b","g","Pollyana","Wootton Bassett","","0","1.73","3","11","58.54","47.25","36.36","27.27","3","1","0.00","0.00","4.00","1.51","-62.25","1000.00","YES","24900.00","Male","69.85","56.86","55.68","48.00","0.00","0.00","2.50","","","",""
"30/08/2026","15:10","Goodwood","Light Of Dawn","6.00","10.00","6.50","0.00","6.50","10.00","YES","4/1","-20.00","1","3","James Doyle","K R Burke","67","159","72","99","67","60","60","A","60","54","60","44","53","97","0","30/08/2026 15:10","7f","Turf","A","1","1540","0","56710.00","Virgin Bet Prestige Fillies' Stakes (Group 3) (Class A)","1","","","0.00","128","13","0","0","0","0.00","0.00","0.00","1","1","2","50.00","50.00","0.00","-0.17","216.00","A","1","70888.00","128","6f","1320","17.14","12.00","HH","0.00","8","2","9.2","","6","67","Fil-Gp3","Right - Sharp / Undulating","2yo","5/1","5.00","2","2","","8","10","295","590","295","83","72","86","54","72","","b","f","An Ghalanta","Showcasing","","0","0.95","1","2","95.83","92.01","100.00","100.00","2","2","0.00","100.00","5.41","1.01","-81.33","5.20","YES","-3.88","Female","65.36","53.96","55.47","56.20","0.00","0.00","4.00","","","3","0"
"30/08/2026","15:10","Goodwood","Eabha","29.00","-10.71","26.00","-12.00","23.00","-21.43","YES","18/1","-35.71","2","8","Charles Bishop","Eve Johnson Houghton","49","67","15","86","70","56","59","D","60","60","58","17","57","74","4","30/08/2026 15:10","7f","Turf","A","1","1540","0","56710.00","Virgin Bet Prestige Fillies' Stakes (Group 3) (Class A)","2","","","0.00","128","33113","0","0","0","0.00","0.00","0.00","2","1","5","40.00","20.00","0.00","5.30","55.47","C","3","7989.00","135","7f","1540","1.53","1.50","HPHPP","11.00","4","2","9.2","D  BF","5","66","Fil-Gp3","Right - Sharp / Undulating","2yo","14/1","14.00","2","2","","8","10","263","521","258","69","58","69","62","15","","b","f","Ebeliya","Space Blues","","0","1.34","2","5","78.36","65.59","60.00","40.00","1","1","100.00","100.00","24.00","2.64","-89.00","1000.00","YES","4066.67","Female","53.41","54.25","52.40","51.58","0.00","0.00","18.00","","","",""
"30/08/2026","15:10","Goodwood","Coaxed","5.50","22.22","6.50","27.27","8.00","55.56","YES","8/1","77.78","3","5","William Buick","John Gosden","57","93","18","0","57","57","57","C","57","","57","0","55","55","4","30/08/2026 15:10","7f","Turf","A","1","1540","0","56710.00","Virgin Bet Prestige Fillies' Stakes (Group 3) (Class A)","3","","","0.00","128","1","0","0","0","0.00","0.00","0.00","1","0","1","100.00","0.00","0.00","4.50","70.20","C","3","7020.00","128","7f","1540","6.94","5.50","L","11.00","2","2","9.2","D","4","65","Fil-Gp3","Right - Sharp / Undulating","2yo","","0.00","2","2","","8","10","261","562","301","92","93","90","26","18","","b","f","Persuasive","Baaeed","","0","1.98","1","1","100.00","100.00","100.00","100.00","1","1","0.00","0.00","9.79","10.50","7.25","1000.00","YES","10114.50","Female","77.61","57.38","61.47","64.17","0.00","0.00","8.00","","","",""
"30/08/2026","15:10","Goodwood","Siena Storm","13.00","-29.17","9.50","-11.76","8.50","-37.50","YES","100/30 (2F)","-72.25","4","7","Kieran Shoemark","Ed Walker","65","74","17","83","65","65","65","B","65","65","65","20","46","66","2","30/08/2026 15:10","7f","Turf","A","1","1540","0","56710.00","Virgin Bet Prestige Fillies' Stakes (Group 3) (Class A)","4","","","0.00","128","41","0","0","0","0.00","0.00","0.00","1","0","2","50.00","0.00","0.00","-0.60","206.16","B","2","20616.00","128","1m","1760","1.47","1.40","HP","6.00","6","2","9.2","","10","64","Fil-Gp3","Right - Sharp / Undulating","2yo","12/1","12.00","2","2","","8","10","279","536","257","82","74","81","20","17","","b","f","Sous Les Etoiles","Night Of Thunder","","0","0.82","1","2","87.50","78.13","100.00","100.00","2","2","0.00","0.00","4.50","4.70","4.44","1000.00","YES","22122.22","Female","56.21","54.81","51.08","55.46","0.00","0.00","3.33","","","",""
"30/08/2026","15:10","Goodwood","Bayside View","5.00","12.50","5.50","-11.11","5.00","0.00","YES","11/4 (F)","-31.25","6","2","Oisin Murphy","Michael Bell","72","162","38","94","72","66","64","A","66","66","64","38","72","110","8","30/08/2026 15:10","7f","Turf","A","1","1540","0","56710.00","Virgin Bet Prestige Fillies' Stakes (Group 3) (Class A)","6","","","0.00","128","212","0","0","0","0.00","0.00","0.00","1","2","3","33.33","66.67","0.00","-1.56","216.00","A","1","31190.00","128","7f","1540","3.60","3.25","LLH","22.00","5","2","9.2","D","3","61","Fil-Gp3","Right - Sharp / Undulating","2yo","11/2","5.50","2","2","","8","10","322","626","304","71","90","87","56","38","","b","f","Enlace","Bayside Boy","","0","1.42","1","3","88.57","79.16","66.67","66.67","3","3","0.00","0.00","4.40","5.40","22.73","1000.00","YES","22627.27","Female","67.13","52.17","47.15","44.33","0.00","0.00","2.75","","","2","0"
"30/08/2026","15:10","Goodwood","Apollo's Comet","12.00","9.09","13.00","33.33","17.00","45.45","YES","14/1","27.27","7","6","Billy Loughnane","Mrs John Harrington","51","77","73","0","54","52","52","D","52","51","52","10","47","57","2","30/08/2026 15:10","7f","Turf","A","1","1540","0","56710.00","Virgin Bet Prestige Fillies' Stakes (Group 3) (Class A)","7","","","0.00","128","31","0","0","0","0.00","0.00","0.00","1","1","2","50.00","50.00","0.00","1.00","180.00","E","5","18000.00","128","7f 45y","1585","3.23","3.00","HP","6.00","3","2","9.2","D","2","59","Fil-Gp3","Right - Sharp / Undulating","2yo","25/1","25.00","2","2","","8","10","224","497","273","58","90","63","62","73","","ro","f","Maggie's Delight","Mehmas","","0","1.16","1","2","87.50","78.13","50.00","50.00","2","2","100.00","100.00","19.00","15.00","-21.05","1000.00","YES","5163.16","Female","45.66","56.94","51.33","49.94","0.00","0.00","14.00","","","",""
"30/08/2026","15:10","Goodwood","Aperoll","5.00","0.00","5.00","25.00","6.00","25.00","YES","9/2","12.50","5","1","P J Dobbs","Richard Hannon","72","275","38","95","72","67","66","A","67","67","66","50","81","131","10","30/08/2026 15:10","7f","Turf","A","1","1540","0","56710.00","Virgin Bet Prestige Fillies' Stakes (Group 3) (Class A)","5","","","0.00","128","131","0","0","0","0.00","0.00","0.00","2","1","3","66.67","33.33","0.00","2.88","188.35","A","1","31190.00","128","7f","1540","2.70","2.63","PLL","28.00","7","2","9.2","D","1","62","Fil-Gp3","Right - Sharp / Undulating","2yo","4/1","4.00","2","2","","8","10","347","660","313","71","81","71","90","38","","ch","f","Rue Cambon","Ghaiyyath","","0","1.03","2","3","94.87","90.53","100.00","66.67","3","3","50.00","100.00","6.20","4.70","-24.19","160.00","YES","2480.65","Female","59.46","55.55","49.19","51.04","0.00","0.00","4.50","","","1","0"
"30/08/2026","15:10","Goodwood","Redline","26.00","-12.00","23.00","0.00","23.00","-12.00","YES","25/1","0.00","8","4","Rossa Ryan","Charlie Johnston","62","140","55","79","62","58","58","D","58","54","58","12","54","66","6","30/08/2026 15:10","7f","Turf","A","1","1540","0","56710.00","Virgin Bet Prestige Fillies' Stakes (Group 3) (Class A)","8","","","0.00","128","11","0","0","0","0.00","0.00","0.00","2","0","2","100.00","0.00","0.00","7.33","54.00","D","4","5400.00","132","7f 50y","1590","5.90","5.00","PL","17.00","1","2","9.2","D","9","54","Fil-Gp3","Right - Sharp / Undulating","2yo","20/1","20.00","2","2","","8","10","245","555","310","76","85","75","74","55","","ch","f","Elas Ruby","Bayside Boy","","0","1.47","2","2","100.00","100.00","100.00","100.00","2","2","50.00","50.00","35.05","13.00","-62.91","1000.00","YES","2753.07","Female","33.91","45.45","50.44","44.23","0.00","0.00","25.00","","","1","0"
"30/08/2026","13:50","Cork","Williamsburg","4.50","-4.86","4.33","5.11","4.50","0.00","NO","4/1 (2F)","14.29","3","9","Luke McAteer","David Marnane","59","39","14","0","59","58","58","E","58","57","58","10","18","28","0","30/08/2026 13:50","1m","Turf","E","5","1760","0","15000.00","Irish EBF Auction Series Maiden (Class E)","3","","","0.00","133","74","0","0","0","0.00","0.00","0.00","0","0","2","0.00","0.00","0.00","-2.00","0.00","E","5","15000.00","132","6f","1320","13.00","8.50","HH","0.00","13","2","9.7","","4","52","Mdn-Auc","Right - Easy","2yo","16/1","16.00","2","2","","15","15","314","524","210","61","61","68","20","14","","b","g","Disposition","Without Parole","","0","0.73","0","2","63.90","44.24","50.00","50.00","2","2","0.00","0.00","5.63","5.20","-7.64","1000.00","YES","17661.99","Male","56.25","59.41","56.33","52.20","0.00","0.00","4.00","","","",""
"30/08/2026","13:50","Cork","Ippy","12.00","9.09","13.00","50.00","19.00","63.64","NO","11/1","0.00","15","10","Nathan Crosse","John O'Donoghue","55","30","59","0","55","55","55","E","55","","55","13","3","16","0","30/08/2026 13:50","1m","Turf","E","5","1760","0","15000.00","Irish EBF Auction Series Maiden (Class E)","15","","","0.00","122","5","0","0","0","0.00","0.00","0.00","0","0","1","0.00","0.00","0.00","-1.00","0.00","E","5","15000.00","129","7f 211y","1751","102.74","51.00","H","0.00","11","2","8.10","","14","38","Mdn-Auc","Right - Easy","2yo","12/1","12.00","2","2","","15","15","266","482","216","64","40","46","66","59","","b","f","Bittern","Kodi Bear","","0","1.24","0","1","50.00","25.00","0.00","0.00","1","1","0.00","0.00","15.00","12.50","-16.67","1000.00","YES","6566.67","Female","53.33","53.33","62.67","62.06","0.00","0.00","11.00","","","",""
"30/08/2026","13:50","Cork","Dang Thai Son","9.50","17.65","11.00","-10.00","10.00","5.88","NO","22/1","158.82","12","7","Gavin Ryan","Donnacha O'Brien","","50","","0","","","","","","","","0","12","12","0","30/08/2026 13:50","1m","Turf","E","5","1760","0","15000.00","Irish EBF Auction Series Maiden (Class E)","12","","","0.00","133","","0","0","0","0.00","0.00","0.00","0","0","0","0.00","0.00","0.00","0.00","0.00","","","0.00","","","0","0.00","0.00","","0.00","2","2","9.7","","1","42","Mdn-Auc","Right - Easy","2yo","","0.00","2","2","","15","15","235","559","324","91","63","70","100","","","b","c","Queen Rabab","Camelot","","0","1.10","0","0","0.00","0.00","0.00","0.00","","","0.00","0.00","43.20","60.00","38.89","1000.00","YES","2214.81","Male","42.86","44.84","44.38","53.92","0.00","0.00","22.00","","","",""
"30/08/2026","13:50","Cork","Mirren","7.50","-15.38","6.50","-27.27","5.00","-38.46","NO","3/1 (F)","-53.85","7","4","Robbie Colgan","David Marnane","57","100","18","0","58","57","57","E","57","57","57","27","25","52","2","30/08/2026 13:50","1m","Turf","E","5","1760","0","15000.00","Irish EBF Auction Series Maiden (Class E)","7","","","0.00","131","52","0","0","0","0.00","0.00","0.00","0","1","2","0.00","50.00","0.00","-2.00","0.00","E","5","15000.00","128","7f","1540","4.40","4.00","HP","14.00","7","2","9.5","","7","50","Mdn-Auc","Right - Easy","2yo","11/2","5.50","2","2","","15","15","353","539","186","61","34","55","36","18","","b","g","Dame Helen","Without Parole","","0","0.73","0","2","78.48","63.80","0.00","0.00","2","2","0.00","0.00","4.27","4.50","5.39","1000.00","YES","23319.20","Male","56.25","59.41","56.33","52.20","0.00","0.00","3.00","","","",""
"30/08/2026","13:50","Cork","Eighteenth Smiles","7.00","8.33","7.50","15.38","8.50","25.00","NO","14/1","133.33","1","3","Declan McDonogh","Joseph Patrick O'Brien","58","106","12","78","58","53","52","E","53","55","52","24","27","51","4","30/08/2026 13:50","1m","Turf","E","5","1760","0","15000.00","Irish EBF Auction Series Maiden (Class E)","1","","","0.00","133","555033","0","0","0","0.00","0.00","0.00","0","1","6","0.00","16.67","0.00","-6.00","0.00","E","5","10800.00","133","7f 111y","1651","12.36","9.50","PHPHPP","29.00","3","2","9.7","","2","53","Mdn-Auc","Right - Easy","2yo","6/1","6.00","2","2","","15","15","346","531","185","97","73","69","-54","12","","b","c","Banned","State Of Rest","p","0","0.91","0","6","61.12","39.84","16.67","0.00","0","1","0.00","0.00","23.00","1.02","-95.57","36.00","YES","56.52","Male","47.67","58.96","54.91","60.83","0.00","0.00","14.00","","","",""
"30/08/2026","13:40","Beverley","Mudita","23.00","0.00","23.00","-50.00","12.00","-50.00","YES","14/1","-36.36","6","8","Ethan Tindall","Richard Fahey","59","36","8","71","66","58","61","D","59","64","55","12","8","20","4","30/08/2026 13:40","1m 1f 207y","Turf","C","3","2187","5","15702.00","William Hill Silver Cup Handicap (Class C)","6","","","0.00","111","3153304","0","0","0","0.00","0.00","0.00","1","1","7","14.29","14.29","0.00","-0.50","52.34","E","5","4187.00","133","1m 2f 1y","2201","5.30","4.33","HHHLPPH","17.00","9","3","7.13","D","13","62","Hcap","Right - Stiff","3yo+,90","25/1","25.00","3","","90","10","13","173","411","238","72","62","68","36","8","","b","f","Monaleen","Galileo Gold","","0","1.17","1","7","56.07","37.61","28.57","28.57","3","-1","0.00","0.00","21.00","29.00","38.10","1000.00","YES","4661.90","Female","57.11","50.93","49.78","48.11","0.00","0.00","14.00","","","",""
"30/08/2026","13:50","Cork","Miss Cornelia","15.00","0.00","15.00","57.14","23.00","57.14","NO","25/1","78.57","11","13","Gary Carroll","Joseph G Murphy","54","16","28","0","54","50","50","E","50","46","50","9","3","12","0","30/08/2026 13:50","1m","Turf","E","5","1760","0","15000.00","Irish EBF Auction Series Maiden (Class E)","11","","","0.00","128","67","0","0","0","0.00","0.00","0.00","0","0","2","0.00","0.00","0.00","-2.00","0.00","E","5","15000.00","128","7f","1540","12.27","8.50","HH","0.00","6","2","9.2","","11","44","Mdn-Auc","Right - Easy","2yo","18/1","18.00","2","2","","15","15","267","487","220","52","65","67","36","28","","b","f","Caesara","Nathaniel","","0","1.46","0","2","38.89","15.43","0.00","0.00","0","0","0.00","0.00","28.89","11.00","-61.92","1000.00","YES","3361.41","Female","52.19","41.51","46.17","52.59","0.00","0.00","25.00","","","",""
"30/08/2026","13:50","Cork","Peckedbytheparrott","67.00","-50.00","34.00","21.21","41.00","-39.39","NO","80/1","21.21","13","15","Chris Hayes","William Durkan","42","6","61","0","43","42","42","D","42","42","42","6","3","9","0","30/08/2026 13:50","1m","Turf","E","5","1760","0","15000.00","Irish EBF Auction Series Maiden (Class E)","13","","","0.00","131","50","0","0","0","0.00","0.00","0.00","0","0","2","0.00","0.00","0.00","-2.00","0.00","E","5","15000.00","133","7f 94y","1634","72.17","41.00","HH","0.00","5","2","9.5","","8","39","Mdn-Auc","Right - Easy","2yo","28/1","28.00","2","2","","15","15","233","475","242","42","69","63","68","61","","b","c","Elbegei","Elzaam","b1","0","1.46","0","2","13.57","2.26","50.00","0.00","0","0","0.00","0.00","251.13","220.00","-12.40","1000.00","YES","298.20","Male","18.75","35.30","46.02","49.98","0.00","0.00","80.00","","","",""
"30/08/2026","13:50","Cork","Roy Bean","8.50","0.00","8.50","-6.67","8.00","-6.67","NO","13/2","-13.33","2","5","Colin Keane","Noel Meade","42","75","29","0","42","42","42","D","42","","42","15","3","18","0","30/08/2026 13:50","1m","Turf","E","5","1760","0","15000.00","Irish EBF Auction Series Maiden (Class E)","2","","","0.00","131","4","0","0","0","0.00","0.00","0.00","0","0","1","0.00","0.00","0.00","-1.00","0.00","D","4","13200.00","133","1m 73y","1833","17.00","13.00","H","0.00","14","2","9.5","","9","53","Mdn-Auc","Right - Easy","2yo","10/1","10.00","2","2","","15","15","267","560","293","61","98","68","66","29","","ch","c","Zamira","Naval Crown","","0","0.88","0","1","0.00","0.00","0.00","0.00","1","1","0.00","0.00","9.35","5.00","-46.52","55.00","YES","488.24","Male","71.46","62.55","49.57","52.85","0.00","0.00","6.50","","","",""
"30/08/2026","13:50","Cork","Jisir","101.00","0.00","101.00","25.00","126.00","25.00","NO","200/1","100.00","10","11","Seamie Heffernan","Denis Gerard Hogan","52","28","7","0","52","46","46","E","46","41","46","8","3","11","0","30/08/2026 13:50","1m","Turf","E","5","1760","0","15000.00","Irish EBF Auction Series Maiden (Class E)","10","","","0.00","131","00","0","0","0","0.00","0.00","0.00","0","0","2","0.00","0.00","0.00","-2.00","0.00","E","5","15000.00","129","5f 205y","1305","1000.00","501.00","HH","0.00","1","2","9.5","","6","44","Mdn-Auc","Right - Easy","2yo","20/1","20.00","2","2","","15","15","278","518","240","51","64","57","68","7","","ch","c","Ana Shababiya","Tasleet","","0","1.46","0","2","28.57","8.67","0.00","0.00","2","2","0.00","0.00","820.00","150.00","-81.71","1000.00","YES","21.95","Male","37.24","40.12","46.26","46.22","0.00","0.00","200.00","","","",""
"30/08/2026","13:50","Cork","Feel The Sting","67.00","-24.24","51.00","0.00","51.00","-24.24","NO","50/1","-24.24","4","11","Ben Coen","Andrew Oliver","42","28","18","0","42","42","42","E","42","","42","14","3","17","0","30/08/2026 13:50","1m","Turf","E","5","1760","0","15000.00","Irish EBF Auction Series Maiden (Class E)","4","","","0.00","125","0","0","0","0","0.00","0.00","0.00","0","0","1","0.00","0.00","0.00","-1.00","0.00","E","5","15000.00","130","7f","1540","45.80","34.00","H","0.00","15","2","8.13","","13","52","Mdn-Auc","Right - Easy","2yo","11/1","11.00","2","2","","15","15","269","538","269","65","64","52","88","18","","b","c","Camogie","Saxon Warrior","","0","1.61","0","1","40.00","16.00","0.00","0.00","-1","-1","0.00","0.00","116.47","9.40","-91.93","1000.00","YES","758.59","Male","45.10","51.23","48.32","45.28","0.00","0.00","50.00","","","",""
"30/08/2026","13:50","Cork","Ryano Bhino","26.00","12.00","29.00","42.86","41.00","60.00","NO","33/1","32.00","8","1","W J Lee","Henry De Bromhead","46","128","24","0","46","46","46","D","46","","46","19","12","31","0","30/08/2026 13:50","1m","Turf","E","5","1760","0","15000.00","Irish EBF Auction Series Maiden (Class E)","8","","","0.00","133","7","0","0","0","0.00","0.00","0.00","0","0","1","0.00","0.00","0.00","-1.00","0.00","D","4","13200.00","131","1m","1760","230.00","81.00","H","0.00","8","2","9.7","","3","49","Mdn-Auc","Right - Easy","2yo","8/1","8.00","2","2","","15","15","306","554","248","80","90","72","6","24","","b","g","Thanks Be","Churchill","","0","0.73","0","1","14.29","2.04","0.00","0.00","1","1","0.00","0.00","55.00","20.00","-63.64","1000.00","YES","1718.18","Male","46.28","60.48","60.22","63.49","0.00","0.00","33.00","","","",""
"30/08/2026","13:50","Cork","Togetherwearefree","12.00","-18.18","10.00","11.11","11.00","-9.09","NO","11/1","0.00","14","2","J M Sheridan","Joseph Patrick O'Brien","","113","","0","","","","","","","","0","3","3","0","30/08/2026 13:50","1m","Turf","E","5","1760","0","15000.00","Irish EBF Auction Series Maiden (Class E)","14","","","0.00","128","","0","0","0","0.00","0.00","0.00","0","0","0","0.00","0.00","0.00","0.00","0.00","","","0.00","","","0","0.00","0.00","","0.00","4","2","9.2","","12","39","Mdn-Auc","Right - Easy","2yo","","0.00","2","2","","15","15","223","572","349","97","58","94","100","","","b","f","Zofar Zogood","State Of Rest","","0","1.65","0","0","0.00","0.00","0.00","0.00","","","0.00","0.00","16.50","1000.00","5960.61","1000.00","YES","5960.61","Female","47.67","58.96","54.91","60.83","0.00","0.00","11.00","","","",""
"30/08/2026","13:50","Cork","Golden Omen","17.00","0.00","17.00","25.00","21.00","25.00","NO","14/1","-12.50","9","14","Adam Caffrey","Noel Meade","","8","","0","","","","","","","","0","3","3","0","30/08/2026 13:50","1m","Turf","E","5","1760","0","15000.00","Irish EBF Auction Series Maiden (Class E)","9","","","0.00","131","","0","0","0","0.00","0.00","0.00","0","0","0","0.00","0.00","0.00","0.00","0.00","","","0.00","","","0","0.00","0.00","","0.00","12","2","9.5","","5","46","Mdn-Auc","Right - Easy","2yo","","0.00","2","2","","15","15","223","505","282","61","62","59","100","","","ch","c","For Joy","Bayside Boy","","0","0.30","0","0","0.00","0.00","0.00","0.00","","","0.00","0.00","21.00","36.00","71.43","1000.00","YES","4661.90","Male","71.46","62.55","49.57","52.85","0.00","0.00","14.00","","","",""
"30/08/2026","13:50","Cork","Diamonds And Dames","6.50","0.00","6.50","9.09","7.00","9.09","NO","5/1","-9.09","5","6","Shane Foley","Mrs John Harrington","56","58","36","0","56","56","56","E","56","","56","16","8","24","2","30/08/2026 13:50","1m","Turf","E","5","1760","0","15000.00","Irish EBF Auction Series Maiden (Class E)","5","","","0.00","130","4","0","0","0","0.00","0.00","0.00","0","0","1","0.00","0.00","0.00","-1.00","0.00","E","5","15000.00","128","7f","1540","12.00","9.00","P","14.00","9","2","9.4","","10","51","Mdn-Auc","Right - Easy","2yo","10/1","10.00","2","2","","15","15","304","596","292","74","81","81","56","36","","b","f","Dara's Girl","Churchill","","0","0.78","0","1","66.67","44.44","0.00","0.00","-1","-1","0.00","0.00","7.40","5.40","-27.03","1000.00","YES","13413.51","Female","45.66","56.94","51.33","49.94","0.00","0.00","5.00","","","",""
"30/08/2026","13:50","Cork","Lusted","9.00","12.50","10.00","-5.56","9.50","6.25","NO","14/1","75.00","6","8","Andrew Slattery","John Halley","62","40","7","75","62","57","56","E","57","57","56","8","23","31","6","30/08/2026 13:50","1m","Turf","E","5","1760","0","15000.00","Irish EBF Auction Series Maiden (Class E)","6","","","0.00","120","057","0","0","0","0.00","0.00","0.00","0","0","3","0.00","0.00","0.00","-3.00","0.00","E","5","15000.00","125","7f","1540","1000.00","251.00","HPL","43.00","10","2","8.8","","15","51","Mdn-Auc","Right - Easy","2yo","20/1","20.00","2","2","","15","15","315","493","178","37","55","66","20","7","","b","f","Vicugna","Hello Youmzain","","0","0.44","0","3","42.22","26.81","66.67","33.33","1","1","0.00","0.00","18.00","4.80","-73.33","1000.00","YES","5455.56","Female","58.57","59.56","67.61","57.62","0.00","0.00","14.00","","","",""
"30/08/2026","13:40","Beverley","Tiger","8.00","-21.43","6.50","-36.36","4.50","-50.00","YES","100/30","-52.43","8","5","Paul Mulrennan","Ian Williams","65","78","22","84","75","65","67","D","65","72","65","34","38","72","2","30/08/2026 13:40","1m 1f 207y","Turf","C","3","2187","0","15702.00","William Hill Silver Cup Handicap (Class C)","8","","","0.00","136","7634-64212","0","0","0","0.00","0.00","0.00","1","3","9","11.11","33.33","0.00","-6.00","77.31","E","5","4187.00","144","1m 2f","2200","2.20","2.20","HHPH-HPHPH","8.00","6","4","9.10","D  BF","4","60","Hcap","Right - Stiff","3yo+,90","8/1","8.00","3","","90","10","13","265","551","286","72","73","81","60","22","","b","g","Edya","Wooded","","0","1.07","1","9","67.02","49.71","33.33","22.22","3","-1","0.00","0.00","5.20","5.00","-3.85","1000.00","YES","19130.77","Male","49.40","40.03","48.12","47.61","0.00","0.00","3.33","","","",""
"30/08/2026","13:25","Goodwood","Flight Tracker","3.00","0.00","3.00","37.50","3.75","37.50","YES","7/2","75.00","2","4","Rossa Ryan","Ralph Beckett","48","97","24","0","48","48","48","","48","","48","19","13","32","2","30/08/2026 13:25","1m","Turf","B","2","1760","0","20616.00","Tattersalls EBF Novice Stakes (GBB/GBBPlus Race) (Class B)","2","","","0.00","133","2","0","0","0","0.00","0.00","0.00","0","0","1","0.00","0.00","100.00","-1.00","0.00","","","0.00","","","0","0.00","0.00","P","14.00","1","2","9.7","","2","63","Nov","Right - Sharp / Undulating","2yo","6/1","6.00","2","2","","8","9","321","656","335","89","86","82","78","","24","b","c","Present Tense","Sea The Stars","","0","1.43","0","1","66.67","44.44","0.00","0.00","1","1","0.00","0.00","5.07","2.66","-47.53","250.00","YES","4830.97","Male","59.22","51.17","55.41","55.16","0.00","0.00","3.50","","","",""
"30/08/2026","13:25","Goodwood","George Cross","5.00","-12.50","4.50","-28.57","3.50","-37.50","YES","6/4 (F)","-62.50","1","2","Callum Rodriguez","Owen Burrows","65","310","26","0","65","65","65","C","65","","65","26","50","76","0","30/08/2026 13:25","1m","Turf","B","2","1760","0","20616.00","Tattersalls EBF Novice Stakes (GBB/GBBPlus Race) (Class B)","1","","","0.00","133","2","0","0","0","0.00","0.00","0.00","0","1","1","0.00","100.00","0.00","-1.00","0.00","C","3","7020.00","130","7f 80y","1620","6.74","5.50","H","0.00","2","2","9.7","","3","64","Nov","Right - Sharp / Undulating","2yo","4/1","4.00","2","2","","8","9","352","700","348","92","91","93","72","26","","b","c","Astrologia","Wootton Bassett","","0","1.17","0","1","83.33","69.44","0.00","0.00","1","1","0.00","0.00","2.73","1.01","-63.00","6.00","YES","119.78","Male","36.67","38.33","54.03","61.51","0.00","0.00","1.50","","","",""
"30/08/2026","13:25","Goodwood","Rossbeigh","12.00","45.45","17.00","25.00","21.00","81.82","YES","28/1","154.55","8","6","Oisin Murphy","Barry Brennan","","46","","0","","","","","","","","0","3","3","0","30/08/2026 13:25","1m","Turf","B","2","1760","0","20616.00","Tattersalls EBF Novice Stakes (GBB/GBBPlus Race) (Class B)","8","","","0.00","133","","0","0","0","0.00","0.00","0.00","0","0","0","0.00","0.00","0.00","0.00","0.00","","","0.00","","","0","0.00","0.00","","0.00","6","2","9.7","","7","49","Nov","Right - Sharp / Undulating","2yo","","0.00","2","2","","8","9","276","614","338","72","95","71","100","","","ch","g","Airdryer","Sioux Nation","","0","0.78","0","0","0.00","0.00","0.00","0.00","","","0.00","0.00","42.00","40.00","-4.76","1000.00","YES","2280.95","Male","91.67","68.06","58.54","42.90","0.00","0.00","28.00","","","",""
"30/08/2026","13:25","Goodwood","Odell","17.00","12.50","19.00","-22.22","15.00","-12.50","YES","12/1","-25.00","6","7","Hector Crouch","David Menuisier","","42","","0","","","","","","","","0","3","3","0","30/08/2026 13:25","1m","Turf","B","2","1760","0","20616.00","Tattersalls EBF Novice Stakes (GBB/GBBPlus Race) (Class B)","6","","","0.00","133","","0","0","0","0.00","0.00","0.00","0","0","0","0.00","0.00","0.00","0.00","0.00","","","0.00","","","0","0.00","0.00","","0.00","5","2","9.7","","6","57","Nov","Right - Sharp / Undulating","2yo","","0.00","2","2","","8","9","276","626","350","78","84","88","100","","","br","c","Finagle","Sea The Moon","","0","1.56","0","0","0.00","0.00","0.00","0.00","","","0.00","0.00","13.35","18.00","34.83","1000.00","YES","7390.64","Male","50.34","41.17","39.72","35.64","0.00","0.00","12.00","","","",""
"30/08/2026","13:25","Goodwood","Mister Whippy","5.00","-16.75","4.33","0.00","4.33","-16.75","YES","100/30 (2F)","-16.75","4","1","Kieran Shoemark","Ed Walker","66","328","15","82","66","59","59","B","59","52","59","31","33","64","4","30/08/2026 13:25","1m","Turf","B","2","1760","0","20616.00","Tattersalls EBF Novice Stakes (GBB/GBBPlus Race) (Class B)","4","","","0.00","133","42","0","0","0","0.00","0.00","0.00","0","1","2","0.00","50.00","0.00","-2.00","0.00","B","2","20936.00","133","7f","1540","5.36","4.33","HL","29.00","8","2","9.7","","4","61","Nov","Right - Sharp / Undulating","2yo","100/30","3.33","2","2","","8","9","360","676","316","82","77","85","72","15","","b","g","Oh So True","Starspangledbanner","","0","0.84","0","2","77.08","61.55","100.00","0.00","2","2","0.00","0.00","5.09","3.50","-31.24","1000.00","YES","19546.37","Male","56.21","54.81","51.08","55.46","0.00","0.00","3.33","","","",""
"30/08/2026","13:25","Goodwood","See The Mountain","10.00","55.56","15.00","42.86","21.00","122.22","YES","40/1","344.44","7","5","David Probert","Andrew Balding","46","77","24","0","46","39","39","C","39","32","39","8","3","11","6","30/08/2026 13:25","1m","Turf","B","2","1760","0","20616.00","Tattersalls EBF Novice Stakes (GBB/GBBPlus Race) (Class B)","7","","","0.00","133","74","0","0","0","0.00","0.00","0.00","0","0","2","0.00","0.00","100.00","-2.00","0.00","C","3","7020.00","133","6f 213y","1533","18.73","13.00","PL","43.00","4","2","9.7","","8","49","Nov","Right - Sharp / Undulating","2yo","16/1","16.00","2","2","","8","9","305","601","296","91","68","79","58","61","24","b","c","Future","Kameko","","0","1.30","0","2","7.14","1.02","50.00","0.00","0","0","0.00","0.00","77.23","60.00","-22.31","1000.00","YES","1194.83","Male","58.88","64.08","61.35","62.79","0.00","0.00","40.00","","","",""
"30/08/2026","13:25","Goodwood","Bundaberg","29.00","17.86","34.00","0.00","34.00","17.86","YES","80/1","185.71","5","8","D Egan","Gary Moore","53","31","29","0","53","53","53","B","53","","53","17","15","32","0","30/08/2026 13:25","1m","Turf","B","2","1760","0","20616.00","Tattersalls EBF Novice Stakes (GBB/GBBPlus Race) (Class B)","5","","","0.00","133","0","0","0","0","0.00","0.00","0.00","0","0","1","0.00","0.00","0.00","-1.00","0.00","B","2","38655.00","128","7f","1540","358.61","151.00","H","0.00","7","2","9.7","","1","61","Nov","Right - Sharp / Undulating","2yo","7/1","7.00","2","2","","8","9","322","576","254","69","73","72","40","29","","b","c","Elle Maxima","Australia","","0","0.84","0","1","25.00","6.25","0.00","0.00","1","1","0.00","0.00","106.08","22.00","-79.26","1000.00","YES","842.68","Male","46.38","50.94","50.29","54.79","0.00","0.00","80.00","","","",""
"30/08/2026","13:25","Goodwood","Somerton","6.50","-9.09","6.00","0.00","6.00","-9.09","YES","6/1","9.09","3","3","P J Dobbs","Richard Hannon","52","112","38","0","52","52","52","C","52","","52","20","18","38","2","30/08/2026 13:25","1m","Turf","B","2","1760","0","20616.00","Tattersalls EBF Novice Stakes (GBB/GBBPlus Race) (Class B)","3","","","0.00","133","3","0","0","0","0.00","0.00","0.00","0","1","1","0.00","100.00","0.00","-1.00","0.00","C","3","7020.00","133","7f","1540","6.80","6.00","P","14.00","3","2","9.7","","9","63","Nov","Right - Sharp / Undulating","2yo","6/1","6.00","2","2","","8","9","330","637","307","70","86","79","72","38","","b","c","New Harzburg","Ghaiyyath","","0","2.14","0","1","75.00","56.25","0.00","0.00","1","1","0.00","0.00","9.00","4.50","-50.00","1000.00","YES","11011.11","Male","59.46","55.55","49.19","51.04","0.00","0.00","6.00","","","4","-1"
"30/08/2026","13:40","Beverley","Kind Of Kiss","81.00","-17.50","67.00","-24.24","51.00","-37.50","YES","66/1","-17.50","9","10","Oisin Orr","Sam England","48","27","41","80","75","64","58","D","62","71","59","13","3","16","2","30/08/2026 13:40","1m 1f 207y","Turf","C","3","2187","0","15702.00","William Hill Silver Cup Handicap (Class C)","9","","","0.00","132","446208-6055","0","0","0","0.00","0.00","0.00","0","2","13","0.00","15.38","100.00","-13.00","0.00","D","4","5496.00","132","1m 2f 50y","2250","95.00","51.00","HPHHHH-HHPH","8.00","3","5","9.6","","7","40","Hcap","Right - Stiff","3yo+,90","22/1","22.00","3","","90","10","13","142","432","290","72","91","87","40","144","41","b","g","Expressiy","Sea The Stars","tWS2","0","1.14","0","13","43.39","28.15","30.77","23.08","1","1","0.00","0.00","110.00","100.00","-9.09","350.00","YES","218.18","Male","66.16","53.19","47.13","49.31","0.00","0.00","66.00","","","4","1"
"30/08/2026","13:40","Beverley","Impartiality","4.50","-4.86","4.33","-9.91","4.00","-14.29","YES","11/4 (2F)","-21.43","2","7","Shane Gray","Phillip Makin","74","61","19","86","74","64","69","C","69","73","61","39","38","77","2","30/08/2026 13:40","1m 1f 207y","Turf","C","3","2187","0","15702.00","William Hill Silver Cup Handicap (Class C)","2","","","0.00","138","922034-9822","0","0","0","0.00","0.00","0.00","3","6","18","16.67","33.33","0.00","12.00","54.82","C","3","13400.00","138","1m 1f 35y","2015","43.05","29.00","HHHHHH-HHPH","8.00","2","4","9.12","C","2","66","Hcap","Right - Stiff","3yo+,90","7/1","7.00","3","","90","10","13","294","519","225","68","74","63","20","19","","b","g","Fair's Fair","Sergei Prokofiev","p","0","1.29","3","18","68.64","54.11","55.56","38.89","4","1","33.33","66.67","4.20","3.10","-26.19","1000.00","YES","23709.52","Male","84.72","66.54","61.89","47.67","0.00","0.00","2.75","","","",""
"30/08/2026","13:40","Beverley","Oratorical","26.00","12.00","29.00","-21.43","23.00","-12.00","YES","33/1","32.00","10","9","Laura Pearson","David Loughnane","57","32","115","87","57","54","37","C","54","55","44","17","15","32","2","30/08/2026 13:40","1m 1f 207y","Turf","C","3","2187","0","15702.00","William Hill Silver Cup Handicap (Class C)","10","","","0.00","132","231-86","0","0","0","0.00","0.00","0.00","1","2","5","20.00","40.00","0.00","1.00","37.25","C","3","13916.00","135","1m 4f 63y","2703","100.00","51.00","HPH-PH","8.00","4","3","9.6","","8","30","Hcap","Right - Stiff","3yo+,90","18/1","18.00","3","","90","10","13","190","461","271","67","69","79","56","115","","b","c","Belatorio","Lope Y Fernandez","","0","0.86","1","5","57.78","47.64","60.00","40.00","3","1","0.00","0.00","43.76","19.00","-56.58","900.00","YES","1956.67","Male","53.40","43.32","48.08","48.06","0.00","0.00","33.00","","","6","0"
"30/08/2026","13:40","Beverley","Wahdan","17.00","37.50","23.00","-27.27","17.00","0.00","YES","25/1","56.25","4","6","Mr Jake Dickson","Tim Easterby","69","62","23","85","71","65","66","C","65","69","64","21","8","29","4","30/08/2026 13:40","1m 1f 207y","Turf","C","3","2187","5","15702.00","William Hill Silver Cup Handicap (Class C)","4","","","0.00","132","08530-86634","0","0","0","0.00","0.00","0.00","0","1","12","0.00","8.33","0.00","-12.00","0.00","C","3","9720.00","131","1m 4f 8y","2648","11.50","10.00","HHHPH-HHHHL","17.00","5","5","9.6","","3","64","Hcap","Right - Stiff","3yo+,90","14/1","14.00","3","","90","10","13","212","438","226","64","88","81","-7","23","","b","g","Lamorlaye","Siyouni","p","0","0.84","0","12","28.79","14.78","50.00","25.00","10","3","0.00","0.00","42.00","42.00","0.00","1000.00","YES","2280.95","Male","56.59","46.93","48.31","48.03","0.00","0.00","25.00","","","",""
"30/08/2026","13:40","Beverley","Per Contra","12.00","-9.09","11.00","-30.00","8.00","-36.36","YES","17/2","-22.73","3","2","David Allan","Tim Easterby","71","102","24","78","80","66","68","C","71","72","65","23","19","42","2","30/08/2026 13:40","1m 1f 207y","Turf","C","3","2187","0","15702.00","William Hill Silver Cup Handicap (Class C)","3","","","0.00","130","0-970348048","0","0","0","0.00","0.00","0.00","4","8","29","13.79","27.59","0.00","-15.39","70.16","B","2","15702.00","114","1m 3f 24y","2444","23.00","17.00","H-HHHHHHHHP","8.00","7","5","9.4","D","11","65","Hcap","Right - Stiff","3yo+,90","12/1","12.00","3","","90","10","13","249","398","149","64","68","64","-47","24","","b","g","Nonetheless","Footstepsinthesand","p","0","1.32","4","29","54.11","38.92","48.28","27.59","11","1","25.00","75.00","10.76","7.00","-34.94","980.00","YES","9007.81","Male","56.59","46.93","48.31","48.03","0.00","0.00","8.50","","","",""
"30/08/2026","13:40","Beverley","Theoryofeverything","13.00","16.67","15.00","-21.43","12.00","-8.33","YES","10/1","-16.67","7","1","Jason Hart","David O'Meara","68","103","22","90","77","68","65","D","66","75","67","32","39","71","2","30/08/2026 13:40","1m 1f 207y","Turf","C","3","2187","0","15702.00","William Hill Silver Cup Handicap (Class C)","7","","","0.00","142","2508-054581","0","0","0","0.00","0.00","0.00","5","3","31","16.13","9.68","0.00","-9.42","106.73","D","4","5234.00","137","1m","1760","6.19","4.50","HHHH-HPHHHP","8.00","8","6","10.2","","1","62","Hcap","Right - Stiff","3yo+,90","17/2","8.50","3","","90","10","13","295","600","305","82","88","81","54","22","","gr","g","Persuasive","Frankel","tWS","0","0.89","5","31","57.12","40.59","38.71","22.58","1","-1","20.00","20.00","12.50","9.80","-21.60","1000.00","YES","7900.00","Male","59.10","51.78","55.44","51.15","0.00","0.00","10.00","","","",""
"30/08/2026","13:40","Beverley","Galyx","5.00","-12.50","4.50","-21.43","3.75","-31.25","YES","5/2 (F)","-37.50","1","4","George Bass","Jack Channon","69","81","19","80","79","67","65","C","69","70","65","21","11","32","4","30/08/2026 13:40","1m 1f 207y","Turf","C","3","2187","0","15702.00","William Hill Silver Cup Handicap (Class C)","1","","","0.00","132","1341/973-046","0","0","0","0.00","0.00","0.00","2","2","11","18.18","18.18","0.00","-3.10","66.09","C","3","13400.00","135","1m 1f 35y","2015","6.39","5.50","HPPP/HPP-PPH","17.00","10","5","9.6","D","9","68","Hcap","Right - Stiff","3yo+,90","14/1","14.00","3","","90","10","13","266","517","251","69","54","67","61","19","","b","g","Gallic Star","Calyx","","0","0.83","2","11","65.41","48.79","27.27","18.18","-3","-1","50.00","50.00","3.63","1.01","-72.18","3.80","YES","4.68","Male","55.04","53.59","53.37","54.28","0.00","0.00","2.50","","","",""
"30/08/2026","13:40","Beverley","Jez Bomb","19.00","55.56","29.00","0.00","29.00","55.56","YES","18/1","0.00","5","3","Rhys Elliott","Sam England","65","97","14","83","78","62","67","C","65","73","60","40","47","87","0","30/08/2026 13:40","1m 1f 207y","Turf","C","3","2187","5","15702.00","William Hill Silver Cup Handicap (Class C)","5","","","0.00","130","6230491217","0","0","0","0.00","0.00","0.00","10","14","43","23.26","32.56","0.00","1.21","44.30","C","3","12562.00","134","1m 2f 5y","2205","14.00","9.00","HHHHHHHHHH","0.00","1","5","9.4","D","5","63","Hcap","Right - Stiff","3yo+,90","7/1","7.00","3","","90","10","13","286","525","239","72","61","65","41","14","","b","g","Cherina Dynamite","Hunter's Light","p","0","1.34","10","43","70.08","56.18","30.23","23.26","11","1","50.00","60.00","34.00","14.50","-57.35","1000.00","YES","2841.18","Male","66.16","53.19","47.13","49.31","0.00","0.00","18.00","","","",""
"30/08/2026","14:00","Goodwood","Oliver Show","5.00","0.00","5.00","12.50","5.50","12.50","YES","7/2 (F)","-12.50","2","5","Billy Loughnane","George Boughey","74","75","32","89","75","64","68","C","72","75","64","20","34","54","0","30/08/2026 14:00","1m","Turf","C","3","1760","0","13085.00","Virgin Bet Handicap (Class C)","2","","","0.00","136","2084795-044","0","0","0","0.00","0.00","0.00","4","4","23","17.39","17.39","0.00","-1.50","132.47","C","3","25770.00","130","7f","1540","9.82","7.00","HHHHHPH-HHH","0.00","4","6","9.10","D","5","69","Hcap","Right - Sharp / Undulating","3yo+,100","14/1","14.00","3","","100","7","11","261","490","229","87","91","89","-38","32","","ch","g","Ashley Hall","No Nay Never","tpWS","0","1.30","4","23","67.07","51.99","47.83","30.43","1","-3","0.00","0.00","4.99","2.54","-49.10","1000.00","YES","19940.08","Male","52.22","59.69","61.61","62.65","0.00","0.00","3.50","","","",""
"30/08/2026","14:20","Yarmouth","Capitano Josepi","21.00","40.00","29.00","-21.43","23.00","10.00","YES","11/2","-72.50","1","8","Jack Mitchell","K Frost","","49","","0","","","","","","","","0","19","19","0","30/08/2026 14:20","7f 3y","Turf","D","4","1543","0","5940.00","British Stallion Studs EBF Restricted Novice Stakes (GBB Race) (Class D)","1","","","0.00","133","","0","0","0","0.00","0.00","0.00","0","0","0","0.00","0.00","0.00","0.00","0.00","","","0.00","","","0","0.00","0.00","","0.00","7","2","9.7","","1","60","Nov","Left - Galloping","2yo","","0.00","2","2","","10","11","264","599","335","65","88","82","100","","","ch","g","Opera Fan","Blackbeard","","0","1.22","0","0","0.00","0.00","0.00","0.00","","","0.00","0.00","7.30","1.01","-86.16","8.40","YES","15.07","Male","28.80","29.61","40.59","52.81","0.00","0.00","5.50","","","",""
"30/08/2026","14:20","Yarmouth","Pressured","34.00","-15.15","29.00","0.00","29.00","-15.15","YES","40/1","21.21","8","3","Mr Jack Callan","Ed Dunlop","50","140","16","0","50","50","50","D","50","","50","14","25","39","0","30/08/2026 14:20","7f 3y","Turf","D","4","1543","0","5940.00","British Stallion Studs EBF Restricted Novice Stakes (GBB Race) (Class D)","8","","","0.00","133","9","0","0","0","0.00","0.00","0.00","0","0","1","0.00","0.00","0.00","-1.00","0.00","D","4","5669.00","130","7f","1540","58.16","41.00","H","0.00","9","2","9.7","","4","51","Nov","Left - Galloping","2yo","13/2","6.50","2","2","","10","11","327","657","330","86","85","93","66","16","","b","c","Messalina","Showcasing","","0","1.19","0","1","20.00","4.00","0.00","0.00","-1","-1","0.00","0.00","66.52","22.00","-66.93","70.00","YES","5.23","Male","63.56","48.25","43.60","42.86","0.00","0.00","40.00","","","",""
"30/08/2026","14:25","Cork","Glamazon","7.00","-25.00","5.50","33.33","7.00","0.00","NO","5/1 (JF)","-16.67","10","12","D S O'Sullivan","Mrs John Harrington","60","30","16","60","65","58","60","E","60","61","56","27","13","40","4","30/08/2026 14:25","1m","Turf","F","6","1760","7","6000.00","Book Tickets Online At www.corkracecourse.ie Apprentice Handicap (Class F) (0-60)","10","","","0.00","135","40-54108493","0","0","0","0.00","0.00","0.00","1","3","16","6.25","18.75","0.00","-12.50","72.00","F","6","6000.00","136","1m","1760","22.00","15.00","PP-HPLLHPPH","8.00","3","3","9.9","","2","48","Hcap-App","Right - Easy","3yo,60","9/1","9.00","3","3","60","16","16","307","537","230","80","62","56","32","16","","b","f","Zen Silence","Belardo","p","0","0.91","1","16","64.91","48.45","18.75","6.25","0","1","0.00","0.00","7.55","6.60","-12.58","48.00","YES","535.76","Female","45.66","56.94","51.33","49.94","0.00","0.00","5.00","","","",""
"30/08/2026","14:20","Yarmouth","Extragalactic","4.00","0.00","4.00","0.00","4.00","0.00","YES","7/2 (2F)","16.67","2","4","Harry Davies","William Haggas","","136","","0","","","","","","","","0","25","25","0","30/08/2026 14:20","7f 3y","Turf","D","4","1543","0","5940.00","British Stallion Studs EBF Restricted Novice Stakes (GBB Race) (Class D)","2","","","0.00","133","","0","0","0","0.00","0.00","0.00","0","0","0","0.00","0.00","0.00","0.00","0.00","","","0.00","","","0","0.00","0.00","","0.00","5","2","9.7","","3","60","Nov","Left - Galloping","2yo","","0.00","2","2","","10","11","280","657","377","98","83","96","100","","","ch","c","Harvest Joy","Space Traveller","","0","0.82","0","0","0.00","0.00","0.00","0.00","","","0.00","0.00","5.45","2.06","-62.20","1000.00","YES","18248.62","Male","52.16","65.11","61.84","59.66","0.00","0.00","3.50","","","",""
"30/08/2026","14:20","Yarmouth","Strong Performance","21.00","-45.00","12.00","-27.27","9.00","-60.00","YES","11/1","-45.00","9","5","Marco Ghiani","William Knight","41","125","28","0","41","41","41","B","41","","41","18","25","43","2","30/08/2026 14:20","7f 3y","Turf","D","4","1543","0","5940.00","British Stallion Studs EBF Restricted Novice Stakes (GBB Race) (Class D)","9","","","0.00","130","8","0","0","0","0.00","0.00","0.00","0","0","1","0.00","0.00","0.00","-1.00","0.00","B","2","15702.00","127","7f 3y","1543","16.50","10.00","P","13.00","4","2","9.4","","5","49","Nov","Left - Galloping","2yo","5/1","5.00","2","2","","10","11","322","552","230","81","87","82","-20","28","","ch","c","Elite Artist","Universal","","0","1.06","0","1","12.50","1.56","0.00","0.00","-1","-1","0.00","0.00","15.90","23.00","44.65","23.00","YES","44.65","Male","100.00","66.95","56.03","59.56","0.00","0.00","11.00","","","",""
"30/08/2026","14:20","Yarmouth","Theft","17.00","-12.50","15.00","0.00","15.00","-12.50","YES","16/1","0.00","6","9","Darragh Keenan","George Scott","45","25","13","0","56","50","50","D","50","45","50","8","20","28","2","30/08/2026 14:20","7f 3y","Turf","D","4","1543","0","5940.00","British Stallion Studs EBF Restricted Novice Stakes (GBB Race) (Class D)","6","","","0.00","125","75","0","0","0","0.00","0.00","0.00","0","0","2","0.00","0.00","0.00","-2.00","0.00","D","4","5400.00","128","7f 36y","1576","9.95","9.00","HP","13.00","8","2","8.13","","11","52","Nov","Left - Galloping","2yo","12/1","12.00","2","2","","10","11","309","589","280","82","59","73","66","13","","b","f","Miss Mulligan","Sioux Nation","","0","1.28","0","2","44.16","19.51","0.00","0.00","0","0","0.00","0.00","19.50","14.00","-28.21","70.00","YES","258.97","Female","60.79","54.85","50.46","53.79","0.00","0.00","16.00","","","",""
"30/08/2026","14:20","Yarmouth","Del Pearo","81.00","56.25","126.00","-20.00","101.00","25.00","YES","100/1","25.00","4","6","Christian Howarth","John Ryan","38","101","16","0","38","38","38","C","38","","38","14","17","31","0","30/08/2026 14:20","7f 3y","Turf","D","4","1543","3","5940.00","British Stallion Studs EBF Restricted Novice Stakes (GBB Race) (Class D)","4","","","0.00","130","6","0","0","0","0.00","0.00","0.00","0","0","1","0.00","0.00","0.00","-1.00","0.00","C","3","7020.00","133","7f 3y","1543","85.00","51.00","H","0.00","3","2","9.4","","2","57","Nov","Left - Galloping","2yo","13/2","6.50","2","2","","10","11","288","548","260","70","62","78","50","16","","b","c","Own Gift","Persian Force","","0","1.25","0","1","0.00","0.00","0.00","0.00","1","1","0.00","0.00","220.00","11.00","-95.00","950.00","YES","331.82","Male","71.25","60.28","38.33","41.61","0.00","0.00","100.00","","","",""
"30/08/2026","14:20","Yarmouth","Mystic Unicorn","34.00","51.52","51.00","-20.00","41.00","21.21","YES","40/1","21.21","5","10","Miss Taryn Langley","Michael Keady","55","22","12","0","55","50","50","D","50","45","50","0","7","7","2","30/08/2026 14:20","7f 3y","Turf","D","4","1543","5","5940.00","British Stallion Studs EBF Restricted Novice Stakes (GBB Race) (Class D)","5","","","0.00","120","95","0","0","0","0.00","0.00","0.00","0","0","2","0.00","0.00","0.00","-2.00","0.00","D","4","5400.00","128","6f 1y","1321","314.02","126.00","HP","13.00","1","2","8.8","","9","55","Nov","Left - Galloping","2yo","","0.00","2","2","","10","11","287","584","297","54","73","70","100","12","","ch","f","Lockerbie","Space Blues","","0","0.63","0","2","30.56","13.12","100.00","0.00","2","2","0.00","0.00","40.00","6.20","-84.50","38.00","YES","-5.00","Female","42.41","41.61","35.34","35.74","0.00","0.00","40.00","","","",""
"30/08/2026","14:25","Cork","Garryowen Green","10.00","22.22","12.00","-9.09","11.00","11.11","NO","12/1","33.33","9","9","Jack Cleary","Andrew McNamara","62","45","23","40","62","50","58","F","58","58","46","25","10","35","2","30/08/2026 14:25","1m","Turf","F","6","1760","0","6000.00","Book Tickets Online At www.corkracecourse.ie Apprentice Handicap (Class F) (0-60)","9","","","0.00","122","0-990053","0","0","0","0.00","0.00","0.00","0","1","7","0.00","14.29","0.00","-7.00","0.00","F","6","6000.00","123","7f","1540","43.88","29.00","H-HHLHHP","4.00","8","3","8.10","","16","48","Hcap-App","Right - Easy","3yo,60","10/1","10.00","3","3","60","16","16","213","429","216","40","60","75","41","23","","ch","g","Tadkhirah","Galileo Gold","t","0","0.73","0","7","35.80","20.15","57.14","28.57","1","3","0.00","0.00","12.50","12.00","-4.00","12.00","YES","-4.00","Male","50.00","66.67","58.29","56.68","0.00","0.00","12.00","","","",""
"30/08/2026","14:25","Cork","Dawn Flame","8.00","7.14","8.50","20.00","10.00","28.57","NO","11/1","57.14","6","3","Reese Holohan","Paul W Flynn","60","111","16","59","64","53","62","E","62","62","53","26","24","50","2","30/08/2026 14:25","1m","Turf","F","6","1760","4","6000.00","Book Tickets Online At www.corkracecourse.ie Apprentice Handicap (Class F) (0-60)","6","","","0.00","137","1490083534","0","0","0","0.00","0.00","0.00","1","3","14","7.14","21.43","0.00","5.00","78.00","F","6","6000.00","135","1m","1760","21.00","13.00","PLLHHPHHHP","4.00","13","3","9.11","D","3","49","Hcap-App","Right - Easy","3yo,60","9/1","9.00","3","3","60","16","16","308","514","206","57","77","78","-6","16","","b","g","Siralen","Lope Y Fernandez","tp","0","0.73","1","14","43.82","29.89","28.57","7.14","6","3","0.00","0.00","18.00","1001.00","5461.11","1.00","YES","-94.44","Male","34.13","45.76","39.33","42.37","0.00","0.00","11.00","","","",""
"30/08/2026","14:25","Cork","Thumama Sands","34.00","21.21","41.00","-17.50","34.00","0.00","NO","25/1","-24.24","15","10","J Kearney","Adrian McGuinness","52","37","36","49","52","43","46","F","50","50","37","6","3","9","0","30/08/2026 14:25","1m","Turf","F","6","1760","0","6000.00","Book Tickets Online At www.corkracecourse.ie Apprentice Handicap (Class F) (0-60)","15","","","0.00","131","0009","0","0","0","0.00","0.00","0.00","0","0","4","0.00","0.00","0.00","-4.00","0.00","F","6","6000.00","127","7f","1540","120.00","51.00","HHHH","0.00","9","3","9.5","","14","39","Hcap-App","Right - Easy","3yo,60","40/1","40.00","3","3","60","16","16","148","408","260","69","58","65","68","36","","b","g","Ghalia Al Thumama","Footstepsinthesand","","0","0.78","0","4","23.31","7.62","0.00","0.00","2","3","0.00","0.00","40.00","27.00","-32.50","80.00","YES","100.00","Male","51.61","57.19","61.45","59.39","0.00","0.00","25.00","","","",""
"30/08/2026","14:25","Cork","Due In June","15.00","0.00","15.00","42.86","21.00","42.86","NO","14/1","0.00","7","11","S Tormey","Ian Donoghue","50","31","59","48","56","50","50","F","50","54","51","4","10","14","2","30/08/2026 14:25","1m","Turf","F","6","1760","7","6000.00","Book Tickets Online At www.corkracecourse.ie Apprentice Handicap (Class F) (0-60)","7","","","0.00","123","78698","0","0","0","0.00","0.00","0.00","0","0","5","0.00","0.00","0.00","-5.00","0.00","F","6","6000.00","131","7f 211y","1751","7.40","6.50","HHPHH","4.00","1","3","8.11","","15","49","Hcap-App","Right - Easy","3yo,60","66/1","66.00","3","3","60","16","16","147","368","221","62","39","67","53","59","","b","f","Chasing Rubies","Lope Y Fernandez","t1","0","1.46","0","5","46.78","22.73","20.00","20.00","1","1","0.00","0.00","22.00","26.00","18.18","110.00","YES","400.00","Female","35.71","36.03","48.35","52.30","0.00","0.00","14.00","","","",""
"30/08/2026","14:25","Cork","Oppenheimer","4.33","0.00","4.33","-17.42","3.75","-17.42","NO","5/1 (JF)","50.15","12","13","Conor Cusack","Kevin Coleman","59","28","23","59","64","53","58","E","59","59","53","7","11","18","2","30/08/2026 14:25","1m","Turf","F","6","1760","7","6000.00","Book Tickets Online At www.corkracecourse.ie Apprentice Handicap (Class F) (0-60)","12","","","0.00","134","087-074","0","0","0","0.00","0.00","0.00","0","0","6","0.00","0.00","0.00","-6.00","0.00","F","6","6000.00","142","7f","1540","2.45","2.20","HHL-HHP","4.00","2","3","9.8","BF","4","45","Hcap-App","Right - Easy","3yo,60","40/1","40.00","3","3","60","16","16","233","482","249","39","71","75","64","23","","b","g","Praskovia","Starman","","0","1.10","0","6","47.68","26.99","33.33","0.00","0","-1","0.00","0.00","8.68","6.20","-28.57","44.00","YES","406.91","Male","24.11","25.82","36.25","33.23","0.00","0.00","5.00","","","",""
"30/08/2026","14:25","Cork","Sceitimini","34.00","21.21","41.00","25.00","51.00","51.52","NO","80/1","142.42","5","16","S A Wallace","Rodger Sweeney","57","0","16","52","61","47","52","F","57","57","48","7","3","10","0","30/08/2026 14:25","1m","Turf","F","6","1760","7","6000.00","Book Tickets Online At www.corkracecourse.ie Apprentice Handicap (Class F) (0-60)","5","","","0.00","127","8608-500","0","0","0","0.00","0.00","0.00","0","0","7","0.00","0.00","0.00","-7.00","0.00","E","5","7200.00","128","5f","1100","48.99","34.00","PPHL-HHH","0.00","11","3","9.1","","9","51","Hcap-App","Right - Easy","3yo,60","40/1","40.00","3","3","60","16","16","207","414","207","41","55","69","42","16","","gr","g","Ultimate Best","Dandy Man","p1","0","1.24","0","7","22.76","10.88","42.86","14.29","3","-1","0.00","0.00","190.00","23.00","-87.89","240.00","YES","26.32","Male","0.00","0.00","29.55","43.32","0.00","0.00","80.00","","","",""
"30/08/2026","14:25","Cork","Sunrise Angel","15.00","0.00","15.00","-35.71","10.00","-35.71","NO","5/1 (JF)","-64.29","1","14","J S Dalton","Andrew Slattery","54","24","23","55","65","53","52","F","54","61","51","20","3","23","6","30/08/2026 14:25","1m","Turf","F","6","1760","7","6000.00","Book Tickets Online At www.corkracecourse.ie Apprentice Handicap (Class F) (0-60)","1","","","0.00","130","80324-8066","0","0","0","0.00","0.00","0.00","0","2","9","0.00","22.22","0.00","-9.00","0.00","F","6","6000.00","139","7f","1540","10.05","8.00","HHHLP-LPPP","12.00","6","3","9.4","","5","57","Hcap-App","Right - Easy","3yo,60","12/1","12.00","3","3","60","16","16","220","400","180","76","44","59","1","23","","ch","g","Typify","Calyx","","0","1.46","0","9","44.12","30.06","22.22","11.11","-1","-3","0.00","0.00","6.80","1.01","-85.15","6.00","YES","-11.76","Male","71.15","58.76","59.29","51.14","0.00","0.00","5.00","","","",""
"30/08/2026","14:25","Cork","Tenacious","34.00","21.21","41.00","0.00","41.00","21.21","NO","66/1","100.00","13","2","K G Kennedy","Mrs John Harrington","47","150","15","53","61","45","34","E","47","54","41","14","3","17","6","30/08/2026 14:25","1m","Turf","F","6","1760","0","6000.00","Book Tickets Online At www.corkracecourse.ie Apprentice Handicap (Class F) (0-60)","13","","","0.00","135","007-0930080","0","0","0","0.00","0.00","0.00","0","1","10","0.00","10.00","0.00","-10.00","0.00","F","6","6000.00","127","1m","1760","97.51","34.00","HPH-HHPPHPL","12.00","15","3","9.9","","6","44","Hcap-App","Right - Easy","3yo,60","18/1","18.00","3","3","60","16","16","224","419","195","80","76","76","-37","15","","b","f","Nassya","Ten Sovereigns","p","0","1.61","0","10","24.69","12.07","20.00","20.00","-2","-1","0.00","0.00","130.00","130.00","0.00","180.00","YES","38.46","Female","45.66","56.94","51.33","49.94","0.00","0.00","66.00","","","",""
"30/08/2026","14:20","Yarmouth","Perfect Love","67.00","21.21","81.00","-17.50","67.00","0.00","YES","50/1","-24.24","10","7","Mason Paetel","Michael Appleby","34","61","40","0","34","34","34","D","34","","34","0","12","12","0","30/08/2026 14:20","7f 3y","Turf","D","4","1543","3","5940.00","British Stallion Studs EBF Restricted Novice Stakes (GBB Race) (Class D)","10","","","0.00","125","8","0","0","0","0.00","0.00","0.00","0","0","1","0.00","0.00","0.00","-1.00","0.00","D","4","5940.00","128","7f 36y","1576","32.96","19.00","H","0.00","6","2","8.13","","8","49","Nov","Left - Galloping","2yo","","0.00","2","2","","10","11","259","592","333","75","84","74","100","40","","b","f","Toujours L'Amour","Palace Pier","","0","1.22","0","1","12.50","1.56","0.00","0.00","-1","-1","0.00","0.00","100.00","110.00","10.00","1000.00","YES","900.00","Female","51.64","50.29","44.68","40.65","0.00","0.00","50.00","","","8","0"
"30/08/2026","14:00","Goodwood","Inspired","6.00","0.00","6.00","-10.00","5.50","-10.00","YES","4/1 (J2F)","-20.00","1","2","Clifford Lee","K R Burke","75","125","22","80","75","64","71","C","73","73","65","49","55","104","6","30/08/2026 14:00","1m","Turf","C","3","1760","0","13085.00","Virgin Bet Handicap (Class C)","1","","","0.00","127","1-236445212","0","0","0","0.00","0.00","0.00","2","6","11","18.18","54.55","0.00","-6.56","64.77","C","3","16200.00","126","7f 212y","1752","14.29","9.50","P-LPPHPPLPH","25.00","5","4","9.1","D","11","70","Hcap","Right - Sharp / Undulating","3yo+,100","11/2","5.50","3","","100","7","11","308","560","252","82","71","83","16","22","","b","g","Worth Waiting","Dubawi","","0","1.56","2","11","76.18","64.72","36.36","18.18","-3","1","50.00","50.00","5.52","1.01","-81.70","6.20","YES","12.32","Male","65.36","53.96","55.47","56.20","0.00","0.00","4.00","","","",""
"30/08/2026","14:00","Goodwood","Rainbow Nebula","17.00","12.50","19.00","-22.22","15.00","-12.50","YES","10/1","-37.50","3","7","Billy Garritty","Richard Fahey","60","60","8","83","74","65","63","B","60","72","62","23","28","51","4","30/08/2026 14:00","1m","Turf","C","3","1760","0","13085.00","Virgin Bet Handicap (Class C)","3","","","0.00","130","531-0156500","0","0","0","0.00","0.00","0.00","3","3","15","20.00","20.00","0.00","10.00","79.43","B","2","51540.00","120","1m 2f 56y","2256","140.13","67.00","HHH-HHHHPHP","17.00","1","4","9.4","D","7","68","Hcap","Right - Sharp / Undulating","3yo+,100","12/1","12.00","3","","100","7","11","249","501","252","53","62","68","69","8","","b","g","Quara","Hello Youmzain","p","0","1.43","3","15","67.35","52.14","26.67","26.67","11","3","33.33","33.33","10.30","12.00","16.50","1000.00","YES","9608.74","Male","57.11","50.93","49.78","48.11","0.00","0.00","10.00","","","",""
"30/08/2026","14:15","Beverley","Badri","19.00","22.22","23.00","0.00","23.00","22.22","YES","16/1","-11.11","3","3","Connor Beasley","Michael Herrington","75","120","14","99","83","66","67","B","68","80","65","41","48","89","2","30/08/2026 14:15","5f","Turf","A","1","1100","0","39697.00","William Hill Beverley Bullet Sprint Stakes (Listed) (Class A)","3","","","0.00","130","4061711102","0","0","0","0.00","0.00","0.00","15","15","77","19.48","19.48","0.00","11.38","123.05","B","2","16493.00","140","5f 3y","1103","4.16","3.50","HPHHHPLHHP","6.00","8","9","9.4","CD","4","73","Lis","Right - Stiff","3yo+","8/1","8.00","3","","","8","11","287","566","279","79","82","61","57","14","","b","g","Penny Drops","Dark Angel","","0","0.71","15","77","62.10","46.99","38.96","25.97","9","1","26.67","33.33","20.00","4.30","-78.50","120.00","YES","500.00","Male","58.54","54.74","54.64","57.82","0.00","0.00","16.00","","","",""
"30/08/2026","14:15","Beverley","Elegant Erin","26.00","-20.00","21.00","0.00","21.00","-20.00","YES","28/1","12.00","4","8","Cam Hardie","Paul Midgley","67","16","58","85","77","64","65","D","67","73","62","23","16","39","2","30/08/2026 14:15","5f","Turf","A","1","1100","0","39697.00","William Hill Beverley Bullet Sprint Stakes (Listed) (Class A)","4","","","0.00","125","6114-090633","0","0","0","0.00","0.00","0.00","10","13","63","15.87","20.63","0.00","6.25","58.29","D","4","6621.00","140","5f","1100","7.96","6.50","HHHH-HHHHHP","6.00","5","9","8.13","CD","9","73","Lis","Right - Stiff","3yo+","14/1","14.00","3","","","8","11","185","363","178","61","52","63","2","58","","b","m","Eriniya","Dandy Man","WS","0","1.07","10","63","61.55","45.27","41.27","26.98","27","3","70.00","70.00","46.00","3.20","-93.04","1000.00","YES","2073.91","Female","43.63","55.92","48.71","52.53","0.00","0.00","28.00","","","3","0"
"30/08/2026","14:00","Goodwood","Principality","7.00","-8.33","6.50","-9.09","6.00","-16.67","YES","4/1 (J2F)","-33.33","4","1","Kaiya Fraser","Harry Eustace","64","154","16","91","73","66","65","D","64","72","64","45","51","96","0","30/08/2026 14:00","1m","Turf","C","3","1760","0","13085.00","Virgin Bet Handicap (Class C)","4","","","0.00","138","105345-0151","0","0","0","0.00","0.00","0.00","4","2","19","21.05","10.53","0.00","13.50","135.34","C","3","10308.00","136","1m","1760","9.20","8.00","HHPPHP-HHHH","0.00","2","4","9.12","CD","3","67","Hcap","Right - Sharp / Undulating","3yo+,100","6/1","6.00","3","","100","7","11","299","581","282","69","71","69","73","16","","b","g","Dutch Rose","Calyx","","0","1.17","4","19","61.45","47.68","21.05","21.05","5","3","50.00","75.00","4.92","5.30","7.72","410.00","YES","8233.33","Male","35.71","57.60","51.03","52.91","0.00","0.00","4.00","","","",""
"30/08/2026","14:00","Goodwood","Real Gain","9.50","-11.76","8.50","6.67","9.00","-5.88","YES","5/1","-41.18","5","3","Harry Vigors","H Al Jehani","66","106","29","89","77","66","66","B","67","74","67","16","16","32","6","30/08/2026 14:00","1m","Turf","C","3","1760","5","13085.00","Virgin Bet Handicap (Class C)","5","","","0.00","131","5/009/300-458","0","0","0","0.00","0.00","0.00","3","1","14","21.43","7.14","0.00","11.25","80.82","C","3","25770.00","136","1m 1f 11y","1991","14.50","13.00","L/HPH/PPP-PPP","25.00","7","6","9.5","D","4","65","Hcap","Right - Sharp / Undulating","3yo+,100","18/1","18.00","3","","100","7","11","250","462","212","71","67","60","14","29","","b","g","Real Me","Profitable","p1","0","0.84","3","14","58.64","42.69","42.86","21.43","-6","-3","0.00","33.33","5.52","3.95","-28.44","1000.00","YES","18015.94","Male","70.54","66.28","64.44","56.72","0.00","0.00","5.00","","","",""
"30/08/2026","14:00","Goodwood","Swing Vote","17.00","12.50","19.00","38.89","26.00","56.25","YES","25/1","56.25","6","6","William Buick","Simon and Ed Crisford","62","71","74","96","77","69","69","A","69","62","69","10","12","22","4","30/08/2026 14:00","1m","Turf","C","3","1760","0","13085.00","Virgin Bet Handicap (Class C)","6","","","0.00","143","7-0","0","0","0","0.00","0.00","0.00","0","0","2","0.00","0.00","0.00","-2.00","0.00","B","2","90195.00","127","1m","1760","162.06","126.00","P-P","17.00","3","6","10.3","","1","63","Hcap","Right - Sharp / Undulating","3yo+,100","28/1","28.00","3","","100","7","11","201","481","280","79","92","79","30","74","","b","g","Qualify","Shamardal","tp1","0","2.14","0","2","42.59","19.00","50.00","0.00","0","0","0.00","0.00","27.35","15.00","-45.16","1000.00","YES","3556.31","Male","40.92","49.95","62.03","60.55","0.00","0.00","25.00","","","15","-1"
"30/08/2026","14:00","Goodwood","Silca Bay","13.00","0.00","13.00","-16.67","11.00","-16.67","YES","9/1","-25.00","7","4","Oliver Carmichael","Eve Johnson Houghton","60","78","25","80","71","62","67","D","70","70","58","40","33","73","4","30/08/2026 14:00","1m","Turf","C","3","1760","7","13085.00","Virgin Bet Handicap (Class C)","7","","","0.00","120","154-4041415","0","0","0","0.00","0.00","0.00","5","4","21","23.81","19.05","0.00","18.50","58.58","D","4","10468.00","136","7f 216y","1756","4.19","3.75","PPH-PPHHHPP","17.00","6","4","8.8","CD  BF","10","61","Hcap","Right - Sharp / Undulating","3yo+,100","7/1","7.00","3","","100","7","11","273","565","292","65","72","71","84","25","","b","g","Strictly Silca","Cable Bay","p","0","0.78","5","21","70.01","55.41","38.10","38.10","11","1","0.00","40.00","8.63","18.00","108.57","1000.00","YES","11487.49","Male","53.41","54.25","52.40","51.58","0.00","0.00","9.00","","","",""
"30/08/2026","14:15","Beverley","Argentine Tango","13.00","-25.00","10.00","-27.78","7.50","-45.83","YES","11/2","-54.17","2","4","David Allan","Tim Easterby","59","99","30","98","74","66","68","A","73","74","64","36","31","67","6","30/08/2026 14:15","5f","Turf","A","1","1100","0","39697.00","William Hill Beverley Bullet Sprint Stakes (Listed) (Class A)","2","","","0.00","126","68637-46610","0","0","0","0.00","0.00","0.00","4","4","17","23.53","23.53","0.00","8.63","232.53","A","1","170130.00","123","5f","1100","145.02","101.00","LPPPP-LPPPP","17.00","1","3","9.0","CD","7","73","Lis","Right - Stiff","3yo+","9/1","9.00","3","","","8","11","295","591","296","68","73","74","81","30","","b","f","Showdanse","Mattmu","","0","1.73","4","17","66.21","52.44","41.18","35.29","5","1","25.00","50.00","6.80","6.20","-8.82","1000.00","YES","14605.88","Female","56.59","46.93","48.31","48.03","0.00","0.00","5.50","","","",""
"30/08/2026","14:15","Beverley","Ain't Nobody","8.50","-6.67","8.00","-21.43","6.50","-26.67","YES","11/2","-26.67","7","5","Kevin Stott","Kevin Ryan","65","92","9","102","76","66","68","A","66","75","63","18","17","35","2","30/08/2026 14:15","5f","Turf","A","1","1100","0","39697.00","William Hill Beverley Bullet Sprint Stakes (Listed) (Class A)","7","","","0.00","130","906200-0900","0","0","0","0.00","0.00","0.00","2","2","16","12.50","12.50","0.00","-1.00","345.65","A","1","340260.00","141","5f","1100","37.71","34.00","HHHHHH-HPHH","6.00","6","4","9.4","D","2","49","Lis","Right - Stiff","3yo+","18/1","18.00","3","","","8","11","223","495","272","79","93","88","12","9","","b","g","Burmese Waltz","Sands Of Mali","p","0","1.07","2","16","45.12","30.77","31.25","25.00","4","3","50.00","50.00","6.80","5.40","-20.59","1000.00","YES","14605.88","Male","58.27","49.55","44.45","43.66","0.00","0.00","5.50","","","",""
"30/08/2026","14:20","Yarmouth","Rocsane","3.25","0.00","3.25","-38.67","2.38","-38.67","YES","11/10 (F)","-51.11","3","1","Silvestre De Sousa","George Margarson","51","150","27","69","54","52","53","D","54","54","51","23","34","57","6","30/08/2026 14:20","7f 3y","Turf","D","4","1543","0","5940.00","British Stallion Studs EBF Restricted Novice Stakes (GBB Race) (Class D)","3","","","0.00","125","5322","0","0","0","0.00","0.00","0.00","0","3","4","0.00","75.00","0.00","-4.00","0.00","E","5","4320.00","122","6f 12y","1332","2.30","2.20","HHPL","38.00","2","2","8.13","BF","10","58","Nov","Left - Galloping","2yo","7/2","3.50","2","2","","10","11","353","557","204","62","75","73","-6","27","","b","f","Havasu","Persian Force","","0","1.10","0","4","73.08","56.72","50.00","50.00","2","1","0.00","0.00","2.39","1.98","-17.15","1000.00","YES","41741.00","Female","66.67","47.41","51.38","37.79","0.00","0.00","1.10","","","",""
"30/08/2026","14:20","Yarmouth","Top Cote","4.33","5.11","4.50","14.29","5.00","20.12","YES","15/2","125.23","7","2","Jonny Peate","Jack Morland","58","149","104","70","58","57","56","B","57","57","56","30","39","69","4","30/08/2026 14:20","7f 3y","Turf","D","4","1543","0","5940.00","British Stallion Studs EBF Restricted Novice Stakes (GBB Race) (Class D)","7","","","0.00","130","234","0","0","0","0.00","0.00","0.00","0","2","3","0.00","66.67","0.00","-3.00","0.00","B","2","20616.00","133","6f 12y","1332","21.00","17.00","HPP","25.00","10","2","9.4","","6","51","Nov","Left - Galloping","2yo","5/2","2.50","2","2","","10","11","350","572","222","69","54","67","32","104","","ch","g","Amber Kite","Cotai Glory","p","0","0.86","0","3","80.47","65.34","33.33","33.33","1","1","0.00","0.00","13.00","11.50","-11.54","12.00","YES","-7.69","Male","70.00","52.86","44.30","39.80","0.00","0.00","7.50","","","3","1"
"30/08/2026","14:15","Beverley","Washington Heights","5.50","0.00","5.50","22.22","6.50","22.22","YES","9/2 (2F)","0.00","6","2","Tom Eaves","Kevin Ryan","73","157","50","104","81","71","72","A","73","81","70","41","42","83","6","30/08/2026 14:15","5f","Turf","A","1","1100","0","39697.00","William Hill Beverley Bullet Sprint Stakes (Listed) (Class A)","6","","","0.00","133","5/43710-0818","0","0","0","0.00","0.00","0.00","4","8","25","16.00","32.00","0.00","23.75","318.32","A","1","39697.00","130","5f","1100","13.00","10.00","L/PPPLH-PHLP","17.00","3","6","9.7","D","1","63","Lis","Right - Stiff","3yo+","8/1","8.00","3","","","8","11","323","587","264","79","57","71","57","50","","b","g","Epping Rose","Washington DC","","0","1.21","4","25","71.01","56.80","44.00","36.00","5","1","25.00","25.00","6.38","5.70","-10.66","1000.00","YES","15573.98","Male","58.27","49.55","44.45","43.66","0.00","0.00","4.50","","","8","0"
"30/08/2026","14:15","Beverley","Jm Jungle","3.75","-31.64","2.88","-26.60","2.38","-49.82","YES","7/4 (F)","-36.36","1","1","Jason Hart","John Quinn","70","198","9","108","79","68","70","A","70","78","67","36","27","63","8","30/08/2026 14:15","5f","Turf","A","1","1100","0","39697.00","William Hill Beverley Bullet Sprint Stakes (Listed) (Class A)","1","","","0.00","130","2316-490357","0","0","0","0.00","0.00","0.00","6","15","41","14.63","36.59","0.00","16.00","547.96","A","1","340260.00","141","5f","1100","32.39","26.00","HPLP-HPPPPL","22.00","7","6","9.4","D","5","74","Lis","Right - Stiff","3yo+","9/1","9.00","3","","","8","11","299","543","244","81","86","89","-12","9","","b","g","The Shrew","Bungle Inthejungle","b","0","0.96","6","41","71.72","56.53","41.46","29.27","11","1","0.00","0.00","3.05","1.01","-66.89","90.00","YES","2850.82","Male","42.16","50.65","47.74","50.43","0.00","0.00","1.75","","","",""
"30/08/2026","14:15","Beverley","Beaujolais Nouveau","41.00","-37.50","26.00","0.00","26.00","-37.50","YES","12/1","-70.00","8","7","Andrew Mullen","Ben Haslam","70","39","33","85","72","62","70","B","70","71","62","20","8","28","8","30/08/2026 14:15","5f","Turf","A","1","1100","0","39697.00","William Hill Beverley Bullet Sprint Stakes (Listed) (Class A)","8","","","0.00","125","2530-051544","0","0","0","0.00","0.00","0.00","2","6","17","11.76","35.29","0.00","-1.75","84.67","C","3","25770.00","129","6f","1320","50.66","34.00","PHPP-HPLLPP","22.00","2","4","8.13","CD","8","48","Lis","Right - Stiff","3yo+","16/1","16.00","3","","","8","11","203","461","258","65","66","74","53","33","","ch","f","Lady Lekki","Twilight Son","v1","0","1.70","2","17","59.29","43.80","64.71","35.29","9","1","0.00","0.00","14.67","14.50","-1.16","1000.00","YES","6716.63","Female","47.72","43.38","39.47","46.05","0.00","0.00","12.00","","","",""
"30/08/2026","14:15","Beverley","Al Shabab Storm","10.00","-22.22","8.00","-14.29","7.00","-33.33","YES","8/1","-11.11","5","6","C J Whiteley","Michael Appleby","74","72","65","102","77","66","65","B","64","76","66","31","29","60","2","30/08/2026 14:15","5f","Turf","A","1","1100","0","39697.00","William Hill Beverley Bullet Sprint Stakes (Listed) (Class A)","5","","","0.00","130","3930843-001","0","0","0","0.00","0.00","0.00","4","6","21","19.05","28.57","0.00","10.33","232.55","B","2","30924.00","133","5f","1100","34.00","23.00","LPHPHPP-PHH","6.00","4","5","9.4","D","3","70","Lis","Right - Stiff","3yo+","11/1","11.00","3","","","8","11","235","487","252","75","82","72","23","65","","b","g","Princess Salamah","Advertise","t","0","1.73","4","21","59.57","48.28","47.62","42.86","-3","-1","0.00","25.00","11.50","5.00","-56.52","890.00","YES","7639.13","Male","51.64","50.29","44.68","40.65","0.00","0.00","8.00","","","1","0"
"30/08/2026","16:40","Cork","Spinola Bear","67.00","21.21","81.00","0.00","81.00","21.21","YES","100/1","51.52","15","16","Ronan Whelan","Kieran P Cotter","45","7","33","0","45","41","41","D","41","38","41","7","3","10","0","30/08/2026 16:40","6f","Turf","E","5","1320","0","7200.00","Cork Maiden (Class E)","15","","","0.00","134","07","0","0","0","0.00","0.00","0.00","0","0","2","0.00","0.00","0.00","-2.00","0.00","D","4","11399.00","134","7f","1540","760.00","151.00","HH","0.00","15","3","9.8","","8","41","Mdn","Right - Easy","3yo+","22/1","22.00","3","","","16","17","237","450","213","54","62","53","44","33","","b","g","Expecting To Fly","Kodi Bear","","0","3.14","0","2","34.82","15.74","100.00","0.00","0","0","0.00","0.00","200.00","250.00","25.00","250.00","YES","25.00","Male","0.00","20.59","23.45","27.67","0.00","0.00","100.00","","","",""
"30/08/2026","16:40","Cork","Haroussa","12.00","9.09","13.00","0.00","13.00","9.09","YES","16/1","45.45","11","12","Ben Coen","J P Murtagh","57","24","61","0","57","47","47","E","47","38","47","8","3","11","2","30/08/2026 16:40","6f","Turf","E","5","1320","0","7200.00","Cork Maiden (Class E)","11","","","0.00","129","95","0","0","0","0.00","0.00","0.00","0","0","2","0.00","0.00","0.00","-2.00","0.00","E","5","10800.00","129","7f 94y","1634","10.95","9.00","HP","6.00","8","3","9.3","","12","46","Mdn","Right - Easy","3yo+","20/1","20.00","3","","","16","17","242","427","185","66","55","58","6","61","","b","f","Harasiya","Pinatubo","","0","0.70","0","2","48.48","25.80","0.00","0.00","-2","-2","0.00","0.00","23.58","1001.00","4145.12","1.00","YES","-95.76","Female","52.68","47.43","49.66","48.91","0.00","0.00","16.00","","","",""
"30/08/2026","16:40","Cork","Carry The Dream","26.00","60.00","41.00","-17.50","34.00","32.00","YES","28/1","12.00","9","14","Gary Carroll","W P Browne","56","13","49","0","56","56","56","E","56","","56","0","17","17","2","30/08/2026 16:40","6f","Turf","E","5","1320","0","7200.00","Cork Maiden (Class E)","9","","","0.00","134","8","0","0","0","0.00","0.00","0.00","0","0","1","0.00","0.00","0.00","-1.00","0.00","E","5","9000.00","134","1m","1760","29.00","17.00","P","6.00","7","3","9.8","","1","54","Mdn","Right - Easy","3yo+","","0.00","3","","","16","17","267","548","281","49","60","72","100","49","","b","c","Love Your Looks","Space Blues","","0","1.40","0","1","22.22","4.94","0.00","0.00","-1","-1","0.00","0.00","45.58","25.00","-45.15","150.00","YES","229.09","Male","0.00","0.00","0.00","22.22","0.00","0.00","28.00","","","",""
"30/08/2026","16:40","Cork","Lilli's Angel","29.00","0.00","29.00","0.00","29.00","0.00","YES","12/1","-57.14","4","8","Scott McCullagh","Daniel McLoughlin","62","34","43","0","62","54","54","E","54","46","54","9","11","20","0","30/08/2026 16:40","6f","Turf","E","5","1320","0","7200.00","Cork Maiden (Class E)","4","","","0.00","129","98","0","0","0","0.00","0.00","0.00","0","0","2","0.00","0.00","0.00","-2.00","0.00","E","5","15000.00","129","7f","1540","30.58","21.00","HH","0.00","14","3","9.3","","13","64","Mdn","Right - Easy","3yo+","18/1","18.00","3","","","16","17","265","379","114","43","48","49","-26","43","","ch","f","Flower Of May","Sioux Nation","","0","1.02","0","2","43.95","21.26","0.00","0.00","0","0","0.00","0.00","16.83","6.20","-63.16","1000.00","YES","5841.77","Female","50.19","41.35","39.03","37.25","0.00","0.00","12.00","","","",""
"30/08/2026","16:40","Cork","Spider Star","51.00","0.00","51.00","-20.00","41.00","-20.00","YES","80/1","60.00","14","14","Andrew Slattery","David Harry Kelly","","13","","0","","","","","","","","0","3","3","0","30/08/2026 16:40","6f","Turf","E","5","1320","0","7200.00","Cork Maiden (Class E)","14","","","0.00","134","","0","0","0","0.00","0.00","0.00","0","0","0","0.00","0.00","0.00","0.00","0.00","","","0.00","","","0","0.00","0.00","","0.00","3","3","9.8","","7","43","Mdn","Right - Easy","3yo+","","0.00","3","","","16","17","203","437","234","35","47","52","100","","","b","g","Leala","Starman","","0","0.70","0","0","0.00","0.00","0.00","0.00","","","0.00","0.00","160.00","150.00","-6.25","450.00","YES","181.25","Male","57.86","57.82","55.39","51.69","0.00","0.00","80.00","","","",""
"30/08/2026","16:40","Cork","Noble Irish","4.33","-9.91","4.00","33.33","5.00","20.12","YES","13/2","95.20","8","4","Wayne Lordan","A P O'Brien","","110","","0","","","","","","","","0","8","8","0","30/08/2026 16:40","6f","Turf","E","5","1320","0","7200.00","Cork Maiden (Class E)","8","","","0.00","134","","0","0","0","0.00","0.00","0.00","0","0","0","0.00","0.00","0.00","0.00","0.00","","","0.00","","","0","0.00","0.00","","0.00","1","3","9.8","","5","60","Mdn","Right - Easy","3yo+","","0.00","3","","","16","17","207","569","362","94","89","79","100","","","b","c","Jumellea","No Nay Never","","0","0.88","0","0","0.00","0.00","0.00","0.00","","","0.00","0.00","11.50","5.00","-56.52","14.00","YES","21.74","Male","66.80","61.77","63.93","57.52","0.00","0.00","6.50","","","",""
"30/08/2026","16:40","Cork","Red Dahlia","29.00","42.86","41.00","-17.50","34.00","17.86","YES","33/1","17.86","7","11","Shane Foley","John Joseph Murphy","","26","","0","","","","","","","","0","3","3","0","30/08/2026 16:40","6f","Turf","E","5","1320","0","7200.00","Cork Maiden (Class E)","7","","","0.00","129","","0","0","0","0.00","0.00","0.00","0","0","0","0.00","0.00","0.00","0.00","0.00","","","0.00","","","0","0.00","0.00","","0.00","13","3","9.3","","15","60","Mdn","Right - Easy","3yo+","","0.00","3","","","16","17","203","489","286","49","72","65","100","","","b","f","Path Of Silver","Nando Parrado","","0","1.56","0","0","0.00","0.00","0.00","0.00","","","0.00","0.00","54.54","50.00","-8.32","1000.00","YES","1733.52","Female","0.00","11.75","11.75","11.75","0.00","0.00","33.00","","","",""
"30/08/2026","16:40","Cork","Faithful Ardad","41.00","25.00","51.00","-20.00","41.00","0.00","YES","66/1","65.00","12","6","Declan McDonogh","Kieran P Cotter","","50","","0","","","","","","","","0","3","3","0","30/08/2026 16:40","6f","Turf","E","5","1320","0","7200.00","Cork Maiden (Class E)","12","","","0.00","129","","0","0","0","0.00","0.00","0.00","0","0","0","0.00","0.00","0.00","0.00","0.00","","","0.00","","","0","0.00","0.00","","0.00","12","3","9.3","","9","45","Mdn","Right - Easy","3yo+","","0.00","3","","","16","17","203","480","277","54","63","60","100","","","b","f","Malika I Jahan","Ardad","","0","0.66","0","0","0.00","0.00","0.00","0.00","","","0.00","0.00","120.00","110.00","-8.33","280.00","YES","133.33","Female","0.00","20.59","23.45","27.67","0.00","0.00","66.00","","","",""
"30/08/2026","16:55","Goodwood","Obito","5.50","11.11","6.00","30.00","7.50","44.44","YES","4/1 (2F)","-11.11","3","2","Daniel Tudhope","David O'Meara","66","167","20","85","69","63","64","D","63","66","60","42","31","73","2","30/08/2026 16:55","1m 1f 197y","Turf","D","4","2177","0","8066.00","Virgin Bet Supports Safe Gambling Handicap (Class D)","3","","","0.00","142","12226-82551","0","0","0","0.00","0.00","0.00","3","5","17","17.65","29.41","0.00","4.00","48.85","D","4","5234.00","141","1m 2f","2200","6.60","5.50","HHHHH-HHHPH","7.00","5","4","10.2","D","4","72","Hcap","Right - Sharp / Undulating","3yo+,90","5/1","5.00","3","","90","10","11","292","599","307","78","78","79","72","20","","b","g","All Time","Blue Point","h","0","1.41","3","17","67.41","51.31","29.41","17.65","-3","-1","0.00","0.00","6.60","2.70","-59.09","1000.00","YES","15051.52","Male","59.10","51.78","55.44","51.15","0.00","0.00","4.00","","","",""
"30/08/2026","16:55","Goodwood","War Hawk","12.00","9.09","13.00","0.00","13.00","9.09","YES","10/1","-9.09","6","3","Callum Rodriguez","Simon and Ed Crisford","56","154","44","85","77","63","64","B","68","68","62","19","28","47","0","30/08/2026 16:55","1m 1f 197y","Turf","D","4","2177","0","8066.00","Virgin Bet Supports Safe Gambling Handicap (Class D)","6","","","0.00","142","241421167-5","0","0","0","0.00","0.00","0.00","3","3","12","25.00","25.00","0.00","-0.83","167.88","C","3","9020.00","134","1m 2f","2200","17.00","15.00","PHHHHPHHH-H","0.00","1","4","10.2","D","2","63","Hcap","Right - Sharp / Undulating","3yo+,90","12/1","12.00","3","","90","10","11","292","620","328","88","91","87","62","44","","b","g","Wrood","Mehmas","t","0","0.99","3","12","66.84","52.01","25.00","25.00","0","-3","33.33","66.67","12.28","1001.00","8051.47","1.00","YES","-91.86","Male","40.92","49.95","62.03","60.55","0.00","0.00","10.00","","","5","0"
"30/08/2026","16:55","Goodwood","Lavender Gold","12.00","0.00","12.00","-22.73","9.50","-22.73","YES","9/1","-18.18","8","5","Jason Watson","David Menuisier","45","118","36","75","66","56","54","E","58","61","54","27","23","50","6","30/08/2026 16:55","1m 1f 197y","Turf","D","4","2177","0","8066.00","Virgin Bet Supports Safe Gambling Handicap (Class D)","8","","","0.00","125","7323-710","0","0","0","0.00","0.00","0.00","1","2","7","14.29","28.57","0.00","-4.50","66.21","D","4","5653.00","126","1m 4f 98y","2738","21.44","15.00","HHLH-HLP","20.00","6","3","8.13","CD","11","57","Hcap","Right - Sharp / Undulating","3yo+,90","17/2","8.50","3","","90","10","11","249","575","326","84","69","93","80","36","","b","g","Lavande Violet","Victor Ludorum","WS","0","1.34","1","7","60.87","44.74","14.29","14.29","-5","-1","0.00","0.00","12.00","11.00","-8.33","1000.00","YES","8233.33","Male","50.34","41.17","39.72","35.64","0.00","0.00","9.00","","","",""
"30/08/2026","16:55","Goodwood","Alcaraz","51.00","0.00","51.00","0.00","51.00","0.00","YES","14/1","-72.00","10","9","D Egan","George Baker","58","66","29","80","73","53","53","C","48","63","45","13","28","41","8","30/08/2026 16:55","1m 1f 197y","Turf","D","4","2177","0","8066.00","Virgin Bet Supports Safe Gambling Handicap (Class D)","10","","","0.00","137","7228P-50","0","0","0","0.00","0.00","0.00","0","2","7","0.00","28.57","0.00","-7.00","0.00","C","3","25770.00","129","1m 1f 11y","1991","262.27","81.00","HLLLP-LP","27.00","10","7","9.11","","7","56","Hcap","Right - Sharp / Undulating","3yo+,90","18/1","18.00","3","","90","10","11","211","436","225","64","67","72","22","29","279","b","g","Terre","Intello","","0","0.65","0","7","35.06","25.43","42.86","28.57","-1","-3","0.00","0.00","15.87","20.00","26.02","1000.00","YES","6201.20","Male","56.25","47.69","44.66","45.09","0.00","0.00","14.00","","","",""
"30/08/2026","16:40","Cork","Inform","6.00","-10.00","5.50","-22.22","4.50","-30.00","YES","6/1","20.00","10","1","Colin Keane","G M Lyons","","220","","0","","","","","","","","0","21","21","0","30/08/2026 16:40","6f","Turf","E","5","1320","0","7200.00","Cork Maiden (Class E)","10","","","0.00","134","","0","0","0","0.00","0.00","0.00","0","0","0","0.00","0.00","0.00","0.00","0.00","","","0.00","","","0","0.00","0.00","","0.00","2","3","9.8","","3","47","Mdn","Right - Easy","3yo+","","0.00","3","","","16","17","231","616","385","92","98","95","100","","","b","c","Announce","Oasis Dream","","0","1.58","0","0","0.00","0.00","0.00","0.00","","","0.00","0.00","9.15","8.40","-8.20","1000.00","YES","10828.96","Male","74.11","56.68","56.26","59.32","0.00","0.00","6.00","","","",""
"30/08/2026","16:40","Cork","Hurleys Hill","101.00","25.00","126.00","0.00","126.00","25.00","YES","300/1","200.00","16","13","Alan Persse","Patrick J Flynn","41","22","15","0","41","41","41","E","41","","41","0","17","17","0","30/08/2026 16:40","6f","Turf","E","5","1320","5","7200.00","Cork Maiden (Class E)","16","","","0.00","129","0","0","0","0","0.00","0.00","0.00","0","0","1","0.00","0.00","0.00","-1.00","0.00","E","5","7200.00","130","7f","1540","280.00","101.00","H","0.00","11","3","9.3","","2","37","Mdn","Right - Easy","3yo+","","0.00","3","","","16","17","260","516","256","55","37","64","100","15","","ch","g","Fashion Line","Belardo","","0","1.65","0","1","23.08","5.33","0.00","0.00","1","1","0.00","0.00","1000.00","1000.00","0.00","1000.00","YES","0.00","Male","72.22","43.52","47.73","35.42","0.00","0.00","300.00","","","",""
"30/08/2026","16:55","Goodwood","Due To Henry","11.00","10.00","12.00","0.00","12.00","10.00","YES","12/1","20.00","5","7","Charles Bishop","Eve Johnson Houghton","68","72","78","77","72","60","63","C","61","70","58","24","37","61","6","30/08/2026 16:55","1m 1f 197y","Turf","D","4","2177","0","8066.00","Virgin Bet Supports Safe Gambling Handicap (Class D)","5","","","0.00","134","0/089400-253","0","0","0","0.00","0.00","0.00","3","3","17","17.65","17.65","0.00","-0.25","52.22","C","3","12885.00","117","1m 2f 70y","2270","15.23","13.00","H/LPPLPP-PLH","20.00","3","5","9.8","D","8","69","Hcap","Right - Sharp / Undulating","3yo+,90","10/1","10.00","3","","90","10","11","270","483","213","79","54","74","6","78","","b","g","Rivas Rhapsody","Due Diligence","pWS","0","1.48","3","17","51.94","39.60","58.82","41.18","-1","1","0.00","0.00","13.71","7.20","-47.48","1000.00","YES","7193.95","Male","53.41","54.25","52.40","51.58","0.00","0.00","12.00","","","3","0"
"30/08/2026","16:55","Goodwood","A Major Payne","5.50","-22.22","4.50","14.29","5.00","-11.11","YES","9/2","0.00","1","4","Oisin Murphy","Michael Bell","66","137","17","86","70","63","68","D","68","68","61","35","49","84","0","30/08/2026 16:55","1m 1f 197y","Turf","D","4","2177","0","8066.00","Virgin Bet Supports Safe Gambling Handicap (Class D)","1","","","0.00","143","353-3221313","0","0","0","0.00","0.00","0.00","2","12","21","9.52","57.14","0.00","-14.50","51.82","C","3","9631.00","133","1m 2f","2200","5.00","4.33","HHH-HHHHHHH","0.00","9","5","10.3","D  BF","1","73","Hcap","Right - Sharp / Undulating","3yo+,90","6/1","6.00","3","","90","10","11","314","654","340","76","95","91","78","17","","b","g","Thankful","Harry Angel","p","0","1.05","2","21","70.11","54.80","47.62","23.81","3","-1","50.00","50.00","6.60","1.01","-84.70","13.50","YES","104.55","Male","67.13","52.17","47.15","44.33","0.00","0.00","4.50","","","",""
"30/08/2026","16:40","Cork","Feel Happy","8.50","-6.67","8.00","-35.71","5.50","-40.00","YES","4/1","-46.67","1","9","Paddy Harnett","Donnacha O'Brien","58","31","37","73","58","55","54","E","55","55","54","7","3","10","4","30/08/2026 16:40","6f","Turf","E","5","1320","3","7200.00","Cork Maiden (Class E)","1","","","0.00","126","464","0","0","0","0.00","0.00","0.00","0","0","3","0.00","0.00","0.00","-3.00","0.00","E","5","7200.00","129","6f","1320","15.50","11.00","PPH","13.00","16","3","9.0","","10","67","Mdn","Right - Easy","3yo+","22/1","22.00","3","","","16","17","274","433","159","83","54","72","-50","37","","b","f","Simply A Star","Wootton Bassett","t1","0","1.22","0","3","72.22","52.31","0.00","0.00","-1","-1","0.00","0.00","6.45","1.01","-84.34","6.00","YES","-6.98","Female","42.86","44.84","44.38","53.92","0.00","0.00","4.00","","","",""
"30/08/2026","16:35","Yarmouth","Campani","3.75","-18.18","3.25","-11.11","3.00","-27.27","YES","9/4 (F)","-18.18","2","2","Daniel Muscutt","David Simcock","58","175","38","59","66","56","63","F","65","65","52","38","51","89","4","30/08/2026 16:35","7f 3y","Turf","F","6","1543","0","3768.00","Bodhi Solutions - Commercial Fit-Out Challenge Handicap (Class F)","2","","","0.00","134","0/22177-1313","0","0","0","0.00","0.00","0.00","3","3","12","25.00","25.00","0.00","14.00","47.45","E","5","4397.00","120","7f 3y","1543","3.81","3.00","P/PPHHH-HPHP","7.00","11","4","9.8","C D","4","58","Hcap","Left - Galloping","3yo+,65","9/1","9.00","3","","65","11","14","323","549","226","66","76","56","28","38","","b","g","Italian Connection","Time Test","","0","1.07","3","12","58.05","47.60","33.33","33.33","4","1","66.67","66.67","4.10","1.48","-63.90","300.00","YES","7217.07","Male","51.94","57.19","54.35","48.77","0.00","0.00","2.25","","","3","0"
"30/08/2026","16:35","Yarmouth","Pickering Castle","12.00","-9.09","11.00","0.00","11.00","-9.09","YES","12/1","9.09","1","10","Joey Haynes","David Simcock","58","48","48","56","62","58","58","F","58","61","56","20","3","23","2","30/08/2026 16:35","7f 3y","Turf","F","6","1543","0","3768.00","Bodhi Solutions - Commercial Fit-Out Challenge Handicap (Class F)","1","","","0.00","131","3224388-776","0","0","0","0.00","0.00","0.00","0","5","13","0.00","38.46","0.00","-13.00","0.00","F","6","3454.00","124","7f 2y","1542","16.50","15.00","PPHHHHH-HPH","4.00","4","4","9.5","","5","59","Hcap","Left - Galloping","3yo+,65","18/1","18.00","3","","65","11","14","166","350","184","66","45","77","-4","48","","b","g","Primrose Valley","Cityscape","","0","1.06","0","13","49.60","33.49","30.77","7.69","1","-1","0.00","0.00","20.19","1.01","-95.00","19.00","YES","-5.89","Male","51.94","57.19","54.35","48.77","0.00","0.00","12.00","","","6","0"
"30/08/2026","16:35","Yarmouth","Caitlin G","21.00","-10.00","19.00","-11.11","17.00","-20.00","YES","14/1","-30.00","11","3","Grace McEntee","Michael Patrick Fenton","57","97","13","51","57","47","56","F","57","57","44","45","28","73","8","30/08/2026 16:35","7f 3y","Turf","F","6","1543","0","3768.00","Bodhi Solutions - Commercial Fit-Out Challenge Handicap (Class F)","11","","","0.00","121","909-9975415","0","0","0","0.00","0.00","0.00","1","0","10","10.00","0.00","0.00","13.00","34.54","F","6","3768.00","131","6f 12y","1332","21.00","15.00","LHP-HHHPPLP","15.00","8","3","8.9","CD","13","43","Hcap","Left - Galloping","3yo+,65","15/2","7.50","3","","65","11","14","255","565","310","82","56","82","90","13","","b","f","Sara Dream","Bangkok","","0","1.28","1","10","34.09","22.69","50.00","40.00","6","3","0.00","0.00","20.83","10.50","-49.59","1000.00","YES","4700.77","Female","50.00","42.05","65.23","55.04","0.00","0.00","14.00","","","",""
"30/08/2026","16:35","Yarmouth","Yoko","29.00","-28.57","21.00","-10.00","19.00","-35.71","YES","20/1","-28.57","4","8","Silvestre De Sousa","David Loughnane","43","59","31","58","53","46","49","F","51","51","47","21","15","36","4","30/08/2026 16:35","7f 3y","Turf","F","6","1543","0","3768.00","Bodhi Solutions - Commercial Fit-Out Challenge Handicap (Class F)","4","","","0.00","128","5042-59","0","0","0","0.00","0.00","0.00","0","0","6","0.00","0.00","0.00","-6.00","0.00","F","6","3768.00","134","7f 36y","1576","38.00","29.00","PHHP-PH","7.00","2","3","9.2","","10","56","Hcap","Left - Galloping","3yo+,65","18/1","18.00","3","","65","11","14","176","441","265","67","72","93","33","31","","b","f","Our Greta","Saxon Warrior","","0","1.10","0","6","43.08","22.94","16.67","0.00","6","3","0.00","0.00","32.00","50.00","56.25","90.00","YES","181.25","Female","53.40","43.32","48.08","48.06","0.00","0.00","20.00","","","",""
"30/08/2026","16:35","Yarmouth","Withoutfurtherado","41.00","-30.00","29.00","-10.71","26.00","-37.50","YES","22/1","-45.00","7","11","Liam Wright","Peter Charalambous and James C","53","15","10","52","65","53","56","F","53","62","54","12","3","15","2","30/08/2026 16:35","7f 3y","Turf","F","6","1543","3","3768.00","Bodhi Solutions - Commercial Fit-Out Challenge Handicap (Class F)","7","","","0.00","124","0652097-059","0","0","0","0.00","0.00","0.00","0","3","16","0.00","18.75","0.00","-16.00","0.00","F","6","3245.00","130","1m 1y","1761","89.87","51.00","HHHHHHH-HPH","4.00","6","4","8.12","","12","50","Hcap","Left - Galloping","3yo+,65","33/1","33.00","3","","65","11","14","150","304","154","48","62","73","-29","10","","b","g","Entrancing","Twilight Son","","0","1.22","0","16","47.47","27.72","12.50","0.00","2","1","0.00","0.00","38.00","34.00","-10.53","1000.00","YES","2531.58","Male","0.00","35.00","27.49","28.86","0.00","0.00","22.00","","","",""
"30/08/2026","16:35","Yarmouth","Gemini Star","15.00","-21.43","12.00","-36.36","8.00","-50.00","YES","4/1 (2F)","-71.43","9","4","Dylan Hogan","Julia and Shelley Birkett","57","95","10","59","69","57","54","F","57","66","57","32","18","50","2","30/08/2026 16:35","7f 3y","Turf","F","6","1543","0","3768.00","Bodhi Solutions - Commercial Fit-Out Challenge Handicap (Class F)","9","","","0.00","134","63/387597-20","0","0","0","0.00","0.00","0.00","1","5","21","4.76","23.81","0.00","-19.17","37.80","F","6","3245.00","134","6f","1320","13.94","9.50","PH/HPHPPP-HH","4.00","9","6","9.8","","3","46","Hcap","Left - Galloping","3yo+,65","11/1","11.00","3","","65","11","14","262","477","215","82","51","73","9","10","","b","m","Star Fire","Starspangledbanner","","0","1.19","1","21","52.21","36.69","19.05","9.52","-1","-3","100.00","100.00","6.43","7.20","11.98","360.00","YES","5498.76","Female","45.17","44.50","46.79","46.54","0.00","0.00","4.00","","","",""
"30/08/2026","16:35","Yarmouth","Cuban Girl","17.00","0.00","17.00","-56.25","8.00","-56.25","YES","6/1","-62.50","8","1","Mr Jack Callan","Brian Toomey","60","194","28","60","68","56","61","F","60","67","55","30","22","52","8","30/08/2026 16:35","7f 3y","Turf","F","6","1543","0","3768.00","Bodhi Solutions - Commercial Fit-Out Challenge Handicap (Class F)","8","","","0.00","135","941279-0254","0","0","0","0.00","0.00","0.00","1","3","13","7.69","23.08","0.00","-3.00","41.87","F","6","3768.00","134","1m 2f 23y","2223","10.00","8.50","HHPHPH-HLHL","15.00","10","4","9.9","","2","48","Hcap","Left - Galloping","3yo+,65","12/1","12.00","3","","65","11","14","283","536","253","75","82","76","20","28","","b","f","Tafilly","Havana Grey","","0","0.86","1","13","42.18","29.57","46.15","30.77","5","1","100.00","100.00","8.20","6.20","-24.39","980.00","YES","11851.22","Female","0.00","0.00","57.34","50.09","0.00","0.00","6.00","","","",""
"30/08/2026","16:35","Yarmouth","Rokuni","34.00","-15.15","29.00","0.00","29.00","-15.15","YES","28/1","-15.15","10","7","Ashley Lewis","Charlie Wallis","53","61","4","46","64","53","53","F","53","62","53","13","8","21","12","30/08/2026 16:35","7f 3y","Turf","F","6","1543","3","3768.00","Bodhi Solutions - Commercial Fit-Out Challenge Handicap (Class F)","10","","","0.00","118","03600-09630","0","0","0","0.00","0.00","0.00","1","3","31","3.23","9.68","0.00","-29.17","36.72","F","6","3454.00","121","1m 142y","1902","41.15","34.00","PPPHP-HHLLL","22.00","1","4","8.6","","14","44","Hcap","Left - Galloping","3yo+,65","28/1","28.00","3","","65","11","14","192","408","216","52","89","76","-1","4","","gr","g","Riyaza","Saxon Warrior","tv","0","0.63","1","31","44.38","26.86","25.81","16.13","7","3","100.00","100.00","44.00","55.00","25.00","1000.00","YES","2172.73","Male","29.09","40.23","30.17","38.45","0.00","0.00","28.00","","","",""
"30/08/2026","16:40","Cork","Optics","67.00","0.00","67.00","-24.24","51.00","-24.24","YES","100/1","51.52","13","10","Nathan Crosse","Ms M McDowall","51","28","15","60","52","51","46","E","51","51","46","6","3","9","4","30/08/2026 16:40","6f","Turf","E","5","1320","0","7200.00","Cork Maiden (Class E)","13","","","0.00","134","0-76","0","0","0","0.00","0.00","0.00","0","0","3","0.00","0.00","0.00","-3.00","0.00","E","5","9000.00","134","5f","1100","65.00","41.00","H-PP","13.00","10","3","9.8","","6","44","Mdn","Right - Easy","3yo+","25/1","25.00","3","","","16","17","262","289","27","36","34","39","-82","15","","b","g","Promiseofparadise","Equiano","t","0","0.49","0","3","34.85","18.25","33.33","33.33","1","1","0.00","0.00","266.80","140.00","-47.53","440.00","YES","64.92","Male","0.00","0.00","63.64","60.98","0.00","0.00","100.00","","","",""
"30/08/2026","16:40","Cork","Saint Agatha","9.00","6.25","9.50","-5.88","9.00","0.00","YES","10/1","25.00","5","5","Gavin Ryan","J A Stack","51","82","118","73","63","53","54","E","51","55","54","27","15","42","8","30/08/2026 16:40","6f","Turf","E","5","1320","0","7200.00","Cork Maiden (Class E)","5","","","0.00","129","28-30","0","0","0","0.00","0.00","0.00","0","2","4","0.00","50.00","0.00","-4.00","0.00","C","3","15601.00","127","7f","1540","9.02","9.00","PL-PP","25.00","9","3","9.3","","16","62","Mdn","Right - Easy","3yo+","5/1","5.00","3","","","16","17","297","539","242","70","52","60","60","118","","b","f","Scream Blue Murder","St Mark's Basilica","t1","0","1.41","0","4","48.19","34.45","25.00","25.00","2","1","0.00","0.00","13.43","25.00","86.15","1000.00","YES","7346.02","Female","52.38","47.89","49.54","46.86","0.00","0.00","10.00","","","",""
"30/08/2026","16:40","Cork","Grande Cuvee","6.50","0.00","6.50","-27.27","5.00","-27.27","YES","3/1 (F)","-45.45","2","2","Seamie Heffernan","J A Stack","58","152","15","70","64","58","56","E","58","58","56","33","39","72","6","30/08/2026 16:40","6f","Turf","E","5","1320","0","7200.00","Cork Maiden (Class E)","2","","","0.00","129","932","0","0","0","0.00","0.00","0.00","0","2","3","0.00","66.67","0.00","-3.00","0.00","E","5","9000.00","129","5f","1100","7.20","5.50","PPP","19.00","4","3","9.3","","11","67","Mdn","Right - Easy","3yo+","4/1","4.00","3","","","16","17","356","516","160","70","55","75","-40","15","","ch","f","Medicean Star","Starspangledbanner","","0","1.58","0","3","79.82","64.87","0.00","0.00","1","1","0.00","0.00","4.97","3.00","-39.64","280.00","YES","5533.80","Female","52.38","47.89","49.54","46.86","0.00","0.00","3.00","","","",""
"30/08/2026","16:40","Cork","Keogie","17.00","0.00","17.00","0.00","17.00","0.00","YES","40/1","150.00","6","3","Adam Caffrey","Noel Meade","51","117","106","73","64","56","57","E","58","58","57","23","23","46","4","30/08/2026 16:40","6f","Turf","E","5","1320","0","7200.00","Cork Maiden (Class E)","6","","","0.00","134","2038","0","0","1","0.00","0.00","-1.00","0","2","4","0.00","50.00","0.00","-4.00","0.00","E","5","7800.00","134","5f","1100","20.00","12.00","HLHH","13.00","5","3","9.8","","4","61","Mdn","Right - Easy","3yo+","6/1","6.00","3","","","16","17","324","422","98","62","51","51","-66","106","","b","g","Kozmina Bay","Sergei Prokofiev","","0","1.05","0","4","58.75","40.91","25.00","0.00","0","-1","0.00","0.00","75.00","40.00","-46.67","70.00","YES","-6.67","Male","71.46","62.55","49.57","52.85","0.00","0.00","40.00","","","",""
"30/08/2026","16:35","Yarmouth","Captive Beauty","12.00","0.00","12.00","27.27","15.00","27.27","YES","17/2","-22.73","3","6","Josephine Gordon","R Burdon","59","78","17","57","62","52","56","F","59","59","52","27","14","41","0","30/08/2026 16:35","7f 3y","Turf","F","6","1543","0","3768.00","Bodhi Solutions - Commercial Fit-Out Challenge Handicap (Class F)","3","","","0.00","127","8-6028","0","0","0","0.00","0.00","0.00","0","1","5","0.00","20.00","0.00","-5.00","0.00","F","6","3664.00","129","7f 1y","1541","24.72","19.00","H-PHHH","0.00","3","3","9.1","","11","57","Hcap","Left - Galloping","3yo+,65","13/1","13.00","3","","65","11","14","202","470","268","76","64","76","52","17","","b","f","Siren's Cove","Showcasing","","0","1.25","0","5","45.42","26.18","20.00","20.00","1","1","0.00","0.00","11.50","6.20","-46.09","1000.00","YES","8595.65","Female","48.61","39.29","45.82","48.57","0.00","0.00","8.50","","","",""
"30/08/2026","16:35","Yarmouth","Oh So Perfect","5.00","-16.75","4.33","50.15","6.00","25.00","YES","9/2","12.50","6","5","Mason Paetel","Michael Appleby","58","90","31","58","65","52","59","F","58","61","53","27","22","49","12","30/08/2026 16:35","7f 3y","Turf","F","6","1543","3","3768.00","Bodhi Solutions - Commercial Fit-Out Challenge Handicap (Class F)","6","","","0.00","125","8547-331124","0","0","0","0.00","0.00","0.00","2","3","12","16.67","25.00","0.00","2.50","36.64","F","6","3768.00","130","7f 36y","1576","2.59","2.38","HHPH-LPLLLL","22.00","7","3","8.13","D  BF","9","53","Hcap","Left - Galloping","3yo+,65","13/1","13.00","3","","65","11","14","264","544","280","68","81","77","54","31","","b","f","Strategise","Sioux Nation","","0","1.22","2","12","62.88","46.14","25.00","25.00","-2","1","0.00","0.00","6.38","7.00","9.72","1000.00","YES","15573.98","Female","51.64","50.29","44.68","40.65","0.00","0.00","4.50","","","",""
"30/08/2026","16:40","Cork","She's Too Kool","21.00","-10.00","19.00","-50.00","10.00","-55.00","YES","100/30 (2F)","-83.35","3","7","Adam Browne-Souza","Ms Claire O'Connell","58","38","15","76","66","53","52","D","58","62","47","14","11","25","2","30/08/2026 16:40","6f","Turf","E","5","1320","7","7200.00","Cork Maiden (Class E)","3","","","0.00","122","5P364-504","0","0","0","0.00","0.00","0.00","0","1","8","0.00","12.50","0.00","-8.00","0.00","E","5","7200.00","125","7f","1540","24.46","17.00","PLHHH-HHP","6.00","6","3","8.10","","17","66","Mdn","Right - Easy","3yo+","11/1","11.00","3","","","16","17","319","482","163","42","56","49","16","15","","b","f","Evie Be Kool","Far Above","","0","0.00","0","8","35.38","20.75","62.50","37.50","6","3","0.00","0.00","5.07","4.30","-15.19","150.00","YES","2858.58","Female","37.69","37.69","47.11","43.17","0.00","0.00","3.33","","","",""
"30/08/2026","16:35","Yarmouth","Potters Prince","9.00","-12.50","8.00","-7.14","7.50","-18.75","YES","12/1","50.00","5","9","Darragh Keenan","Matt Crawley","61","50","141","56","66","56","62","F","61","61","54","24","8","32","0","30/08/2026 16:35","7f 3y","Turf","F","6","1543","0","3768.00","Bodhi Solutions - Commercial Fit-Out Challenge Handicap (Class F)","5","","","0.00","131","045-534","0","0","0","0.00","0.00","0.00","0","1","6","0.00","16.67","0.00","-6.00","0.00","F","6","3768.00","131","1m 3y","1763","28.86","19.00","HHH-HHH","0.00","5","4","9.5","","6","54","Hcap","Left - Galloping","3yo+,65","16/1","16.00","3","","65","11","14","179","417","238","68","55","76","39","141","","b","g","Clenor","Territories","","0","0.82","0","6","39.67","24.69","16.67","16.67","4","3","0.00","0.00","15.63","6.20","-60.33","1000.00","YES","6297.95","Male","50.00","50.00","54.17","51.60","0.00","0.00","12.00","","","6","-2"
"30/08/2026","16:55","Goodwood","Brigid's Well","15.00","0.00","15.00","-21.43","12.00","-21.43","YES","18/1","28.57","4","8","David Probert","Hugo Palmer","68","69","19","82","68","63","62","C","64","67","61","15","3","18","0","30/08/2026 16:55","1m 1f 197y","Turf","D","4","2177","0","8066.00","Virgin Bet Supports Safe Gambling Handicap (Class D)","4","","","0.00","132","9124-5067","0","0","0","0.00","0.00","0.00","1","1","8","12.50","12.50","0.00","5.00","48.60","C","3","13400.00","129","1m 1f 35y","2015","22.30","19.00","HLLL-PHHH","0.00","2","3","9.6","","9","71","Hcap","Right - Sharp / Undulating","3yo+,90","16/1","16.00","3","","90","10","11","218","436","218","82","65","75","-4","19","","b","f","Selfara","Ulysses","tp1","0","0.78","1","8","59.18","41.61","37.50","37.50","6","3","0.00","0.00","23.00","13.00","-43.48","1000.00","YES","4247.83","Female","40.55","46.09","46.83","47.93","0.00","0.00","18.00","","","",""
"30/08/2026","17:15","Cork","Guy's Girl","19.00","-11.11","17.00","25.00","21.00","11.11","YES","22/1","22.22","6","6","K G Kennedy","W McCreery","58","60","24","63","68","55","55","E","58","64","54","32","5","37","0","30/08/2026 17:15","1m 4f","Turf","E","5","2640","5","7200.00","Follow Us On Instagram Handicap (Class E) (0-75)","6","","","0.00","128","6560-556300","0","0","0","0.00","0.00","0.00","0","1","10","0.00","10.00","0.00","-10.00","0.00","E","5","9000.00","135","1m 1f","1980","34.00","21.00","HHPH-HHHHHH","0.00","5","4","9.2","","13","59","Hcap","Right - Easy","4yo+,75","12/1","12.00","4","","75","18","21","102","289","187","81","67","55","-16","24","","b","f","Pleasantry","Ghaiyyath","","0","1.43","0","10","47.57","29.62","10.00","0.00","2","1","0.00","0.00","29.00","28.00","-3.45","650.00","YES","2141.38","Female","70.00","67.42","58.41","55.20","0.00","0.00","22.00","","","",""
"30/08/2026","17:15","Cork","Eternal Echo","23.00","-9.09","21.00","40.00","29.00","27.27","YES","50/1","127.27","13","12","Seamie Heffernan","David O'Sullivan","51","36","69","63","75","46","51","E","51","63","37","9","9","18","4","30/08/2026 17:15","1m 4f","Turf","E","5","2640","0","7200.00","Follow Us On Instagram Handicap (Class E) (0-75)","13","","","0.00","133","3134P-F90U0","0","0","0","0.00","0.00","0.00","2","3","12","16.67","25.00","50.00","-5.50","0.00","E","5","9000.00","134","1m 5f","2860","29.00","19.00","HPHPH-PHHLH","6.00","6","5","9.7","","12","50","Hcap","Right - Easy","4yo+,75","40/1","40.00","4","","75","18","21","78","204","126","28","44","66","-12","69","204","b","g","Expect Amazing","Fascinating Rock","","0","1.07","2","12","50.17","40.48","33.33","25.00","4","1","0.00","0.00","270.00","140.00","-48.15","950.00","YES","251.85","Male","51.92","65.24","64.36","64.76","0.00","0.00","50.00","","","",""
"30/08/2026","17:15","Cork","Nancee Spain","15.00","-21.43","12.00","-9.09","11.00","-28.57","YES","13/2 (2F)","-53.57","8","13","Scott McCullagh","Daniel McLoughlin","57","28","30","63","63","44","47","E","44","58","47","19","11","30","8","30/08/2026 17:15","1m 4f","Turf","E","5","2640","0","7200.00","Follow Us On Instagram Handicap (Class E) (0-75)","8","","","0.00","133","000221-855","0","0","0","0.00","0.00","0.00","1","2","9","11.11","22.22","0.00","-5.25","60.00","E","5","10200.00","135","1m 6f 14y","3094","52.83","26.00","HHHPPL-PLP","13.00","7","4","9.7","D","14","55","Hcap","Right - Easy","4yo+,75","20/1","20.00","4","","75","18","21","141","277","136","47","46","34","9","30","","b","f","Ihtiraam","Calyx","b","0","0.36","1","9","52.35","41.05","11.11","11.11","1","1","0.00","0.00","10.50","6.20","-40.95","12.50","YES","19.05","Female","50.19","41.35","39.03","37.25","0.00","0.00","6.50","","","",""
"30/08/2026","17:15","Cork","Lauderdale King","6.00","10.00","6.50","-18.18","5.50","-10.00","YES","2/1 (F)","-60.00","1","7","Andrew Slattery","Andrew Slattery","60","50","10","61","60","48","54","D","59","59","49","21","5","26","4","30/08/2026 17:15","1m 4f","Turf","E","5","2640","0","7200.00","Follow Us On Instagram Handicap (Class E) (0-75)","1","","","0.00","131","80-0345","0","0","0","0.00","0.00","0.00","0","1","6","0.00","16.67","0.00","-6.00","0.00","D","4","12000.00","121","1m 5f","2860","7.89","6.50","HH-HHPP","6.00","17","4","9.5","","18","64","Hcap","Right - Easy","4yo+,75","18/1","18.00","4","","75","18","21","113","179","66","74","47","61","-11","10","","b","g","Lauderdale Lady","King Of Change","","0","0.00","0","6","52.79","34.66","0.00","0.00","-2","-1","0.00","0.00","3.43","1.01","-70.55","3.35","YES","-2.33","Male","71.15","58.76","59.29","51.14","0.00","0.00","2.00","","","",""
"30/08/2026","17:15","Cork","Dutch Gold","15.00","0.00","15.00","0.00","15.00","0.00","YES","12/1","-14.29","14","1","Adam Caffrey","Noel Meade","56","109","69","66","73","60","59","B","58","72","56","9","9","18","4","30/08/2026 17:15","1m 4f","Turf","E","5","2640","0","7200.00","Follow Us On Instagram Handicap (Class E) (0-75)","14","","","0.00","136","5580-000090","0","0","0","0.00","0.00","0.00","2","3","27","7.41","11.11","100.00","-16.50","108.00","E","5","9000.00","140","1m 5f","2860","16.00","12.00","HHPH-HPHHPP","6.00","15","6","9.10","","8","50","Hcap","Right - Easy","4yo+,75","40/1","40.00","4","","75","18","21","122","213","91","76","66","70","-12","69","612","b","g","Dutch Monarch","Galileo Gold","","0","1.35","2","27","52.90","36.02","33.33","18.52","-1","-1","50.00","50.00","20.00","15.00","-25.00","15.00","YES","-25.00","Male","71.46","62.55","49.57","52.85","0.00","0.00","12.00","","","",""
"30/08/2026","17:15","Cork","Forlio","15.00","0.00","15.00","0.00","15.00","0.00","YES","28/1","100.00","16","5","W J Lee","Paul W Flynn","63","75","12","70","64","57","38","E","26","63","54","22","11","33","0","30/08/2026 17:15","1m 4f","Turf","E","5","2640","0","7200.00","Follow Us On Instagram Handicap (Class E) (0-75)","16","","","0.00","140","0-580341005","0","0","0","0.00","0.00","0.00","3","3","33","9.09","9.09","100.00","-13.50","65.00","E","5","6000.00","124","1m 2f 94y","2294","15.99","15.00","H-HHPHPHHHH","0.00","16","7","10.0","D","2","41","Hcap","Right - Easy","4yo+,75","18/1","18.00","4","","75","18","21","168","403","235","62","87","46","40","12","22","ch","g","Lady Hen","Mayson","b","0","0.00","3","33","54.33","37.02","21.21","21.21","3","-1","0.00","0.00","60.00","190.00","216.67","990.00","YES","1550.00","Male","34.13","45.76","39.33","42.37","0.00","0.00","28.00","","","",""
"30/08/2026","17:15","Cork","Louiescall","11.00","-10.00","10.00","11.11","11.00","0.00","YES","9/1","-10.00","3","3","Daniel King","David Harry Kelly","71","96","14","70","71","57","61","D","58","71","57","27","21","48","6","30/08/2026 17:15","1m 4f","Turf","E","5","2640","0","7200.00","Follow Us On Instagram Handicap (Class E) (0-75)","3","","","0.00","140","5212928-601","0","0","0","0.00","0.00","0.00","2","6","21","9.52","28.57","100.00","-7.50","120.00","D","4","10800.00","133","2m 110y","3630","34.24","29.00","LHLLLPP-HPL","9.00","8","5","10.0","","4","62","Hcap","Right - Easy","4yo+,75","14/1","14.00","4","","75","18","21","273","456","183","26","74","66","17","32","14","b","g","Red Perdita","Soldier's Call","","0","1.07","2","21","58.55","43.26","47.62","23.81","3","1","0.00","50.00","13.50","6.60","-51.11","6.60","YES","-51.11","Male","57.86","57.82","55.39","51.69","0.00","0.00","9.00","","","",""
"30/08/2026","17:15","Cork","Morse","11.00","10.00","12.00","0.00","12.00","10.00","YES","15/2","-25.00","7","11","P McGettigan","Charles Weld","50","39","80","67","74","55","57","D","60","65","53","10","13","23","0","30/08/2026 17:15","1m 4f","Turf","E","5","2640","5","7200.00","Follow Us On Instagram Handicap (Class E) (0-75)","7","","","0.00","132","90/9P07070-4","0","0","0","0.00","0.00","0.00","1","3","17","5.88","17.65","50.00","-6.00","90.00","C","3","15000.00","119","1m 1f","1980","9.50","9.00","PH/PPHHPHH-H","0.00","9","6","9.6","","6","55","Hcap","Right - Easy","4yo+,75","40/1","40.00","4","","75","18","21","152","235","83","16","36","13","18","80","552","b","g","Midsomer","Ruler Of The World","","0","0.37","1","17","48.84","33.75","29.41","11.76","-1","1","100.00","100.00","10.00","9.00","-10.00","9.00","YES","-10.00","Male","56.31","63.82","50.87","58.47","0.00","0.00","7.50","","","",""
"30/08/2026","17:15","Cork","Valjean","23.00","50.00","34.00","0.00","34.00","50.00","YES","25/1","13.64","15","18","R M Mulligan","Charles Weld","62","0","682","65","64","56","59","D","62","62","56","0","3","3","4","30/08/2026 17:15","1m 4f","Turf","E","5","2640","5","7200.00","Follow Us On Instagram Handicap (Class E) (0-75)","15","","","0.00","130","7870-","0","0","0","0.00","0.00","0.00","0","0","4","0.00","0.00","0.00","-4.00","0.00","D","4","12000.00","130","1m 6f","3080","77.36","34.00","HHPP-","6.00","12","5","9.4","","10","42","Hcap","Right - Easy","4yo+,75","","0.00","4","","75","18","21","48","159","111","16","52","16","27","682","","b","g","Letizia","Awtaad","h1","0","0.61","0","4","32.06","10.91","0.00","0.00","2","3","0.00","0.00","30.60","1001.00","3171.24","1.00","YES","-96.73","Male","56.31","63.82","50.87","58.47","0.00","0.00","25.00","","","",""
"30/08/2026","17:15","Cork","Preparations","6.50","9.09","7.00","8.33","7.50","18.18","YES","10/1","81.82","5","9","J S Dalton","Andrew Slattery","57","46","15","63","66","52","53","F","52","65","49","35","26","61","6","30/08/2026 17:15","1m 4f","Turf","E","5","2640","7","7200.00","Follow Us On Instagram Handicap (Class E) (0-75)","5","","","0.00","126","523047-0P61","0","0","0","0.00","0.00","0.00","3","3","19","15.79","15.79","66.67","7.50","61.50","F","6","6000.00","135","1m 4f","2640","5.31","5.00","PHHHLL-LLHP","9.00","10","5","9.0","D","16","59","Hcap","Right - Easy","4yo+,75","10/1","10.00","4","","75","18","21","222","442","220","74","15","44","87","15","51","b","m","Marvellous Ways","Mastercraftsman","","0","2.39","3","19","53.35","38.91","52.63","31.58","3","-1","0.00","0.00","14.03","1001.00","7034.71","1.00","YES","-92.87","Female","71.15","58.76","59.29","51.14","0.00","0.00","10.00","","","",""
"30/08/2026","17:15","Cork","Justenzia","15.00","14.29","17.00","0.00","17.00","14.29","YES","8/1","-42.86","2","17","J M Sheridan","Denis Gerard Hogan","60","7","31","68","66","54","52","E","54","63","52","19","6","25","0","30/08/2026 17:15","1m 4f","Turf","E","5","2640","0","7200.00","Follow Us On Instagram Handicap (Class E) (0-75)","2","","","0.00","138","1-45-220070","0","0","0","0.00","0.00","0.00","1","3","17","5.88","17.65","0.00","-12.00","60.00","E","5","10200.00","140","1m 4f","2640","67.41","29.00","PHPH-PPHHHH","0.00","1","4","9.12","","5","62","Hcap","Right - Easy","4yo+,75","20/1","20.00","4","","75","18","21","97","247","150","48","52","77","-27","31","","b","f","Renzia","Ghaiyyath","","0","1.07","1","17","47.67","31.84","35.29","11.76","-3","1","0.00","0.00","11.59","4.60","-60.31","300.00","YES","2488.44","Female","37.24","40.12","46.26","46.22","0.00","0.00","8.00","","","",""
"30/08/2026","17:15","Cork","Ohmali","8.00","-7.14","7.50","-23.08","6.00","-28.57","YES","10/1","42.86","10","9","Ben Coen","Miss N Lupini","62","46","24","63","70","59","54","E","55","66","55","19","10","29","2","30/08/2026 17:15","1m 4f","Turf","E","5","2640","0","7200.00","Follow Us On Instagram Handicap (Class E) (0-75)","10","","","0.00","133","44418-02005","0","0","0","0.00","0.00","0.00","1","3","16","6.25","18.75","0.00","-11.50","60.00","E","5","9000.00","133","1m 1f","1980","16.26","11.00","PHHPP-HHPHH","3.00","14","4","9.7","","15","54","Hcap","Right - Easy","4yo+,75","20/1","20.00","4","","75","18","21","123","254","131","66","58","71","-64","24","","b","g","Shoofly","Sands Of Mali","","0","3.65","1","16","58.63","42.58","6.25","6.25","-2","-1","100.00","100.00","17.50","1001.00","5620.00","1.00","YES","-94.29","Male","36.61","50.88","61.45","49.74","0.00","0.00","10.00","","","",""
"30/08/2026","17:15","Cork","Glittering Gem","8.50","-6.67","8.00","42.86","11.00","33.33","YES","16/1","113.33","11","7","Chris Hayes","D K Weld","57","50","15","70","70","57","60","E","57","61","58","40","32","72","6","30/08/2026 17:15","1m 4f","Turf","E","5","2640","0","7200.00","Follow Us On Instagram Handicap (Class E) (0-75)","11","","","0.00","140","70-324","0","0","0","0.00","0.00","0.00","0","1","5","0.00","20.00","0.00","-5.00","0.00","E","5","7200.00","134","1m 4f","2640","6.00","4.00","PP-PPP","9.00","3","4","10.0","","3","53","Hcap","Right - Easy","4yo+,75","9/1","9.00","4","","75","18","21","216","409","193","86","62","90","-45","15","","b","f","Kiss For A Jewel","Frankel","","0","0.36","0","5","59.29","39.99","20.00","20.00","-3","-1","0.00","0.00","42.00","70.00","66.67","950.00","YES","2161.90","Female","67.71","57.12","61.30","59.31","0.00","0.00","16.00","","","",""
"30/08/2026","17:15","Cork","Rocket Robyn","19.00","-11.11","17.00","0.00","17.00","-11.11","YES","18/1","0.00","9","14","Paddy Harnett","Martin Hassett","60","27","49","64","66","60","62","D","63","64","56","27","18","45","2","30/08/2026 17:15","1m 4f","Turf","E","5","2640","3","7200.00","Follow Us On Instagram Handicap (Class E) (0-75)","9","","","0.00","131","6929-80692","0","0","0","0.00","0.00","0.00","0","2","9","0.00","22.22","0.00","-9.00","0.00","E","5","6601.00","125","1m 2f 150y","2350","13.50","12.00","HHPH-HHHHP","3.00","2","4","9.5","","11","55","Hcap","Right - Easy","4yo+,75","14/1","14.00","4","","75","18","21","158","258","100","41","53","57","-51","49","","ch","f","Glee Club","Harry Angel","t","0","1.07","0","9","54.80","33.79","11.11","11.11","5","3","0.00","0.00","42.00","44.00","4.76","44.00","YES","4.76","Female","53.85","56.91","59.35","62.92","0.00","0.00","18.00","","","",""
"30/08/2026","17:15","Cork","Questionable","26.00","-12.00","23.00","27.27","29.00","12.00","YES","50/1","100.00","17","16","Shane Foley","Eamonn O'Connell","48","8","54","65","73","57","41","D","39","71","55","12","3","15","0","30/08/2026 17:15","1m 4f","Turf","E","5","2640","0","7200.00","Follow Us On Instagram Handicap (Class E) (0-75)","17","","","0.00","135","213/9554-806","0","0","0","0.00","0.00","0.00","1","3","18","5.56","16.67","100.00","-9.50","44.49","D","4","9900.00","132","1m 4f","2640","68.06","41.00","LHP/HHPH-HHH","0.00","11","5","9.9","","9","34","Hcap","Right - Easy","4yo+,75","33/1","33.00","4","","75","18","21","27","235","208","26","73","79","30","54","147","b","m","Rattleyurjewellery","Time Test","t","0","0.55","1","18","48.09","31.42","27.78","16.67","0","-1","100.00","100.00","100.19","70.00","-30.13","950.00","YES","848.20","Female","0.00","42.86","47.32","38.48","0.00","0.00","50.00","","","",""
"30/08/2026","17:15","Cork","Victoria Kesia","34.00","0.00","34.00","21.21","41.00","21.21","YES","100/1","203.03","12","15","Gavin Ryan","John Joseph Hanlon","51","17","20","67","65","52","29","E","27","58","42","10","1","11","4","30/08/2026 17:15","1m 4f","Turf","E","5","2640","0","7200.00","Follow Us On Instagram Handicap (Class E) (0-75)","12","","","0.00","137","U06P-083087","0","0","0","0.00","0.00","0.00","1","5","22","4.55","22.73","87.50","-16.00","66.01","E","5","10800.00","137","1m","1760","22.00","15.00","HHHL-HHPPHP","6.00","4","5","9.11","","7","50","Hcap","Right - Easy","4yo+,75","40/1","40.00","4","","75","18","21","73","228","155","26","52","37","40","313","20","b","m","Kesia","Territories","","0","1.07","1","22","48.83","33.02","40.91","31.82","-2","1","100.00","100.00","417.87","180.00","-56.92","990.00","YES","136.92","Female","44.90","47.19","38.98","40.18","0.00","0.00","100.00","","","",""
"30/08/2026","17:15","Cork","Arch Enemy","10.00","11.11","11.00","10.00","12.00","22.22","YES","11/1","22.22","4","2","S Coen","Patrick Magee","63","102","29","70","74","58","63","E","63","72","56","23","38","61","2","30/08/2026 17:15","1m 4f","Turf","E","5","2640","5","7200.00","Follow Us On Instagram Handicap (Class E) (0-75)","4","","","0.00","135","75F9-661105","0","0","0","0.00","0.00","0.00","9","16","79","11.39","20.25","92.31","9.33","89.25","D","4","10800.00","123","1m 3f 180y","2600","23.00","13.00","HHHP-HHHHPH","3.00","18","7","9.9","D","1","62","Hcap","Right - Easy","4yo+,75","16/1","16.00","4","","75","18","21","275","613","338","62","91","93","92","29","286","gr","m","Pointed Arch","Alhebayeb","","0","9.00","9","79","60.72","44.40","25.32","18.99","25","1","44.44","44.44","22.00","21.00","-4.55","90.00","YES","309.09","Female","61.31","51.99","51.05","55.76","0.00","0.00","11.00","","","",""
"30/08/2026","17:05","Beverley","Pfingstberg","8.00","21.43","9.50","64.71","15.00","100.00","YES","16/1","128.57","5","4","Ethan Tindall","Mark Walford","47","136","696","62","60","52","54","F","56","59","50","0","30","30","10","30/08/2026 17:05","2m 32y","Turf","E","5","3552","3","4527.00","Napoleons Casino And Restaurant Hull Apprentice Handicap (Class E)","5","","","0.00","131","27/33123171-","0","0","0","0.00","0.00","0.00","3","6","16","18.75","37.50","0.00","-6.13","34.63","F","6","4004.00","142","2m","3520","3.76","3.50","PP/HHLLPLPL-","42.00","3","6","9.5","D","4","31","Hcap-App","Right - Stiff","4yo+,70","","0.00","4","","70","7","8","291","643","352","83","86","91","92","696","","ch","g","Peace Of Paradise","Protectionist","","0","1.48","3","16","63.45","49.48","37.50","31.25","-2","1","100.00","100.00","17.04","18.00","5.63","1000.00","YES","5768.54","Male","44.37","48.50","47.02","49.39","0.00","0.00","16.00","","","2","-1"
"30/08/2026","17:05","Beverley","Marbuzet","41.00","-50.00","21.00","-40.00","13.00","-70.00","YES","15/2","-81.25","1","5","Mr Jake Dickson","Tim Easterby","49","116","34","67","72","56","41","E","43","69","54","17","20","37","2","30/08/2026 17:05","2m 32y","Turf","E","5","3552","5","4527.00","Napoleons Casino And Restaurant Hull Apprentice Handicap (Class E)","1","","","0.00","134","2275124-509","0","0","0","0.00","0.00","0.00","7","17","46","15.22","36.96","0.00","-10.50","43.97","E","5","3978.00","142","1m 6f 21y","3101","56.87","41.00","HHHHHHH-PHH","8.00","2","7","9.8","D","2","60","Hcap-App","Right - Stiff","4yo+,70","8/1","8.00","4","","70","7","8","294","626","332","82","85","92","73","34","","b","g","Estournel","Farhh","p","0","1.32","7","46","60.95","49.22","45.65","26.09","8","-3","28.57","42.86","10.50","1.01","-90.38","8.00","YES","-23.81","Male","56.59","46.93","48.31","48.03","0.00","0.00","7.50","","","",""
"30/08/2026","17:05","Beverley","Time Turner","4.00","-8.33","3.75","63.64","5.50","50.00","YES","4/1","33.33","2","3","C Horgan","Ed Bethell","57","141","30","63","69","56","58","F","57","61","54","36","37","73","0","30/08/2026 17:05","2m 32y","Turf","E","5","3552","3","4527.00","Napoleons Casino And Restaurant Hull Apprentice Handicap (Class E)","2","","","0.00","132","46-42194523","0","0","0","0.00","0.00","0.00","1","3","14","7.14","21.43","0.00","-9.50","31.40","F","6","3245.00","135","2m 56y","3576","4.59","4.00","PL-HPHHHHHH","0.00","6","4","9.6","","3","60","Hcap-App","Right - Stiff","4yo+,70","100/30","3.33","4","","70","7","8","316","640","324","93","79","81","71","30","","ch","g","Yourtimeisnow","Lope De Vega","b1","0","1.81","1","14","52.60","33.71","21.43","7.14","-6","-1","0.00","0.00","6.80","1.12","-83.53","30.00","YES","341.18","Male","79.01","56.58","65.10","65.37","0.00","0.00","4.00","","","",""
"30/08/2026","17:05","Beverley","Elemental Eye","3.50","0.00","3.50","20.00","4.00","20.00","YES","100/30 (2F)","33.20","7","1","Mr Jack Nicholls","Iain Jardine","62","282","55","68","70","58","63","E","62","68","55","23","57","80","0","30/08/2026 17:05","2m 32y","Turf","E","5","3552","0","4527.00","Napoleons Casino And Restaurant Hull Apprentice Handicap (Class E)","7","","","0.00","140","1779-855312","0","0","0","0.00","0.00","0.00","3","8","34","8.82","23.53","100.00","-4.25","51.47","E","5","4123.00","142","1m 5f 26y","2886","6.56","5.50","PHHH-HHHHHH","0.00","4","5","10.0","D","1","13","Hcap-App","Right - Stiff","4yo+,70","11/2","5.50","4","","70","7","8","331","675","344","91","96","99","58","55","196","b","g","Time On","Expert Eye","b","0","1.65","3","34","51.39","33.96","23.53","11.76","4","3","66.67","66.67","4.80","3.70","-22.92","1000.00","YES","20733.33","Male","46.15","56.95","55.21","55.61","0.00","0.00","3.33","","","2","0"
"30/08/2026","16:55","Goodwood","Bearish","5.00","-12.50","4.50","28.57","5.50","12.50","YES","7/2 (F)","-12.50","9","1","Rossa Ryan","Ed Dunlop","68","263","9","87","68","65","67","B","68","68","59","26","42","68","6","30/08/2026 16:55","1m 1f 197y","Turf","D","4","2177","0","8066.00","Virgin Bet Supports Safe Gambling Handicap (Class D)","9","","","0.00","137","4-1210","0","0","0","0.00","0.00","0.00","2","1","5","40.00","20.00","0.00","3.29","68.23","B","2","51540.00","123","7f 192y","1732","6.96","6.00","H-PPPP","20.00","8","3","9.11","","6","57","Hcap","Right - Sharp / Undulating","3yo+,90","9/1","9.00","3","","90","10","11","354","680","326","91","83","68","84","9","","b","c","Chiringuita","Kodi Bear","","0","0.78","2","5","79.05","68.46","40.00","40.00","1","-1","0.00","100.00","5.79","5.30","-8.46","1000.00","YES","17171.16","Male","63.56","48.25","43.60","42.86","0.00","0.00","3.50","","","",""
"30/08/2026","16:55","Goodwood","Si Grass","15.00","-14.29","13.00","16.67","15.00","0.00","YES","14/1","0.00","2","6","Callum Shepherd","Charlie Johnston","64","78","14","79","64","60","62","C","63","63","60","24","12","36","2","30/08/2026 16:55","1m 1f 197y","Turf","D","4","2177","0","8066.00","Virgin Bet Supports Safe Gambling Handicap (Class D)","2","","","0.00","129","2-1285","0","0","0","0.00","0.00","0.00","1","2","5","20.00","40.00","0.00","-2.90","43.20","C","3","12562.00","131","1m 6y","1766","4.90","5.00","P-PPHH","7.00","4","3","9.3","","10","72","Hcap","Right - Sharp / Undulating","3yo+,90","10/1","10.00","3","","90","10","11","248","447","199","73","56","60","10","14","","ch","f","Si Luna","Churchill","","0","1.13","1","5","60.90","49.40","20.00","20.00","3","1","100.00","100.00","14.13","2.00","-85.85","1000.00","YES","6977.14","Female","33.91","45.45","50.44","44.23","0.00","0.00","14.00","","","",""
"30/08/2026","17:05","Beverley","Punxsutawney Phil","9.00","25.00","11.00","-50.00","6.00","-37.50","YES","12/1","50.00","3","7","Rhys Elliott","Mark Walford","71","73","527","55","74","57","55","F","52","72","53","0","34","34","10","30/08/2026 17:05","2m 32y","Turf","E","5","3552","3","4527.00","Napoleons Casino And Restaurant Hull Apprentice Handicap (Class E)","3","","","0.00","124","7/04216/0142-","0","0","0","0.00","0.00","0.00","6","6","40","15.00","15.00","92.31","4.62","43.20","F","6","2983.00","136","1m 4f 99y","2739","80.00","41.00","H/HPLLL/PLPL-","42.00","7","9","8.12","D","7","51","Hcap-App","Right - Stiff","4yo+,70","","0.00","4","","70","7","8","287","614","327","83","83","82","79","684","527","b","g","Chilly Filly","Shirocco","","0","1.48","6","40","53.59","39.63","40.00","32.50","2","1","16.67","50.00","15.00","17.00","13.33","1000.00","YES","6566.67","Male","44.37","48.50","47.02","49.39","0.00","0.00","12.00","","","2","0"
"30/08/2026","16:55","Goodwood","Thinthread","6.00","10.00","6.50","-39.45","4.33","-33.40","YES","6/1","20.00","7","10","B D L Sayette","George Baker","65","31","29","85","67","66","66","C","66","65","66","11","3","14","0","30/08/2026 16:55","1m 1f 197y","Turf","D","4","2177","0","8066.00","Virgin Bet Supports Safe Gambling Handicap (Class D)","7","","","0.00","142","50","0","0","0","0.00","0.00","0.00","0","0","2","0.00","0.00","0.00","-2.00","0.00","C","3","25770.00","132","1m 1f 11y","1991","290.00","81.00","HH","0.00","7","4","10.2","","3","62","Hcap","Right - Sharp / Undulating","3yo+,90","22/1","22.00","3","","90","10","11","207","470","263","64","84","73","42","29","","b","g","Cristielle","Invincible Spirit","p","0","0.85","0","2","34.52","11.93","50.00","0.00","2","2","0.00","0.00","7.80","4.80","-38.46","1000.00","YES","12720.51","Male","56.25","47.69","44.66","45.09","0.00","0.00","6.00","","","",""
"30/08/2026","17:10","Yarmouth","Symphony Of Joy","8.00","7.14","8.50","-26.67","6.50","-21.43","YES","4/1","-42.86","3","2","S C Cronin","K Frost","57","153","27","65","65","57","56","E","57","60","56","30","28","58","8","30/08/2026 17:10","1m 3y","Turf","F","6","1763","0","3768.00","Gold & Silver Exchange Apprentice Handicap (Class F)","3","","","0.00","142","434-70634","0","0","0","0.00","0.00","0.00","0","1","8","0.00","12.50","0.00","-8.00","0.00","E","5","4123.00","139","1m 75y","1835","10.02","11.00","HHP-HHHLL","33.00","3","4","10.2","","1","40","Hcap-App","Left - Galloping","3yo+,75","5/1","5.00","3","","75","5","8","303","644","341","81","95","95","70","27","","b","g","Token Of Love","Ulysses","WS","0","1.16","0","8","51.39","30.59","25.00","0.00","2","3","0.00","0.00","5.30","2.68","-49.43","1000.00","YES","18767.92","Male","28.80","29.61","40.59","52.81","0.00","0.00","4.00","","","",""
"30/08/2026","17:10","Yarmouth","Ecclefechan","4.33","-9.91","4.00","11.00","4.33","0.00","YES","9/4 (F)","-32.43","1","3","Christian Howarth","John Ryan","62","139","6","69","65","57","58","F","57","64","56","30","55","85","0","30/08/2026 17:10","1m 3y","Turf","F","6","1763","0","3768.00","Gold & Silver Exchange Apprentice Handicap (Class F)","1","","","0.00","140","2-554986531","0","0","0","0.00","0.00","0.00","1","1","16","6.25","6.25","0.00","-10.00","37.68","F","6","3768.00","135","1m 31y","1791","6.60","6.00","H-HHHHPHHHH","0.00","5","3","10.0","D","3","46","Hcap-App","Left - Galloping","3yo+,75","5/1","5.00","3","","75","5","8","327","638","311","83","67","87","74","6","","b","g","Bahia Star","Bated Breath","","6","0.69","1","16","45.98","26.76","31.25","12.50","10","3","100.00","100.00","3.78","1.01","-73.28","11.50","YES","204.23","Male","71.25","60.28","38.33","41.61","0.00","0.00","2.25","","","",""
"30/08/2026","17:15","Cork","Out On Friday","15.00","14.29","17.00","0.00","17.00","14.29","YES","33/1","135.71","18","4","Wesley Joyce","Philip M Byrne","59","83","12","62","73","58","60","D","59","72","55","22","31","53","12","30/08/2026 17:15","1m 4f","Turf","E","5","2640","3","7200.00","Follow Us On Instagram Handicap (Class E) (0-75)","18","","","0.00","129","4200-020705","0","0","0","0.00","0.00","0.00","8","14","87","9.20","16.09","0.00","-26.42","65.63","E","5","7200.00","129","1m 4f 48y","2688","16.00","11.00","PLLP-LLPLLL","19.00","13","10","9.3","D","17","29","Hcap","Right - Easy","4yo+,75","18/1","18.00","4","","75","18","21","227","328","101","45","41","54","-39","12","","b","g","Macsteps","Masterofthehorse","","0","0.80","8","85","51.48","36.33","55.29","30.59","23","3","25.00","25.00","36.53","40.00","9.50","950.00","YES","2500.60","Male","0.00","73.33","73.33","48.46","0.00","0.00","33.00","","","",""
"30/08/2026","17:10","Yarmouth","Meritocratic","9.50","5.88","10.00","-5.56","9.50","0.00","YES","15/2","-11.76","5","5","Mason Paetel","James Owen","45","110","70","60","59","49","52","F","53","55","49","16","12","28","6","30/08/2026 17:10","1m 3y","Turf","F","6","1763","0","3768.00","Gold & Silver Exchange Apprentice Handicap (Class F)","5","","","0.00","131","967-535","0","0","0","0.00","0.00","0.00","0","1","6","0.00","16.67","0.00","-6.00","0.00","E","5","4397.00","122","1m 1f 207y","2187","13.50","11.00","HLP-HLP","25.00","2","3","9.5","","7","39","Hcap-App","Left - Galloping","3yo+,75","10/1","10.00","3","","75","5","8","271","631","360","98","85","92","85","70","","b","g","Etoile Bleu","Churchill","p1","0","1.12","0","6","45.46","24.29","0.00","0.00","2","1","0.00","0.00","8.92","5.00","-43.95","1000.00","YES","11110.76","Male","27.22","44.86","53.42","58.21","0.00","0.00","7.50","","","5","0"
"30/08/2026","17:05","Beverley","Shopaholic","6.50","36.36","8.50","-46.67","5.00","-27.27","YES","9/4 (F)","-59.09","6","6","C J Whiteley","Jack Jones","64","76","22","62","64","59","57","F","60","60","56","25","17","42","2","30/08/2026 17:05","2m 32y","Turf","E","5","3552","3","4527.00","Napoleons Casino And Restaurant Hull Apprentice Handicap (Class E)","6","","","0.00","131","57923","0","0","0","0.00","0.00","0.00","0","1","5","0.00","20.00","0.00","-5.00","0.00","F","6","3768.00","142","1m 5f","2860","12.00","8.50","PHHHP","8.00","1","4","9.5","","5","15","Hcap-App","Right - Stiff","4yo+,70","5/1","5.00","4","","70","7","8","284","609","325","70","85","88","82","22","","b","f","Madison Avenue","Without Parole","","0","0.82","0","5","53.24","33.21","80.00","20.00","5","3","0.00","0.00","3.13","2.76","-11.82","1000.00","YES","31848.88","Female","54.17","51.67","51.32","49.48","0.00","0.00","2.25","","","",""
"30/08/2026","17:05","Beverley","Jedhi Knight","9.00","-12.50","8.00","-35.71","5.50","-43.75","YES","7/1","-12.50","4","2","Alex Jary","Paul Midgley","60","167","10","51","70","55","64","F","65","67","54","31","32","63","0","30/08/2026 17:05","2m 32y","Turf","E","5","3552","0","4527.00","Napoleons Casino And Restaurant Hull Apprentice Handicap (Class E)","4","","","0.00","123","4233-785234","0","0","0","0.00","0.00","0.00","1","7","17","5.88","41.18","100.00","-13.25","34.54","F","6","3245.00","135","1m 4f 98y","2738","7.80","5.50","LHHP-PHHHHH","0.00","5","4","8.11","D","8","48","Hcap-App","Right - Stiff","4yo+,70","4/1","4.00","4","","70","7","8","302","621","319","78","72","86","83","10","182","b","g","Jedhi","Sir Percy","bWS","0","0.82","1","17","55.72","42.17","23.53","11.76","3","1","100.00","100.00","8.80","4.20","-52.27","1000.00","YES","11263.64","Male","43.63","55.92","48.71","52.53","0.00","0.00","7.00","","","",""
"30/08/2026","17:10","Yarmouth","Piazza","2.88","19.68","3.25","55.56","4.50","86.17","YES","100/30","77.13","2","1","Mr Jack Callan","Ollie Sangster","65","317","11","71","65","56","59","E","58","58","52","35","30","65","4","30/08/2026 17:10","1m 3y","Turf","F","6","1763","0","3768.00","Gold & Silver Exchange Apprentice Handicap (Class F)","2","","","0.00","142","4334-5721","0","0","0","0.00","0.00","0.00","1","2","8","12.50","25.00","0.00","2.00","41.87","E","5","4187.00","130","7f","1540","12.00","10.00","PHHH-HPPH","17.00","4","3","10.2","","2","43","Hcap-App","Left - Galloping","3yo+,75","9/2","4.50","3","","75","5","8","354","693","339","94","86","82","77","11","","ch","f","Indigo Angel","Starspangledbanner","","0","1.52","1","8","52.95","39.31","37.50","37.50","-2","1","100.00","100.00","4.77","2.02","-57.65","1000.00","YES","20864.36","Female","38.02","35.77","38.59","47.10","0.00","0.00","3.33","","","",""
"30/08/2026","17:10","Yarmouth","Big Alex Walmsley","11.00","-35.00","7.50","-61.54","3.50","-75.00","YES","3/1 (2F)","-70.00","4","4","Ashley Lewis","Mrs Ilka Gansera-Leveque","61","125","10","57","65","60","62","F","61","64","57","7","30","37","6","30/08/2026 17:10","1m 3y","Turf","F","6","1763","0","3768.00","Gold & Silver Exchange Apprentice Handicap (Class F)","4","","","0.00","134","7/5490-7335","0","0","0","0.00","0.00","0.00","0","0","9","0.00","0.00","0.00","-9.00","0.00","E","5","5234.00","125","1m","1760","21.00","17.00","H/HPHH-PPPP","25.00","1","4","9.8","","6","40","Hcap-App","Left - Galloping","3yo+,75","25/1","25.00","3","","75","5","8","297","602","305","71","88","95","51","10","","b","g","Indian Story","Oasis Dream","","0","0.96","0","9","37.49","16.29","33.33","22.22","9","3","0.00","0.00","4.40","5.50","25.00","850.00","YES","19218.18","Male","62.50","49.58","50.74","43.20","0.00","0.00","3.00","","","",""
"30/08/2026","15:55","Beverley","Dream Deal","26.00","-28.00","19.00","-44.44","11.00","-60.00","YES","7/1","-72.00","7","6","David Allan","Tim Easterby","48","61","36","62","70","60","57","F","61","68","58","32","25","57","2","30/08/2026 15:55","5f","Turf","E","5","1100","0","4527.00","Constant Security Handicap (Class E)","7","","","0.00","127","59-06122740","0","0","0","0.00","0.00","0.00","4","13","40","10.00","32.50","0.00","-14.13","42.26","D","4","12885.00","148","5f","1100","69.88","29.00","PH-HPHHHHPH","5.00","1","7","9.1","CD","14","57","Hcap","Right - Stiff","3yo+,75","11/1","11.00","3","","75","12","15","199","350","151","54","64","61","-28","36","","b","g","Triveni","Due Diligence","tbWS","0","1.73","4","40","57.42","42.93","35.00","25.00","-8","-3","25.00","25.00","8.90","8.40","-5.62","1000.00","YES","11135.96","Male","56.59","46.93","48.31","48.03","0.00","0.00","7.00","","","",""
"30/08/2026","15:55","Beverley","Harb","6.50","9.09","7.00","-16.67","6.00","-9.09","YES","100/30 (2F)","-39.45","1","1","Jason Hart","Tristan Davidson","61","131","9","61","70","61","62","E","61","70","57","31","37","68","0","30/08/2026 15:55","5f","Turf","E","5","1100","0","4527.00","Constant Security Handicap (Class E)","1","","","0.00","126","8816830452","0","0","0","0.00","0.00","0.00","9","11","66","13.64","16.67","0.00","-6.17","43.88","F","6","3664.00","135","5f 7y","1107","5.26","4.50","HPHHHHHHHH","0.00","6","7","9.0","D","15","72","Hcap","Right - Stiff","3yo+,75","11/1","11.00","3","","75","12","15","246","520","274","97","89","76","12","9","","b","g","Maid For Winning","Muhaarar","","0","1.07","9","66","54.28","38.95","33.33","22.73","12","1","11.11","22.22","4.80","1.01","-78.96","6.80","YES","41.67","Male","49.21","64.31","59.68","61.61","0.00","0.00","3.33","","","",""
"30/08/2026","15:55","Beverley","Tiriac","6.00","0.00","6.00","-45.00","3.75","-45.00","YES","3/1 (F)","-40.00","5","5","Paul Mulrennan","Paul Midgley","66","68","29","69","76","63","63","E","66","73","61","18","16","34","0","30/08/2026 15:55","5f","Turf","E","5","1100","0","4527.00","Constant Security Handicap (Class E)","5","","","0.00","134","4131-978056","0","0","0","0.00","0.00","0.00","5","3","39","12.82","7.69","0.00","0.00","62.13","E","5","4187.00","131","5f 7y","1107","8.60","9.00","PHPH-HHHHHH","0.00","3","6","9.8","D","7","59","Hcap","Right - Stiff","3yo+,75","20/1","20.00","3","","75","12","15","219","379","160","56","80","73","-49","29","","b","g","Rough Courte","Sixties Icon","pWS","0","1.21","5","39","55.96","38.91","38.46","28.21","-3","-1","20.00","20.00","5.00","3.05","-39.00","1000.00","YES","19900.00","Male","43.63","55.92","48.71","52.53","0.00","0.00","3.00","","","",""
"30/08/2026","15:55","Beverley","Miss Brazen","8.50","13.33","9.50","-5.88","9.00","6.67","YES","12/1","60.00","3","7","Miss Joanna Mason","Michael Easterby","58","53","13","67","69","60","59","D","59","69","58","23","10","33","2","30/08/2026 15:55","5f","Turf","E","5","1100","0","4527.00","Constant Security Handicap (Class E)","3","","","0.00","132","94808-13655","0","0","0","0.00","0.00","0.00","5","8","35","14.29","22.86","0.00","-10.25","42.70","E","5","4187.00","139","5f","1100","29.60","23.00","LLLLL-PPHPH","5.00","11","6","9.6","CD","10","66","Hcap","Right - Stiff","3yo+,75","16/1","16.00","3","","75","12","15","178","377","199","52","64","64","19","13","","b","m","Quelle Affaire","Brazen Beau","","0","0.19","5","35","56.23","41.44","48.57","37.14","3","3","0.00","20.00","19.25","1.52","-92.10","1000.00","YES","5094.81","Female","33.97","47.55","46.24","45.76","0.00","0.00","12.00","","","",""
"30/08/2026","15:45","Goodwood","Itica","12.00","27.27","15.00","28.57","19.00","63.64","YES","22/1","100.00","1","5","Oisin Murphy","Andrew Balding","63","116","13","71","63","55","58","E","57","57","56","0","2","2","4","30/08/2026 15:45","1m 3f 44y","Turf","C","3","2464","0","13085.00","Virgin Bet Daily Extra Places Selling Stakes (Class C)","1","","","0.00","128","02-56","0","0","0","0.00","0.00","0.00","0","1","4","0.00","25.00","0.00","-4.00","0.00","E","5","4320.00","133","1m 1y","1761","3.85","3.25","HH-PP","13.00","3","3","9.2","","8","51","Sell","Right - Sharp / Undulating","3-4yo","","0.00","3","4","","6","8","226","565","339","89","94","92","64","13","","ch","g","Lady Brora","Ulysses","","0","1.04","0","4","52.18","34.28","0.00","0.00","-4","-3","0.00","0.00","28.00","1.01","-96.39","160.00","YES","471.43","Male","58.88","64.08","61.35","62.79","0.00","0.00","22.00","","","",""
"30/08/2026","15:45","Goodwood","Ohara","12.00","0.00","12.00","-27.27","9.00","-27.27","YES","5/1","-54.55","4","6","Oliver Carmichael","Eve Johnson Houghton","67","63","22","75","67","61","58","C","63","64","57","17","12","29","2","30/08/2026 15:45","1m 3f 44y","Turf","C","3","2464","7","13085.00","Virgin Bet Daily Extra Places Selling Stakes (Class C)","4","","","0.00","124","35741-98207","0","0","0","0.00","0.00","0.00","1","1","11","9.09","9.09","0.00","-7.00","41.87","C","3","41803.00","126","1m 3f 211y","2631","40.63","34.00","PPPLH-HHHPH","7.00","6","3","8.12","","4","49","Sell","Right - Sharp / Undulating","3-4yo","10/1","10.00","3","4","","6","8","268","556","288","79","71","76","62","22","","b","g","Magique","Iffraaj","","0","1.04","1","11","50.12","35.06","18.18","9.09","5","1","100.00","100.00","6.60","6.00","-9.09","1000.00","YES","15051.52","Male","53.41","54.25","52.40","51.58","0.00","0.00","5.00","","","",""
"30/08/2026","15:55","Beverley","Holbache","13.00","33.33","17.00","25.00","21.00","66.67","YES","40/1","233.33","9","3","Tom Kiely-Marshall","Julie Camacho","60","88","17","73","72","59","62","E","60","70","56","27","40","67","8","30/08/2026 15:55","5f","Turf","E","5","1100","5","4527.00","Constant Security Handicap (Class E)","9","","","0.00","133","512103-7158","0","0","0","0.00","0.00","0.00","11","8","54","20.37","14.81","0.00","17.13","32.48","E","5","4527.00","130","5f","1100","26.28","23.00","PPPLPL-HPPL","21.00","9","8","9.7","D","2","45","Hcap","Right - Stiff","3yo+,75","13/1","13.00","3","","75","12","15","261","511","250","77","56","70","47","17","","b","g","By Rights","Coach House","pWS","0","0.77","11","54","51.99","38.83","33.33","24.07","12","1","18.18","18.18","64.62","50.00","-22.62","1000.00","YES","1447.51","Male","45.95","44.52","54.65","52.94","0.00","0.00","40.00","","","",""
"30/08/2026","15:45","Goodwood","Lorca's Waltz","7.00","8.33","7.50","38.46","10.00","50.00","YES","18/1","200.00","6","4","Cieren Fallon","William Haggas","57","189","20","76","68","51","58","D","57","57","53","15","38","53","2","30/08/2026 15:45","1m 3f 44y","Turf","C","3","2464","0","13085.00","Virgin Bet Daily Extra Places Selling Stakes (Class C)","6","","","0.00","131","9-5150","0","0","0","0.00","0.00","0.00","1","0","5","20.00","0.00","0.00","3.50","52.34","D","4","5234.00","132","1m 2f","2200","8.80","7.00","H-LPHH","7.00","4","3","9.5","","3","21","Sell","Right - Sharp / Undulating","3-4yo","12/1","12.00","3","4","","6","8","282","636","354","96","87","97","74","20","","ch","g","Sweet Idea","Lope De Vega","tp1","0","1.48","1","5","39.45","25.07","20.00","20.00","-3","-1","0.00","0.00","25.00","12.50","-50.00","1000.00","YES","3900.00","Male","52.16","65.11","61.84","59.66","0.00","0.00","18.00","","","",""
"30/08/2026","15:55","Beverley","Daizen","12.00","0.00","12.00","45.45","17.00","45.45","YES","22/1","100.00","12","11","Andrew Mullen","Rebecca Menzies","52","24","9","73","64","55","57","E","55","62","53","15","10","25","10","30/08/2026 15:55","5f","Turf","E","5","1100","0","4527.00","Constant Security Handicap (Class E)","12","","","0.00","136","7221-505108","0","0","0","0.00","0.00","0.00","2","2","12","16.67","16.67","0.00","6.00","39.30","D","4","5286.00","131","6f 6y","1326","21.00","17.00","HPPP-HPPLLP","26.00","7","3","9.10","","4","23","Hcap","Right - Stiff","3yo+,75","25/1","25.00","3","","75","12","15","206","358","152","61","50","42","-1","9","","gr","g","Aladaala","Havana Grey","","0","0.96","2","12","49.94","37.43","66.67","33.33","8","1","0.00","0.00","32.00","10.00","-68.75","950.00","YES","2868.75","Male","47.29","39.04","42.07","42.23","0.00","0.00","22.00","","","",""
"30/08/2026","15:55","Beverley","Simba's Pride","9.50","-5.88","9.00","-6.25","8.50","-11.76","YES","10/1","17.65","4","8","Mark Winn","Michael Dods","56","52","18","68","65","58","60","E","60","65","57","31","5","36","4","30/08/2026 15:55","5f","Turf","E","5","1100","0","4527.00","Constant Security Handicap (Class E)","4","","","0.00","131","5712154347","0","0","0","0.00","0.00","0.00","2","2","11","18.18","18.18","0.00","0.75","41.88","E","5","4527.00","128","5f","1100","9.00","8.00","PPPLHHHPPH","11.00","5","3","9.5","","11","60","Hcap","Right - Stiff","3yo+,75","11/1","11.00","3","","75","12","15","209","406","197","77","52","66","2","18","","ch","g","Tequila Royale","Dream Ahead","","0","1.07","2","11","66.71","49.52","54.55","27.27","-5","-3","50.00","50.00","15.34","6.00","-60.89","22.00","YES","43.42","Male","56.84","50.02","45.88","47.79","0.00","0.00","10.00","","","",""
"30/08/2026","16:00","Yarmouth","Woolridge","29.00","0.00","29.00","0.00","29.00","0.00","YES","25/1","-10.71","4","7","Kieran O'Neill","Scott Dixon","58","59","12","59","71","58","57","E","58","63","57","29","5","34","4","30/08/2026 16:00","6f 3y","Turf","F","6","1323","0","3768.00","Bodhi Solutions - Facilities Management Front Runner Handicap (Class F)","4","","","0.00","133","6242-288395","0","0","0","0.00","0.00","0.00","0","4","13","0.00","30.77","0.00","-13.00","0.00","F","6","4711.00","135","6f 1y","1321","21.41","17.00","PPHH-HPHPHP","10.00","3","4","9.7","","9","49","Hcap","Left - Galloping","3yo+,65","9/1","9.00","3","","65","9","11","233","490","257","60","65","74","58","12","","b","g","Carolinae","Zoustar","p","0","1.60","0","13","54.08","37.14","15.38","7.69","3","1","0.00","0.00","36.00","28.00","-22.22","1000.00","YES","2677.78","Male","40.82","40.20","43.91","49.13","0.00","0.00","25.00","","","",""
"30/08/2026","15:55","Beverley","Empress Olivia","26.00","-12.00","23.00","-27.27","17.00","-36.00","YES","11/1","-56.00","2","10","Dougie Costello","Mark Walford","56","36","33","66","66","58","53","E","56","65","56","18","6","24","4","30/08/2026 15:55","5f","Turf","E","5","1100","0","4527.00","Constant Security Handicap (Class E)","2","","","0.00","129","546-2104067","0","0","0","0.00","0.00","0.00","2","1","13","15.38","7.69","0.00","21.50","55.70","E","5","4527.00","135","5f","1100","20.00","17.00","PPL-PPLPHPP","11.00","2","3","9.3","","13","68","Hcap","Right - Stiff","3yo+,75","20/1","20.00","3","","75","12","15","165","300","135","56","53","58","-32","33","","b","f","Genuinely Crowded","Sergei Prokofiev","","0","1.70","2","13","52.13","37.58","15.38","15.38","7","-1","0.00","0.00","14.82","13.50","-8.91","1000.00","YES","6647.64","Female","44.37","48.50","47.02","49.39","0.00","0.00","11.00","","","",""
"30/08/2026","15:55","Beverley","Tees Aggregates","17.00","0.00","17.00","-12.50","15.00","-12.50","YES","20/1","25.00","10","4","Mr Jack Nicholls","Adrian Nicholls","49","76","13","68","68","55","54","D","50","67","56","30","25","55","0","30/08/2026 15:55","5f","Turf","E","5","1100","3","4527.00","Constant Security Handicap (Class E)","10","","","0.00","130","5945331700","0","0","0","0.00","0.00","0.00","4","3","27","14.81","11.11","0.00","-6.63","42.07","E","5","4187.00","140","5f","1100","9.69","6.50","PLHHHPPHHH","0.00","8","4","9.4","CD","8","37","Hcap","Right - Stiff","3yo+,75","12/1","12.00","3","","75","12","15","199","494","295","89","94","83","29","13","","b","g","Club Prive","Earthlight","","0","0.71","4","27","52.66","36.37","29.63","22.22","5","-1","0.00","25.00","22.25","6.00","-73.03","1000.00","YES","4394.38","Male","74.17","57.67","46.73","45.99","0.00","0.00","20.00","","","",""
"30/08/2026","15:55","Beverley","Military Girl","11.00","10.00","12.00","27.27","15.00","40.00","YES","14/1","40.00","11","2","Connor Beasley","Michael Dods","59","118","23","72","67","60","61","E","63","65","59","31","27","58","2","30/08/2026 15:55","5f","Turf","E","5","1100","0","4527.00","Constant Security Handicap (Class E)","11","","","0.00","137","55544-31125","0","0","0","0.00","0.00","0.00","4","2","17","23.53","11.76","0.00","-2.42","43.51","E","5","3926.00","134","5f","1100","3.74","3.25","HPPHH-PPHHP","5.00","12","4","9.11","D","3","33","Hcap","Right - Stiff","3yo+,75","11/1","11.00","3","","75","12","15","283","601","318","77","85","74","82","23","","b","f","Betsey Trotter","Soldier's Call","","0","0.75","4","17","62.26","48.56","29.41","23.53","5","-1","0.00","25.00","21.00","34.00","61.90","950.00","YES","4423.81","Female","56.84","50.02","45.88","47.79","0.00","0.00","14.00","","","",""
"30/08/2026","15:55","Beverley","Ice Cold Alex","21.00","25.00","26.00","-52.00","13.00","-40.00","YES","22/1","10.00","8","12","Cam Hardie","Ollie Pears","53","18","10","67","59","53","49","E","53","58","51","11","8","19","6","30/08/2026 15:55","5f","Turf","E","5","1100","0","4527.00","Constant Security Handicap (Class E)","8","","","0.00","130","155244-6460","0","0","0","0.00","0.00","0.00","1","0","10","10.00","0.00","0.00","-1.50","37.25","D","4","5234.00","128","5f","1100","69.50","34.00","LLLPHP-PPPP","16.00","4","3","9.4","D","12","47","Hcap","Right - Stiff","3yo+,75","33/1","33.00","3","","75","12","15","126","216","90","41","31","54","-36","10","","b","g","Martha Watson","Soldier's Call","p1","0","1.73","1","10","42.31","26.35","40.00","20.00","6","1","0.00","0.00","33.66","11.50","-65.83","1000.00","YES","2870.89","Male","55.56","53.02","46.88","50.31","0.00","0.00","22.00","","","",""
"30/08/2026","15:55","Beverley","Great","10.00","-5.56","9.50","-11.76","8.50","-16.67","YES","5/1","-44.44","6","9","Shane Gray","Sam England","56","46","19","68","67","60","61","E","63","65","59","41","24","65","0","30/08/2026 15:55","5f","Turf","E","5","1100","0","4527.00","Constant Security Handicap (Class E)","6","","","0.00","133","6378715317","0","0","0","0.00","0.00","0.00","3","4","18","16.67","22.22","0.00","-2.40","39.70","E","5","4187.00","137","5f 182y","1282","5.40","4.50","PPHHPHHHHH","0.00","10","4","9.7","D  BF","9","58","Hcap","Right - Stiff","3yo+,75","17/2","8.50","3","","75","12","15","242","531","289","81","69","76","63","19","","b","g","Barathea Dancer","Twilight Son","","0","0.60","3","18","55.60","40.69","22.22","16.67","0","-1","66.67","100.00","7.44","8.60","15.59","1000.00","YES","13340.86","Male","66.16","53.19","47.13","49.31","0.00","0.00","5.00","","","",""
"30/08/2026","15:45","Goodwood","Dunkeld Dreamer","6.50","9.09","7.00","-54.17","3.75","-50.00","YES","7/4 (JF)","-68.18","3","1","Clifford Lee","K R Burke","69","272","9","80","69","60","56","B","61","69","57","42","43","85","6","30/08/2026 15:45","1m 3f 44y","Turf","C","3","2464","0","13085.00","Virgin Bet Daily Extra Places Selling Stakes (Class C)","3","","","0.00","130","22-51424140","0","0","0","0.00","0.00","0.00","5","4","18","27.78","22.22","0.00","22.70","61.73","B","2","51540.00","117","1m 2f 56y","2256","36.94","26.00","PH-PLLPLHPL","20.00","1","3","9.4","","7","50","Sell","Right - Sharp / Undulating","3-4yo","7/2","3.50","3","4","","6","8","346","683","337","87","75","85","90","9","","b","f","Starlight Dance","Coulsty","","0","1.04","5","18","63.77","50.85","38.89","33.33","4","-1","40.00","40.00","2.90","1.27","-56.21","1000.00","YES","34382.76","Female","65.36","53.96","55.47","56.20","0.00","0.00","1.75","","","",""
"30/08/2026","15:30","Cork","Wild Bessie","41.00","0.00","41.00","0.00","41.00","0.00","YES","40/1","0.00","9","3","Wayne Lordan","Henry De Bromhead","66","105","46","87","68","65","66","A","66","66","63","29","33","62","2","30/08/2026 15:30","7f","Turf","A","1","1540","0","42000.00","Coolmore Stud Little Big Bear Stakes (Fillies' & Mares' Group 3) (Class A)","9","","","0.00","128","8-107","0","0","0","0.00","0.00","0.00","1","0","4","25.00","0.00","0.00","25.00","102.00","A","1","30000.00","128","1m 40y","1800","50.00","34.00","H-PHH","6.00","4","3","9.2","CD","14","66","Fil-Mare-Gp3","Right - Easy","3yo+","13/1","13.00","3","","","12","14","198","470","272","62","87","51","72","46","","b","f","Wild Child","Space Blues","","0","2.08","1","4","48.30","32.94","50.00","25.00","2","1","0.00","0.00","76.36","85.00","11.31","950.00","YES","1144.11","Female","46.28","60.48","60.22","63.49","0.00","0.00","40.00","","","",""
"30/08/2026","15:30","Cork","Prevalence","15.00","14.29","17.00","-12.50","15.00","0.00","YES","12/1","-14.29","12","4","Colin Keane","G M Lyons","66","97","65","90","67","63","62","D","63","66","61","18","41","59","0","30/08/2026 15:30","7f","Turf","A","1","1540","0","42000.00","Coolmore Stud Little Big Bear Stakes (Fillies' & Mares' Group 3) (Class A)","12","","","0.00","128","01-301","0","0","0","0.00","0.00","0.00","2","1","5","40.00","20.00","0.00","4.25","129.00","D","4","15000.00","134","1m","1760","6.68","5.50","HP-HHH","0.00","3","3","9.2","D","11","60","Fil-Mare-Gp3","Right - Easy","3yo+","22/1","22.00","3","","","12","14","203","549","346","90","98","92","66","65","","b","f","Occurrence","Dark Angel","p1","0","0.87","2","5","65.00","55.30","40.00","40.00","1","1","50.00","50.00","19.50","16.00","-17.95","1000.00","YES","5028.21","Female","74.11","56.68","56.26","59.32","0.00","0.00","12.00","","","",""
"30/08/2026","15:30","Cork","Princess Child","11.00","0.00","11.00","-10.00","10.00","-10.00","YES","11/1","10.00","6","7","J M Sheridan","Joseph Patrick O'Brien","70","64","16","103","83","72","71","A","70","77","70","36","28","64","2","30/08/2026 15:30","7f","Turf","A","1","1540","0","42000.00","Coolmore Stud Little Big Bear Stakes (Fillies' & Mares' Group 3) (Class A)","6","","","0.00","133","58211-72500","0","0","0","0.00","0.00","0.00","2","6","17","11.76","35.29","0.00","-7.00","510.00","A","1","30000.00","128","7f","1540","6.60","6.00","HHHHP-PHPHH","6.00","12","5","9.7","D","3","74","Fil-Mare-Gp3","Right - Easy","3yo+","11/1","11.00","3","","","12","14","252","474","222","84","57","83","-2","16","","b","m","Princesse Li","Dariyan","t","0","0.49","2","17","60.19","47.79","47.06","35.29","5","-3","0.00","50.00","15.50","12.00","-22.58","530.00","YES","3319.35","Female","47.67","58.96","54.91","60.83","0.00","0.00","11.00","","","",""
"30/08/2026","15:30","Cork","Cromac Quay","8.00","-7.14","7.50","-30.77","5.50","-35.71","YES","7/2 (2F)","-50.00","7","9","Shane Foley","Mrs John Harrington","71","50","80","95","71","70","65","E","70","70","65","10","36","46","4","30/08/2026 15:30","7f","Turf","A","1","1540","0","42000.00","Coolmore Stud Little Big Bear Stakes (Fillies' & Mares' Group 3) (Class A)","7","","","0.00","128","321","0","0","0","0.00","0.00","0.00","1","2","3","33.33","66.67","0.00","-1.50","90.00","E","5","9000.00","129","7f 35y","1575","1.48","1.50","HPP","13.00","8","3","9.2","D","6","74","Fil-Mare-Gp3","Right - Easy","3yo+","40/1","40.00","3","","","12","14","212","496","284","50","74","74","86","80","","ch","f","Trethias","Night Of Thunder","","0","1.21","1","3","92.46","85.83","33.33","33.33","1","1","0.00","100.00","5.50","5.70","3.64","1000.00","YES","18081.82","Female","45.66","56.94","51.33","49.94","0.00","0.00","3.50","","","",""
"30/08/2026","15:25","Yarmouth","Rose Cotton","6.00","-20.00","5.00","12.50","5.50","-10.00","YES","9/2","-10.00","6","7","Jack Mitchell","Tom Clover","62","82","47","74","65","62","62","E","62","64","62","28","14","42","2","30/08/2026 15:25","1m 2f 23y","Turf","E","5","2223","0","4397.00","Bodhi Solutions - Constructing Champions Handicap (Class E)","6","","","0.00","135","637-12273","0","0","0","0.00","0.00","0.00","1","3","8","12.50","37.50","0.00","-4.00","37.16","E","5","3978.00","142","1m 4f 51y","2691","5.40","4.50","HPH-LLHPH","7.00","5","4","9.9","","1","66","Hcap","Left - Galloping","4yo+,75","15/2","7.50","4","","75","8","9","260","553","293","91","89","81","32","47","","ch","f","Aim To Please","New Bay","","0","1.15","1","8","64.02","45.68","25.00","12.50","0","-1","0.00","0.00","5.40","4.00","-25.93","1000.00","YES","18418.52","Female","63.43","52.08","56.58","58.64","0.00","0.00","4.50","","","2","1"
"30/08/2026","15:25","Yarmouth","Arundel","6.50","18.18","7.50","69.23","12.00","100.00","YES","10/1","81.82","3","6","Edward Greatrex","Ed Dunlop","52","95","351","65","68","54","61","E","65","65","55","16","16","32","0","30/08/2026 15:25","1m 2f 23y","Turf","E","5","2223","0","4397.00","Bodhi Solutions - Constructing Champions Handicap (Class E)","3","","","0.00","126","0/392122245-","0","0","0","0.00","0.00","0.00","1","4","10","10.00","40.00","0.00","-8.43","41.87","E","5","4711.00","130","1m 4f","2640","5.49","4.33","H/HHHPPPHHH-","0.00","4","4","9.0","D","8","72","Hcap","Left - Galloping","4yo+,75","14/1","14.00","4","","75","8","9","236","569","333","89","77","86","81","351","","b","g","Carol","Make Believe","","0","0.85","1","10","61.73","46.47","30.00","20.00","-2","-3","0.00","100.00","13.50","15.50","14.81","1000.00","YES","7307.41","Male","63.56","48.25","43.60","42.86","0.00","0.00","10.00","","","5","0"
"30/08/2026","15:30","Cork","Josh's Joy","34.00","0.00","34.00","51.52","51.00","51.52","YES","40/1","21.21","5","10","Chris Hayes","Donnacha O'Brien","69","49","105","88","69","61","62","A","62","62","60","17","16","33","6","30/08/2026 15:30","7f","Turf","A","1","1540","0","42000.00","Coolmore Stud Little Big Bear Stakes (Fillies' & Mares' Group 3) (Class A)","5","","","0.00","128","3231-75","0","0","0","0.00","0.00","0.00","1","3","6","16.67","50.00","0.00","-3.75","108.00","A","1","42000.00","128","5f 205y","1305","26.00","19.00","PPPL-HP","19.00","6","3","9.2","","8","74","Fil-Mare-Gp3","Right - Easy","3yo+","25/1","25.00","3","","","12","14","153","327","174","67","69","58","-20","105","","b","f","Learza","Wootton Bassett","t1","0","0.35","1","6","74.27","58.69","33.33","16.67","0","1","0.00","0.00","65.00","6.00","-90.77","150.00","YES","130.77","Female","42.86","44.84","44.38","53.92","0.00","0.00","40.00","","","",""
"30/08/2026","15:30","Cork","Greydreambeliever","34.00","0.00","34.00","100.00","67.00","100.00","YES","50/1","51.52","8","11","Scott McCullagh","Joseph Patrick O'Brien","69","41","23","89","72","63","67","A","69","71","62","21","4","25","4","30/08/2026 15:30","7f","Turf","A","1","1540","0","42000.00","Coolmore Stud Little Big Bear Stakes (Fillies' & Mares' Group 3) (Class A)","8","","","0.00","133","533-2262945","0","0","0","0.00","0.00","0.00","1","6","19","5.26","31.58","0.00","-4.00","135.00","C","3","12300.00","139","7f","1540","10.00","8.00","HPH-PLPLHPP","13.00","1","4","9.7","","2","68","Fil-Mare-Gp3","Right - Easy","3yo+","20/1","20.00","3","","","12","14","172","376","204","84","55","68","-3","23","","gr","f","Dione","Dark Angel","v1","0","1.21","1","19","50.60","35.23","47.37","21.05","3","1","0.00","0.00","150.00","30.00","-80.00","950.00","YES","533.33","Female","47.67","58.96","54.91","60.83","0.00","0.00","50.00","","","",""
"30/08/2026","15:30","Cork","Stugardia","26.00","0.00","26.00","12.00","29.00","12.00","YES","66/1","164.00","11","12","Nathan Crosse","Joseph Patrick O'Brien","","9","","91","","","","","","","","0","8","8","0","30/08/2026 15:30","7f","Turf","A","1","1540","0","42000.00","Coolmore Stud Little Big Bear Stakes (Fillies' & Mares' Group 3) (Class A)","11","","","0.00","133","","0","0","0","0.00","0.00","0.00","0","0","0","0.00","0.00","0.00","0.00","0.00","","","0.00","","","0","0.00","0.00","","0.00","2","4","9.7","","4","64","Fil-Mare-Gp3","Right - Easy","3yo+","","0.00","3","","","12","14","92","282","190","84","40","51","15","","","b","f","Scouting","Tai Chi","","0","1.04","0","0","0.00","0.00","0.00","0.00","","","0.00","0.00","327.59","65.00","-80.16","250.00","YES","-23.69","Female","47.67","58.96","54.91","60.83","0.00","0.00","66.00","","","",""
"30/08/2026","15:30","Cork","Dancing Saxon","6.00","-10.00","5.50","-33.33","4.00","-40.00","YES","4/1","-20.00","2","2","Declan McDonogh","Joseph Patrick O'Brien","76","130","7","98","79","63","73","A","76","76","63","42","57","99","2","30/08/2026 15:30","7f","Turf","A","1","1540","0","42000.00","Coolmore Stud Little Big Bear Stakes (Fillies' & Mares' Group 3) (Class A)","2","","","0.00","128","03046-11213","0","0","0","0.00","0.00","0.00","3","3","10","30.00","30.00","0.00","4.13","100.00","A","1","60000.00","130","5f 205y","1305","8.44","7.00","HLHPH-PPPHH","6.00","11","3","9.2","D","7","77","Fil-Mare-Gp3","Right - Easy","3yo+","9/1","9.00","3","","","12","14","276","539","263","84","70","69","40","7","","b","f","Lady Adelaide","Saxon Warrior","","0","0.43","3","10","78.40","65.33","50.00","50.00","4","3","0.00","0.00","5.80","2.06","-64.48","30.00","YES","417.24","Female","47.67","58.96","54.91","60.83","0.00","0.00","4.00","","","",""
"30/08/2026","15:45","Goodwood","Sudbury Hill","4.50","0.00","4.50","42.86","6.00","42.86","YES","13/2","85.71","5","2","Callum Rodriguez","Harry Derham","66","260","17","80","68","59","52","D","64","66","49","29","60","89","6","30/08/2026 15:45","1m 3f 44y","Turf","C","3","2464","0","13085.00","Virgin Bet Daily Extra Places Selling Stakes (Class C)","5","","","0.00","131","5-232021412","0","0","0","0.00","0.00","0.00","3","3","15","20.00","20.00","100.00","7.33","55.36","D","4","5888.00","132","1m 1f 201y","2181","11.28","9.00","H-HPPPPPPPP","20.00","5","3","9.5","","5","45","Sell","Right - Sharp / Undulating","3-4yo","6/1","6.00","3","4","","6","8","343","700","357","83","94","88","92","17","62","b","g","La Cuvee","Cotai Glory","p","0","0.89","3","15","57.26","44.01","40.00","20.00","3","1","66.67","66.67","8.34","6.40","-23.26","1000.00","YES","11890.41","Male","100.00","100.00","80.95","76.87","0.00","0.00","6.50","","","",""
"30/08/2026","15:45","Goodwood","Gloryous","3.50","-30.00","2.75","-14.29","2.50","-40.00","YES","7/4 (JF)","-30.00","2","3","William Carson","Jamie Osborne","58","206","4","80","70","58","63","C","63","69","59","47","50","97","10","30/08/2026 15:45","1m 3f 44y","Turf","C","3","2464","0","13085.00","Virgin Bet Daily Extra Places Selling Stakes (Class C)","2","","","0.00","134","118326-8321","0","0","0","0.00","0.00","0.00","3","5","17","17.65","29.41","0.00","0.38","49.72","D","4","6281.00","142","1m 3f 219y","2639","8.88","7.50","LLLPPP-LPLL","33.00","2","4","9.8","","2","50","Sell","Right - Sharp / Undulating","3-4yo","100/30","3.33","3","4","","6","8","342","625","283","73","72","73","65","4","","ch","f","Saikung","Cotai Glory","","0","1.04","3","17","58.43","44.20","35.29","35.29","9","3","33.33","33.33","3.19","3.75","17.55","1000.00","YES","31247.96","Female","58.29","47.98","52.83","53.70","0.00","0.00","1.75","","","",""
"30/08/2026","15:30","Cork","Catalina Delcarpio","5.00","0.00","5.00","-31.25","3.75","-31.25","YES","15/8 (F)","-53.13","10","1","W J Lee","P Twomey","67","227","74","102","84","68","73","A","70","73","68","45","76","121","4","30/08/2026 15:30","7f","Turf","A","1","1540","0","42000.00","Coolmore Stud Little Big Bear Stakes (Fillies' & Mares' Group 3) (Class A)","10","","","0.00","133","123-410","0","0","0","0.00","0.00","0.00","2","2","6","33.33","33.33","0.00","2.08","195.00","A","1","141775.00","128","7f 213y","1753","8.78","7.50","PHP-PHP","13.00","9","4","9.7","","1","65","Fil-Mare-Gp3","Right - Easy","3yo+","17/2","8.50","3","","","12","14","321","652","331","88","95","86","62","74","","b","f","Queen Guenevere","Lope De Vega","","0","1.51","2","6","74.44","63.99","66.67","33.33","0","-1","0.00","50.00","3.00","2.20","-26.67","200.00","YES","6566.67","Female","64.19","46.08","51.53","56.75","0.00","0.00","1.88","","","14","-1"
"30/08/2026","15:30","Cork","Wannabe Royal","15.00","14.29","17.00","-12.50","15.00","0.00","YES","16/1","14.29","4","5","Ronan Whelan","Henry De Bromhead","67","94","80","100","76","61","61","A","67","71","61","36","33","69","8","30/08/2026 15:30","7f","Turf","A","1","1540","0","42000.00","Coolmore Stud Little Big Bear Stakes (Fillies' & Mares' Group 3) (Class A)","4","","","0.00","133","175734-5817","0","0","0","0.00","0.00","0.00","2","2","13","15.38","15.38","0.00","23.88","193.50","A","1","42000.00","132","7f 35y","1575","11.50","9.00","LLPPLH-LPLP","25.00","10","4","9.7","D","5","76","Fil-Mare-Gp3","Right - Easy","3yo+","11/1","11.00","3","","","12","14","250","481","231","62","68","81","20","80","","b","f","Lady Wannabe","Wootton Bassett","","0","0.81","2","13","60.16","46.69","23.08","15.38","3","-1","50.00","100.00","20.00","4.00","-80.00","880.00","YES","4300.00","Female","46.28","60.48","60.22","63.49","0.00","0.00","16.00","","","",""
"30/08/2026","15:30","Cork","Magny Cours","6.00","10.00","6.50","0.00","6.50","10.00","YES","9/1","80.00","1","8","Ben Coen","Daniel McLoughlin","53","51","98","103","74","55","62","A","63","72","58","24","16","40","0","30/08/2026 15:30","7f","Turf","A","1","1540","0","42000.00","Coolmore Stud Little Big Bear Stakes (Fillies' & Mares' Group 3) (Class A)","1","","","0.00","128","103825-20","0","0","0","0.00","0.00","0.00","1","2","8","12.50","25.00","0.00","0.50","108.00","A","1","289999.00","128","1m","1760","55.00","34.00","PLHHPH-HH","0.00","7","3","9.2","","9","80","Fil-Mare-Gp3","Right - Easy","3yo+","16/1","16.00","3","","","12","14","173","309","136","37","57","60","-18","98","","b","f","Ares Choix","Awtaad","","0","1.04","1","8","56.58","43.75","50.00","25.00","6","1","100.00","100.00","14.00","1.01","-92.79","13.50","YES","-3.57","Female","50.19","41.35","39.03","37.25","0.00","0.00","9.00","","","",""
"30/08/2026","15:30","Cork","Spinning Around","12.00","0.00","12.00","0.00","12.00","0.00","YES","12/1","9.09","3","6","Gavin Ryan","Donnacha O'Brien","74","80","16","91","74","63","66","A","70","70","62","34","29","63","0","30/08/2026 15:30","7f","Turf","A","1","1540","0","42000.00","Coolmore Stud Little Big Bear Stakes (Fillies' & Mares' Group 3) (Class A)","3","","","0.00","128","54201-41852","0","0","0","0.00","0.00","0.00","2","2","10","20.00","20.00","0.00","7.00","117.00","A","1","30000.00","122","7f","1540","10.50","9.00","PLHHH-PHHHH","0.00","5","3","9.2","D","12","77","Fil-Mare-Gp3","Right - Easy","3yo+","11/1","11.00","3","","","12","14","234","353","119","67","55","61","-64","16","","b","f","Perfect Angel","Australia","t","0","1.73","2","10","70.88","54.82","60.00","40.00","6","3","0.00","0.00","23.00","11.00","-52.17","100.00","YES","334.78","Female","42.86","44.84","44.38","53.92","0.00","0.00","12.00","","","",""
"30/08/2026","16:00","Yarmouth","Methgal","3.25","-22.22","2.75","14.29","3.00","-11.11","YES","5/2 (JF)","11.11","2","2","K S McHugh","Dylan Cunha","59","152","17","62","70","58","58","F","58","69","57","42","50","92","6","30/08/2026 16:00","6f 3y","Turf","F","6","1323","7","3768.00","Bodhi Solutions - Facilities Management Front Runner Handicap (Class F)","2","","","0.00","129","8122904721","0","0","0","0.00","0.00","0.00","2","4","20","10.00","20.00","0.00","1.33","48.84","F","6","3768.00","135","6f 12y","1332","4.70","4.33","PLLLHLLLPH","15.00","6","4","9.3","D","4","51","Hcap","Left - Galloping","3yo+,65","6/1","6.00","3","","65","9","11","325","602","277","85","55","63","74","17","","b","g","Djidda","Holy Roman Emperor","tb","0","0.96","2","20","59.51","42.01","40.00","15.00","2","-1","0.00","0.00","3.90","3.90","0.00","150.00","YES","3746.15","Male","53.37","52.22","49.20","47.27","0.00","0.00","2.50","","","",""
"30/08/2026","16:20","Goodwood","Senor Cortez","4.50","14.29","5.00","62.50","7.50","85.71","YES","12/1","242.86","4","3","Billy Loughnane","John Butler","74","105","20","88","74","59","71","D","71","71","59","32","50","82","4","30/08/2026 16:20","2m","Turf","C","3","3520","0","12885.00","City Of Chichester Handicap (GBBPlus Race) (Class C)","4","","","0.00","140","1132-357111","0","0","0","0.00","0.00","0.00","5","3","16","31.25","18.75","0.00","2.79","45.06","D","4","6281.00","138","1m 7f 218y","3518","12.33","9.00","PLPL-PPPPPH","11.00","1","5","10.0","D","5","70","Hcap","Right - Sharp / Undulating","3yo+,95","17/2","8.50","3","","95","9","11","304","564","260","57","91","76","36","20","546","ch","g","Lillian Russell","Sea The Stars","","0","1.25","5","16","66.52","52.58","43.75","37.50","12","3","40.00","100.00","15.83","16.00","1.07","1000.00","YES","6217.12","Male","39.17","48.48","56.85","62.24","0.00","0.00","12.00","","","",""
"30/08/2026","16:20","Goodwood","Personal Best","5.50","11.11","6.00","0.00","6.00","11.11","YES","9/2","0.00","3","7","Rob Hornby","Jonathan Portman","63","58","37","82","74","63","63","D","63","70","60","28","35","63","6","30/08/2026 16:20","2m","Turf","C","3","3520","0","12885.00","City Of Chichester Handicap (GBBPlus Race) (Class C)","3","","","0.00","134","415422-4321","0","0","0","0.00","0.00","0.00","3","4","13","23.08","30.77","0.00","21.90","55.86","D","4","6019.00","135","1m 6f","3080","2.02","1.90","PPPHPP-PPPP","17.00","4","4","9.8","","8","71","Hcap","Right - Sharp / Undulating","3yo+,95","10/1","10.00","3","","95","9","11","236","427","191","70","65","58","-2","37","","b","f","Spring Run","Time Test","","0","0.88","3","13","74.49","60.20","69.23","53.85","9","3","33.33","33.33","6.52","5.50","-15.64","6.80","YES","4.29","Female","44.66","49.11","48.95","51.56","0.00","0.00","4.50","","","1","0"
"30/08/2026","16:30","Beverley","Printing Money","5.50","0.00","5.50","0.00","5.50","0.00","YES","11/4 (F)","-38.89","9","4","Andrew Mullen","Dylan Cunha","62","152","11","60","62","48","53","F","52","52","50","32","10","42","6","30/08/2026 16:30","7f 75y","Turf","F","6","1615","0","4004.00","Return Of The Legend Martin Spencer Nursery Handicap (Class F)","9","","","0.00","131","9673","0","0","0","0.00","0.00","0.00","0","1","4","0.00","25.00","0.00","-4.00","0.00","F","6","3140.00","128","7f","1540","12.00","9.00","HHPL","19.00","4","2","9.5","","5","37","Hcap-Nur","Right - Stiff","2yo,70","17/2","8.50","2","2","70","9","12","287","628","341","94","91","86","70","11","","b","g","Utterly Charming","Starman","tb","0","1.04","0","4","43.72","25.98","50.00","0.00","0","1","0.00","0.00","3.80","4.90","28.95","1000.00","YES","26215.79","Male","53.37","52.22","49.20","47.27","0.00","0.00","2.75","","","",""
"30/08/2026","16:20","Goodwood","Marnier","12.00","0.00","12.00","27.27","15.00","27.27","YES","20/1","81.82","6","4","Jason Watson","Gary Moore","69","98","22","87","71","67","63","B","66","70","65","38","18","56","0","30/08/2026 16:20","2m","Turf","C","3","3520","0","12885.00","City Of Chichester Handicap (GBBPlus Race) (Class C)","6","","","0.00","139","2251-726316","0","0","0","0.00","0.00","0.00","2","4","12","16.67","33.33","0.00","-5.93","51.12","B","2","41803.00","129","1m 7f 209y","3509","35.97","29.00","PLHP-PLHHHH","0.00","7","4","9.13","","7","68","Hcap","Right - Sharp / Undulating","3yo+,95","7/1","7.00","3","","95","9","11","231","466","235","67","67","65","36","22","","b","g","Manzanilla","Saxon Warrior","","0","1.51","2","12","62.40","45.17","33.33","16.67","0","3","0.00","0.00","28.00","17.50","-37.50","1000.00","YES","3471.43","Male","46.38","50.94","50.29","54.79","0.00","0.00","20.00","","","",""
"30/08/2026","16:20","Goodwood","Premiere Ligne","13.00","0.00","13.00","0.00","13.00","0.00","YES","20/1","66.67","5","8","Oisin Murphy","Hughie Morrison","69","56","20","77","78","65","70","B","69","73","63","16","7","23","6","30/08/2026 16:20","2m","Turf","C","3","3520","0","12885.00","City Of Chichester Handicap (GBBPlus Race) (Class C)","5","","","0.00","129","122220-9676","0","0","0","0.00","0.00","0.00","1","6","17","5.88","35.29","0.00","-13.50","37.16","D","4","6281.00","136","1m 7f 218y","3518","26.18","15.00","PHPHHH-HPPP","17.00","8","7","9.3","","10","69","Hcap","Right - Sharp / Undulating","3yo+,95","18/1","18.00","3","","95","9","11","195","471","276","75","91","89","21","20","","b","g","Realism","Lope De Vega","tWS","0","1.13","1","17","58.16","42.35","58.82","29.41","3","3","0.00","100.00","28.56","6.60","-76.89","1000.00","YES","3401.40","Male","26.43","37.56","44.33","42.12","0.00","0.00","20.00","","","",""
"30/08/2026","16:20","Goodwood","Maxident","4.50","-4.86","4.33","-17.42","3.75","-21.43","YES","7/4 (F)","-50.00","1","5","D Egan","Kevin Foy","71","93","20","82","75","65","67","C","71","73","59","36","42","78","12","30/08/2026 16:20","2m","Turf","C","3","3520","0","12885.00","City Of Chichester Handicap (GBBPlus Race) (Class C)","1","","","0.00","134","36P24/421-22","0","0","0","0.00","0.00","0.00","2","5","16","12.50","31.25","0.00","0.00","53.70","D","4","6281.00","139","1m 7f 218y","3518","3.29","3.00","LLPLL/LLL-LL","33.00","2","6","9.8","BF","9","73","Hcap","Right - Sharp / Undulating","3yo+,95","15/2","7.50","3","","95","9","11","282","485","203","73","65","65","0","20","","b","g","Mahamuni","Nathaniel","","0","0.63","2","16","57.04","42.66","31.25","25.00","-4","-1","50.00","50.00","3.03","1.01","-66.67","3.65","YES","20.46","Male","35.71","59.19","54.49","57.32","0.00","0.00","1.75","","","",""
"30/08/2026","16:20","Goodwood","Moon Over Miami","10.00","-27.78","7.50","-15.38","6.50","-38.89","YES","4/1 (2F)","-55.56","2","6","Hector Crouch","Ralph Beckett","73","90","64","88","75","66","71","B","73","75","68","11","40","51","0","30/08/2026 16:20","2m","Turf","C","3","3520","0","12885.00","City Of Chichester Handicap (GBBPlus Race) (Class C)","2","","","0.00","140","11/5461-5040","0","0","0","0.00","0.00","0.00","3","0","10","30.00","0.00","0.00","5.83","127.71","B","2","77310.00","125","2m 56y","3576","16.06","13.00","HH/HHHL-LHHH","0.00","6","5","10.0","D","6","72","Hcap","Right - Sharp / Undulating","3yo+,95","28/1","28.00","3","","95","9","11","266","540","274","87","76","87","24","64","","b","g","Wiesenlerche","Sea The Moon","","0","1.00","3","10","61.65","45.19","30.00","30.00","-4","-3","66.67","66.67","5.19","4.60","-11.37","1000.00","YES","19167.82","Male","59.22","51.17","55.41","55.16","0.00","0.00","4.00","","","13","0"
"30/08/2026","16:20","Goodwood","Knight Templar","23.00","13.64","26.00","12.00","29.00","27.27","YES","28/1","27.27","8","9","David Probert","Robert Stephens","56","30","20","75","72","56","63","D","62","67","53","20","27","47","2","30/08/2026 16:20","2m","Turf","C","3","3520","0","12885.00","City Of Chichester Handicap (GBBPlus Race) (Class C)","8","","","0.00","127","355-1821220","0","0","0","0.00","0.00","0.00","6","5","25","24.00","20.00","87.50","24.50","38.86","D","4","6281.00","133","1m 7f 218y","3518","49.49","34.00","HHH-PHPPPHH","6.00","9","5","9.1","D","11","63","Hcap","Right - Sharp / Undulating","3yo+,95","14/1","14.00","3","","95","9","11","200","419","219","54","63","63","39","20","174","b","g","Jewelled","Haafhd","","0","1.09","6","25","58.00","45.61","52.00","32.00","5","-1","33.33","33.33","40.00","18.00","-55.00","220.00","YES","450.00","Male","8.33","22.02","25.86","33.78","0.00","0.00","28.00","","","",""
"30/08/2026","16:30","Beverley","Amantha","6.50","9.09","7.00","33.33","9.00","45.45","YES","13/2","18.18","4","1","Connor Beasley","Brian Ellison","54","184","8","61","59","52","54","F","54","57","49","40","42","82","2","30/08/2026 16:30","7f 75y","Turf","F","6","1615","0","4004.00","Return Of The Legend Martin Spencer Nursery Handicap (Class F)","4","","","0.00","132","0866123351","0","0","0","0.00","0.00","0.00","2","1","10","20.00","10.00","0.00","5.25","47.37","E","5","4320.00","131","7f","1540","4.06","3.25","HPPHPLPPHH","6.00","9","2","9.6","D","3","56","Hcap-Nur","Right - Stiff","2yo,70","13/2","6.50","2","2","70","9","12","334","653","319","73","90","90","66","8","","b","f","Rawwani","Mohaather","","0","0.92","2","10","48.83","36.63","50.00","40.00","0","-1","50.00","50.00","8.49","11.00","29.56","1000.00","YES","11678.56","Female","53.39","59.51","51.76","49.81","0.00","0.00","6.50","","","",""
"30/08/2026","16:30","Beverley","Nosey Book","19.00","0.00","19.00","-33.33","13.00","-33.33","YES","16/1","-11.11","5","8","S B Kirrane","Tim Easterby","40","38","15","57","45","40","41","D","40","40","41","9","17","26","2","30/08/2026 16:30","7f 75y","Turf","F","6","1615","0","4004.00","Return Of The Legend Martin Spencer Nursery Handicap (Class F)","5","","","0.00","128","630","0","0","0","0.00","0.00","0.00","0","0","3","0.00","0.00","0.00","-3.00","0.00","B","2","15462.00","130","1m","1760","237.68","67.00","HPH","6.00","5","2","9.2","","6","55","Hcap-Nur","Right - Stiff","2yo,70","33/1","33.00","2","2","70","9","12","230","509","279","78","68","69","64","15","","b","g","Social Media","Belardo","b1","0","0.86","0","3","41.67","20.60","66.67","0.00","1","1","0.00","0.00","22.00","13.00","-40.91","1000.00","YES","4445.45","Male","56.59","46.93","48.31","48.03","0.00","0.00","16.00","","","",""
"30/08/2026","16:30","Beverley","Tiger In The Tree","13.00","16.67","15.00","0.00","15.00","16.67","YES","28/1","133.33","7","5","Duran Fentiman","Tim Easterby","50","106","30","50","62","48","56","F","57","57","48","30","30","60","6","30/08/2026 16:30","7f 75y","Turf","F","6","1615","0","4004.00","Return Of The Legend Martin Spencer Nursery Handicap (Class F)","7","","","0.00","121","969336","0","0","0","0.00","0.00","0.00","0","1","6","0.00","16.67","0.00","-6.00","0.00","F","6","4187.00","122","7f 15y","1555","10.82","10.00","HPPHPL","19.00","8","2","8.9","","10","50","Hcap-Nur","Right - Stiff","2yo,70","9/1","9.00","2","2","70","9","12","276","412","136","78","53","61","-56","30","","b","f","Edith Garrud","Mattmu","p","0","0.92","0","6","37.47","20.12","16.67","0.00","2","1","0.00","0.00","39.36","25.00","-36.48","1000.00","YES","2440.65","Female","56.59","46.93","48.31","48.03","0.00","0.00","28.00","","","",""
"30/08/2026","16:30","Beverley","Bella Lucia","4.50","0.00","4.50","-4.86","4.33","-4.86","YES","100/30 (2F)","-4.86","2","3","C J Whiteley","Gemma Tutty","54","162","23","64","54","50","51","E","52","52","50","37","46","83","2","30/08/2026 16:30","7f 75y","Turf","F","6","1615","5","4004.00","Return Of The Legend Martin Spencer Nursery Handicap (Class F)","2","","","0.00","130","3631","0","0","0","0.00","0.00","0.00","1","2","4","25.00","50.00","0.00","3.50","78.51","E","5","7851.00","123","7f 15y","1555","9.80","7.50","PPHH","6.00","2","2","9.4","D","2","65","Hcap-Nur","Right - Stiff","2yo,70","15/2","7.50","2","2","70","9","12","326","630","304","68","77","73","86","23","","b","f","Susie Javea","Belardo","","0","1.38","1","4","74.83","61.25","25.00","25.00","0","1","100.00","100.00","4.45","2.20","-50.56","1000.00","YES","22371.91","Female","56.93","52.15","55.11","50.36","0.00","0.00","3.33","","","",""
"30/08/2026","16:30","Beverley","Inns And Out","7.00","-25.00","5.50","-11.11","5.00","-33.33","YES","7/2","-41.67","3","2","David Allan","Tim Easterby","50","167","5","66","59","50","46","D","45","50","49","39","53","92","8","30/08/2026 16:30","7f 75y","Turf","F","6","1615","0","4004.00","Return Of The Legend Martin Spencer Nursery Handicap (Class F)","3","","","0.00","137","53691","0","0","0","0.00","0.00","0.00","1","1","5","20.00","20.00","0.00","3.00","59.40","D","4","5940.00","130","7f 15y","1555","12.00","8.00","HPPPL","25.00","3","2","9.11","D","1","65","Hcap-Nur","Right - Stiff","2yo,70","7/1","7.00","2","2","70","9","12","344","633","289","78","76","73","62","5","","b","g","Keska","Inns Of Court","","6","1.20","1","5","57.01","40.46","20.00","20.00","-1","-1","0.00","0.00","5.30","1.11","-79.06","1000.00","YES","18767.92","Male","56.59","46.93","48.31","48.03","0.00","0.00","3.50","","","",""
"30/08/2026","16:30","Beverley","Court Legend","5.00","0.00","5.00","12.50","5.50","12.50","YES","6/1","50.00","1","7","Miss Joanna Mason","Michael Easterby","60","64","17","61","60","50","51","F","49","52","51","32","28","60","0","30/08/2026 16:30","7f 75y","Turf","F","6","1615","0","4004.00","Return Of The Legend Martin Spencer Nursery Handicap (Class F)","1","","","0.00","132","0502","0","0","0","0.00","0.00","0.00","0","1","4","0.00","25.00","0.00","-4.00","0.00","F","6","4004.00","132","7f 75y","1615","10.36","9.00","HHHH","0.00","7","2","9.6","","4","66","Hcap-Nur","Right - Stiff","2yo,70","17/2","8.50","2","2","70","9","12","270","527","257","68","80","79","30","17","","b","g","La Roumegue","Inns Of Court","p1","0","1.29","0","4","50.70","32.77","0.00","0.00","4","3","0.00","0.00","9.00","1.01","-88.78","30.00","YES","233.33","Male","33.97","47.55","46.24","45.76","0.00","0.00","6.00","","","",""
"30/08/2026","16:30","Beverley","Scarlet Dynasty","34.00","0.00","34.00","-24.24","26.00","-24.24","YES","25/1","-24.24","6","6","Rhys Elliott","Gemma Tutty","44","78","15","50","46","44","40","D","44","44","40","13","12","25","2","30/08/2026 16:30","7f 75y","Turf","F","6","1615","5","4004.00","Return Of The Legend Martin Spencer Nursery Handicap (Class F)","6","","","0.00","116","887","0","0","0","0.00","0.00","0.00","0","0","3","0.00","0.00","0.00","-3.00","0.00","B","2","15462.00","133","1m","1760","550.00","151.00","HHP","6.00","1","2","8.4","","9","54","Hcap-Nur","Right - Stiff","2yo,70","22/1","22.00","2","2","70","9","12","225","488","263","68","65","60","70","15","","b","c","Scarlet Pimpernel","Supremacy","","0","1.47","0","3","31.48","11.63","0.00","0.00","1","1","0.00","0.00","40.00","30.00","-25.00","1000.00","YES","2400.00","Male","56.93","52.15","55.11","50.36","0.00","0.00","25.00","","","",""
"30/08/2026","16:30","Beverley","Be More Ruthless","23.00","0.00","23.00","27.27","29.00","27.27","YES","40/1","81.82","8","9","Mr Jack Nicholls","Adrian Nicholls","50","36","18","49","50","28","33","D","28","28","33","10","10","20","4","30/08/2026 16:30","7f 75y","Turf","F","6","1615","3","4004.00","Return Of The Legend Martin Spencer Nursery Handicap (Class F)","8","","","0.00","117","005","0","0","0","0.00","0.00","0.00","0","0","3","0.00","0.00","0.00","-3.00","0.00","D","4","5940.00","119","7f 75y","1615","947.35","301.00","HPP","13.00","6","2","8.5","","11","39","Hcap-Nur","Right - Stiff","2yo,70","28/1","28.00","2","2","70","9","12","209","473","264","86","95","79","4","18","","b","f","Kune Kune","Rajasinghe","","0","0.86","0","3","30.10","14.76","33.33","33.33","-1","-1","0.00","0.00","55.00","25.00","-54.55","1000.00","YES","1718.18","Female","74.17","57.67","46.73","45.99","0.00","0.00","40.00","","","",""
"30/08/2026","16:20","Goodwood","Squire Danagher","4.33","5.11","4.50","28.57","5.50","35.14","YES","9/1","170.27","9","2","Ray Dawson","Emma Lavelle","56","111","78","89","74","56","50","C","0","70","50","23","38","61","4","30/08/2026 16:20","2m","Turf","C","3","3520","0","12885.00","City Of Chichester Handicap (GBBPlus Race) (Class C)","9","","","0.00","141","5711/823PP-1","0","0","0","0.00","0.00","0.00","5","7","21","23.81","33.33","60.00","44.25","85.16","D","4","6281.00","134","1m 6f","3080","100.00","51.00","HPPP/PPPPP-H","11.00","5","6","10.1","","4","20","Hcap","Right - Sharp / Undulating","3yo+,95","12/1","12.00","3","","95","9","11","231","544","313","83","69","84","77","78","283","b","g","Sunday Bess","Australia","","0","0.75","5","21","65.81","53.92","38.10","28.57","-1","-1","80.00","80.00","12.98","10.00","-22.96","1000.00","YES","7604.16","Male","29.50","31.73","33.19","43.82","0.00","0.00","9.00","","","1","0"
"30/08/2026","16:00","Yarmouth","My Mate Kev","6.50","0.00","6.50","9.09","7.00","9.09","YES","13/2","18.18","7","1","Silvestre De Sousa","Chris Dwyer","63","154","12","58","63","55","56","F","56","61","53","31","18","49","6","30/08/2026 16:00","6f 3y","Turf","F","6","1323","0","3768.00","Bodhi Solutions - Facilities Management Front Runner Handicap (Class F)","7","","","0.00","132","06809-05672","0","0","0","0.00","0.00","0.00","2","2","16","12.50","12.50","0.00","-5.00","46.70","F","6","4711.00","133","6f 1y","1321","3.55","3.25","HLLLP-PLPPP","15.00","4","4","9.6","D  BF","10","46","Hcap","Left - Galloping","3yo+,65","17/2","8.50","3","","65","9","11","274","496","222","71","81","85","-15","12","","b","g","Quick Thought","Aclaim","WS2","0","1.40","2","16","37.94","24.65","25.00","25.00","-6","-3","0.00","50.00","8.45","6.00","-28.99","870.00","YES","10195.86","Male","52.83","54.84","55.00","51.60","0.00","0.00","6.50","","","",""
"30/08/2026","16:00","Yarmouth","Insuspense","12.00","-31.82","8.50","-26.67","6.50","-50.00","YES","11/2","-50.00","3","5","Paddy Bradley","R Burdon","64","83","86","62","69","61","63","E","64","66","58","23","19","42","0","30/08/2026 16:00","6f 3y","Turf","F","6","1323","0","3768.00","Bodhi Solutions - Facilities Management Front Runner Handicap (Class F)","3","","","0.00","136","34-82222275","0","0","0","0.00","0.00","0.00","0","8","15","0.00","53.33","0.00","-15.00","0.00","E","5","6621.00","132","6f","1320","6.65","6.00","PP-PHHPHHHH","0.00","5","4","9.10","","5","50","Hcap","Left - Galloping","3yo+,65","12/1","12.00","3","","65","9","11","244","522","278","84","67","68","59","86","","b","f","Incharge","Bated Breath","t","0","0.80","0","15","65.44","48.60","6.67","0.00","-1","-3","0.00","0.00","7.80","4.80","-38.46","1000.00","YES","12720.51","Female","48.61","39.29","45.82","48.57","0.00","0.00","5.50","","","5","0"
"30/08/2026","16:05","Cork","Erosandpsyche","11.00","-20.00","9.00","-25.00","7.00","-40.00","YES","11/2","-45.00","2","4","Gary Carroll","Daniel Murphy","64","80","11","94","83","67","68","B","66","78","64","27","35","62","2","30/08/2026 16:05","5f","Turf","A","1","1100","0","30000.00","Irish Stallion Farms EBF Abergwaun Stakes (Class A) (Listed)","2","","","0.00","133","0-900338258","0","0","0","0.00","0.00","0.00","4","10","30","13.33","33.33","0.00","-5.70","142.50","B","2","69579.00","129","5f 89y","1189","75.00","41.00","H-PHPPPPHPH","7.00","5","8","9.7","CD","2","75","Lis","Right - Easy","3yo+","11/1","11.00","3","","","8","10","273","444","171","72","71","64","-36","11","","b","g","Sciolina","Sepoy","tp","0","1.04","4","30","57.37","45.29","33.33","20.00","12","1","0.00","25.00","7.40","6.00","-18.92","6.00","YES","-18.92","Male","66.27","71.89","71.47","67.54","0.00","0.00","5.50","","","",""
"30/08/2026","16:00","Yarmouth","Deadline","13.00","0.00","13.00","50.00","19.00","50.00","YES","25/1","108.33","5","7","Edward Greatrex","Warren Greatrex","53","59","17","63","56","52","45","E","51","53","48","8","11","19","6","30/08/2026 16:00","6f 3y","Turf","F","6","1323","0","3768.00","Bodhi Solutions - Facilities Management Front Runner Handicap (Class F)","5","","","0.00","134","6654","0","0","0","0.00","0.00","0.00","0","0","4","0.00","0.00","0.00","-4.00","0.00","E","5","4397.00","132","6f 12y","1332","110.00","81.00","LPLH","15.00","9","3","9.8","","8","47","Hcap","Left - Galloping","3yo+,65","33/1","33.00","3","","65","9","11","222","515","293","78","83","82","50","17","","ch","g","Tribune","Kameko","","0","0.89","0","4","48.06","26.91","25.00","25.00","0","-1","0.00","0.00","23.87","2.06","-91.37","32.00","YES","34.06","Male","54.00","64.81","68.38","53.59","0.00","0.00","25.00","","","",""
"30/08/2026","16:00","Yarmouth","Danger Alert","15.00","0.00","15.00","-35.71","10.00","-35.71","YES","8/1","-42.86","6","9","Pat Cosgrave","Adam Kirby","58","53","99","61","74","61","55","E","58","69","59","18","19","37","4","30/08/2026 16:00","6f 3y","Turf","F","6","1323","0","3768.00","Bodhi Solutions - Facilities Management Front Runner Handicap (Class F)","6","","","0.00","135","24205347-49","0","0","0","0.00","0.00","0.00","3","9","38","7.89","23.68","0.00","-19.40","86.30","F","6","4711.00","133","6f 12y","1332","19.21","13.00","PPPHHHLH-LH","10.00","1","6","9.9","D","7","46","Hcap","Left - Galloping","3yo+,65","16/1","16.00","3","","65","9","11","254","515","261","69","74","74","44","99","","b","g","Sandy Times","Ardad","es1","0","0.84","3","38","50.85","34.72","28.95","15.79","6","-1","66.67","100.00","11.50","9.40","-18.26","130.00","YES","1030.43","Male","0.00","54.92","63.47","40.67","0.00","0.00","8.00","","","10","-1"
"30/08/2026","16:00","Yarmouth","Noble Guest","9.50","5.88","10.00","-22.22","8.00","-17.65","YES","9/1","5.88","8","4","Mason Paetel","George Margarson","56","94","33","64","68","58","55","D","56","65","57","34","26","60","4","30/08/2026 16:00","6f 3y","Turf","F","6","1323","3","3768.00","Bodhi Solutions - Facilities Management Front Runner Handicap (Class F)","8","","","0.00","135","5156-356374","0","0","0","0.00","0.00","0.00","2","2","21","9.52","9.52","0.00","3.00","50.25","F","6","3768.00","139","7f 3y","1543","7.60","6.00","PPPP-PPPPPH","10.00","8","4","9.9","C","1","45","Hcap","Left - Galloping","3yo+,65","15/2","7.50","3","","65","9","11","285","553","268","59","88","70","51","33","","br","g","Maid For Winning","Mohaather","","0","0.88","2","21","50.49","34.09","23.81","23.81","-1","-1","0.00","0.00","12.92","18.00","39.32","1000.00","YES","7639.94","Male","66.67","47.41","51.38","37.79","0.00","0.00","9.00","","","",""
"30/08/2026","16:00","Yarmouth","Court Drive","9.50","-11.76","8.50","-46.67","5.00","-52.94","YES","5/2 (JF)","-70.59","1","3","Jack Mitchell","Gay Kelleway","61","104","24","62","66","61","59","E","61","65","58","30","34","64","0","30/08/2026 16:00","6f 3y","Turf","F","6","1323","0","3768.00","Bodhi Solutions - Facilities Management Front Runner Handicap (Class F)","1","","","0.00","136","27-45661346","0","0","0","0.00","0.00","0.00","4","7","34","11.76","20.59","0.00","44.00","38.90","E","5","4711.00","128","6f 17y","1337","17.00","13.00","PH-PPHHPHHH","0.00","7","5","9.10","CD","6","52","Hcap","Left - Galloping","3yo+,65","9/1","9.00","3","","65","9","11","292","646","354","64","94","99","97","24","","b","m","Gwen Lady Byron","Inns Of Court","b","0","0.80","4","34","48.45","33.80","41.18","32.35","10","-1","0.00","0.00","4.20","1.01","-75.95","5.20","YES","23.81","Female","87.50","87.50","69.10","53.45","0.00","0.00","2.50","","","",""
"30/08/2026","16:00","Yarmouth","Sam's Xpress","29.00","17.86","34.00","-15.15","29.00","0.00","YES","40/1","42.86","9","6","Dylan Hogan","Julia and Shelley Birkett","48","67","25","64","67","56","53","E","51","66","55","25","8","33","10","30/08/2026 16:00","6f 3y","Turf","F","6","1323","0","3768.00","Bodhi Solutions - Facilities Management Front Runner Handicap (Class F)","9","","","0.00","138","511-3369589","0","0","0","0.00","0.00","0.00","7","4","44","15.91","9.09","0.00","-2.92","45.26","E","5","4187.00","136","5f 3y","1103","16.09","13.00","PLL-LLLLLLP","25.00","2","6","9.12","D","2","39","Hcap","Left - Galloping","3yo+,65","11/1","11.00","3","","65","9","11","263","492","229","81","72","86","-10","25","","br","g","Cool No More","Fulbright","","0","1.36","7","44","48.40","33.84","43.18","29.55","-2","1","0.00","14.29","44.00","20.00","-54.55","490.00","YES","1013.64","Male","45.17","44.50","46.79","46.54","0.00","0.00","40.00","","","",""
"30/08/2026","16:05","Cork","Xerling","15.00","0.00","15.00","-39.29","9.50","-39.29","YES","17/2","-39.29","7","5","Ben Coen","Miss N Lupini","67","70","39","90","73","63","66","E","67","68","61","33","31","64","8","30/08/2026 16:05","5f","Turf","A","1","1100","0","30000.00","Irish Stallion Farms EBF Abergwaun Stakes (Class A) (Listed)","7","","","0.00","126","040-2120","0","0","0","0.00","0.00","0.00","1","2","7","14.29","28.57","0.00","-5.20","78.00","A","1","30000.00","128","5f 205y","1305","16.50","13.00","HLH-PPLP","27.00","4","3","9.0","CD","10","64","Lis","Right - Easy","3yo+","9/1","9.00","3","","","8","10","258","544","286","80","69","81","56","39","","b","f","Machree","Sioux Nation","","0","1.67","1","7","54.89","42.95","57.14","57.14","3","1","0.00","0.00","10.53","1001.00","9406.17","1.00","YES","-90.50","Female","36.61","50.88","61.45","49.74","0.00","0.00","8.50","","","",""
"30/08/2026","16:05","Cork","Cardiff By The Sea","23.00","0.00","23.00","27.27","29.00","27.27","YES","22/1","0.00","5","7","Seamie Heffernan","J A Stack","54","43","57","86","72","67","61","A","64","70","64","17","10","27","2","30/08/2026 16:05","5f","Turf","A","1","1100","0","30000.00","Irish Stallion Farms EBF Abergwaun Stakes (Class A) (Listed)","5","","","0.00","126","247-1075","0","0","0","0.00","0.00","0.00","1","0","7","14.29","0.00","0.00","-4.38","90.00","D","4","13200.00","126","5f","1100","18.60","15.00","PPP-LPHH","7.00","1","3","9.0","CD","7","68","Lis","Right - Easy","3yo+","18/1","18.00","3","","","8","10","208","514","306","82","69","86","69","57","","b","f","Piece Of Paradise","St Mark's Basilica","t1","0","2.09","1","7","45.33","36.03","57.14","42.86","3","1","0.00","100.00","34.00","10.50","-69.12","990.00","YES","2811.76","Female","52.38","47.89","49.54","46.86","0.00","0.00","22.00","","","",""
"30/08/2026","16:20","Goodwood","Blazeon Five","13.00","16.67","15.00","-21.43","12.00","-8.33","YES","8/1","-33.33","7","1","Rossa Ryan","Alan King","70","133","64","91","77","64","69","B","70","74","63","28","43","71","2","30/08/2026 16:20","2m","Turf","C","3","3520","0","12885.00","City Of Chichester Handicap (GBBPlus Race) (Class C)","7","","","0.00","143","2734111-620","0","0","0","0.00","0.00","0.00","8","7","32","25.00","21.88","100.00","29.38","86.39","B","2","77310.00","127","2m 56y","3576","37.41","23.00","HHPHHHH-HPH","6.00","3","8","10.3","D","3","67","Hcap","Right - Sharp / Undulating","3yo+,95","10/1","10.00","3","","95","9","11","286","587","301","89","84","82","46","64","452","b","m","Precision Five","Indian Haven","","0","1.00","8","32","68.14","53.53","43.75","31.25","14","1","0.00","12.50","10.50","10.50","0.00","870.00","YES","8185.71","Female","76.32","75.08","64.84","56.81","0.00","0.00","8.00","","","14","0"
"30/08/2026","16:05","Cork","Focaccia","26.00","0.00","26.00","12.00","29.00","12.00","YES","22/1","-12.00","3","6","Gavin Ryan","J A Stack","71","49","7","83","71","60","63","A","64","71","60","23","15","38","10","30/08/2026 16:05","5f","Turf","A","1","1100","0","30000.00","Irish Stallion Farms EBF Abergwaun Stakes (Class A) (Listed)","3","","","0.00","126","7207178286","0","0","0","0.00","0.00","0.00","1","3","11","9.09","27.27","0.00","-3.00","72.00","A","1","60000.00","130","5f 205y","1305","426.01","151.00","HLHPLLPLPL","33.00","8","3","9.0","D","8","73","Lis","Right - Easy","3yo+","13/1","13.00","3","","","8","10","224","502","278","82","69","86","41","7","","b","f","Taste The Salt","Kodiac","","0","0.83","1","11","54.68","39.60","45.45","27.27","7","1","0.00","0.00","23.55","15.00","-36.31","1000.00","YES","4146.28","Female","52.38","47.89","49.54","46.86","0.00","0.00","22.00","","","",""
"30/08/2026","16:05","Cork","Gazelle d'Or","4.50","0.00","4.50","14.29","5.00","14.29","YES","4/1","14.29","4","2","W J Lee","M C Grassick","69","114","86","97","81","59","71","A","69","75","60","34","47","81","0","30/08/2026 16:05","5f","Turf","A","1","1100","0","30000.00","Irish Stallion Farms EBF Abergwaun Stakes (Class A) (Listed)","4","","","0.00","128","314610-7022","0","0","0","0.00","0.00","0.00","5","6","21","23.81","28.57","0.00","29.33","178.80","D","4","13200.00","134","6f","1320","5.70","4.50","HHHHHP-HHHH","0.00","7","4","9.2","D","4","69","Lis","Right - Easy","3yo+","17/2","8.50","3","","","8","10","310","576","266","66","97","78","25","86","","b","f","Via Aurelia","Equiano","p","0","0.42","5","21","70.78","57.55","38.10","33.33","13","3","40.00","20.00","5.98","4.00","-33.11","1000.00","YES","16622.41","Female","32.22","47.06","52.71","57.11","0.00","0.00","4.00","","","",""
"30/08/2026","16:05","Cork","Kendall Roy","5.50","0.00","5.50","-44.44","3.50","-44.44","YES","7/2 (2F)","-22.22","8","1","Chris Hayes","Miss Kate McGivern","69","224","22","102","78","62","68","B","69","73","62","56","46","102","0","30/08/2026 16:05","5f","Turf","A","1","1100","0","30000.00","Irish Stallion Farms EBF Abergwaun Stakes (Class A) (Listed)","8","","","0.00","136","0/63402-1936","0","0","0","0.00","0.00","0.00","6","5","22","27.27","22.73","0.00","29.40","182.12","B","2","41803.00","142","5f","1100","10.89","10.00","H/PPHPP-HHHH","0.00","3","5","9.10","CD","1","63","Lis","Right - Easy","3yo+","5/1","5.00","3","","","8","10","337","666","329","93","69","87","80","22","","b","g","Procedure","Twilight Son","t","0","1.04","6","22","63.53","51.22","31.82","27.27","10","3","16.67","33.33","5.66","1001.00","17585.51","1.00","YES","-82.33","Male","14.29","51.59","46.90","50.91","0.00","0.00","3.50","","","",""
"30/08/2026","16:05","Cork","Likedbymike","7.00","0.00","7.00","-41.67","4.50","-41.67","YES","11/4 (F)","-54.17","1","8","Colin Keane","M J Byrne","59","28","27","94","78","62","63","A","61","77","61","46","39","85","4","30/08/2026 16:05","5f","Turf","A","1","1100","0","30000.00","Irish Stallion Farms EBF Abergwaun Stakes (Class A) (Listed)","1","","","0.00","128","7-622429301","0","0","0","0.00","0.00","0.00","2","6","21","9.52","28.57","0.00","-12.06","108.00","E","5","10800.00","134","5f 205y","1305","1.56","1.44","P-HPHPHHPHP","13.00","6","4","9.2","CD","5","76","Lis","Right - Easy","3yo+","6/1","6.00","3","","","8","10","266","501","235","65","97","73","0","27","","b","f","Trisara","Inns Of Court","","0","0.21","2","21","58.78","44.09","42.86","38.10","7","-1","0.00","50.00","4.60","1.01","-78.04","5.70","YES","23.91","Female","0.00","0.00","76.92","66.62","0.00","0.00","2.75","","","",""
"30/08/2026","16:05","Cork","Sarahmae","12.00","0.00","12.00","-36.36","8.00","-36.36","YES","11/2","-50.00","6","3","J M Sheridan","Denis Gerard Hogan","66","98","21","93","74","59","69","A","71","72","59","25","21","46","4","30/08/2026 16:05","5f","Turf","A","1","1100","0","30000.00","Irish Stallion Farms EBF Abergwaun Stakes (Class A) (Listed)","6","","","0.00","128","8060112656","0","0","0","0.00","0.00","0.00","5","2","25","20.00","8.00","0.00","8.75","118.20","B","2","21000.00","126","5f","1100","9.80","7.50","HHHHHHHPHP","13.00","2","4","9.2","CD","6","67","Lis","Right - Easy","3yo+","12/1","12.00","3","","","8","10","276","555","279","70","67","82","60","21","","b","f","Emirates Joy","Magna Grecia","","0","0.42","5","25","60.44","44.41","36.00","28.00","17","-1","40.00","40.00","7.62","6.00","-21.26","6.00","YES","-21.26","Female","37.24","40.12","46.26","46.22","0.00","0.00","5.50","","","",""
