"Date","Time","Course","Horse","EvP","E--B","BrP","B--M","MoP","E--M","NRs","Odds","E--SP","Finishing Position","UR1_Rank","Jockey","Trainer","dyLTO","UR1","DSLR","OR","dyHA","dyMR","dyAVG(X)","dyHC","dyMR(X)","dy2HA","dyAVG","TissueRating","PFR","TIS+PFR","Pace","Time","Distance","Race Type","Class","ClassNumber","DistanceInYards","JockeyClaim","Prize","Race","Fin Pos","UR2","UR3","UR4","Pounds","Form","Won Since","Plc Since","Runs Since","SR Since","Plc SR Since","P/L Since","Won Before","Plc Before","Runs Before","SR Before","Plc SR Before","Finished Races SR","P/L Before","VDW","Class LTO","New Class LTO","Value LTO","Pounds LTO","Distance LTO","Distance in Yards LTO","BSP_(Decimal)_LTO","SP_(Decimal)_LTO","PaceForm","Pace %","Draw","Age","Weight","History","#","Rating","Classifications","Course Characteristics","Qual","Tissue Odds","Tissue Numerical Odds","Min Age","Max Age","Hcap Limit","Runners","Orig_Runners","Main","Main Stats","Stats","Trn Stats","Jky Stats","TrnJky Stats","Hrs Stats","DSLR(F)","DSLR(J)","Colour","Sex","Dam","Sire","Equip","Pen","Draw IV","FWins","FRuns","fPRB","fPRB^2","50% Low SR","70% Low SR","PvSTot","PvSTotL3","50% High SR","12 Tick Higher SR","BSP","IR_Lowest","%DiffLOW","IR_Highest","Replay","%DiffHIGH","Sex","t7PRB","t14PRB","t28PRB","t56PRB","UR5","UR6","Numerical Odds","POSAFTUPG","CHGPOS","LTO_POSAFTUPG","LTO_CHGPOS"
"02/09/2026","16:38","Navan","Harry's Hill","8.50","0.00","0.00","0.00","0.00","0.00","NO","","0.00","","8","Paddy Harnett","Martin Hassett","61","54","17","73","74","60","61","D","61","73","59","39","38","77","4","02/09/2026 16:38","5f","Turf","D","4","1100","3","9000.00","Navan Racecourse Handicap (Class D) (0-85)","","","","0.00","133","09-67060621","0","0","0","0.00","0.00","0.00","10","9","64","15.63","14.06","0.00","15.83","130.80","E","5","10800.00","134","5f","1100","5.70","5.00","PP-PPPLPHPP","5.00","1","8","9.7","CD","10","0","Hcap","Left - Stiff / Undulating","3yo+,85","11/1","11.00","3","","85","18","18","252","475","223","62","59","68","34","17","","b","g","Lexington Rose","Heeraat","t","0","1.30","10","64","54.75","40.97","40.63","29.69","14","1","0.00","0.00","1.00","0.00","0.00","0.00","NO","0.00","Male","35.60","36.12","50.56","57.13","0.00","0.00","0.00","","","",""
"02/09/2026","16:38","Navan","Dandyville","51.00","0.00","0.00","0.00","0.00","0.00","NO","","0.00","","6","Seamie Heffernan","Ms Claire O'Connell","54","59","18","75","77","63","51","B","51","76","62","12","18","30","4","02/09/2026 16:38","5f","Turf","D","4","1100","0","9000.00","Navan Racecourse Handicap (Class D) (0-85)","","","","0.00","135","325/02/7000-0","0","0","0","0.00","0.00","0.00","7","9","33","21.21","27.27","0.00","7.70","89.57","B","2","15000.00","119","6f","1320","215.60","67.00","PPL/HP/PPPH-P","5.00","13","8","9.9","","7","0","Hcap","Left - Stiff / Undulating","3yo+,85","40/1","40.00","3","","85","18","18","144","310","166","50","72","51","-7","18","","ch","g","Lady Mandeville","Dandy Man","","0","0.69","7","33","63.42","51.25","42.42","30.30","9","1","71.43","100.00","1.00","0.00","0.00","0.00","NO","0.00","Male","45.77","39.95","42.46","43.20","0.00","0.00","0.00","","","",""
"02/09/2026","16:38","Navan","Cuban Grey","11.00","0.00","0.00","0.00","0.00","0.00","NO","","0.00","","11","Luke McAteer","P J McKenna","73","49","18","79","73","61","68","B","67","70","58","27","23","50","10","02/09/2026 16:38","5f","Turf","D","4","1100","0","9000.00","Navan Racecourse Handicap (Class D) (0-85)","","","","0.00","139","5205179435","0","0","0","0.00","0.00","0.00","7","19","57","12.28","33.33","0.00","5.25","89.43","B","2","15000.00","114","6f","1320","23.00","17.00","PLHPLPLPLL","12.00","3","6","9.13","D","3","0","Hcap","Left - Stiff / Undulating","3yo+,85","16/1","16.00","3","","85","18","18","243","253","10","34","47","46","-11","18","","gr","g","Tout Va Bien","Havana Grey","p","0","0.94","7","57","56.79","44.03","31.58","22.81","21","3","28.57","28.57","1.00","0.00","0.00","0.00","NO","0.00","Male","0.00","0.00","72.73","72.73","0.00","0.00","0.00","","","",""
"02/09/2026","16:38","Navan","Happy Henry","11.00","0.00","0.00","0.00","0.00","0.00","NO","","0.00","","3","Leigh Roche","W McCreery","47","77","17","66","69","56","58","F","63","68","56","36","25","61","2","02/09/2026 16:38","5f","Turf","D","4","1100","0","9000.00","Navan Racecourse Handicap (Class D) (0-85)","","","","0.00","126","3523313159","0","0","0","0.00","0.00","0.00","2","6","24","8.33","25.00","0.00","-6.00","66.00","E","5","10800.00","137","5f","1100","5.47","4.33","PPHHHHHHHP","2.00","9","5","9.0","CD  BF","14","0","Hcap","Left - Stiff / Undulating","3yo+,85","12/1","12.00","3","","85","18","18","161","456","295","88","63","85","59","17","","b","g","Social Butterfly","Bungle Inthejungle","","0","1.45","2","24","59.52","44.61","20.83","20.83","0","1","50.00","100.00","1.00","0.00","0.00","0.00","NO","0.00","Male","44.93","63.34","55.24","55.12","0.00","0.00","0.00","","","",""
"02/09/2026","16:38","Navan","Gotta Catch'em All","7.00","0.00","0.00","0.00","0.00","0.00","NO","","0.00","","17","Siobhan Rutledge","H Rogers","66","21","6","76","73","59","63","C","63","70","56","60","40","100","10","02/09/2026 16:38","5f","Turf","D","4","1100","0","9000.00","Navan Racecourse Handicap (Class D) (0-85)","","","","0.00","136","4-769611293","0","0","0","0.00","0.00","0.00","2","10","30","6.67","33.33","0.00","-12.00","81.00","C","3","12000.00","132","5f 180y","1280","5.18","4.50","H-HHHPPLLPL","12.00","2","6","9.10","C  BF","5","0","Hcap","Left - Stiff / Undulating","3yo+,85","13/2","6.50","3","","85","18","18","260","427","167","61","22","69","15","6","","b","g","Allegra Tak","Free Eagle","b","0","0.83","2","30","64.04","48.04","40.00","23.33","2","-3","0.00","0.00","1.00","0.00","0.00","0.00","NO","0.00","Male","52.21","51.38","45.39","52.16","0.00","0.00","0.00","","","",""
"02/09/2026","16:38","Navan","Alnofoor","17.00","0.00","0.00","0.00","0.00","0.00","NO","","0.00","","14","Andrew Slattery","Ms Claire O'Connell","54","36","82","59","73","58","60","F","60","66","58","19","40","59","8","02/09/2026 16:38","5f","Turf","D","4","1100","0","9000.00","Navan Racecourse Handicap (Class D) (0-85)","","","","0.00","119","469/588-1138","0","0","0","0.00","0.00","0.00","2","1","12","16.67","8.33","0.00","0.00","60.00","F","6","6000.00","140","6f","1320","5.60","4.50","PPH/HHH-HLPP","10.00","14","8","8.7","C D  BF","18","0","Hcap","Left - Stiff / Undulating","3yo+,85","22/1","22.00","3","","85","18","18","132","372","240","50","63","65","62","82","","b","g","Kept Under Wraps","Twilight Son","t","0","0.53","2","12","70.20","53.65","25.00","16.67","4","-1","0.00","50.00","1.00","0.00","0.00","0.00","NO","0.00","Male","45.77","39.95","42.46","43.20","0.00","0.00","0.00","","","",""
"02/09/2026","16:38","Navan","Sovereign Cry","15.00","0.00","0.00","0.00","0.00","0.00","NO","","0.00","","7","Jessica O'Gorman","Daniel Murphy","55","58","6","77","64","62","59","D","62","63","57","22","14","36","0","02/09/2026 16:38","5f","Turf","D","4","1100","7","9000.00","Navan Racecourse Handicap (Class D) (0-85)","","","","0.00","136","21-04691849","0","0","0","0.00","0.00","0.00","2","1","11","18.18","9.09","0.00","-2.50","102.00","C","3","12000.00","125","5f 180y","1280","6.36","5.50","PP-PHPHHHHH","0.00","12","3","9.10","D","6","0","Hcap","Left - Stiff / Undulating","3yo+,85","20/1","20.00","3","","85","18","18","198","400","202","52","64","60","26","6","","b","g","Araajmh","Ten Sovereigns","p","0","1.20","2","11","55.00","43.02","27.27","27.27","3","-1","50.00","50.00","1.00","0.00","0.00","0.00","NO","0.00","Male","51.03","64.63","66.59","65.94","0.00","0.00","0.00","","","",""
"02/09/2026","16:38","Navan","Prairie Girl","7.00","0.00","0.00","0.00","0.00","0.00","NO","","0.00","","13","T Casey","Daniel Murphy","67","39","24","83","69","65","63","D","67","68","61","24","35","59","2","02/09/2026 16:38","5f","Turf","D","4","1100","7","9000.00","Navan Racecourse Handicap (Class D) (0-85)","","","","0.00","143","863412-1104","0","0","0","0.00","0.00","0.00","3","2","11","27.27","18.18","0.00","2.50","72.00","B","2","21000.00","118","5f","1100","32.68","21.00","PHHHPL-PPHH","2.00","11","4","10.3","D","1","0","Hcap","Left - Stiff / Undulating","3yo+,85","18/1","18.00","3","","85","18","18","246","314","68","52","36","49","-69","24","","b","f","Zena Lady","Mehmas","p","0","0.16","3","11","66.26","53.30","45.45","36.36","3","1","0.00","66.67","1.00","0.00","0.00","0.00","NO","0.00","Female","51.03","64.63","66.59","65.94","0.00","0.00","0.00","","","",""
"02/09/2026","16:38","Navan","Amerilis","7.00","0.00","0.00","0.00","0.00","0.00","NO","","0.00","","2","W J Lee","Gillian Scott","73","109","19","80","73","60","63","E","66","66","60","41","53","94","8","02/09/2026 16:38","5f","Turf","D","4","1100","0","9000.00","Navan Racecourse Handicap (Class D) (0-85)","","","","0.00","139","66-492621","0","0","0","0.00","0.00","0.00","1","2","8","12.50","25.00","0.00","-1.50","72.00","E","5","7200.00","139","5f","1100","7.30","6.50","HP-HPLPPL","10.00","15","3","9.13","D","2","0","Hcap","Left - Stiff / Undulating","3yo+,85","10/1","10.00","3","","85","18","18","267","503","236","63","94","81","-2","19","","b","f","Happy Holly","Lope Y Fernandez","tp","0","0.94","1","8","70.29","55.64","62.50","37.50","4","3","0.00","0.00","1.00","0.00","0.00","0.00","NO","0.00","Female","0.00","44.44","49.43","52.14","0.00","0.00","0.00","","","",""
"02/09/2026","16:38","Navan","Beach Barbie","17.00","0.00","0.00","0.00","0.00","0.00","NO","","0.00","","16","J J G Ryan","Edward Lynam","56","35","18","64","58","55","56","E","56","56","54","0","10","10","0","02/09/2026 16:38","5f","Turf","D","4","1100","0","9000.00","Navan Racecourse Handicap (Class D) (0-85)","","","","0.00","124","7553","0","0","0","0.00","0.00","0.00","0","1","4","0.00","25.00","0.00","-4.00","0.00","E","5","9000.00","132","5f","1100","28.00","21.00","HHHH","0.00","5","4","8.12","","15","0","Hcap","Left - Stiff / Undulating","3yo+,85","","0.00","3","","85","18","18","11","172","161","84","30","58","-11","18","","b","f","Magic Bear","Footstepsinthesand","","0","1.66","0","4","49.03","29.75","0.00","0.00","2","3","0.00","0.00","1.00","0.00","0.00","0.00","NO","0.00","Female","7.69","37.18","48.14","47.94","0.00","0.00","0.00","","","",""
"02/09/2026","16:38","Navan","Shadow Of The Moon","13.00","0.00","0.00","0.00","0.00","0.00","NO","","0.00","","12","Adam Caffrey","John James Feane","59","43","66","74","72","59","58","B","59","60","60","20","25","45","8","02/09/2026 16:38","5f","Turf","D","4","1100","0","9000.00","Navan Racecourse Handicap (Class D) (0-85)","","","","0.00","134","021-8020","0","0","0","0.00","0.00","0.00","1","2","7","14.29","28.57","0.00","-5.27","87.00","B","2","60000.00","119","5f","1100","41.13","26.00","PPP-HPLP","10.00","8","4","9.8","D","8","0","Hcap","Left - Stiff / Undulating","3yo+,85","22/1","22.00","3","","85","18","18","167","367","200","65","64","57","14","66","","gr","f","Treasured","Havana Grey","t1","0","0.83","1","7","50.42","38.09","14.29","14.29","-3","-3","0.00","0.00","1.00","0.00","0.00","0.00","NO","0.00","Female","45.83","38.54","33.12","45.17","0.00","0.00","0.00","","","",""
"02/09/2026","16:38","Navan","Treasured Royal","19.00","0.00","0.00","0.00","0.00","0.00","NO","","0.00","","14","Gary Carroll","Gavin Cromwell","53","36","11","68","66","60","59","C","61","64","59","22","12","34","6","02/09/2026 16:38","5f","Turf","D","4","1100","0","9000.00","Navan Racecourse Handicap (Class D) (0-85)","","","","0.00","127","60-03453540","0","0","0","0.00","0.00","0.00","1","1","12","8.33","8.33","0.00","-8.25","150.00","E","5","10800.00","135","6f","1320","75.00","26.00","HL-HPLPPPPP","7.00","4","3","9.1","C","13","0","Hcap","Left - Stiff / Undulating","3yo+,85","20/1","20.00","3","","85","18","18","164","296","132","78","58","83","-87","11","","b","f","Treasured","Nando Parrado","t","0","1.53","1","12","54.87","35.97","16.67","16.67","-4","-3","100.00","100.00","1.00","0.00","0.00","0.00","NO","0.00","Female","44.83","45.70","52.39","50.71","0.00","0.00","0.00","","","",""
"02/09/2026","16:38","Navan","Bad Boy Rizz","8.50","0.00","0.00","0.00","0.00","0.00","NO","","0.00","","1","Colin Keane","Ross O'Sullivan","68","122","42","79","68","60","64","D","63","63","58","34","22","56","4","02/09/2026 16:38","5f","Turf","D","4","1100","0","9000.00","Navan Racecourse Handicap (Class D) (0-85)","","","","0.00","138","944321-2354","0","0","0","0.00","0.00","0.00","1","4","10","10.00","40.00","0.00","-6.00","108.00","D","4","9000.00","136","5f 205y","1305","6.60","5.00","HPPPPL-HHPP","5.00","16","3","9.12","CD","4","0","Hcap","Left - Stiff / Undulating","3yo+,85","12/1","12.00","3","","85","18","18","205","467","262","49","98","85","30","42","","ch","c","Clifton Dancer","Bungle Inthejungle","t","0","1.62","1","10","74.06","58.59","10.00","10.00","2","-3","0.00","0.00","1.00","0.00","0.00","0.00","NO","0.00","Male","38.00","40.69","46.27","50.45","0.00","0.00","0.00","","","",""
"02/09/2026","16:38","Navan","Mint Man","13.00","0.00","0.00","0.00","0.00","0.00","NO","","0.00","","8","Chris Hayes","P J F Murphy","54","54","11","71","73","62","62","D","63","70","59","34","34","68","6","02/09/2026 16:38","5f","Turf","D","4","1100","0","9000.00","Navan Racecourse Handicap (Class D) (0-85)","","","","0.00","131","88-78480310","0","0","0","0.00","0.00","0.00","3","13","34","8.82","38.24","0.00","-17.27","106.00","E","5","10800.00","135","6f","1320","15.21","9.50","LL-PPPLHPHL","7.00","17","5","9.5","D","11","0","Hcap","Left - Stiff / Undulating","3yo+,85","12/1","12.00","3","","85","18","18","229","348","119","26","60","46","-13","11","","b","g","Ahwahnee","Due Diligence","tv","0","0.52","3","34","63.83","47.03","23.53","20.59","0","1","33.33","33.33","1.00","0.00","0.00","0.00","NO","0.00","Male","27.71","41.12","51.38","47.20","0.00","0.00","0.00","","","",""
"02/09/2026","16:45","Newcastle","Sands Of Seve","11.00","0.00","0.00","0.00","0.00","0.00","NO","","0.00","","6","Barry McHugh","Gary Harrison","59","89","9","52","62","42","49","F","48","59","45","18","20","38","6","02/09/2026 16:45","5f","A/W","F","6","1100","0","3245.00","Follow AtTheRaces On Instagram Handicap (Class F)","","","","0.00","131","6-316492665","0","0","0","0.00","0.00","0.00","1","1","14","7.14","7.14","0.00","-1.00","37.68","F","6","3664.00","130","5f 1y","1101","25.09","21.00","P-PLPPLHPPP","15.00","2","3","9.5","D","5","0","Hcap","Left - Galloping","3yo+,60","12/1","12.00","3","","60","9","9","286","558","272","67","78","71","56","9","","ch","g","Mia Tia","Sands Of Mali","","0","0.80","1","14","33.34","21.22","35.71","21.43","-4","-1","0.00","0.00","1.00","0.00","0.00","0.00","NO","0.00","Male","0.00","27.78","33.12","42.42","0.00","0.00","0.00","","","",""
"02/09/2026","16:45","Newcastle","Muddy Nora","15.00","0.00","0.00","0.00","0.00","0.00","NO","","0.00","","9","Dale Swift","Seb Spencer","43","0","34","46","57","45","48","F","46","48","45","0","8","8","10","02/09/2026 16:45","5f","A/W","F","6","1100","0","3245.00","Follow AtTheRaces On Instagram Handicap (Class F)","","","","0.00","125","957-0735","0","0","0","0.00","0.00","0.00","0","1","7","0.00","14.29","0.00","-7.00","0.00","F","6","3402.00","126","6f 18y","1338","7.70","6.50","HHP-PLLP","25.00","6","3","8.13","","9","0","Hcap","Left - Galloping","3yo+,60","","0.00","3","","60","9","9","221","479","258","66","66","73","53","34","","b","f","Cthulhu","Land Force","","0","0.55","0","7","30.14","13.27","42.86","28.57","3","1","0.00","0.00","1.00","0.00","0.00","0.00","NO","0.00","Female","28.57","22.00","39.32","47.09","0.00","0.00","0.00","","","",""
"02/09/2026","16:45","Newcastle","Ellie's de Vega","8.00","0.00","0.00","0.00","0.00","0.00","NO","","0.00","","7","Cam Hardie","Philip Kirby","56","86","11","49","65","54","52","F","56","61","51","28","14","42","8","02/09/2026 16:45","5f","A/W","F","6","1100","0","3245.00","Follow AtTheRaces On Instagram Handicap (Class F)","","","","0.00","128","5-334335226","0","0","0","0.00","0.00","0.00","0","6","14","0.00","42.86","0.00","-14.00","0.00","F","6","3664.00","122","5f 217y","1317","6.80","5.50","P-LLLPLPLPP","20.00","9","3","9.2","","7","0","Hcap","Left - Galloping","3yo+,60","7/1","7.00","3","","60","9","9","277","532","255","81","65","76","33","11","","ch","g","Peak Spirit","Lope Y Fernandez","b","0","1.15","0","14","63.62","45.35","21.43","7.14","2","-3","0.00","0.00","1.00","0.00","0.00","0.00","NO","0.00","Male","41.24","51.53","47.91","42.58","0.00","0.00","0.00","","","",""
"02/09/2026","16:50","Hamilton","Sneakin Pete","126.00","0.00","0.00","0.00","0.00","0.00","NO","","0.00","","6","James Sullivan","Robert Smith","","68","","0","","","","","","","","0","10","10","0","02/09/2026 16:50","5f 7y","Turf","D","4","1107","0","6210.00","Heineken Low & No Bar EBF Maiden Stakes (GBB Race) (Class D)","","","","0.00","133","","0","0","0","0.00","0.00","0.00","0","0","0","0.00","0.00","0.00","0.00","0.00","","","0.00","","","0","0.00","0.00","","0.00","3","2","9.7","","4","0","Mdn","Right - Undulating","2yo","","0.00","2","2","","8","8","274","603","329","75","74","80","100","","","b","g","Rosebay","Kodi Bear","","0","0.81","0","0","0.00","0.00","0.00","0.00","","","0.00","0.00","1.00","0.00","0.00","0.00","NO","0.00","Male","63.89","55.43","42.85","44.19","0.00","0.00","0.00","","","",""
"02/09/2026","16:50","Hamilton","Stay On Tab","51.00","0.00","0.00","0.00","0.00","0.00","NO","","0.00","","5","Mr Jack Nicholls","Iain Jardine","43","81","8","46","45","43","42","D","43","43","41","9","12","21","10","02/09/2026 16:50","5f 7y","Turf","D","4","1107","3","6210.00","Heineken Low & No Bar EBF Maiden Stakes (GBB Race) (Class D)","","","","0.00","133","63676","0","0","0","0.00","0.00","0.00","0","0","5","0.00","0.00","0.00","-5.00","0.00","F","6","3664.00","117","5f 1y","1101","9.01","9.00","PPPLL","45.00","5","2","9.7","","6","0","Mdn","Right - Undulating","2yo","14/1","14.00","2","2","","8","8","321","655","334","85","97","94","58","8","","b","c","Exceedingly Sonic","Harry Angel","t","0","1.05","0","5","24.65","9.19","60.00","60.00","3","1","0.00","0.00","1.00","0.00","0.00","0.00","NO","0.00","Male","45.52","54.32","54.82","56.60","0.00","0.00","0.00","","","",""
"02/09/2026","16:45","Newcastle","Heathers Feather","15.00","0.00","0.00","0.00","0.00","0.00","NO","","0.00","","5","Jason Hart","Tracy Waggott","50","94","14","53","58","50","52","D","50","51","50","15","3","18","2","02/09/2026 16:45","5f","A/W","F","6","1100","0","3245.00","Follow AtTheRaces On Instagram Handicap (Class F)","","","","0.00","132","64687","0","0","0","0.00","0.00","0.00","0","0","5","0.00","0.00","0.00","-5.00","0.00","F","6","4187.00","125","5f 182y","1282","28.06","26.00","HPHPH","5.00","1","3","9.6","","4","0","Hcap","Left - Galloping","3yo+,60","14/1","14.00","3","","60","9","9","240","518","278","79","85","77","37","14","","ch","g","Spring Mist","Space Blues","p1","0","1.02","0","5","23.02","8.03","20.00","20.00","1","-1","0.00","0.00","1.00","0.00","0.00","0.00","NO","0.00","Male","83.33","44.50","38.10","40.27","0.00","0.00","0.00","","","",""
"02/09/2026","16:45","Newcastle","Pivotal Terms","7.50","0.00","0.00","0.00","0.00","0.00","NO","","0.00","","4","Andrew Mullen","Iain Jardine","54","106","23","53","62","54","52","F","52","60","53","26","18","44","2","02/09/2026 16:45","5f","A/W","F","6","1100","0","3245.00","Follow AtTheRaces On Instagram Handicap (Class F)","","","","0.00","132","8761462504","0","0","0","0.00","0.00","0.00","1","2","15","6.67","13.33","0.00","19.00","32.45","F","6","4187.00","128","6f","1320","20.00","15.00","PHHHHPHHHP","5.00","8","3","9.6","C","3","0","Hcap","Left - Galloping","3yo+,60","15/2","7.50","3","","60","9","9","274","596","322","88","84","90","60","23","","ch","f","Her Terms","Pinatubo","","0","1.15","1","15","47.60","29.40","20.00","13.33","1","-1","0.00","0.00","1.00","0.00","0.00","0.00","NO","0.00","Female","45.52","54.32","54.82","56.60","0.00","0.00","0.00","","","",""
"02/09/2026","16:45","Newcastle","Shatin Venture","19.00","0.00","0.00","0.00","0.00","0.00","NO","","0.00","","3","Mark Winn","Linda Perratt","50","111","180","46","62","55","54","F","51","61","52","20","26","46","2","02/09/2026 16:45","5f","A/W","F","6","1100","0","3245.00","Follow AtTheRaces On Instagram Handicap (Class F)","","","","0.00","126","07333-04259","0","0","0","0.00","0.00","0.00","1","4","21","4.76","19.05","0.00","-16.67","31.40","F","6","3140.00","132","5f","1100","8.20","7.50","PHPHH-HHHPH","5.00","4","5","9.0","CD","8","0","Hcap","Left - Galloping","3yo+,60","10/1","10.00","3","","60","9","9","255","577","322","97","87","90","48","180","","b","g","Circleofinfluence","Profitable","","0","1.07","1","21","45.95","30.86","19.05","9.52","9","1","100.00","100.00","1.00","0.00","0.00","0.00","NO","0.00","Male","50.00","44.44","53.01","52.11","0.00","0.00","0.00","","","9","0"
"02/09/2026","16:38","Navan","Buddy Batt","34.00","0.00","0.00","0.00","0.00","0.00","NO","","0.00","","10","Rory Cleary","Tracey Collins","41","53","66","73","69","60","52","C","53","69","58","17","23","40","2","02/09/2026 16:38","5f","Turf","D","4","1100","0","9000.00","Navan Racecourse Handicap (Class D) (0-85)","","","","0.00","133","8/0511-31560","0","0","0","0.00","0.00","0.00","4","2","19","21.05","10.53","0.00","2.25","99.75","B","2","60000.00","120","5f","1100","38.00","34.00","P/PPHH-PHPHH","2.00","7","5","9.7","D","9","0","Hcap","Left - Stiff / Undulating","3yo+,85","25/1","25.00","3","","85","18","18","142","195","53","48","36","39","-70","66","","ch","g","Nora Batt","Dragon Pulse","","0","0.83","4","19","55.42","41.42","36.84","31.58","3","-1","25.00","25.00","1.00","0.00","0.00","0.00","NO","0.00","Male","0.00","21.43","26.38","39.68","0.00","0.00","0.00","","","",""
"02/09/2026","16:38","Navan","Bold Optimist","12.00","0.00","0.00","0.00","0.00","0.00","NO","","0.00","","4","Ben Coen","Daniel McLoughlin","61","76","11","68","76","63","61","E","61","70","62","21","20","41","6","02/09/2026 16:38","5f","Turf","D","4","1100","0","9000.00","Navan Racecourse Handicap (Class D) (0-85)","","","","0.00","128","3608-364230","0","0","0","0.00","0.00","0.00","3","5","23","13.04","21.74","0.00","2.50","93.00","E","5","10800.00","139","6f","1320","26.82","17.00","HPPH-PHHPPP","7.00","6","6","9.2","D","12","0","Hcap","Left - Stiff / Undulating","3yo+,85","20/1","20.00","3","","85","18","18","166","331","165","60","68","90","-53","11","","b","g","Katy Spirit","Gleneagles","b1","0","1.06","3","23","61.34","44.27","21.74","21.74","-7","-1","66.67","66.67","1.00","0.00","0.00","0.00","NO","0.00","Male","37.04","35.95","37.39","36.01","0.00","0.00","0.00","","","",""
"02/09/2026","16:45","Newcastle","Let's Go Hugo","3.50","0.00","0.00","0.00","0.00","0.00","NO","","0.00","","1","Tom Kiely-Marshall","Ollie Pears","51","241","8","60","66","58","56","F","55","66","55","53","50","103","0","02/09/2026 16:45","5f","A/W","F","6","1100","5","3245.00","Follow AtTheRaces On Instagram Handicap (Class F)","","","","0.00","140","8-487083411","0","0","0","0.00","0.00","0.00","6","12","53","11.32","22.64","0.00","-3.38","33.95","F","6","3245.00","135","5f 6y","1106","2.88","2.63","H-HHHPHPHHH","0.00","3","6","10.0","CD","1","0","Hcap","Left - Galloping","3yo+,60","100/30","3.33","3","","60","9","9","337","708","371","91","84","98","98","8","","ch","g","Barbieri","Unfortunately","p","5","0.96","6","53","56.09","40.19","32.08","20.75","3","3","0.00","0.00","1.00","0.00","0.00","0.00","NO","0.00","Male","15.82","34.40","43.69","49.51","0.00","0.00","0.00","","","",""
"02/09/2026","16:45","Newcastle","Papa Don't Preach","7.00","0.00","0.00","0.00","0.00","0.00","NO","","0.00","","2","Oliver Stammers","K Frost","50","184","16","55","74","60","59","E","60","69","58","33","47","80","6","02/09/2026 16:45","5f","A/W","F","6","1100","0","3245.00","Follow AtTheRaces On Instagram Handicap (Class F)","","","","0.00","135","1-535539326","0","0","0","0.00","0.00","0.00","4","14","57","7.02","24.56","0.00","-30.63","38.61","F","6","3664.00","130","5f 212y","1312","8.58","7.00","P-HHHHPHLPH","15.00","5","7","9.9","CD","2","0","Hcap","Left - Galloping","3yo+,60","6/1","6.00","3","","60","9","9","337","636","299","85","96","89","29","16","","b","g","Paella","Kodiac","p","0","0.82","4","57","52.15","36.61","21.05","14.04","3","-3","50.00","50.00","1.00","0.00","0.00","0.00","NO","0.00","Male","48.36","39.85","42.81","53.15","0.00","0.00","0.00","","","",""
"02/09/2026","16:45","Newcastle","Lady Bouquet","4.00","0.00","0.00","0.00","0.00","0.00","NO","","0.00","","8","Miss Joanna Mason","Philip Kirby","63","71","9","50","66","55","54","F","57","64","53","35","23","58","4","02/09/2026 16:45","5f","A/W","F","6","1100","0","3245.00","Follow AtTheRaces On Instagram Handicap (Class F)","","","","0.00","130","6-603643491","0","0","0","0.00","0.00","0.00","6","10","44","13.64","22.73","0.00","17.33","36.03","F","6","3664.00","126","5f 1y","1101","12.50","10.00","P-PLPPHPPHP","10.00","7","5","9.4","D","6","0","Hcap","Left - Galloping","3yo+,60","11/2","5.50","3","","60","9","9","327","627","300","81","85","79","55","9","","b","m","Loulou Bellini","Land Force","pWS","5","1.21","6","44","49.69","35.80","36.36","20.45","12","1","16.67","16.67","1.00","0.00","0.00","0.00","NO","0.00","Female","41.24","51.53","47.91","42.58","0.00","0.00","0.00","","","",""
"02/09/2026","16:15","Newcastle","Harry The Rogue","17.00","0.00","0.00","0.00","0.00","0.00","NO","","0.00","","4","C J Whiteley","Stephen Michael Hanlon","54","119","25","73","70","60","56","D","56","69","58","21","35","56","8","02/09/2026 16:15","1m 5y","A/W","E","5","1765","5","3978.00","Follow AtTheRaces On X Handicap (Class E)","","","","0.00","138","326-3249000","0","0","0","0.00","0.00","0.00","2","15","38","5.26","39.47","0.00","-24.50","60.00","D","4","5234.00","138","7f 219y","1759","57.99","34.00","PPP-PPPHPPL","25.00","7","5","9.12","D","2","0","Hcap","Left - Galloping","3yo+,75","12/1","12.00","3","","75","11","11","277","528","251","75","93","94","-11","25","","b","g","Madeira Moon","The Gurkha","","0","0.75","2","38","67.84","53.03","23.68","13.16","-4","-1","0.00","0.00","1.00","0.00","0.00","0.00","NO","0.00","Male","0.00","22.50","29.85","39.28","0.00","0.00","0.00","","","",""
"02/09/2026","16:15","Newcastle","Mr Mistoffelees","7.00","0.00","0.00","0.00","0.00","0.00","NO","","0.00","","7","Tom Eaves","Sam England","40","90","25","75","78","63","50","D","55","75","57","48","41","89","2","02/09/2026 16:15","1m 5y","A/W","E","5","1765","0","3978.00","Follow AtTheRaces On X Handicap (Class E)","","","","0.00","140","4126-875220","0","0","0","0.00","0.00","0.00","2","11","35","5.71","31.43","0.00","3.50","44.53","D","4","5234.00","138","7f 219y","1759","23.47","19.00","HHHH-HPHPHH","6.00","6","6","10.0","CD","1","0","Hcap","Left - Galloping","3yo+,75","5/1","5.00","3","","75","11","11","298","514","216","62","61","74","19","25","614","b","g","Jellicle Ball","Siyouni","b","0","1.06","2","35","54.81","41.04","28.57","17.14","-1","1","0.00","50.00","1.00","0.00","0.00","0.00","NO","0.00","Male","58.29","53.12","49.68","49.46","0.00","0.00","0.00","","","",""
"02/09/2026","16:15","Newcastle","Natzor","67.00","0.00","0.00","0.00","0.00","0.00","NO","","0.00","","11","Molly Keegan-Price","Elizabeth Quinlan","53","32","25","57","71","56","53","E","53","69","51","14","9","23","2","02/09/2026 16:15","1m 5y","A/W","E","5","1765","7","3978.00","Follow AtTheRaces On X Handicap (Class E)","","","","0.00","122","8000-409080","0","0","0","0.00","0.00","0.00","2","8","34","5.88","23.53","80.00","-25.63","70.92","E","5","4187.00","127","1m 2f","2200","460.00","151.00","HPPH-PHPHPH","6.00","10","6","8.10","C","11","0","Hcap","Left - Galloping","3yo+,75","20/1","20.00","3","","75","11","11","215","479","264","57","91","70","46","25","155","b","g","Natty","Almanzor","pWS","0","1.06","2","34","40.79","27.68","47.06","23.53","8","1","0.00","0.00","1.00","0.00","0.00","0.00","NO","0.00","Male","65.00","67.78","51.63","44.22","0.00","0.00","0.00","","","",""
"02/09/2026","16:30","Bath","Sceptic","13.00","0.00","0.00","0.00","0.00","0.00","NO","","0.00","","7","Ryan Kavanagh","Ian Williams","60","88","18","57","69","58","61","E","60","68","50","29","19","48","0","02/09/2026 16:30","1m","Turf","F","6","1760","3","3454.00","Regal Gaming Grand Gallop Handicap (Class F)","","","","0.00","132","0794521955","0","0","0","0.00","0.00","0.00","5","2","37","13.51","5.41","0.00","-16.63","54.57","F","6","3768.00","131","1m 2f","2200","5.80","4.33","HPHPPHLHHH","0.00","12","6","9.6","D","5","0","Hcap","Left - Galloping","3yo+,60","14/1","14.00","3","","60","14","14","260","411","151","73","62","53","-37","18","901","b","g","Aljaazya","No Nay Never","WS","0","1.13","5","37","40.63","29.37","32.43","16.22","3","-1","40.00","40.00","1.00","0.00","0.00","0.00","NO","0.00","Male","44.53","44.90","44.36","47.40","0.00","0.00","0.00","","","",""
"02/09/2026","16:30","Bath","Mbappe","29.00","0.00","0.00","0.00","0.00","0.00","NO","","0.00","","10","Mr Jack Callan","Daniel Mark Loughnane","45","52","18","56","67","57","52","F","49","65","55","18","8","26","0","02/09/2026 16:30","1m","Turf","F","6","1760","0","3454.00","Regal Gaming Grand Gallop Handicap (Class F)","","","","0.00","131","3378-316765","0","0","0","0.00","0.00","0.00","4","6","28","14.29","21.43","0.00","20.35","32.45","F","6","3768.00","134","1m 1y","1761","48.00","34.00","HHHH-HPHHHH","0.00","9","5","9.5","D","6","0","Hcap","Left - Galloping","3yo+,60","22/1","22.00","3","","60","14","14","159","367","208","44","77","59","28","18","","b","g","Rive Gauche","Blue Point","p","0","0.94","4","28","49.36","35.62","32.14","21.43","0","1","0.00","0.00","1.00","0.00","0.00","0.00","NO","0.00","Male","14.23","28.62","34.22","39.21","0.00","0.00","0.00","","","",""
"02/09/2026","16:15","Newcastle","Rising Force","5.00","0.00","0.00","0.00","0.00","0.00","NO","","0.00","","1","M P Sheehy","John Butler","56","154","19","73","69","56","57","D","58","66","54","46","27","73","4","02/09/2026 16:15","1m 5y","A/W","E","5","1765","0","3978.00","Follow AtTheRaces On X Handicap (Class E)","","","","0.00","138","3510184526","0","0","0","0.00","0.00","0.00","7","13","52","13.46","25.00","0.00","23.13","39.49","E","5","5154.00","135","1m","1760","2.54","2.38","PHHHHHHHPP","13.00","9","5","9.12","D  BF","3","0","Hcap","Left - Galloping","3yo+,75","5/1","5.00","3","","75","11","11","311","633","322","86","79","100","57","19","","ch","g","La Seine","Mehmas","","0","0.98","7","52","58.91","43.82","30.77","26.92","8","1","42.86","28.57","1.00","0.00","0.00","0.00","NO","0.00","Male","31.48","44.59","54.38","58.85","0.00","0.00","0.00","","","",""
"02/09/2026","16:15","Newcastle","Bowood","19.00","0.00","0.00","0.00","0.00","0.00","NO","","0.00","","9","Elle-May Croot","Ivan Furtado","42","48","39","72","70","60","52","D","47","68","57","26","23","49","0","02/09/2026 16:15","1m 5y","A/W","E","5","1765","5","3978.00","Follow AtTheRaces On X Handicap (Class E)","","","","0.00","137","4117-565730","0","0","0","0.00","0.00","0.00","5","10","45","11.11","22.22","0.00","-15.90","38.52","D","4","12885.00","125","7f 192y","1732","70.00","41.00","HHHH-HHHHHH","0.00","4","6","9.11","CD","4","0","Hcap","Left - Galloping","3yo+,75","10/1","10.00","3","","75","11","11","242","496","254","64","64","67","59","39","","b","g","Pretty Paper","Siyouni","","0","1.12","5","45","52.46","37.30","42.22","24.44","5","3","20.00","40.00","1.00","0.00","0.00","0.00","NO","0.00","Male","32.20","40.36","48.65","52.29","0.00","0.00","0.00","","","",""
"02/09/2026","16:15","Newcastle","Starliner","5.00","0.00","0.00","0.00","0.00","0.00","NO","","0.00","","2","William Pyle","Linda Perratt","59","127","18","62","74","60","66","E","68","72","60","33","35","68","4","02/09/2026 16:15","1m 5y","A/W","E","5","1765","0","3978.00","Follow AtTheRaces On X Handicap (Class E)","","","","0.00","127","4193882262","0","0","0","0.00","0.00","0.00","4","12","52","7.69","23.08","0.00","-29.67","58.61","E","5","4397.00","122","7f 6y","1546","14.00","12.00","PPPPHHPPHP","13.00","8","5","9.1","C D","10","0","Hcap","Left - Galloping","3yo+,75","15/2","7.50","3","","75","11","11","316","561","245","80","64","67","34","18","","b","g","Dawning","Showcasing","p","0","1.27","4","52","54.33","38.30","28.85","19.23","18","1","0.00","0.00","1.00","0.00","0.00","0.00","NO","0.00","Male","50.00","44.44","53.01","52.11","0.00","0.00","0.00","","","",""
"02/09/2026","16:15","Newcastle","Criminal Shore","5.50","0.00","0.00","0.00","0.00","0.00","NO","","0.00","","5","Mark Winn","David O'Meara","57","107","18","70","71","59","52","E","57","67","56","26","18","44","2","02/09/2026 16:15","1m 5y","A/W","E","5","1765","0","3978.00","Follow AtTheRaces On X Handicap (Class E)","","","","0.00","135","4458410606","0","0","0","0.00","0.00","0.00","2","4","24","8.33","16.67","0.00","-2.50","43.45","E","5","4397.00","127","7f 6y","1546","28.78","23.00","PPHPPHHPHH","6.00","5","4","9.9","CD","7","0","Hcap","Left - Galloping","3yo+,75","10/1","10.00","3","","75","11","11","275","563","288","79","79","84","46","18","","b","g","Ceist Eile","Kodiac","v","0","1.01","2","24","55.79","38.94","20.83","8.33","8","1","100.00","100.00","1.00","0.00","0.00","0.00","NO","0.00","Male","53.49","50.91","54.47","51.11","0.00","0.00","0.00","","","",""
"02/09/2026","16:15","Newcastle","Bee Farmer","12.00","0.00","0.00","0.00","0.00","0.00","NO","","0.00","","10","P J McDonald","Ed Bethell","46","41","34","75","62","61","56","D","61","61","55","0","3","3","8","02/09/2026 16:15","1m 5y","A/W","E","5","1765","0","3978.00","Follow AtTheRaces On X Handicap (Class E)","","","","0.00","135","62745","0","0","0","0.00","0.00","0.00","0","1","5","0.00","20.00","0.00","-5.00","0.00","D","4","5757.00","130","1m 2f 50y","2250","10.00","9.00","HPPPL","25.00","2","3","9.9","","5","0","Hcap","Left - Galloping","3yo+,75","","0.00","3","","75","11","11","225","540","315","84","85","91","55","34","","b","g","Rayaheen","Mohaather","t1b1","0","0.88","0","5","46.78","31.85","20.00","20.00","-1","-1","0.00","0.00","1.00","0.00","0.00","0.00","NO","0.00","Male","77.42","57.40","65.00","65.62","0.00","0.00","0.00","","","",""
"02/09/2026","16:15","Newcastle","Flying Fletcher","7.00","0.00","0.00","0.00","0.00","0.00","NO","","0.00","","6","Warren Fentiman","Richard Fahey","64","105","21","68","69","61","60","D","61","69","58","29","22","51","0","02/09/2026 16:15","1m 5y","A/W","E","5","1765","3","3978.00","Follow AtTheRaces On X Handicap (Class E)","","","","0.00","133","2385743769","0","0","0","0.00","0.00","0.00","3","8","38","7.89","21.05","0.00","-22.00","46.06","D","4","6185.00","132","7f 75y","1615","30.00","29.00","HHHHHHPHHH","0.00","11","5","9.7","CD","8","0","Hcap","Left - Galloping","3yo+,75","17/2","8.50","3","","75","11","11","275","503","228","82","62","65","19","21","","gr","g","Tropical Paradise","Muhaarar","","0","1.12","3","38","54.10","37.98","15.79","13.16","4","-1","0.00","0.00","1.00","0.00","0.00","0.00","NO","0.00","Male","42.87","41.79","46.30","47.18","0.00","0.00","0.00","","","",""
"02/09/2026","16:15","Newcastle","Dragonflame","34.00","0.00","0.00","0.00","0.00","0.00","NO","","0.00","","8","Jason Hart","Rebecca Menzies","48","56","103","67","64","57","54","E","55","63","56","18","3","21","0","02/09/2026 16:15","1m 5y","A/W","E","5","1765","0","3978.00","Follow AtTheRaces On X Handicap (Class E)","","","","0.00","132","78/8232290-9","0","0","0","0.00","0.00","0.00","0","4","10","0.00","40.00","0.00","-10.00","0.00","E","5","4449.00","135","1m 2f 42y","2242","112.99","41.00","HP/HPPHHHH-H","0.00","3","4","9.6","","9","0","Hcap","Left - Galloping","3yo+,75","14/1","14.00","3","","75","11","11","173","434","261","66","78","64","53","103","","b","g","Vadivina","Pinatubo","","0","1.08","0","10","49.74","33.67","0.00","0.00","-4","-1","0.00","0.00","1.00","0.00","0.00","0.00","NO","0.00","Male","36.48","35.11","37.51","42.10","0.00","0.00","0.00","","","9","0"
"02/09/2026","16:15","Newcastle","Sunriseontheboyne","5.50","0.00","0.00","0.00","0.00","0.00","NO","","0.00","","2","Andrew Mullen","Ben Haslam","63","127","32","70","76","57","58","E","58","70","56","23","14","37","2","02/09/2026 16:15","1m 5y","A/W","E","5","1765","0","3978.00","Follow AtTheRaces On X Handicap (Class E)","","","","0.00","135","671-9806078","0","0","0","0.00","0.00","0.00","6","3","35","17.14","8.57","0.00","28.00","117.00","E","5","4187.00","140","1m 68y","1828","29.56","23.00","PPL-HHHHHHP","6.00","1","4","9.9","D","6","0","Hcap","Left - Galloping","3yo+,75","11/1","11.00","3","","75","11","11","274","520","246","97","76","92","-19","32","","b","g","Seafaring","Cotai Glory","","0","0.90","6","35","49.97","35.35","34.29","22.86","25","1","33.33","33.33","1.00","0.00","0.00","0.00","NO","0.00","Male","41.39","41.26","38.85","43.30","0.00","0.00","0.00","","","",""
"02/09/2026","16:30","Bath","Havana Club","8.00","0.00","0.00","0.00","0.00","0.00","NO","","0.00","","2","Finley Marsh","Adrian Wintle","60","112","30","57","65","55","59","F","60","61","53","48","27","75","0","02/09/2026 16:30","1m","Turf","F","6","1760","0","3454.00","Regal Gaming Grand Gallop Handicap (Class F)","","","","0.00","132","9-U88426413","0","0","0","0.00","0.00","0.00","3","5","29","10.34","17.24","0.00","-13.75","33.49","F","6","3768.00","127","1m 31y","1791","8.60","7.50","H-HHHHHHHHH","0.00","5","4","9.6","CD","3","0","Hcap","Left - Galloping","3yo+,60","8/1","8.00","3","","60","14","14","262","568","306","89","80","76","61","30","","ch","g","Last Tango","Havana Gold","","0","0.89","3","29","53.34","39.27","48.28","27.59","9","3","0.00","0.00","1.00","0.00","0.00","0.00","NO","0.00","Male","51.94","44.06","46.22","49.52","0.00","0.00","0.00","","","",""
"02/09/2026","16:30","Bath","Buckland Belle","2.38","0.00","0.00","0.00","0.00","0.00","NO","","0.00","","1","Tom Marquand","Ollie Sangster","62","128","9","60","69","54","61","F","62","64","55","36","49","85","6","02/09/2026 16:30","1m","Turf","F","6","1760","0","3454.00","Regal Gaming Grand Gallop Handicap (Class F)","","","","0.00","130","8551322132","0","0","0","0.00","0.00","0.00","2","4","14","14.29","28.57","0.00","13.44","39.26","F","6","3768.00","132","1m 31y","1791","2.93","2.75","HHHPHPPPPP","11.00","1","3","9.4","D  BF","10","0","Hcap","Left - Galloping","3yo+,60","11/1","11.00","3","","60","14","14","323","654","331","85","87","81","78","9","","b","f","Federation","St Mark's Basilica","","0","0.92","2","14","63.10","45.62","42.86","14.29","0","-1","0.00","0.00","1.00","0.00","0.00","0.00","NO","0.00","Female","29.53","36.84","36.58","45.94","0.00","0.00","0.00","","","",""
"02/09/2026","16:30","Bath","Malakai Kite","12.00","0.00","0.00","0.00","0.00","0.00","NO","","0.00","","11","Luke Morris","Ronald Harris","46","50","32","59","59","52","54","E","57","57","52","21","12","33","8","02/09/2026 16:30","1m","Turf","F","6","1760","0","3454.00","Regal Gaming Grand Gallop Handicap (Class F)","","","","0.00","129","4353","0","0","0","0.00","0.00","0.00","0","1","4","0.00","25.00","0.00","-4.00","0.00","E","5","4320.00","131","7f","1540","8.40","7.50","HPLP","15.00","11","3","9.3","","13","0","Hcap","Left - Galloping","3yo+,60","20/1","20.00","3","","60","14","14","164","332","168","41","69","65","-7","32","","ch","g","Malakite","Cotai Glory","h","0","1.04","0","4","53.75","30.56","25.00","25.00","4","3","0.00","0.00","1.00","0.00","0.00","0.00","NO","0.00","Male","60.00","60.00","32.53","56.42","0.00","0.00","0.00","","","",""
"02/09/2026","16:30","Bath","Who Is Alice","23.00","0.00","0.00","0.00","0.00","0.00","NO","","0.00","","8","George Bass","G Harris","54","74","9","57","63","53","55","F","54","60","52","22","3","25","10","02/09/2026 16:30","1m","Turf","F","6","1760","0","3454.00","Regal Gaming Grand Gallop Handicap (Class F)","","","","0.00","127","42529-09655","0","0","0","0.00","0.00","0.00","1","2","13","7.69","15.38","0.00","2.00","36.72","F","6","3768.00","129","1m 31y","1791","30.33","29.00","LLLLP-LPLLP","19.00","3","3","9.1","","14","0","Hcap","Left - Galloping","3yo+,60","18/1","18.00","3","","60","14","14","196","388","192","61","62","69","0","9","","b","f","Alice's Dancer","Kameko","h","0","1.10","1","13","39.31","25.85","30.77","15.38","-1","3","0.00","0.00","1.00","0.00","0.00","0.00","NO","0.00","Female","45.91","43.19","48.05","49.15","0.00","0.00","0.00","","","",""
"02/09/2026","16:38","Navan","Cashel Blue","23.00","0.00","0.00","0.00","0.00","0.00","NO","","0.00","","5","Reese Holohan","K J Condon","61","70","11","62","68","56","65","E","66","66","55","20","13","33","0","02/09/2026 16:38","5f","Turf","D","4","1100","7","9000.00","Navan Racecourse Handicap (Class D) (0-85)","","","","0.00","121","7051350","0","0","0","0.00","0.00","0.00","1","1","7","14.29","14.29","0.00","3.00","72.00","E","5","10800.00","124","6f","1320","70.00","29.00","PPHPHHH","0.00","10","3","8.9","D","17","0","Hcap","Left - Stiff / Undulating","3yo+,85","22/1","22.00","3","","85","18","18","140","321","181","76","67","47","-9","11","","b","f","Blue Uluru","Space Blues","p1","0","1.04","1","7","60.09","43.53","42.86","28.57","-1","-1","0.00","0.00","1.00","0.00","0.00","0.00","NO","0.00","Female","24.12","38.91","39.02","46.98","0.00","0.00","0.00","","","",""
"02/09/2026","16:38","Navan","Gonna Be Golden","29.00","0.00","0.00","0.00","0.00","0.00","NO","","0.00","","18","R Whearty","Andrew Oliver","66","19","19","64","66","60","61","E","64","64","50","12","9","21","4","02/09/2026 16:38","5f","Turf","D","4","1100","0","9000.00","Navan Racecourse Handicap (Class D) (0-85)","","","","0.00","123","51-0U03606","0","0","0","0.00","0.00","0.00","1","0","9","11.11","0.00","0.00","-3.50","150.00","E","5","7200.00","133","5f","1100","13.61","11.00","HP-PHPPPHP","5.00","18","3","8.11","","16","0","Hcap","Left - Stiff / Undulating","3yo+,85","40/1","40.00","3","","85","18","18","123","235","112","58","37","55","-38","19","","b","f","Kymera","Kodi Bear","t","0","2.15","1","9","45.02","29.96","11.11","11.11","1","1","0.00","0.00","1.00","0.00","0.00","0.00","NO","0.00","Female","43.82","40.59","48.52","45.13","0.00","0.00","0.00","","","",""
"02/09/2026","16:30","Bath","Thestral","21.00","0.00","0.00","0.00","0.00","0.00","NO","","0.00","","3","Jack Doughty","Tony Carroll","59","110","29","60","66","56","59","F","59","59","54","35","17","52","4","02/09/2026 16:30","1m","Turf","F","6","1760","0","3454.00","Regal Gaming Grand Gallop Handicap (Class F)","","","","0.00","130","51-802305","0","0","0","0.00","0.00","0.00","1","2","8","12.50","25.00","0.00","1.00","34.02","F","6","3454.00","134","7f 80y","1620","17.50","15.00","PL-PHPPHP","7.00","6","3","9.4","","8","0","Hcap","Left - Galloping","3yo+,60","12/1","12.00","3","","60","14","14","241","520","279","82","92","90","15","29","","b","g","Vasilia","Dream Ahead","p","0","1.07","1","8","51.51","38.32","25.00","12.50","2","3","0.00","0.00","1.00","0.00","0.00","0.00","NO","0.00","Male","31.31","36.44","41.46","42.84","0.00","0.00","0.00","","","",""
"02/09/2026","16:30","Bath","Lovely Jubly","0.00","0.00","0.00","0.00","0.00","0.00","NO","","0.00","","6","DOUBTFUL","Michael Attwater","61","97","56","55","61","49","51","F","48","58","50","37","25","62","6","02/09/2026 16:30","1m","Turf","F","6","1760","0","3454.00","Regal Gaming Grand Gallop Handicap (Class F)","","","","0.00","130","488800168-1","0","0","0","0.00","0.00","0.00","2","0","11","18.18","0.00","0.00","97.00","32.97","F","6","3140.00","120","1m","1760","60.00","41.00","PHHHHPHPH-L","11.00","14","5","9.4","CD","11","0","Hcap","Left - Galloping","3yo+,60","11/1","11.00","3","","60","14","14","233","469","236","64","38","69","65","56","","b","m","Plover","Harry Angel","","0","0.53","2","11","43.40","29.04","36.36","18.18","5","1","0.00","0.00","1.00","0.00","0.00","0.00","NO","0.00","Female","31.41","32.96","31.87","38.87","0.00","0.00","0.00","","","1","0"
"02/09/2026","16:30","Bath","Blue Hero","6.50","0.00","0.00","0.00","0.00","0.00","NO","","0.00","","4","Mr Joe Leavy","Adrian Wintle","71","102","33","57","71","58","65","F","65","67","56","68","59","127","2","02/09/2026 16:30","1m","Turf","F","6","1760","0","3454.00","Regal Gaming Grand Gallop Handicap (Class F)","","","","0.00","132","51968-48121","0","0","0","0.00","0.00","0.00","11","9","70","15.71","12.86","0.00","0.75","32.03","F","6","3454.00","138","1m 2f 37y","2237","3.86","3.25","PHHHH-HHHHP","4.00","13","8","9.6","CD","4","0","Hcap","Left - Galloping","3yo+,60","11/2","5.50","3","","60","14","14","281","588","307","89","60","77","81","33","","b","g","Pomarine","Air Force Blue","","0","1.94","11","70","55.19","38.61","32.86","20.00","12","1","36.36","36.36","1.00","0.00","0.00","0.00","NO","0.00","Male","51.94","44.06","46.22","49.52","0.00","0.00","0.00","","","",""
"02/09/2026","16:30","Bath","Amathus","21.00","0.00","0.00","0.00","0.00","0.00","NO","","0.00","","12","Callum Hutchinson","Patrick Chamings","56","39","20","54","68","57","58","F","58","68","56","28","13","41","4","02/09/2026 16:30","1m","Turf","F","6","1760","0","3454.00","Regal Gaming Grand Gallop Handicap (Class F)","","","","0.00","129","160-9298415","0","0","0","0.00","0.00","0.00","8","10","61","13.11","16.39","0.00","73.75","34.48","E","5","4580.00","126","1m","1760","25.09","13.00","HHH-HHHHHPP","7.00","2","9","9.3","","12","0","Hcap","Left - Galloping","3yo+,60","14/1","14.00","3","","60","14","14","207","371","164","51","83","53","-23","20","","b","g","Effige","Anjaal","v","0","0.92","8","61","50.45","35.52","27.87","19.67","15","1","75.00","87.50","1.00","0.00","0.00","0.00","NO","0.00","Male","41.67","47.86","39.55","43.54","0.00","0.00","0.00","","","",""
"02/09/2026","16:30","Bath","Galactic Glow","17.00","0.00","0.00","0.00","0.00","0.00","NO","","0.00","","9","Taylor Fisher","J Tickle","55","54","24","55","70","57","56","F","55","70","53","38","25","63","2","02/09/2026 16:30","1m","Turf","F","6","1760","0","3454.00","Regal Gaming Grand Gallop Handicap (Class F)","","","","0.00","130","59-62322627","0","0","0","0.00","0.00","0.00","5","23","86","5.81","26.74","85.71","-61.80","33.29","F","6","3768.00","138","1m 14y","1774","13.76","9.00","PH-PHHPPPHH","4.00","8","9","9.4","C","9","0","Hcap","Left - Galloping","3yo+,60","11/1","11.00","3","","60","14","14","209","411","202","82","71","82","-33","24","265","b","g","Shine Like A Star","No Nay Never","WS","0","1.24","5","86","52.81","36.89","46.51","22.09","14","-1","20.00","20.00","1.00","0.00","0.00","0.00","NO","0.00","Male","21.88","23.52","45.19","50.35","0.00","0.00","0.00","","","",""
"02/09/2026","16:30","Bath","Electric Bass","12.00","0.00","0.00","0.00","0.00","0.00","NO","","0.00","","14","Dougie Costello","Roger Teal","54","34","48","56","69","61","58","F","59","65","58","28","14","42","8","02/09/2026 16:30","1m","Turf","F","6","1760","0","3454.00","Regal Gaming Grand Gallop Handicap (Class F)","","","","0.00","131","232255-2253","0","0","0","0.00","0.00","0.00","0","5","15","0.00","33.33","0.00","-15.00","0.00","F","6","3454.00","134","1m 2f","2200","4.30","4.00","PHLPPP-PPLP","15.00","4","4","9.5","","7","0","Hcap","Left - Galloping","3yo+,60","14/1","14.00","3","","60","14","14","181","358","177","62","52","62","1","48","","b","g","Bassinet","Cable Bay","","0","1.15","0","15","61.61","43.67","20.00","13.33","-1","-3","0.00","0.00","1.00","0.00","0.00","0.00","NO","0.00","Male","73.52","67.43","58.89","53.69","0.00","0.00","0.00","","","2","1"
"02/09/2026","16:30","Bath","Eagle Day","9.50","0.00","0.00","0.00","0.00","0.00","NO","","0.00","","5","Rob Hornby","David Evans","66","100","31","60","73","61","59","D","59","73","61","25","26","51","2","02/09/2026 16:30","1m","Turf","F","6","1760","0","3454.00","Regal Gaming Grand Gallop Handicap (Class F)","","","","0.00","135","0-091804945","0","0","0","0.00","0.00","0.00","7","9","51","13.73","17.65","0.00","-8.25","61.65","D","4","7731.00","125","1m 2f 70y","2270","48.00","41.00","L-PPPHLPHPH","4.00","10","6","9.9","D","1","0","Hcap","Left - Galloping","3yo+,60","16/1","16.00","3","","60","14","14","271","512","241","68","65","87","21","31","","b","g","Ramone","Kodiac","","0","0.87","7","51","49.46","35.68","35.29","25.49","-9","1","14.29","28.57","1.00","0.00","0.00","0.00","NO","0.00","Male","54.03","53.39","45.48","49.66","0.00","0.00","0.00","","","",""
"02/09/2026","16:30","Bath","Wildfell","41.00","0.00","0.00","0.00","0.00","0.00","NO","","0.00","","13","William Carson","John Flint","37","37","405","58","68","59","31","E","37","67","52","6","8","14","2","02/09/2026 16:30","1m","Turf","F","6","1760","0","3454.00","Regal Gaming Grand Gallop Handicap (Class F)","","","","0.00","133","24960679/00-","0","0","0","0.00","0.00","0.00","4","3","25","16.00","12.00","0.00","-8.90","45.80","E","5","5234.00","129","7f 6y","1546","170.00","81.00","HHPHPHHP/HH-","4.00","7","6","9.7","D","2","0","Hcap","Left - Galloping","3yo+,60","75/1","75.00","3","","60","14","14","181","393","212","64","49","68","31","405","","ch","g","Indian Ink","Tasleet","b","0","1.21","4","25","43.80","33.23","32.00","28.00","15","1","50.00","75.00","1.00","0.00","0.00","0.00","NO","0.00","Male","30.48","42.22","42.68","46.97","0.00","0.00","0.00","","","11","0"
"02/09/2026","16:50","Hamilton","Royal Strike","2.63","0.00","0.00","0.00","0.00","0.00","NO","","0.00","","1","Clifford Lee","K R Burke","52","290","19","75","53","52","52","D","52","52","52","36","18","54","4","02/09/2026 16:50","5f 7y","Turf","D","4","1107","0","6210.00","Heineken Low & No Bar EBF Maiden Stakes (GBB Race) (Class D)","","","","0.00","133","43","0","0","0","0.00","0.00","0.00","0","1","2","0.00","50.00","0.00","-2.00","0.00","D","4","5757.00","133","6f","1320","25.00","10.00","PP","18.00","2","2","9.7","","3","0","Mdn","Right - Undulating","2yo","3/1","3.00","2","2","","8","8","351","720","369","95","87","91","96","19","","b","c","Armum","Minzaal","","0","1.13","0","2","68.57","48.33","50.00","0.00","-2","-2","0.00","0.00","1.00","0.00","0.00","0.00","NO","0.00","Male","60.31","53.33","55.93","55.94","0.00","0.00","0.00","","","",""
"02/09/2026","17:15","Newcastle","Soda","9.00","0.00","0.00","0.00","0.00","0.00","NO","","0.00","","8","Miss Joanna Mason","Gemma Tutty","36","60","27","50","58","48","42","F","42","52","47","17","10","27","4","02/09/2026 17:15","1m 5y","A/W","F","6","1765","0","3245.00","Sky Sports Racing Virgin 512 Handicap (Div 1) (Class F)","","","","0.00","126","335093","0","0","0","0.00","0.00","0.00","0","1","6","0.00","16.67","0.00","-6.00","0.00","F","6","3664.00","130","1m 14y","1774","19.50","15.00","HHHPHP","10.00","8","3","9.0","","8","0","Hcap","Left - Galloping","3yo+,55","12/1","12.00","3","","55","10","10","241","555","314","83","80","97","54","27","","ch","f","Stylish One","Dawn Approach","","0","1.27","0","6","44.63","26.92","16.67","16.67","2","1","0.00","0.00","1.00","0.00","0.00","0.00","NO","0.00","Female","50.40","50.20","52.78","49.59","0.00","0.00","0.00","","","",""
"02/09/2026","17:15","Newcastle","Hear The Drums","4.00","0.00","0.00","0.00","0.00","0.00","NO","","0.00","","1","Warren Fentiman","Richard Fahey","38","154","27","55","60","47","48","F","46","54","47","31","28","59","8","02/09/2026 17:15","1m 5y","A/W","F","6","1765","3","3245.00","Sky Sports Racing Virgin 512 Handicap (Div 1) (Class F)","","","","0.00","131","08891-0871","0","0","0","0.00","0.00","0.00","2","0","9","22.22","0.00","0.00","1.25","34.02","F","6","3664.00","131","1m 14y","1774","4.44","3.75","PHPPP-PLPP","19.00","6","3","9.5","D","3","0","Hcap","Left - Galloping","3yo+,55","6/1","6.00","3","","55","10","10","309","635","326","95","76","73","82","27","","b","g","Bonnie Brae","Lope Y Fernandez","","0","1.06","2","9","46.43","31.44","22.22","22.22","-1","1","0.00","0.00","1.00","0.00","0.00","0.00","NO","0.00","Male","42.87","41.79","46.30","47.18","0.00","0.00","0.00","","","",""
"02/09/2026","17:15","Newcastle","Queenies Pal","67.00","0.00","0.00","0.00","0.00","0.00","NO","","0.00","","9","Aiden Brookes","Philip Kirby","53","53","48","45","59","52","51","F","53","58","49","11","3","14","2","02/09/2026 17:15","1m 5y","A/W","F","6","1765","0","3245.00","Sky Sports Racing Virgin 512 Handicap (Div 1) (Class F)","","","","0.00","121","076773-950","0","0","0","0.00","0.00","0.00","0","0","9","0.00","0.00","0.00","-9.00","0.00","F","6","3664.00","127","7f 218y","1758","199.57","81.00","HHPHHH-HPH","5.00","2","3","8.9","","10","0","Hcap","Left - Galloping","3yo+,55","18/1","18.00","3","","55","10","10","221","516","295","71","76","84","64","48","","b","f","Queen Of Bermuda","Palace Pier","tp","0","0.88","0","9","23.55","9.51","11.11","0.00","5","1","0.00","0.00","1.00","0.00","0.00","0.00","NO","0.00","Female","41.24","51.53","47.91","42.58","0.00","0.00","0.00","","","13","0"
"02/09/2026","17:20","Hamilton","Big Apple Jack","6.00","0.00","0.00","0.00","0.00","0.00","NO","","0.00","","11","Billy Garritty","Michael Easterby","61","54","14","57","67","58","58","F","59","65","58","35","21","56","2","02/09/2026 17:20","6f 6y","Turf","F","6","1326","0","3664.00","Hampton By Hilton Hotel Handicap (Class F)","","","","0.00","127","470-2842542","0","0","0","0.00","0.00","0.00","0","4","16","0.00","25.00","0.00","-16.00","0.00","F","6","3402.00","135","6f 195y","1515","4.22","3.50","HHH-HHPPPHH","6.00","2","4","9.1","","9","0","Hcap","Right - Undulating","4yo+,65","17/2","8.50","4","","65","13","13","230","429","199","60","67","75","-3","14","","b","g","Amour Fou","Mayson","b1","0","1.06","0","16","57.84","37.87","12.50","6.25","4","1","0.00","0.00","1.00","0.00","0.00","0.00","NO","0.00","Male","29.94","39.55","42.78","43.71","0.00","0.00","0.00","","","",""
"02/09/2026","17:20","Hamilton","Men Of Honour","15.00","0.00","0.00","0.00","0.00","0.00","NO","","0.00","","12","James Sullivan","Ruth Carr","61","48","11","60","70","59","59","E","61","65","58","13","18","31","0","02/09/2026 17:20","6f 6y","Turf","F","6","1326","0","3664.00","Hampton By Hilton Hotel Handicap (Class F)","","","","0.00","130","53664-99695","0","0","0","0.00","0.00","0.00","0","2","12","0.00","16.67","0.00","-12.00","0.00","E","5","4187.00","127","5f 217y","1317","14.76","11.00","PPPPL-LPHHH","0.00","11","4","9.4","","7","0","Hcap","Right - Undulating","4yo+,65","25/1","25.00","4","","65","13","13","212","361","149","61","54","56","-22","11","","b","g","Danehill Music","Ten Sovereigns","WS2","0","0.83","0","12","46.13","28.18","41.67","8.33","4","3","0.00","0.00","1.00","0.00","0.00","0.00","NO","0.00","Male","46.06","48.84","49.73","51.51","0.00","0.00","0.00","","","",""
"02/09/2026","17:15","Newcastle","Blairtum Night","26.00","0.00","0.00","0.00","0.00","0.00","NO","","0.00","","3","Tom Kiely-Marshall","Linda Perratt","51","122","14","50","51","42","41","F","46","46","41","9","3","12","4","02/09/2026 17:15","1m 5y","A/W","F","6","1765","5","3245.00","Sky Sports Racing Virgin 512 Handicap (Div 1) (Class F)","","","","0.00","131","8-649","0","0","1","0.00","0.00","-1.00","0","0","4","0.00","0.00","0.00","-4.00","0.00","F","6","3402.00","131","6f 195y","1515","34.00","26.00","H-HPP","10.00","1","4","9.5","","4","0","Hcap","Left - Galloping","3yo+,55","22/1","22.00","3","","55","10","10","244","568","324","95","77","91","61","14","","b","g","Vaulted","Night Of Thunder","p1","0","0.90","0","4","18.33","5.54","0.00","0.00","0","1","0.00","0.00","1.00","0.00","0.00","0.00","NO","0.00","Male","50.00","44.44","53.01","52.11","0.00","0.00","0.00","","","",""
"02/09/2026","17:15","Newcastle","One More Bottle","17.00","0.00","0.00","0.00","0.00","0.00","NO","","0.00","","6","Barry McHugh","Elizabeth Quinlan","53","81","25","46","66","56","49","F","53","61","52","17","13","30","4","02/09/2026 17:15","1m 5y","A/W","F","6","1765","0","3245.00","Sky Sports Racing Virgin 512 Handicap (Div 1) (Class F)","","","","0.00","127","3342087-068","0","0","0","0.00","0.00","0.00","1","4","19","5.26","21.05","0.00","-2.00","36.64","F","6","4187.00","135","1m 2f","2200","19.38","13.00","PHPPPHP-PPH","10.00","4","5","9.1","D","7","0","Hcap","Left - Galloping","3yo+,55","12/1","12.00","3","","55","10","10","274","533","259","62","80","83","34","25","588","b","g","Lady Tabitha","Mukhadram","bWS","0","1.12","1","19","44.00","28.61","42.11","21.05","1","-1","0.00","0.00","1.00","0.00","0.00","0.00","NO","0.00","Male","65.00","67.78","51.63","44.22","0.00","0.00","0.00","","","",""
"02/09/2026","17:15","Newcastle","Sassy Glory","8.50","0.00","0.00","0.00","0.00","0.00","NO","","0.00","","4","Rhys Elliott","Mark Walford","54","114","25","49","66","57","49","F","54","65","54","35","32","67","10","02/09/2026 17:15","1m 5y","A/W","F","6","1765","5","3245.00","Sky Sports Racing Virgin 512 Handicap (Div 1) (Class F)","","","","0.00","130","04-05492105","0","0","0","0.00","0.00","0.00","2","8","33","6.06","24.24","0.00","-19.50","39.78","F","6","4187.00","135","1m 2f","2200","7.40","6.50","LL-PHLPLLPL","24.00","10","5","9.4","CD","5","0","Hcap","Left - Galloping","3yo+,55","5/1","5.00","3","","55","10","10","332","660","328","74","68","94","92","25","","b","m","Sassy Gal","Oasis Dream","v","0","1.06","2","33","52.83","37.58","33.33","24.24","9","-1","50.00","100.00","1.00","0.00","0.00","0.00","NO","0.00","Female","40.93","44.53","45.18","48.98","0.00","0.00","0.00","","","",""
"02/09/2026","17:15","Newcastle","Book Of Life","3.75","0.00","0.00","0.00","0.00","0.00","NO","","0.00","","5","Jason Hart","Patrick Morris","60","112","7","54","70","58","48","F","53","68","56","27","29","56","2","02/09/2026 17:15","1m 5y","A/W","F","6","1765","0","3245.00","Sky Sports Racing Virgin 512 Handicap (Div 1) (Class F)","","","","0.00","135","6243245273","0","0","0","0.00","0.00","0.00","1","12","34","2.94","35.29","0.00","-27.00","31.40","F","6","3454.00","125","1m 142y","1902","5.98","5.00","HHHHHHHPHH","5.00","5","6","9.9","","1","0","Hcap","Left - Galloping","3yo+,55","7/1","7.00","3","","55","10","10","303","569","266","75","85","77","29","7","","gr","g","Inspiriter","Dark Angel","p","0","1.01","1","34","54.39","39.60","35.29","14.71","8","-1","0.00","0.00","1.00","0.00","0.00","0.00","NO","0.00","Male","26.27","41.54","41.57","36.60","0.00","0.00","0.00","","","",""
"02/09/2026","17:08","Navan","Slowdownbarney","67.00","0.00","0.00","0.00","0.00","0.00","NO","","0.00","","15","Mr D O'Sullivan","Dermot Anthony McLoughlin","0","34","27","57","72","55","30","F","13","65","52","7","-6","1","2","02/09/2026 17:08","2m","Turf","D","4","3520","7","9000.00","Kilberry (Class D) (Q.R.) Handicap","","","","0.00","147","890-567080P","0","0","0","0.00","0.00","0.00","1","5","28","3.57","17.86","80.00","-23.00","39.78","F","6","6000.00","138","1m 4f","2640","16.45","12.00","HHH-PHLHHHP","3.00","7","5","10.7","","17","0","Hcap","Left - Stiff / Undulating","4yo+,85","33/1","33.00","4","","85","17","17","60","335","275","36","82","94","63","145","27","b","g","Dawn Choir","Magna Grecia","tb","0","0.00","1","28","44.67","28.50","28.57","14.29","8","1","0.00","0.00","1.00","0.00","0.00","0.00","NO","0.00","Male","18.57","24.48","40.18","40.97","0.00","0.00","0.00","","","",""
"02/09/2026","17:15","Newcastle","Furrst Lady","34.00","0.00","0.00","0.00","0.00","0.00","NO","","0.00","","10","O McSweeney","Roger Fell","55","43","21","45","55","26","44","F","51","51","27","9","3","12","2","02/09/2026 17:15","1m 5y","A/W","F","6","1765","0","3245.00","Sky Sports Racing Virgin 512 Handicap (Div 1) (Class F)","","","","0.00","126","R87-0899","0","0","0","0.00","0.00","0.00","0","0","7","0.00","0.00","0.00","-7.00","0.00","F","6","4004.00","126","7f 75y","1615","300.00","101.00","HP-PHPH","5.00","7","4","9.0","","9","0","Hcap","Left - Galloping","3yo+,55","22/1","22.00","3","","55","10","10","227","521","294","77","88","67","62","21","","b","f","Damask","Inns Of Court","WS","0","0.75","0","7","7.94","2.29","42.86","0.00","3","3","0.00","0.00","1.00","0.00","0.00","0.00","NO","0.00","Female","35.49","47.60","49.32","54.70","0.00","0.00","0.00","","","",""
"02/09/2026","17:15","Newcastle","Elettaria","6.00","0.00","0.00","0.00","0.00","0.00","NO","","0.00","","7","Cam Hardie","John Wainwright","62","79","21","47","65","56","60","F","62","65","54","33","24","57","2","02/09/2026 17:15","1m 5y","A/W","F","6","1765","0","3245.00","Sky Sports Racing Virgin 512 Handicap (Div 1) (Class F)","","","","0.00","128","6655873452","0","0","0","0.00","0.00","0.00","4","10","51","7.84","19.61","0.00","-26.50","32.58","F","6","4004.00","126","7f 75y","1615","14.29","11.00","HHHHHHHHPH","5.00","9","7","9.2","C","6","0","Hcap","Left - Galloping","3yo+,55","11/2","5.50","3","","55","10","10","308","524","216","73","64","67","12","21","","b","m","Rayon Rouge","Mehmas","p","0","0.98","4","51","54.22","36.38","31.37","13.73","23","3","50.00","50.00","1.00","0.00","0.00","0.00","NO","0.00","Female","26.67","39.44","62.91","50.63","0.00","0.00","0.00","","","",""
"02/09/2026","17:15","Newcastle","Mercurius Power","5.00","0.00","0.00","0.00","0.00","0.00","NO","","0.00","","2","Jack Dace","Jessica Macey","33","124","39","53","70","58","50","F","57","68","57","25","40","65","4","02/09/2026 17:15","1m 5y","A/W","F","6","1765","5","3245.00","Sky Sports Racing Virgin 512 Handicap (Div 1) (Class F)","","","","0.00","134","7-533667852","0","0","0","0.00","0.00","0.00","6","15","66","9.09","22.73","0.00","-32.88","37.12","F","6","4711.00","127","1m 5y","1765","10.50","7.50","P-HHHHHHPHP","10.00","3","8","9.8","CD","2","0","Hcap","Left - Galloping","3yo+,55","15/2","7.50","3","","55","10","10","326","635","309","81","87","79","62","39","","b","g","Dame Hester","Awtaad","tpWS","0","1.08","6","66","55.58","40.05","31.82","21.21","22","1","50.00","50.00","1.00","0.00","0.00","0.00","NO","0.00","Male","75.37","75.32","63.02","66.07","0.00","0.00","0.00","","","",""
"02/09/2026","17:20","Hamilton","Summerstorms Dream","19.00","0.00","0.00","0.00","0.00","0.00","NO","","0.00","","8","Lauren Young","Jim Goldie","54","60","22","46","65","54","55","F","55","59","50","16","10","26","0","02/09/2026 17:20","6f 6y","Turf","F","6","1326","5","3664.00","Hampton By Hilton Hotel Handicap (Class F)","","","","0.00","116","54-35772663","0","0","0","0.00","0.00","0.00","0","1","13","0.00","7.69","0.00","-13.00","0.00","F","6","3664.00","114","5f 7y","1107","15.50","13.00","HH-HHHPPHHH","0.00","12","4","8.4","","13","0","Hcap","Right - Undulating","4yo+,65","20/1","20.00","4","","65","13","13","149","308","159","75","69","79","-64","22","","b","f","Sparks","Inns Of Court","p","0","0.89","0","13","45.30","25.76","23.08","15.38","1","1","0.00","0.00","1.00","0.00","0.00","0.00","NO","0.00","Female","68.66","63.54","54.24","50.75","0.00","0.00","0.00","","","",""
"02/09/2026","17:20","Hamilton","Lesley's Boy","21.00","0.00","0.00","0.00","0.00","0.00","NO","","0.00","","13","Oisin Orr","Richard Fahey","50","30","17","61","68","58","55","F","58","65","56","16","11","27","0","02/09/2026 17:20","6f 6y","Turf","F","6","1326","0","3664.00","Hampton By Hilton Hotel Handicap (Class F)","","","","0.00","131","730463-0588","0","0","0","0.00","0.00","0.00","2","1","19","10.53","5.26","0.00","-14.13","50.47","F","6","4711.00","138","6f 16y","1336","8.60","7.00","HHHHHP-HHHH","0.00","10","4","9.5","D","6","0","Hcap","Right - Undulating","4yo+,65","20/1","20.00","4","","65","13","13","214","483","269","73","78","85","33","17","","b","g","Enliven","Kodi Bear","v","0","1.17","2","19","44.98","29.26","31.58","21.05","3","-3","50.00","100.00","1.00","0.00","0.00","0.00","NO","0.00","Male","42.87","41.79","46.30","47.18","0.00","0.00","0.00","","","",""
"02/09/2026","17:20","Hamilton","Camera Shy","13.00","0.00","0.00","0.00","0.00","0.00","NO","","0.00","","6","Connor Beasley","Michael Dods","57","69","27","62","68","57","60","F","62","64","55","22","11","33","4","02/09/2026 17:20","6f 6y","Turf","F","6","1326","0","3664.00","Hampton By Hilton Hotel Handicap (Class F)","","","","0.00","132","64-85417645","0","0","0","0.00","0.00","0.00","2","1","19","10.53","5.26","0.00","5.00","99.30","E","5","4711.00","128","6f 17y","1337","12.48","11.00","PH-HHHHHHPP","13.00","13","4","9.6","D","4","0","Hcap","Right - Undulating","4yo+,65","14/1","14.00","4","","65","13","13","261","536","275","77","76","76","46","27","","b","g","Darwell","Kodiac","t","0","0.96","2","19","49.81","32.34","31.58","10.53","5","-1","50.00","50.00","1.00","0.00","0.00","0.00","NO","0.00","Male","52.82","50.13","46.11","48.47","0.00","0.00","0.00","","","",""
"02/09/2026","17:20","Hamilton","Lumenbourg","7.00","0.00","0.00","0.00","0.00","0.00","NO","","0.00","","7","Clifford Lee","Julie Camacho","51","68","41","65","68","60","56","E","55","67","57","29","8","37","8","02/09/2026 17:20","6f 6y","Turf","F","6","1326","0","3664.00","Hampton By Hilton Hotel Handicap (Class F)","","","","0.00","135","3238-031465","0","0","0","0.00","0.00","0.00","4","10","26","15.38","38.46","0.00","12.50","41.05","E","5","4397.00","128","7f 6y","1546","7.60","7.50","LPLP-PLLPPL","25.00","9","5","9.9","D","2","0","Hcap","Right - Undulating","4yo+,65","11/1","11.00","4","","65","13","13","236","511","275","74","86","60","55","41","","b","g","Unilit","Aclaim","p","0","1.32","4","26","58.44","45.85","34.62","15.38","-2","-1","0.00","0.00","1.00","0.00","0.00","0.00","NO","0.00","Male","40.54","45.66","51.12","51.10","0.00","0.00","0.00","","","5","0"
"02/09/2026","17:30","Kempton","Superstorm","5.50","0.00","0.00","0.00","0.00","0.00","NO","","0.00","","5","Mikkel Mortensen","Charlie Fellowes","66","121","9","52","66","56","59","F","60","63","53","29","33","62","4","02/09/2026 17:30","7f","A/W","E","5","1540","0","4187.00","Try Unibet's New Improved Acca Boosts Apprentice Handicap (Class E)","","","","0.00","123","37-32466412","0","0","0","0.00","0.00","0.00","1","2","14","7.14","14.29","0.00","-8.00","41.87","F","6","3454.00","122","6f 210y","1530","5.57","5.00","HH-HPPHHHPP","13.00","6","3","8.11","D","8","0","Hcap-App","Right - Sharp","3yo,70","6/1","6.00","3","3","70","8","8","319","568","249","84","71","80","14","9","","b","g","Mystic Storm","Oasis Dream","v","0","1.08","1","14","55.07","38.18","21.43","21.43","4","3","100.00","100.00","1.00","0.00","0.00","0.00","NO","0.00","Male","56.32","60.30","64.28","60.27","0.00","0.00","0.00","","","",""
"02/09/2026","17:30","Kempton","Unionville","15.00","0.00","0.00","0.00","0.00","0.00","NO","","0.00","","6","Owen Lewis","Michael Attwater","62","100","14","67","63","54","58","E","62","62","53","19","23","42","2","02/09/2026 17:30","7f","A/W","E","5","1540","3","4187.00","Try Unibet's New Improved Acca Boosts Apprentice Handicap (Class E)","","","","0.00","138","044-2178834","0","0","0","0.00","0.00","0.00","1","1","10","10.00","10.00","0.00","-5.50","44.49","E","5","4187.00","132","7f","1540","36.00","23.00","PPL-PLHPHHP","6.00","8","3","9.12","","3","0","Hcap-App","Right - Sharp","3yo,70","10/1","10.00","3","3","70","8","8","308","629","321","69","87","89","76","14","","b","g","Ebrah","Havana Grey","","0","0.96","1","10","57.89","40.28","30.00","10.00","6","3","100.00","100.00","1.00","0.00","0.00","0.00","NO","0.00","Male","31.41","32.96","31.87","38.87","0.00","0.00","0.00","","","",""
"02/09/2026","17:30","Kempton","Orange Emperor","9.00","0.00","0.00","0.00","0.00","0.00","NO","","0.00","","4","D J Murphy","James Fanshawe","52","125","17","62","58","51","51","F","51","54","50","27","10","37","6","02/09/2026 17:30","7f","A/W","E","5","1540","3","4187.00","Try Unibet's New Improved Acca Boosts Apprentice Handicap (Class E)","","","","0.00","133","464-2562365","0","0","0","0.00","0.00","0.00","0","2","10","0.00","20.00","0.00","-10.00","0.00","F","6","4711.00","130","6f 16y","1336","38.00","26.00","PHP-HHHPPPP","19.00","3","3","9.7","","7","0","Hcap-App","Right - Sharp","3yo,70","13/2","6.50","3","3","70","8","8","270","624","354","93","92","99","70","17","","b","g","Dutch Princess","Kodiac","hp1","0","1.16","0","10","47.53","26.12","30.00","20.00","2","-1","0.00","0.00","1.00","0.00","0.00","0.00","NO","0.00","Male","65.54","57.92","59.55","60.95","0.00","0.00","0.00","","","",""
"02/09/2026","17:20","Hamilton","Valentine Catcher","9.00","0.00","0.00","0.00","0.00","0.00","NO","","0.00","","5","David Allan","Tim Easterby","61","76","22","62","67","61","56","E","59","66","58","36","26","62","4","02/09/2026 17:20","6f 6y","Turf","F","6","1326","0","3664.00","Hampton By Hilton Hotel Handicap (Class F)","","","","0.00","132","57-92643972","0","0","0","0.00","0.00","0.00","2","5","23","8.70","21.74","0.00","7.00","49.08","E","5","4187.00","129","5f 182y","1282","17.00","13.00","HH-HHHHHPPH","13.00","6","5","9.6","D","5","0","Hcap","Right - Undulating","4yo+,65","17/2","8.50","4","","65","13","13","283","519","236","65","67","72","32","22","","b","g","Flycatcher","Bated Breath","p","0","0.80","2","23","53.60","37.01","26.09","17.39","3","1","100.00","100.00","1.00","0.00","0.00","0.00","NO","0.00","Male","46.80","43.77","46.95","46.83","0.00","0.00","0.00","","","",""
"02/09/2026","17:20","Hamilton","Impressor","7.00","0.00","0.00","0.00","0.00","0.00","NO","","0.00","","3","S H James","Phillip Makin","55","109","12","57","77","59","56","E","55","75","58","32","18","50","2","02/09/2026 17:20","6f 6y","Turf","F","6","1326","0","3664.00","Hampton By Hilton Hotel Handicap (Class F)","","","","0.00","127","67-40063608","0","0","0","0.00","0.00","0.00","8","19","80","10.00","23.75","0.00","-46.30","41.16","F","6","3664.00","135","5f 7y","1107","12.52","9.50","HH-HPHHPPHH","6.00","1","9","9.1","CD","8","0","Hcap","Right - Undulating","4yo+,65","10/1","10.00","4","","65","13","13","244","435","191","69","77","84","-39","12","","b","g","Little Empress","Footstepsinthesand","pWS","0","1.22","8","80","55.24","39.93","37.50","26.25","18","-3","25.00","25.00","1.00","0.00","0.00","0.00","NO","0.00","Male","62.22","60.90","59.73","47.87","0.00","0.00","0.00","","","",""
"02/09/2026","17:20","Hamilton","White Umbrella","12.00","0.00","0.00","0.00","0.00","0.00","NO","","0.00","","9","Paul Mulrennan","Christopher Kellett","62","57","13","56","69","58","59","F","59","65","57","30","18","48","0","02/09/2026 17:20","6f 6y","Turf","F","6","1326","0","3664.00","Hampton By Hilton Hotel Handicap (Class F)","","","","0.00","126","6365084817","0","0","0","0.00","0.00","0.00","7","6","49","14.29","12.24","0.00","9.75","35.35","F","6","3245.00","131","6f","1320","19.00","13.00","HHHHPPPHHH","0.00","5","7","9.0","D","10","0","Hcap","Right - Undulating","4yo+,65","10/1","10.00","4","","65","13","13","243","477","234","60","73","52","49","13","","b","m","Sharaakah","Night Of Thunder","b","0","1.06","7","49","54.96","38.65","36.73","24.49","21","3","42.86","42.86","1.00","0.00","0.00","0.00","NO","0.00","Female","14.29","49.26","51.00","35.98","0.00","0.00","0.00","","","",""
"02/09/2026","17:20","Hamilton","Mount Ruapehu","13.00","0.00","0.00","0.00","0.00","0.00","NO","","0.00","","4","Mr Jack Nicholls","Iain Jardine","60","98","13","56","72","58","58","E","60","72","57","19","22","41","0","02/09/2026 17:20","6f 6y","Turf","F","6","1326","3","3664.00","Hampton By Hilton Hotel Handicap (Class F)","","","","0.00","126","1288666488","0","0","0","0.00","0.00","0.00","6","10","52","11.54","19.23","0.00","-9.13","49.70","F","6","3245.00","129","6f","1320","7.41","5.00","PHPHPPPHHH","0.00","8","6","9.0","D  BF","11","0","Hcap","Right - Undulating","4yo+,65","16/1","16.00","4","","65","13","13","250","456","206","70","95","89","-48","13","","b","g","Katla","Invincible Spirit","","0","0.93","6","52","54.51","39.63","38.46","25.00","-8","-1","0.00","16.67","1.00","0.00","0.00","0.00","NO","0.00","Male","45.52","54.32","54.82","56.60","0.00","0.00","0.00","","","",""
"02/09/2026","17:20","Hamilton","Doon The Glen","10.00","0.00","0.00","0.00","0.00","0.00","NO","","0.00","","10","Shay Farmer","Jim Goldie","58","56","12","49","64","55","55","F","55","63","55","23","10","33","0","02/09/2026 17:20","6f 6y","Turf","F","6","1326","5","3664.00","Hampton By Hilton Hotel Handicap (Class F)","","","","0.00","119","1834718755","0","0","0","0.00","0.00","0.00","3","7","43","6.98","16.28","0.00","-28.75","34.27","F","6","3664.00","120","5f 7y","1107","14.74","10.00","PPPPLHHHHH","0.00","4","6","8.7","CD","12","0","Hcap","Right - Undulating","4yo+,65","14/1","14.00","4","","65","13","13","182","417","235","75","61","50","49","12","","b","g","Glenlini","Orientor","v","0","1.17","3","43","51.21","35.01","27.91","13.95","11","1","0.00","33.33","1.00","0.00","0.00","0.00","NO","0.00","Male","68.66","63.54","54.24","50.75","0.00","0.00","0.00","","","",""
"02/09/2026","17:20","Hamilton","Edgewater Drive","15.00","0.00","0.00","0.00","0.00","0.00","NO","","0.00","","2","Greg Fairley","Wilf Storey","59","119","298","65","75","55","66","E","65","71","54","28","57","85","4","02/09/2026 17:20","6f 6y","Turf","F","6","1326","0","3664.00","Hampton By Hilton Hotel Handicap (Class F)","","","","0.00","135","14/04914318-","0","0","0","0.00","0.00","0.00","4","1","15","26.67","6.67","0.00","9.00","36.98","D","4","11515.00","118","7f 6y","1546","47.50","34.00","HP/HPHPHHPP-","13.00","3","5","9.9","D","1","0","Hcap","Right - Undulating","4yo+,65","11/1","11.00","4","","65","13","13","303","520","217","57","46","52","62","298","","b","g","Faseeha","Dandy Man","tWS1","0","0.93","4","15","57.11","44.17","40.00","33.33","7","3","50.00","50.00","1.00","0.00","0.00","0.00","NO","0.00","Male","37.50","37.50","59.66","50.37","0.00","0.00","0.00","","","7","1"
"02/09/2026","17:20","Hamilton","Iris Dancer","5.50","0.00","0.00","0.00","0.00","0.00","NO","","0.00","","1","Rowan Scott","Tristan Davidson","58","284","12","64","71","62","60","E","61","71","60","40","47","87","8","02/09/2026 17:20","6f 6y","Turf","F","6","1326","0","3664.00","Hampton By Hilton Hotel Handicap (Class F)","","","","0.00","134","6121613095","0","0","0","0.00","0.00","0.00","14","17","92","15.22","18.48","0.00","-4.25","49.45","D","4","5286.00","126","6f 6y","1326","29.00","21.00","PPPLPPPPPL","25.00","7","8","9.8","CD","3","0","Hcap","Right - Undulating","4yo+,65","15/2","7.50","4","","65","13","13","344","689","345","100","64","91","90","12","","b","m","Rainbow's Arch","Kodiac","b","0","1.27","14","92","56.02","40.72","30.43","21.74","24","1","64.29","71.43","1.00","0.00","0.00","0.00","NO","0.00","Female","72.14","71.63","64.72","65.60","0.00","0.00","0.00","","","",""
"02/09/2026","17:02","Bath","Asset","4.33","0.00","0.00","0.00","0.00","0.00","NO","","0.00","","2","Luke Morris","Sir Mark Prescott Bt","68","266","22","78","68","57","61","D","64","64","56","34","46","80","8","02/09/2026 17:02","1m 3f 137y","Turf","D","4","2557","0","10468.00","British EBF Fillies' Handicap (GBBPlus Race) (Class D)","","","","0.00","129","3-23213","0","0","0","0.00","0.00","0.00","1","2","6","16.67","33.33","0.00","-4.85","54.00","D","4","10468.00","127","1m 2f","2200","12.50","10.00","H-LLLPP","29.00","2","3","9.3","","6","0","Hcap-Fil","Left - Galloping","3yo+,90","11/2","5.50","3","","90","6","6","323","681","358","98","87","97","76","22","","b","f","Assisi","Wootton Bassett","","0","1.15","1","6","75.28","58.95","33.33","16.67","2","3","0.00","100.00","1.00","0.00","0.00","0.00","NO","0.00","Female","45.93","49.05","60.80","64.08","0.00","0.00","0.00","","","",""
"02/09/2026","17:02","Bath","Mythical Bird","5.00","0.00","0.00","0.00","0.00","0.00","NO","","0.00","","4","Rob Hornby","Hughie Morrison","74","202","21","77","74","60","64","D","71","71","61","44","43","87","2","02/09/2026 17:02","1m 3f 137y","Turf","D","4","2557","0","10468.00","British EBF Fillies' Handicap (GBBPlus Race) (Class D)","","","","0.00","136","3446-130031","0","0","0","0.00","0.00","0.00","2","4","16","12.50","25.00","0.00","-3.67","49.33","D","4","5888.00","124","1m 1f 201y","2181","8.80","8.00","PPPL-PPPPHH","7.00","4","4","9.10","","4","0","Hcap-Fil","Left - Galloping","3yo+,90","4/1","4.00","3","","90","6","6","321","645","324","78","83","83","80","21","","gr","f","Jellicle Ball","Phoenix Of Spain","","0","1.08","2","16","60.79","44.01","37.50","12.50","2","1","100.00","100.00","1.00","0.00","0.00","0.00","NO","0.00","Female","37.22","40.96","47.19","44.64","0.00","0.00","0.00","","","",""
"02/09/2026","17:02","Bath","Spirit Of Jura","19.00","0.00","0.00","0.00","0.00","0.00","NO","","0.00","","6","Callum Shepherd","Charlie Johnston","51","58","47","79","70","53","53","D","51","69","54","26","31","57","8","02/09/2026 17:02","1m 3f 137y","Turf","D","4","2557","0","10468.00","British EBF Fillies' Handicap (GBBPlus Race) (Class D)","","","","0.00","138","3206-475253","0","0","0","0.00","0.00","0.00","4","3","18","22.22","16.67","0.00","2.83","57.05","D","4","5286.00","134","1m 4f 15y","2655","6.60","6.00","LHPH-PLPHLL","29.00","3","4","9.12","","3","0","Hcap-Fil","Left - Galloping","3yo+,90","15/2","7.50","3","","90","6","6","300","597","297","81","80","81","55","47","","ch","f","Pamona","Masar","","0","0.93","4","18","51.17","42.16","38.89","27.78","4","1","25.00","25.00","1.00","0.00","0.00","0.00","NO","0.00","Female","19.13","38.58","46.11","41.44","0.00","0.00","0.00","","","3","0"
"02/09/2026","17:08","Navan","Friary Road","12.00","0.00","0.00","0.00","0.00","0.00","NO","","0.00","","14","Mr L P Shanahan","T M Walsh","64","36","41","73","67","56","64","E","65","65","48","21","28","49","0","02/09/2026 17:08","2m","Turf","D","4","3520","7","9000.00","Kilberry (Class D) (Q.R.) Handicap","","","","0.00","163","83391PF-632","0","0","0","0.00","0.00","0.00","3","2","16","18.75","12.50","50.00","14.00","0.00","E","5","9000.00","137","1m 7f","3300","9.00","7.50","HHPHHPH-HHH","0.00","8","6","11.9","D","6","0","Hcap","Left - Stiff / Undulating","4yo+,85","10/1","10.00","4","","85","17","17","219","472","253","68","86","98","1","41","125","b","g","Summer Star","Finsceal Fior","t","0","0.00","3","16","53.66","41.26","25.00","18.75","2","3","33.33","33.33","1.00","0.00","0.00","0.00","NO","0.00","Male","0.00","70.00","70.00","68.47","0.00","0.00","0.00","","","",""
"02/09/2026","17:08","Navan","Cala Gracioneta","10.00","0.00","0.00","0.00","0.00","0.00","NO","","0.00","","10","Mr N McParlan","Matthew J Smith","66","55","6","59","66","48","61","F","61","64","49","17","8","25","4","02/09/2026 17:08","2m","Turf","D","4","3520","0","9000.00","Kilberry (Class D) (Q.R.) Handicap","","","","0.00","149","05900-02852","0","0","0","0.00","0.00","0.00","0","2","10","0.00","20.00","0.00","-10.00","0.00","F","6","6000.00","140","1m 6f","3080","15.87","13.00","HHLHH-HPPHP","5.00","2","4","10.9","","15","0","Hcap","Left - Stiff / Undulating","4yo+,85","13/1","13.00","4","","85","17","17","150","365","215","67","72","94","-18","6","","gr","f","Margarita","Jukebox Jury","","0","0.00","0","10","43.35","29.24","30.00","0.00","2","-1","0.00","0.00","1.00","0.00","0.00","0.00","NO","0.00","Female","44.70","44.70","40.42","42.00","0.00","0.00","0.00","","","",""
"02/09/2026","17:02","Bath","Aravalli","6.50","0.00","0.00","0.00","0.00","0.00","NO","","0.00","","3","Taylor Fisher","J Tickle","50","220","20","82","70","56","59","E","59","62","52","46","60","106","2","02/09/2026 17:02","1m 3f 137y","Turf","D","4","2557","0","10468.00","British EBF Fillies' Handicap (GBBPlus Race) (Class D)","","","","0.00","133","7-44911411","0","0","0","0.00","0.00","0.00","4","0","9","44.44","0.00","0.00","42.50","38.73","E","5","4397.00","138","1m 3f 99y","2519","8.00","6.50","H-LPHPPHPH","7.00","6","3","9.7","D","5","0","Hcap-Fil","Left - Galloping","3yo+,90","4/1","4.00","3","","90","6","6","327","693","366","85","91","91","99","20","","b","f","Kalsara","Australia","","0","0.93","4","9","68.52","58.33","55.56","44.44","3","1","0.00","0.00","1.00","0.00","0.00","0.00","NO","0.00","Female","21.88","23.52","45.19","50.35","0.00","0.00","0.00","","","",""
"02/09/2026","17:02","Bath","Quebella","5.00","0.00","0.00","0.00","0.00","0.00","NO","","0.00","","5","Jamie Spencer","Owen Burrows","63","103","82","83","73","67","65","C","64","72","66","33","31","64","2","02/09/2026 17:02","1m 3f 137y","Turf","D","4","2557","0","10468.00","British EBF Fillies' Handicap (GBBPlus Race) (Class D)","","","","0.00","142","125364-33","0","0","0","0.00","0.00","0.00","1","3","8","12.50","37.50","0.00","-3.00","38.88","D","4","7731.00","142","1m 2f 70y","2270","2.36","2.25","HPHHPP-HH","7.00","5","4","10.2","BF","1","0","Hcap-Fil","Left - Galloping","3yo+,90","6/1","6.00","3","","90","6","6","295","598","303","90","89","80","44","82","","b","f","Quintada","Study Of Man","","0","1.65","1","8","72.09","54.27","37.50","12.50","0","-1","0.00","100.00","1.00","0.00","0.00","0.00","NO","0.00","Female","51.33","55.24","56.00","63.48","0.00","0.00","0.00","","","4","-1"
"02/09/2026","16:50","Hamilton","Dadawada","23.00","0.00","0.00","0.00","0.00","0.00","NO","","0.00","","7","F Bughanaim","Christopher Kellett","51","47","11","0","51","45","45","D","45","39","45","11","8","19","2","02/09/2026 16:50","5f 7y","Turf","D","4","1107","0","6210.00","Heineken Low & No Bar EBF Maiden Stakes (GBB Race) (Class D)","","","","0.00","128","54","0","0","0","0.00","0.00","0.00","0","0","2","0.00","0.00","0.00","-2.00","0.00","D","4","10308.00","128","5f 15y","1115","230.00","126.00","PH","9.00","4","2","9.2","","8","0","Mdn","Right - Undulating","2yo","12/1","12.00","2","2","","8","8","313","590","277","78","75","67","57","11","","b","f","Nyanga","Kodiac","h1","0","1.38","0","2","30.00","10.00","0.00","0.00","0","0","0.00","0.00","1.00","0.00","0.00","0.00","NO","0.00","Female","14.29","49.26","51.00","35.98","0.00","0.00","0.00","","","",""
"02/09/2026","16:50","Hamilton","Bacha","7.50","0.00","0.00","0.00","0.00","0.00","NO","","0.00","","2","Oisin Orr","Richard Fahey","58","223","32","0","58","53","53","D","53","48","53","32","30","62","2","02/09/2026 16:50","5f 7y","Turf","D","4","1107","0","6210.00","Heineken Low & No Bar EBF Maiden Stakes (GBB Race) (Class D)","","","","0.00","133","53","0","0","0","0.00","0.00","0.00","0","1","2","0.00","50.00","0.00","-2.00","0.00","D","4","5940.00","130","5f","1100","12.27","10.00","HP","9.00","6","2","9.7","","1","0","Mdn","Right - Undulating","2yo","100/30","3.33","2","2","","8","8","342","687","345","82","84","87","92","32","","b","c","Sun Sign","Cotai Glory","","0","0.89","0","2","45.71","27.51","50.00","0.00","2","2","0.00","0.00","1.00","0.00","0.00","0.00","NO","0.00","Male","42.87","41.79","46.30","47.18","0.00","0.00","0.00","","","",""
"02/09/2026","16:50","Hamilton","Sod Hall Lane","2.00","0.00","0.00","0.00","0.00","0.00","NO","","0.00","","3","Zak Wheatley","Declan Carroll","57","181","26","0","57","57","57","B","57","","57","33","35","68","2","02/09/2026 16:50","5f 7y","Turf","D","4","1107","0","6210.00","Heineken Low & No Bar EBF Maiden Stakes (GBB Race) (Class D)","","","","0.00","133","2","0","0","0","0.00","0.00","0.00","0","1","1","0.00","100.00","0.00","-1.00","0.00","B","2","12885.00","130","5f 1y","1101","28.67","21.00","P","9.00","8","2","9.7","","5","0","Mdn","Right - Undulating","2yo","100/30","3.33","2","2","","8","8","355","656","301","80","76","77","68","26","","b","c","Hello Bangkok","Blue Point","","0","1.22","0","1","75.00","56.25","100.00","100.00","1","1","0.00","0.00","1.00","0.00","0.00","0.00","NO","0.00","Male","84.62","58.78","58.39","55.30","0.00","0.00","0.00","","","",""
"02/09/2026","17:02","Bath","Pierian","3.25","0.00","0.00","0.00","0.00","0.00","NO","","0.00","","1","Tom Marquand","William Haggas","61","298","33","87","73","63","64","C","61","66","64","42","61","103","6","02/09/2026 17:02","1m 3f 137y","Turf","D","4","2557","0","10468.00","British EBF Fillies' Handicap (GBBPlus Race) (Class D)","","","","0.00","138","2110","0","0","0","0.00","0.00","0.00","2","1","4","50.00","25.00","0.00","-0.22","64.80","C","3","25770.00","133","1m 3f 44y","2464","12.50","9.50","HPLH","21.00","1","3","9.12","D","2","0","Hcap-Fil","Left - Galloping","3yo+,90","9/2","4.50","3","","90","6","6","348","721","373","93","95","95","90","33","","b","f","Great Heavens","Palace Pier","","0","1.29","2","4","77.08","68.92","75.00","75.00","2","1","0.00","50.00","1.00","0.00","0.00","0.00","NO","0.00","Female","55.96","63.59","61.98","59.36","0.00","0.00","0.00","","","",""
"02/09/2026","16:50","Hamilton","Classyfied","11.00","0.00","0.00","0.00","0.00","0.00","NO","","0.00","","8","David Allan","Tim Easterby","","42","1","0","56","52","54","D","52","52","36","11","15","26","2","02/09/2026 16:50","5f 7y","Turf","D","4","1107","0","6210.00","Heineken Low & No Bar EBF Maiden Stakes (GBB Race) (Class D)","","","","0.00","128","54?","0","0","0","0.00","0.00","0.00","0","0","3","0.00","0.00","0.00","-3.00","0.00","D","4","5757.00","128","5f","1100","1.00","34.00","PH","9.00","1","2","9.2","","7","0","Mdn","Right - Undulating","2yo","12/1","12.00","2","2","","8","8","335","614","279","75","80","81","43","1","","b","f","Al Shoughor","Advertise","","0","0.89","0","3","25.71","12.22","33.33","33.33","3","3","0.00","0.00","1.00","0.00","0.00","0.00","NO","0.00","Female","46.80","43.77","46.95","46.83","0.00","0.00","0.00","","","",""
"02/09/2026","16:50","Hamilton","Perryston","0.00","0.00","0.00","0.00","0.00","0.00","NO","","0.00","","4","Kevin Stott","Kevin Ryan","33","126","44","0","33","33","33","E","33","","33","8","3","11","0","02/09/2026 16:50","5f 7y","Turf","D","4","1107","0","6210.00","Heineken Low & No Bar EBF Maiden Stakes (GBB Race) (Class D)","","","","0.00","133","0","0","0","0","0.00","0.00","0.00","0","0","1","0.00","0.00","0.00","-1.00","0.00","E","5","4320.00","133","5f","1100","13.16","9.50","H","0.00","7","2","9.7","","2","0","Mdn","Right - Undulating","2yo","16/1","16.00","2","2","","8","8","275","608","333","91","88","86","68","44","","ch","g","La Puntalina","Havana Grey","","0","1.09","0","1","10.00","1.00","0.00","0.00","-1","-1","0.00","0.00","1.00","0.00","0.00","0.00","NO","0.00","Male","45.72","46.48","44.00","43.11","0.00","0.00","0.00","","","10","0"
"02/09/2026","17:08","Navan","Murat","4.50","0.00","0.00","0.00","0.00","0.00","NO","","0.00","","2","Mr H C Swan","Peter Lawlor","61","114","12","84","82","61","61","E","61","72","61","9","61","70","8","02/09/2026 17:08","2m","Turf","D","4","3520","0","9000.00","Kilberry (Class D) (Q.R.) Handicap","","","","0.00","174","1/121-43712","0","0","0","0.00","0.00","0.00","4","2","9","44.44","22.22","100.00","14.00","96.00","E","5","9600.00","165","2m 180y","3700","2.46","2.50","P/LLL-LPHLL","10.00","3","7","12.6","D","1","0","Hcap","Left - Stiff / Undulating","4yo+,85","25/1","25.00","4","","85","17","17","295","596","301","61","63","83","94","12","150","b","g","Mary's The Boss","Eliot","","0","0.00","4","9","78.97","69.70","55.56","44.44","5","1","25.00","25.00","1.00","0.00","0.00","0.00","NO","0.00","Male","0.00","24.55","37.55","50.04","0.00","0.00","0.00","","","",""
"02/09/2026","17:08","Navan","Jurality","26.00","0.00","0.00","0.00","0.00","0.00","NO","","0.00","","5","Miss J Townend","Paul W Flynn","54","80","12","60","76","54","54","E","54","71","52","12","29","41","8","02/09/2026 17:08","2m","Turf","D","4","3520","0","9000.00","Kilberry (Class D) (Q.R.) Handicap","","","","0.00","150","0453212585","0","0","0","0.00","0.00","0.00","1","6","29","3.45","20.69","100.00","-25.00","60.00","E","5","7200.00","132","1m 6f 80y","3160","21.78","17.00","HHHPPPLPLP","10.00","1","5","10.10","C","14","0","Hcap","Left - Stiff / Undulating","4yo+,85","18/1","18.00","4","","85","17","17","175","473","298","79","63","94","62","12","137","ch","g","Notary","Masar","b","0","0.00","1","29","56.35","39.83","27.59","20.69","11","-1","0.00","0.00","1.00","0.00","0.00","0.00","NO","0.00","Male","23.34","34.84","38.43","40.77","0.00","0.00","0.00","","","",""
"02/09/2026","17:08","Navan","Miss Gitana","19.00","0.00","0.00","0.00","0.00","0.00","NO","","0.00","","1","Mr J R Martin","Joseph Murray","69","123","18","66","72","55","63","C","64","69","52","23","43","66","8","02/09/2026 17:08","2m","Turf","D","4","3520","7","9000.00","Kilberry (Class D) (Q.R.) Handicap","","","","0.00","156","688-0980932","0","0","0","0.00","0.00","0.00","3","7","32","9.38","21.88","90.00","-20.50","50.60","C","3","12000.00","114","2m","3520","8.36","6.50","PPH-HPPHHLL","10.00","14","5","11.2","D","11","0","Hcap","Left - Stiff / Undulating","4yo+,85","9/1","9.00","4","","85","17","17","267","535","268","67","93","98","10","18","54","b","m","Miss Celestial","Nathaniel","t","0","0.00","3","32","54.20","37.60","31.25","18.75","4","3","33.33","66.67","1.00","0.00","0.00","0.00","NO","0.00","Female","0.00","0.00","52.20","63.62","0.00","0.00","0.00","","","",""
"02/09/2026","17:08","Navan","Rich Belief","26.00","0.00","0.00","0.00","0.00","0.00","NO","","0.00","","3","Mr S Connor","Karl Thornton","65","93","7","63","75","61","62","E","62","73","58","16","19","35","4","02/09/2026 17:08","2m","Turf","D","4","3520","7","9000.00","Kilberry (Class D) (Q.R.) Handicap","","","","0.00","153","728-6013632","0","0","0","0.00","0.00","0.00","8","16","66","12.12","24.24","100.00","-19.92","62.18","E","5","7200.00","137","1m 4f","2640","120.00","51.00","HHH-HHPHHPP","5.00","13","9","10.13","C D","13","0","Hcap","Left - Stiff / Undulating","4yo+,85","13/1","13.00","4","","85","17","17","211","501","290","66","76","94","54","52","7","b","g","Realt Eile","Make Believe","t","0","0.00","8","66","59.72","43.67","42.42","28.79","30","1","37.50","37.50","1.00","0.00","0.00","0.00","NO","0.00","Male","91.67","91.67","67.62","53.81","0.00","0.00","0.00","","","",""
"02/09/2026","17:08","Navan","Black Heather","26.00","0.00","0.00","0.00","0.00","0.00","NO","","0.00","","7","Mr B M Coonan","Gavin Cromwell","46","71","35","75","63","48","49","E","50","62","40","5","11","16","2","02/09/2026 17:08","2m","Turf","D","4","3520","7","9000.00","Kilberry (Class D) (Q.R.) Handicap","","","","0.00","165","313635P-440","0","0","0","0.00","0.00","0.00","2","3","15","13.33","20.00","80.00","7.00","0.00","D","4","10800.00","136","2m 110y","3630","26.26","19.00","HLHPHPL-PHH","3.00","10","7","11.11","D","4","0","Hcap","Left - Stiff / Undulating","4yo+,85","50/1","50.00","4","","85","17","17","130","413","283","81","95","75","32","35","424","br","g","Grainne Delight","Lauro","","0","0.00","2","15","49.33","36.72","46.67","33.33","1","-1","50.00","50.00","1.00","0.00","0.00","0.00","NO","0.00","Male","44.83","45.70","52.39","50.71","0.00","0.00","0.00","","","",""
"02/09/2026","17:08","Navan","Timurshah","3.25","0.00","0.00","0.00","0.00","0.00","NO","","0.00","","13","Mr Derek O'Connor","Aidan Melia","74","39","31","73","74","54","64","E","71","71","53","0","48","48","10","02/09/2026 17:08","2m","Turf","D","4","3520","0","9000.00","Kilberry (Class D) (Q.R.) Handicap","","","","0.00","163","67/0060-1111","0","0","0","0.00","0.00","0.00","4","0","12","33.33","0.00","100.00","30.25","0.00","E","5","8099.00","134","1m 4f","2640","11.00","8.50","PP/HHPP-PLLP","13.00","12","5","11.9","","7","0","Hcap","Left - Stiff / Undulating","4yo+,85","","0.00","4","","85","17","17","242","542","300","77","62","94","67","709","31","b","g","Timiniya","Mastercraftsman","","0","0.00","4","12","55.54","43.58","75.00","50.00","2","3","25.00","25.00","1.00","0.00","0.00","0.00","NO","0.00","Male","0.00","0.00","0.00","69.16","0.00","0.00","0.00","","","",""
"02/09/2026","17:08","Navan","Young Churchill","29.00","0.00","0.00","0.00","0.00","0.00","NO","","0.00","","16","Mr A P Ryan","Richard John O'Brien","52","30","28","59","71","54","58","E","58","65","53","8","8","16","0","02/09/2026 17:08","2m","Turf","D","4","3520","5","9000.00","Kilberry (Class D) (Q.R.) Handicap","","","","0.00","149","14706-70370","0","0","0","0.00","0.00","0.00","1","4","19","5.26","21.05","100.00","-16.80","0.00","F","6","6000.00","135","1m 5f 56y","2916","15.98","12.00","PPHPH-HLHHH","0.00","11","5","10.9","D","16","0","Hcap","Left - Stiff / Undulating","4yo+,85","28/1","28.00","4","","85","17","17","80","303","223","50","67","94","12","28","277","b","g","Excelling Spirit","Churchill","","0","0.00","1","19","50.76","35.81","31.58","10.53","1","-1","100.00","100.00","1.00","0.00","0.00","0.00","NO","0.00","Male","0.00","25.00","34.29","44.11","0.00","0.00","0.00","","","",""
"02/09/2026","17:08","Navan","Jerandme","41.00","0.00","0.00","0.00","0.00","0.00","NO","","0.00","","11","Mr P Smullen","Edward P Harty","64","45","111","72","78","62","66","C","66","74","54","17","9","26","4","02/09/2026 17:08","2m","Turf","D","4","3520","7","9000.00","Kilberry (Class D) (Q.R.) Handicap","","","","0.00","162","244037230-6","0","0","0","0.00","0.00","0.00","8","13","36","22.22","36.11","86.67","-7.93","76.00","D","4","9000.00","136","2m","3520","11.00","8.00","PLPPPHLHP-P","5.00","9","12","11.8","D","8","0","Hcap","Left - Stiff / Undulating","4yo+,85","13/1","13.00","4","","85","17","17","228","521","293","53","88","94","58","257","111","b","g","Estrelle","Azamour","t","0","0.00","6","33","67.71","54.85","45.45","27.27","13","-1","50.00","66.67","1.00","0.00","0.00","0.00","NO","0.00","Male","44.44","42.93","44.06","46.30","0.00","0.00","0.00","","","",""
"02/09/2026","17:08","Navan","Liberated Light","23.00","0.00","0.00","0.00","0.00","0.00","NO","","0.00","","17","Mr J L Gleeson","John E Kiely","60","12","26","65","68","52","59","D","60","68","49","9","18","27","6","02/09/2026 17:08","2m","Turf","D","4","3520","0","9000.00","Kilberry (Class D) (Q.R.) Handicap","","","","0.00","155","0000-720154","0","0","0","0.00","0.00","0.00","3","5","35","8.57","14.29","100.00","-9.50","69.00","E","5","7200.00","151","1m 4f 100y","2740","10.50","8.50","HHHH-PLHLPH","8.00","5","7","11.1","D","12","0","Hcap","Left - Stiff / Undulating","4yo+,85","25/1","25.00","4","","85","17","17","160","439","279","59","72","95","53","26","95","b","g","Hikari","Muhaarar","t","0","0.00","3","35","53.60","37.06","22.86","11.43","1","3","33.33","33.33","1.00","0.00","0.00","0.00","NO","0.00","Male","0.00","0.00","38.07","51.78","0.00","0.00","0.00","","","",""
"02/09/2026","17:08","Navan","Not Just Any Eagle","9.00","0.00","0.00","0.00","0.00","0.00","NO","","0.00","","4","Mr D Doyle","Patrick J Flynn","66","90","27","75","74","60","60","D","59","72","58","25","36","61","6","02/09/2026 17:08","2m","Turf","D","4","3520","7","9000.00","Kilberry (Class D) (Q.R.) Handicap","","","","0.00","165","93279-07032","0","0","0","0.00","0.00","0.00","5","12","40","12.50","30.00","0.00","13.00","93.00","D","4","12000.00","163","1m 7f","3300","3.75","3.50","PPHPP-PHLPH","8.00","4","7","11.11","","5","0","Hcap","Left - Stiff / Undulating","4yo+,85","17/2","8.50","4","","85","17","17","268","491","223","51","71","94","7","27","","b","g","Not Just Any Girl","Free Eagle","","0","0.00","5","40","64.07","48.98","40.00","20.00","8","1","60.00","60.00","1.00","0.00","0.00","0.00","NO","0.00","Male","0.00","43.52","43.76","32.37","0.00","0.00","0.00","","","",""
"02/09/2026","17:08","Navan","Day Trader","7.00","0.00","0.00","0.00","0.00","0.00","NO","","0.00","","7","Mr Finian Maguire","A J Martin","65","71","34","71","75","49","63","B","65","65","52","14","21","35","2","02/09/2026 17:08","2m","Turf","D","4","3520","0","9000.00","Kilberry (Class D) (Q.R.) Handicap","","","","0.00","161","010060-0002","0","0","0","0.00","0.00","0.00","1","2","11","9.09","18.18","100.00","-6.50","0.00","E","5","10200.00","138","1m 4f","2640","28.52","13.00","HHHHHH-HHHP","3.00","15","5","11.7","D","10","0","Hcap","Left - Stiff / Undulating","4yo+,85","16/1","16.00","4","","85","17","17","176","450","274","59","84","75","56","34","124","b","g","My Year Is A Day","Expert Eye","","0","0.00","1","11","48.02","33.15","27.27","18.18","5","1","100.00","100.00","1.00","0.00","0.00","0.00","NO","0.00","Male","93.89","77.70","69.89","55.80","0.00","0.00","0.00","","","",""
"02/09/2026","17:08","Navan","Sequoiaspirit","13.00","0.00","0.00","0.00","0.00","0.00","NO","","0.00","","9","Mr L Hackett","Ray Hackett","77","58","32","72","80","59","50","E","40","78","56","14","37","51","8","02/09/2026 17:08","2m","Turf","D","4","3520","7","9000.00","Kilberry (Class D) (Q.R.) Handicap","","","","0.00","162","42356-8P310","0","0","0","0.00","0.00","0.00","7","13","56","12.50","23.21","96.67","24.00","67.80","D","4","9000.00","157","2m 182y","3702","12.50","9.50","HPPHH-HLLLH","10.00","16","9","11.8","","9","0","Hcap","Left - Stiff / Undulating","4yo+,85","16/1","16.00","4","","85","17","17","211","419","208","56","74","73","5","113","32","b","g","Handicraft","Mainsail","t","0","0.00","7","56","64.28","49.44","37.50","25.00","16","3","57.14","57.14","1.00","0.00","0.00","0.00","NO","0.00","Male","16.67","49.24","38.01","36.07","0.00","0.00","0.00","","","",""
"02/09/2026","17:08","Navan","Whimsy","13.00","0.00","0.00","0.00","0.00","0.00","NO","","0.00","","12","Miss Aine O'Connor","Anthony McCann","70","40","124","77","82","64","68","C","70","79","61","22","28","50","4","02/09/2026 17:08","2m","Turf","D","4","3520","0","9000.00","Kilberry (Class D) (Q.R.) Handicap","","","","0.00","167","22346-3F328","0","0","0","0.00","0.00","0.00","4","20","44","9.09","45.45","95.00","-31.25","46.18","D","4","15702.00","123","1m 7f 217y","3517","6.50","6.50","HPPHH-HHPPH","5.00","17","7","11.13","D  BF","3","0","Hcap","Left - Stiff / Undulating","4yo+,85","9/1","9.00","4","","85","17","17","234","443","209","45","63","82","19","129","124","ch","m","Cape Victoria","Charming Thought","","0","0.00","4","44","67.35","53.31","43.18","25.00","6","-1","25.00","100.00","1.00","0.00","0.00","0.00","NO","0.00","Female","23.21","26.56","41.82","42.62","0.00","0.00","0.00","","","",""
"02/09/2026","17:08","Navan","The Mediator","34.00","0.00","0.00","0.00","0.00","0.00","NO","","0.00","","6","Ms Claire E O'Ryan","Gordon Elliott","56","76","55","78","68","60","49","E","47","68","57","13","13","26","2","02/09/2026 17:08","2m","Turf","D","4","3520","7","9000.00","Kilberry (Class D) (Q.R.) Handicap","","","","0.00","168","0/098133-345","0","0","0","0.00","0.00","0.00","3","12","30","10.00","40.00","100.00","-18.44","72.00","E","5","9600.00","159","1m 7f","3300","24.00","17.00","H/HHPHHH-HPH","3.00","6","9","12.0","D","2","0","Hcap","Left - Stiff / Undulating","4yo+,85","16/1","16.00","4","","85","17","17","159","332","173","75","71","70","-43","55","407","br","g","All About Love","Maxios","","0","0.00","3","30","68.82","55.84","23.33","10.00","8","3","33.33","66.67","1.00","0.00","0.00","0.00","NO","0.00","Male","52.44","48.67","48.05","49.70","0.00","0.00","0.00","","","",""
"02/09/2026","14:45","Newcastle","Joud","23.00","0.00","0.00","0.00","0.00","0.00","NO","","0.00","","3","C Horgan","Ed Bethell","37","137","91","0","39","38","38","E","38","37","38","8","16","24","2","02/09/2026 14:45","6f 1y","A/W","D","4","1321","5","5400.00","Sunday Lunch At The Border Minstrel EBF Novice Stakes (GBB Race) (Class D)","","","","0.00","125","3-4","0","0","0","0.00","0.00","0.00","0","0","2","0.00","0.00","0.00","-2.00","0.00","C","3","6281.00","128","1m 2f 190y","2390","17.96","12.00","H-P","7.00","8","3","8.13","","8","0","Nov","Left - Galloping","3yo+","9/1","9.00","3","","","11","11","284","582","298","95","74","78","51","91","","b","f","Sayyedati Storm","St Mark's Basilica","","0","1.11","0","2","16.67","5.56","0.00","0.00","0","0","0.00","0.00","1.00","0.00","0.00","0.00","NO","0.00","Female","77.42","57.40","65.00","65.62","0.00","0.00","0.00","","","4","0"
"02/09/2026","14:45","Newcastle","Ennoble","7.50","0.00","0.00","0.00","0.00","0.00","NO","","0.00","","5","Harry Russell","Antony Brittain","54","68","61","71","60","55","55","E","52","56","46","0","3","3","2","02/09/2026 14:45","6f 1y","A/W","D","4","1321","0","5400.00","Sunday Lunch At The Border Minstrel EBF Novice Stakes (GBB Race) (Class D)","","","","0.00","130","5736-U5","0","0","0","0.00","0.00","0.00","0","0","6","0.00","0.00","0.00","-6.00","0.00","E","5","7200.00","134","5f 3y","1103","7.20","5.00","PLHP- H","7.00","2","3","9.4","","5","0","Nov","Left - Galloping","3yo+","","0.00","3","","","11","11","292","634","342","71","78","99","94","61","","ch","c","Mironica","Starspangledbanner","","0","1.01","0","6","36.03","17.76","16.67","0.00","-6","-3","0.00","0.00","1.00","0.00","0.00","0.00","NO","0.00","Male","64.59","64.91","53.16","52.34","0.00","0.00","0.00","","","",""
"02/09/2026","14:30","Bath","My Boy Jack","9.00","0.00","0.00","0.00","0.00","0.00","NO","","0.00","","5","Olivia Haines","K Frost","67","115","10","46","73","57","62","B","62","67","56","24","29","53","2","02/09/2026 14:30","5f 160y","Turf","F","6","1260","7","3454.00","Welsh Power 20th Anniversary Handicap (Div 1) (Class F)","","","","0.00","126","5-774503440","0","0","0","0.00","0.00","0.00","3","31","88","3.41","35.23","0.00","-67.50","41.35","B","2","20616.00","107","5f 215y","1315","49.46","29.00","H-HHHHHHPHH","7.00","3","7","9.0","D","9","0","Hcap","Left - Galloping","3yo+,55","15/2","7.50","3","","55","9","9","299","559","260","79","81","70","30","10","","ch","g","Great Court","No Nay Never","v","0","1.17","3","88","54.46","38.30","25.00","14.77","8","3","0.00","33.33","1.00","0.00","0.00","0.00","NO","0.00","Male","48.36","39.85","42.81","53.15","0.00","0.00","0.00","","","",""
"02/09/2026","14:45","Newcastle","Yordan","1.53","0.00","0.00","0.00","0.00","0.00","NO","","0.00","","1","Harry Vigors","Kevin Ryan","60","447","17","0","67","63","63","D","63","60","63","37","68","105","4","02/09/2026 14:45","6f 1y","A/W","D","4","1321","5","5400.00","Sunday Lunch At The Border Minstrel EBF Novice Stakes (GBB Race) (Class D)","","","","0.00","137","21","0","0","0","0.00","0.00","0.00","1","0","2","50.00","0.00","0.00","0.20","54.00","D","4","5400.00","133","6f 16y","1336","2.34","2.20","PP","13.00","5","3","9.11","D","1","0","Nov","Left - Galloping","3yo+","11/10","1.10","3","","","11","11","364","733","369","87","97","85","100","17","","b","g","Shamardyh","Starman","","0","0.81","1","2","83.33","72.22","100.00","100.00","2","2","0.00","0.00","1.00","0.00","0.00","0.00","NO","0.00","Male","45.72","46.48","44.00","43.11","0.00","0.00","0.00","","","",""
"02/09/2026","14:45","Newcastle","Mystic Wave","126.00","0.00","0.00","0.00","0.00","0.00","NO","","0.00","","11","Aiden Brookes","David Thompson","36","14","13","0","36","18","18","D","18","0","18","9","8","17","2","02/09/2026 14:45","6f 1y","A/W","D","4","1321","0","5400.00","Sunday Lunch At The Border Minstrel EBF Novice Stakes (GBB Race) (Class D)","","","","0.00","127","78","0","0","0","0.00","0.00","0.00","0","0","2","0.00","0.00","0.00","-2.00","0.00","D","4","5400.00","126","7f 14y","1554","1000.00","251.00","HP","7.00","7","4","9.1","","7","0","Nov","Left - Galloping","3yo+","15/2","7.50","3","","","11","11","297","564","267","71","65","77","54","13","","b","f","Sea My Angel","Intrinsic","","0","1.17","0","2","6.25","0.78","0.00","0.00","2","2","0.00","0.00","1.00","0.00","0.00","0.00","NO","0.00","Female","61.07","58.90","54.58","55.32","0.00","0.00","0.00","","","",""
"02/09/2026","14:45","Newcastle","Brash","5.50","0.00","0.00","0.00","0.00","0.00","NO","","0.00","","2","Miss Joanna Mason","David Barron","46","145","32","64","61","52","51","F","48","55","52","0","17","17","8","02/09/2026 14:45","6f 1y","A/W","D","4","1321","0","5400.00","Sunday Lunch At The Border Minstrel EBF Novice Stakes (GBB Race) (Class D)","","","","0.00","130","773242","0","0","0","0.00","0.00","0.00","0","2","6","0.00","33.33","0.00","-6.00","0.00","D","4","5400.00","133","6f 2y","1322","4.26","3.75","HPPPLP","27.00","4","3","9.4","","4","0","Nov","Left - Galloping","3yo+","","0.00","3","","","11","11","317","648","331","84","80","73","94","32","","ch","g","By The Edge","Bungle Inthejungle","","0","0.95","0","6","53.99","34.23","16.67","0.00","2","3","0.00","0.00","1.00","0.00","0.00","0.00","NO","0.00","Male","4.76","28.80","32.82","38.98","0.00","0.00","0.00","","","",""
"02/09/2026","14:30","Bath","Starsong","5.50","0.00","0.00","0.00","0.00","0.00","NO","","0.00","","2","Alistair Rawlinson","Michael Appleby","47","185","17","51","68","59","58","F","64","66","57","33","34","67","4","02/09/2026 14:30","5f 160y","Turf","F","6","1260","0","3454.00","Welsh Power 20th Anniversary Handicap (Div 1) (Class F)","","","","0.00","131","9-294355520","0","0","0","0.00","0.00","0.00","7","14","64","10.94","21.88","0.00","5.95","41.38","F","6","4711.00","120","6f 16y","1336","70.00","34.00","P-HPPLPLPHP","14.00","5","7","9.5","D","4","0","Hcap","Left - Galloping","3yo+,55","5/1","5.00","3","","55","9","9","336","607","271","87","78","86","20","17","","b","m","Meetyouatthemoon","Starspangledbanner","p","0","0.71","7","64","53.11","38.53","23.44","15.63","-2","1","42.86","42.86","1.00","0.00","0.00","0.00","NO","0.00","Female","36.39","37.64","43.69","39.18","0.00","0.00","0.00","","","",""
"02/09/2026","14:30","Bath","Ten Club","12.00","0.00","0.00","0.00","0.00","0.00","NO","","0.00","","1","Finley Marsh","Adrian Wintle","0","202","48","55","65","55","53","F","54","64","52","20","8","28","2","02/09/2026 14:30","5f 160y","Turf","F","6","1260","0","3454.00","Welsh Power 20th Anniversary Handicap (Div 1) (Class F)","","","","0.00","135","5921000-75F","0","0","0","0.00","0.00","0.00","4","1","29","13.79","3.45","0.00","27.00","36.18","F","6","3454.00","135","7f 16y","1556","54.42","29.00","HPHHHHH-HPH","7.00","4","5","9.9","D","2","0","Hcap","Left - Galloping","3yo+,55","9/1","9.00","3","","55","9","9","279","627","348","92","92","87","77","48","","b","g","Snow Scene","Dandy Man","h","0","0.94","4","29","40.85","27.00","27.59","17.24","1","1","25.00","25.00","1.00","0.00","0.00","0.00","NO","0.00","Male","51.94","44.06","46.22","49.52","0.00","0.00","0.00","","","",""
"02/09/2026","14:30","Bath","It's A Mugs Game","21.00","0.00","0.00","0.00","0.00","0.00","NO","","0.00","","7","Taylor Fisher","J Tickle","46","82","2","52","55","44","46","E","46","46","45","6","10","16","4","02/09/2026 14:30","5f 160y","Turf","F","6","1260","0","3454.00","Welsh Power 20th Anniversary Handicap (Div 1) (Class F)","","","","0.00","130","0-468","0","0","0","0.00","0.00","0.00","0","0","4","0.00","0.00","0.00","-4.00","0.00","F","6","3768.00","129","7f 16y","1556","75.24","51.00","H-PPP","14.00","1","3","9.4","","5","0","Hcap","Left - Galloping","3yo+,55","33/1","33.00","3","","55","9","9","244","560","316","85","82","87","62","2","","b","g","Lucky To Be Heer","Mattmu","","0","1.11","0","4","24.17","7.19","50.00","50.00","2","3","0.00","0.00","1.00","0.00","0.00","0.00","NO","0.00","Male","21.88","23.52","45.19","50.35","0.00","0.00","0.00","","","",""
"02/09/2026","14:30","Bath","Ken Brulee","3.00","0.00","0.00","0.00","0.00","0.00","NO","","0.00","","6","Rob Hornby","Mark Usher","63","98","24","54","63","51","59","F","62","62","51","27","30","57","6","02/09/2026 14:30","5f 160y","Turf","F","6","1260","0","3454.00","Welsh Power 20th Anniversary Handicap (Div 1) (Class F)","","","","0.00","132","565-0174361","0","0","0","0.00","0.00","0.00","2","0","12","16.67","0.00","0.00","28.50","35.06","F","6","3768.00","125","6f 16y","1336","7.80","6.50","PHH-HLPPPHL","21.00","8","3","9.6","D","3","0","Hcap","Left - Galloping","3yo+,55","13/2","6.50","3","","55","9","9","322","630","308","65","78","79","86","24","","b","g","Kindly","Ubettabelieveit","p","0","1.08","2","12","32.71","22.85","33.33","16.67","4","3","0.00","0.00","1.00","0.00","0.00","0.00","NO","0.00","Male","63.10","50.85","52.51","47.69","0.00","0.00","0.00","","","",""
"02/09/2026","14:30","Bath","Anglesey Lad","9.50","0.00","0.00","0.00","0.00","0.00","NO","","0.00","","9","Kieran O'Neill","Scott Dixon","37","34","112","46","66","54","46","F","47","62","51","14","3","17","4","02/09/2026 14:30","5f 160y","Turf","F","6","1260","0","3454.00","Welsh Power 20th Anniversary Handicap (Div 1) (Class F)","","","","0.00","126","56933427-54","0","0","0","0.00","0.00","0.00","0","7","21","0.00","33.33","0.00","-21.00","0.00","F","6","4711.00","121","5f 10y","1110","6.40","5.50","PPPHPPPP-HP","14.00","9","5","9.0","","7","0","Hcap","Left - Galloping","3yo+,55","14/1","14.00","3","","55","9","9","226","485","259","68","73","74","44","112","","b","g","Sign From Heaven","Kodi Bear","","0","1.10","0","21","53.96","37.03","19.05","9.52","-1","-1","0.00","0.00","1.00","0.00","0.00","0.00","NO","0.00","Male","16.84","27.59","35.75","42.54","0.00","0.00","0.00","","","4","0"
"02/09/2026","14:30","Bath","Port Hedland","9.00","0.00","0.00","0.00","0.00","0.00","NO","","0.00","","3","Kieren Fox","Tony Carroll","69","142","10","48","69","56","53","B","47","67","55","37","39","76","2","02/09/2026 14:30","5f 160y","Turf","F","6","1260","0","3454.00","Welsh Power 20th Anniversary Handicap (Div 1) (Class F)","","","","0.00","128","7579618588","0","0","0","0.00","0.00","0.00","2","3","33","6.06","9.09","0.00","-25.00","34.54","B","2","20616.00","109","5f 215y","1315","170.00","51.00","HPHPPPHHPH","7.00","6","5","9.2","CD","6","0","Hcap","Left - Galloping","3yo+,55","9/2","4.50","3","","55","9","9","311","628","317","92","69","85","71","10","","b","g","In Secret","Cable Bay","","0","1.00","2","33","40.02","23.32","12.12","12.12","-1","1","50.00","50.00","1.00","0.00","0.00","0.00","NO","0.00","Male","31.31","36.44","41.46","42.84","0.00","0.00","0.00","","","",""
"02/09/2026","14:30","Bath","The Feminine Urge","5.50","0.00","0.00","0.00","0.00","0.00","NO","","0.00","","4","Ashley Lewis","G Harris","53","135","20","55","68","53","51","E","53","66","52","30","20","50","2","02/09/2026 14:30","5f 160y","Turf","F","6","1260","3","3454.00","Welsh Power 20th Anniversary Handicap (Div 1) (Class F)","","","","0.00","135","3576073265","0","0","0","0.00","0.00","0.00","3","5","26","11.54","19.23","0.00","-8.67","41.53","F","6","3768.00","131","6f 12y","1332","44.00","26.00","HPPHHHHHPH","7.00","7","4","9.9","D","1","0","Hcap","Left - Galloping","3yo+,55","6/1","6.00","3","","55","9","9","308","575","267","80","90","83","14","20","","gr","f","Invincible Charm","Mehmas","","0","1.28","3","26","44.33","31.15","26.92","19.23","8","1","33.33","33.33","1.00","0.00","0.00","0.00","NO","0.00","Female","45.91","43.19","48.05","49.15","0.00","0.00","0.00","","","",""
"02/09/2026","14:45","Newcastle","Midnight Serenade","126.00","0.00","0.00","0.00","0.00","0.00","NO","","0.00","","8","Tom Kiely-Marshall","Robert Smith","40","34","22","0","40","37","37","D","37","35","37","0","3","3","2","02/09/2026 14:45","6f 1y","A/W","D","4","1321","5","5400.00","Sunday Lunch At The Border Minstrel EBF Novice Stakes (GBB Race) (Class D)","","","","0.00","125","58","0","0","0","0.00","0.00","0.00","0","0","2","0.00","0.00","0.00","-2.00","0.00","D","4","6210.00","128","1m 68y","1828","1000.00","301.00","HP","7.00","11","3","8.13","","9","0","Nov","Left - Galloping","3yo+","","0.00","3","","","11","11","277","601","324","67","78","85","94","22","","b","f","Midnight Bahia","Twilight Son","","0","1.41","0","2","0.00","0.00","0.00","0.00","2","2","0.00","0.00","1.00","0.00","0.00","0.00","NO","0.00","Female","63.89","55.43","42.85","44.19","0.00","0.00","0.00","","","",""
"02/09/2026","15:00","Bath","Geemann","4.50","0.00","0.00","0.00","0.00","0.00","NO","","0.00","","1","Taylor Fisher","J Tickle","61","214","2","53","61","49","60","D","61","61","50","30","23","53","6","02/09/2026 15:00","5f 160y","Turf","F","6","1260","0","3454.00","Welsh Power 20th Anniversary Handicap (Div 2) (Class F)","","","","0.00","131","9860-05334","0","0","0","0.00","0.00","0.00","0","2","9","0.00","22.22","0.00","-9.00","0.00","D","4","5400.00","129","6f 16y","1336","5.10","4.33","HPPH-PPPPP","25.00","2","3","9.5","","3","0","Hcap","Left - Galloping","3yo+,55","11/2","5.50","3","","55","9","9","334","576","242","84","83","85","-10","2","","gr","g","Pixie K","Advertise","","0","1.14","0","9","28.88","17.30","33.33","22.22","3","1","0.00","0.00","1.00","0.00","0.00","0.00","NO","0.00","Male","21.88","23.52","45.19","50.35","0.00","0.00","0.00","","","",""
"02/09/2026","15:00","Bath","Rogue Rebellion","6.00","0.00","0.00","0.00","0.00","0.00","NO","","0.00","","6","Luke Morris","Ronald Harris","58","107","24","46","63","54","57","F","58","59","50","24","17","41","4","02/09/2026 15:00","5f 160y","Turf","F","6","1260","0","3454.00","Welsh Power 20th Anniversary Handicap (Div 2) (Class F)","","","","0.00","124","2629934345","0","0","0","0.00","0.00","0.00","1","3","15","6.67","20.00","0.00","-8.50","31.40","F","6","3768.00","128","6f 16y","1336","6.12","5.50","PPPPHPHHPP","17.00","5","3","8.12","","9","0","Hcap","Left - Galloping","3yo+,55","7/1","7.00","3","","55","9","9","291","559","268","71","78","79","40","24","","b","c","Powerful Dream","Ardad","WS","0","0.71","1","15","48.88","32.34","13.33","6.67","3","1","100.00","100.00","1.00","0.00","0.00","0.00","NO","0.00","Male","60.00","60.00","32.53","56.42","0.00","0.00","0.00","","","",""
"02/09/2026","15:00","Bath","I Was Thinking","9.50","0.00","0.00","0.00","0.00","0.00","NO","","0.00","","3","Finley Marsh","Adrian Wintle","54","160","33","46","55","51","53","F","54","55","48","32","8","40","0","02/09/2026 15:00","5f 160y","Turf","F","6","1260","0","3454.00","Welsh Power 20th Anniversary Handicap (Div 2) (Class F)","","","","0.00","126","96750-639","0","0","0","0.00","0.00","0.00","0","1","8","0.00","12.50","0.00","-8.00","0.00","F","6","3454.00","135","5f 160y","1260","12.72","9.00","HHHHP-HHH","0.00","1","5","9.0","","7","0","Hcap","Left - Galloping","3yo+,55","5/1","5.00","3","","55","9","9","268","609","341","90","91","88","72","33","","b","g","Goldenzye","Make Believe","","0","1.11","0","8","27.41","15.41","12.50","12.50","2","1","0.00","0.00","1.00","0.00","0.00","0.00","NO","0.00","Male","51.94","44.06","46.22","49.52","0.00","0.00","0.00","","","",""
"02/09/2026","15:00","Bath","Daley T","17.00","0.00","0.00","0.00","0.00","0.00","NO","","0.00","","7","William Carson","Tony Carroll","61","100","10","46","61","52","53","B","55","60","50","19","20","39","4","02/09/2026 15:00","5f 160y","Turf","F","6","1260","0","3454.00","Welsh Power 20th Anniversary Handicap (Div 2) (Class F)","","","","0.00","126","5365837480","0","0","0","0.00","0.00","0.00","0","5","28","0.00","17.86","0.00","-28.00","0.00","B","2","20616.00","109","5f 215y","1315","240.82","81.00","HPHHHPHPPH","17.00","3","6","9.0","","8","0","Hcap","Left - Galloping","3yo+,55","9/1","9.00","3","","55","9","9","288","562","274","94","70","85","25","10","","ch","g","Elizabeth Swann","Dragon Pulse","p","0","1.17","0","28","35.90","20.32","28.57","21.43","6","3","0.00","0.00","1.00","0.00","0.00","0.00","NO","0.00","Male","31.31","36.44","41.46","42.84","0.00","0.00","0.00","","","",""
"02/09/2026","15:00","Bath","Honour Your Dreams","4.50","0.00","0.00","0.00","0.00","0.00","NO","","0.00","","4","Kieren Fox","Michael Attwater","61","136","36","53","73","58","55","F","56","68","56","26","18","44","6","02/09/2026 15:00","5f 160y","Turf","F","6","1260","0","3454.00","Welsh Power 20th Anniversary Handicap (Div 2) (Class F)","","","","0.00","133","6382442945","0","0","0","0.00","0.00","0.00","6","19","68","8.82","27.94","0.00","-41.38","48.68","F","6","3454.00","135","6f","1320","13.50","11.00","PLHPPHPHPL","25.00","9","6","9.7","C D","2","0","Hcap","Left - Galloping","3yo+,55","13/2","6.50","3","","55","9","9","313","607","294","85","69","76","64","36","","b","g","Golconde","Dream Ahead","tWS","0","1.10","6","68","53.00","38.56","42.65","23.53","22","1","0.00","33.33","1.00","0.00","0.00","0.00","NO","0.00","Male","31.41","32.96","31.87","38.87","0.00","0.00","0.00","","","",""
"02/09/2026","15:00","Bath","Cici's Secret","29.00","0.00","0.00","0.00","0.00","0.00","NO","","0.00","","8","Edward Greatrex","Charlie Pike","45","43","24","50","52","45","39","D","45","50","41","7","3","10","2","02/09/2026 15:00","5f 160y","Turf","F","6","1260","0","3454.00","Welsh Power 20th Anniversary Handicap (Div 2) (Class F)","","","","0.00","128","596-08","0","0","0","0.00","0.00","0.00","0","0","5","0.00","0.00","0.00","-5.00","0.00","F","6","3768.00","134","6f 16y","1336","32.00","23.00","HHH-PH","8.00","6","3","9.2","","5","0","Hcap","Left - Galloping","3yo+,55","25/1","25.00","3","","55","9","9","241","516","275","65","90","72","48","24","","ch","f","Secret Insider","A'Ali","h","0","1.00","0","5","20.89","11.15","20.00","0.00","1","1","0.00","0.00","1.00","0.00","0.00","0.00","NO","0.00","Female","47.14","53.67","43.68","36.75","0.00","0.00","0.00","","","",""
"02/09/2026","15:00","Bath","Up The Anti","9.00","0.00","0.00","0.00","0.00","0.00","NO","","0.00","","2","Jack Doughty","Tony Carroll","0","190","106","55","66","54","55","E","55","65","49","21","29","50","0","02/09/2026 15:00","5f 160y","Turf","F","6","1260","0","3454.00","Welsh Power 20th Anniversary Handicap (Div 2) (Class F)","","","","0.00","135","8101-74648P","0","0","0","0.00","0.00","0.00","3","2","23","13.04","8.70","0.00","37.75","34.19","F","6","3454.00","135","7f 135y","1675","11.96","8.50","PPPH-HHHHHH","0.00","7","4","9.9","CD","1","0","Hcap","Left - Galloping","3yo+,55","8/1","8.00","3","","55","9","9","304","651","347","94","95","97","61","106","","b","f","Katiywa","Holy Roman Emperor","","0","1.28","3","23","46.15","32.72","43.48","30.43","3","1","33.33","33.33","1.00","0.00","0.00","0.00","NO","0.00","Female","31.31","36.44","41.46","42.84","0.00","0.00","0.00","","","",""
"02/09/2026","14:45","Newcastle","Alpha Platoon","17.00","0.00","0.00","0.00","0.00","0.00","NO","","0.00","","9","Cam Hardie","Philip Kirby","50","24","75","0","50","48","48","E","48","46","48","0","3","3","2","02/09/2026 14:45","6f 1y","A/W","D","4","1321","0","5400.00","Sunday Lunch At The Border Minstrel EBF Novice Stakes (GBB Race) (Class D)","","","","0.00","130","74","0","0","0","0.00","0.00","0.00","0","0","2","0.00","0.00","0.00","-2.00","0.00","E","5","4320.00","133","6f","1320","73.46","51.00","HP","7.00","6","3","9.4","","3","0","Nov","Left - Galloping","3yo+","","0.00","3","","","11","11","285","594","309","74","59","82","94","75","","b","g","Burmese Waltz","Dandy Man","","0","1.11","0","2","35.71","17.35","0.00","0.00","2","2","0.00","0.00","1.00","0.00","0.00","0.00","NO","0.00","Male","41.24","51.53","47.91","42.58","0.00","0.00","0.00","","","4","0"
"02/09/2026","14:45","Newcastle","Navertity","21.00","0.00","0.00","0.00","0.00","0.00","NO","","0.00","","4","Jason Hart","Stephen Michael Hanlon","41","79","13","0","52","46","46","E","46","41","46","11","15","26","4","02/09/2026 14:45","6f 1y","A/W","D","4","1321","0","5400.00","Sunday Lunch At The Border Minstrel EBF Novice Stakes (GBB Race) (Class D)","","","","0.00","125","47","0","0","0","0.00","0.00","0.00","0","0","2","0.00","0.00","0.00","-2.00","0.00","D","4","5400.00","125","7f 14y","1554","16.00","9.00","PP","13.00","10","3","8.13","","11","0","Nov","Left - Galloping","3yo+","6/1","6.00","3","","","11","11","323","539","216","80","85","64","-13","13","","b","f","Barkaa","Lope De Vega","","0","1.18","0","2","45.83","25.35","0.00","0.00","-2","-2","0.00","0.00","1.00","0.00","0.00","0.00","NO","0.00","Female","0.00","22.50","29.85","39.28","0.00","0.00","0.00","","","",""
"02/09/2026","14:45","Newcastle","Rake Lane","15.00","0.00","0.00","0.00","0.00","0.00","NO","","0.00","","6","Jack Garritty","Mark Walford","50","62","41","0","57","51","52","D","51","51","52","13","18","31","2","02/09/2026 14:45","6f 1y","A/W","D","4","1321","0","5400.00","Sunday Lunch At The Border Minstrel EBF Novice Stakes (GBB Race) (Class D)","","","","0.00","132","755","0","0","0","0.00","0.00","0.00","0","0","3","0.00","0.00","0.00","-3.00","0.00","D","4","5400.00","140","7f 15y","1555","120.00","41.00","PHH","7.00","9","4","9.6","","2","0","Nov","Left - Galloping","3yo+","5/1","5.00","3","","","11","11","324","572","248","71","79","88","10","41","","gr","g","I'm Impressed","Bated Breath","","0","1.05","0","3","42.22","21.48","33.33","0.00","3","3","0.00","0.00","1.00","0.00","0.00","0.00","NO","0.00","Male","40.93","44.53","45.18","48.98","0.00","0.00","0.00","","","5","0"
"02/09/2026","15:00","Bath","Ten Cuidado","26.00","0.00","0.00","0.00","0.00","0.00","NO","","0.00","","9","Rob Hornby","Mark Usher","56","20","15","52","56","46","49","F","50","50","42","0","3","3","2","02/09/2026 15:00","5f 160y","Turf","F","6","1260","0","3454.00","Welsh Power 20th Anniversary Handicap (Div 2) (Class F)","","","","0.00","130","0470-06","0","0","0","0.00","0.00","0.00","0","0","6","0.00","0.00","0.00","-6.00","0.00","F","6","3768.00","131","1m 1y","1761","88.94","81.00","PHPH-PH","8.00","4","3","9.4","","4","0","Hcap","Left - Galloping","3yo+,55","","0.00","3","","55","9","9","250","556","306","64","78","79","85","15","","b","g","Best Be Careful","Nando Parrado","p1","0","0.94","0","6","18.63","7.60","33.33","0.00","2","1","0.00","0.00","1.00","0.00","0.00","0.00","NO","0.00","Male","63.10","50.85","52.51","47.69","0.00","0.00","0.00","","","",""
"02/09/2026","14:45","Newcastle","Miss Tino","101.00","0.00","0.00","0.00","0.00","0.00","NO","","0.00","","7","Barry McHugh","David Thompson","45","36","16","0","45","45","45","D","45","","45","0","3","3","0","02/09/2026 14:45","6f 1y","A/W","D","4","1321","0","5400.00","Sunday Lunch At The Border Minstrel EBF Novice Stakes (GBB Race) (Class D)","","","","0.00","125","5","0","0","0","0.00","0.00","0.00","0","0","1","0.00","0.00","0.00","-1.00","0.00","D","4","5400.00","128","5f","1100","140.00","81.00","H","0.00","3","3","8.13","","10","0","Nov","Left - Galloping","3yo+","","0.00","3","","","11","11","276","593","317","71","78","74","94","16","","b","f","Misu Billy","Buratino","","0","0.75","0","1","20.00","4.00","0.00","0.00","1","1","0.00","0.00","1.00","0.00","0.00","0.00","NO","0.00","Female","61.07","58.90","54.58","55.32","0.00","0.00","0.00","","","",""
"02/09/2026","14:45","Newcastle","Triple P","15.00","0.00","0.00","0.00","0.00","0.00","NO","","0.00","","10","Duran Fentiman","Tim Easterby","39","20","45","0","39","39","39","E","39","","39","0","3","3","2","02/09/2026 14:45","6f 1y","A/W","D","4","1321","0","5400.00","Sunday Lunch At The Border Minstrel EBF Novice Stakes (GBB Race) (Class D)","","","","0.00","130","4","0","0","0","0.00","0.00","0.00","0","0","1","0.00","0.00","0.00","-1.00","0.00","E","5","4320.00","131","7f","1540","45.61","34.00","P","7.00","1","3","9.4","","6","0","Nov","Left - Galloping","3yo+","","0.00","3","","","11","11","278","570","292","65","59","74","94","45","","ch","g","Mookhlesa","Mattmu","","0","0.97","0","1","40.00","16.00","100.00","0.00","1","1","0.00","0.00","1.00","0.00","0.00","0.00","NO","0.00","Male","46.80","43.77","46.95","46.83","0.00","0.00","0.00","","","4","0"
"02/09/2026","14:00","Bath","Tree Wizard","11.00","0.00","0.00","0.00","0.00","0.00","NO","","0.00","","3","Abdulla Al-Hajri","H Kobeissi","50","205","10","67","58","53","55","B","57","57","52","32","32","64","12","02/09/2026 14:00","5f 160y","Turf","E","5","1260","5","4320.00","Bath Country Race Day, What A Way To Make Weekend! EBF Restricted Maiden Stakes (GBB Race) (Class E)","","","","0.00","133","92623","0","0","0","0.00","0.00","0.00","0","2","5","0.00","40.00","0.00","-5.00","0.00","E","5","4320.00","128","5f 60y","1160","6.60","5.50","PLLLL","38.00","2","2","9.7","","4","0","Mdn","Left - Galloping","2yo","3/1","3.00","2","2","","6","6","354","668","314","82","80","82","70","10","","b","g","Sarabi Mshairi","Tasleet","p","0","1.14","0","5","52.56","38.70","40.00","20.00","1","1","0.00","0.00","1.00","0.00","0.00","0.00","NO","0.00","Male","28.57","39.05","39.05","28.78","0.00","0.00","0.00","","","",""
"02/09/2026","14:00","Bath","Anna Belardo","13.00","0.00","0.00","0.00","0.00","0.00","NO","","0.00","","5","Gina Mangan","Dr Richard Newland","17","85","104","72","44","42","34","D","42","42","34","6","19","25","10","02/09/2026 14:00","5f 160y","Turf","E","5","1260","0","4320.00","Bath Country Race Day, What A Way To Make Weekend! EBF Restricted Maiden Stakes (GBB Race) (Class E)","","","","0.00","133","367","0","0","0","0.00","0.00","0.00","0","0","3","0.00","0.00","0.00","-3.00","0.00","B","2","16200.00","133","5f 1y","1101","6.37","6.50","PLL","31.00","4","2","9.7","","1","0","Mdn","Left - Galloping","2yo","20/1","20.00","2","2","","6","6","329","683","354","86","88","90","90","104","","b","g","Instinction","Belardo","","0","0.94","0","3","31.48","14.92","0.00","0.00","-1","-1","0.00","0.00","1.00","0.00","0.00","0.00","NO","0.00","Male","36.33","34.50","40.30","40.90","0.00","0.00","0.00","","","",""
"02/09/2026","13:45","Newcastle","Bridgefoot Rambler","7.50","0.00","0.00","0.00","0.00","0.00","NO","","0.00","","3","C J Whiteley","Stephen Michael Hanlon","59","140","23","48","64","41","55","F","59","59","44","21","12","33","0","02/09/2026 13:45","1m 2f 43y","A/W","F","6","2243","0","3245.00","Border Minstrel Pub Apprentice Handicap (Class F)","","","","0.00","128","6-60935","0","0","0","0.00","0.00","0.00","0","1","6","0.00","16.67","0.00","-6.00","0.00","F","6","3664.00","130","1m","1760","20.14","17.00","P-HHHHH","0.00","4","4","9.2","","8","0","Hcap-App","Left - Galloping","4yo+,55","7/1","7.00","4","","55","8","8","277","627","350","89","89","94","78","23","","gr","f","Our Menagerie","Portamento","b","0","1.17","0","6","33.00","19.17","50.00","33.33","2","3","0.00","0.00","1.00","0.00","0.00","0.00","NO","0.00","Female","0.00","22.50","29.85","39.28","0.00","0.00","0.00","","","",""
"02/09/2026","14:00","Bath","Polly The Sniper","17.00","0.00","0.00","0.00","0.00","0.00","NO","","0.00","","6","William Cox","Tom Dascombe","54","31","15","0","54","51","51","D","51","48","51","7","11","18","2","02/09/2026 14:00","5f 160y","Turf","E","5","1260","0","4320.00","Bath Country Race Day, What A Way To Make Weekend! EBF Restricted Maiden Stakes (GBB Race) (Class E)","","","","0.00","128","56","0","0","0","0.00","0.00","0.00","0","0","2","0.00","0.00","0.00","-2.00","0.00","D","4","5400.00","128","6f 1y","1321","40.00","29.00","PH","6.00","3","2","9.2","","6","0","Mdn","Left - Galloping","2yo","18/1","18.00","2","2","","6","6","313","630","317","90","83","82","62","15","","b","f","Fortune Told","Sergei Prokofiev","","0","1.17","0","2","28.75","9.03","50.00","50.00","0","0","0.00","0.00","1.00","0.00","0.00","0.00","NO","0.00","Female","45.29","50.75","49.50","43.65","0.00","0.00","0.00","","","",""
"02/09/2026","14:00","Bath","Etienne","1.17","0.00","0.00","0.00","0.00","0.00","NO","","0.00","","1","Saffie Osborne","Richard Spencer","76","392","46","86","76","69","69","B","69","62","69","59","45","104","0","02/09/2026 14:00","5f 160y","Turf","E","5","1260","0","4320.00","Bath Country Race Day, What A Way To Make Weekend! EBF Restricted Maiden Stakes (GBB Race) (Class E)","","","","0.00","133","24","0","0","0","0.00","0.00","0.00","0","1","2","0.00","50.00","0.00","-2.00","0.00","B","2","135218.00","120","5f 34y","1134","6.73","4.50","HH","0.00","5","2","9.7","BF","2","0","Mdn","Left - Galloping","2yo","6/5","1.20","2","2","","6","6","358","725","367","94","97","94","82","46","","gr","c","Odyssey Girl","Rajasinghe","","0","0.71","0","2","83.48","69.81","0.00","0.00","0","0","0.00","0.00","1.00","0.00","0.00","0.00","NO","0.00","Male","65.74","55.31","55.96","53.55","0.00","0.00","0.00","","","4","0"
"02/09/2026","14:00","Bath","Our Fella","34.00","0.00","0.00","0.00","0.00","0.00","NO","","0.00","","4","Isobelle Chalmers","J S Moore","49","176","2","61","57","50","52","D","51","55","48","24","24","48","8","02/09/2026 14:00","5f 160y","Turf","E","5","1260","7","4320.00","Bath Country Race Day, What A Way To Make Weekend! EBF Restricted Maiden Stakes (GBB Race) (Class E)","","","","0.00","133","5302344","0","0","0","0.00","0.00","0.00","0","2","7","0.00","28.57","0.00","-7.00","0.00","F","6","3768.00","128","5f 16y","1116","10.00","8.00","PHPPLPL","25.00","1","2","9.7","","3","0","Mdn","Left - Galloping","2yo","9/2","4.50","2","2","","6","6","342","661","319","79","83","86","71","2","","ch","c","Bounty's Spirit","Soldier's Call","p1","0","1.11","0","7","41.89","24.72","28.57","14.29","3","1","0.00","0.00","1.00","0.00","0.00","0.00","NO","0.00","Male","57.07","57.59","55.66","56.18","0.00","0.00","0.00","","","",""
"02/09/2026","13:45","Newcastle","Love You More","10.00","0.00","0.00","0.00","0.00","0.00","NO","","0.00","","2","Harry Vigors","Joseph Parr","56","150","17","53","61","53","56","F","56","61","53","31","21","52","0","02/09/2026 13:45","1m 2f 43y","A/W","F","6","2243","0","3245.00","Border Minstrel Pub Apprentice Handicap (Class F)","","","","0.00","133","3888-270716","0","0","0","0.00","0.00","0.00","1","2","15","6.67","13.33","0.00","-10.67","34.54","F","6","4711.00","133","1m 13y","1773","6.76","5.50","HPHH-HPHHHH","0.00","2","4","9.7","","3","0","Hcap-App","Left - Galloping","4yo+,55","9/2","4.50","4","","55","8","8","321","683","362","85","93","94","90","17","","b","f","Dawn Of Reckoning","Bated Breath","h","0","0.81","1","15","48.24","28.84","26.67","13.33","-7","-1","100.00","100.00","1.00","0.00","0.00","0.00","NO","0.00","Female","71.37","59.98","51.48","50.56","0.00","0.00","0.00","","","",""
"02/09/2026","13:45","Newcastle","Game Management","8.00","0.00","0.00","0.00","0.00","0.00","NO","","0.00","","8","Mr Jake Dickson","Elizabeth Quinlan","59","14","23","49","65","51","57","E","0","60","48","0","6","6","2","02/09/2026 13:45","1m 2f 43y","A/W","F","6","2243","3","3245.00","Border Minstrel Pub Apprentice Handicap (Class F)","","","","0.00","129","5513/987PP-4","0","0","0","0.00","0.00","0.00","2","2","21","9.52","9.52","50.00","15.00","29.83","F","6","3664.00","135","1m","1760","31.89","26.00","LPPH/HHHHH-P","8.00","7","5","9.3","C","7","0","Hcap-App","Left - Galloping","4yo+,55","","0.00","4","","55","8","8","255","584","329","71","71","94","93","23","337","b","g","Belle Vale","Nathaniel","WS","0","1.17","2","21","41.23","25.86","38.10","23.81","-1","-1","0.00","0.00","1.00","0.00","0.00","0.00","NO","0.00","Male","65.00","67.78","51.63","44.22","0.00","0.00","0.00","","","",""
"02/09/2026","13:45","Newcastle","It's A Love Thing","4.50","0.00","0.00","0.00","0.00","0.00","NO","","0.00","","7","C Horgan","Sam England","47","64","125","55","70","53","50","F","48","70","51","15","15","30","0","02/09/2026 13:45","1m 2f 43y","A/W","F","6","2243","0","3245.00","Border Minstrel Pub Apprentice Handicap (Class F)","","","","0.00","135","00438-67808","0","0","0","0.00","0.00","0.00","9","9","62","14.52","14.52","60.00","-17.88","34.09","F","6","3664.00","133","1m 3f 23y","2443","18.00","15.00","HHPHP-HHHHH","0.00","1","8","9.9","CD","1","0","Hcap-App","Left - Galloping","4yo+,55","10/1","10.00","4","","55","8","8","288","604","316","85","75","84","72","125","474","b","g","Lady Kyllar","Intrinsic","WS","0","0.53","9","62","40.47","30.57","22.58","16.13","20","-1","33.33","33.33","1.00","0.00","0.00","0.00","NO","0.00","Male","58.29","53.12","49.68","49.46","0.00","0.00","0.00","","","8","0"
"02/09/2026","13:45","Newcastle","Ravenscraig Castle","10.00","0.00","0.00","0.00","0.00","0.00","NO","","0.00","","5","Cara Tuke","Iain Jardine","60","113","23","55","79","65","62","F","61","73","62","17","12","29","4","02/09/2026 13:45","1m 2f 43y","A/W","F","6","2243","5","3245.00","Border Minstrel Pub Apprentice Handicap (Class F)","","","","0.00","135","3584953249","0","0","0","0.00","0.00","0.00","3","15","56","5.36","26.79","100.00","-40.25","38.74","F","6","3664.00","127","1m 2f","2200","22.56","15.00","PHHHHHHLHH","17.00","5","8","9.9","","2","0","Hcap-App","Left - Galloping","4yo+,55","9/1","9.00","4","","55","8","8","316","603","287","88","84","90","25","23","62","gr","g","In The Soup","Nathaniel","bWS","0","1.09","3","56","58.34","40.69","41.07","25.00","10","-1","66.67","66.67","1.00","0.00","0.00","0.00","NO","0.00","Male","45.52","54.32","54.82","56.60","0.00","0.00","0.00","","","",""
"02/09/2026","13:45","Newcastle","Kameel","9.50","0.00","0.00","0.00","0.00","0.00","NO","","0.00","","6","Jack Dace","Jessica Macey","48","87","24","53","68","56","53","F","53","64","55","15","18","33","4","02/09/2026 13:45","1m 2f 43y","A/W","F","6","2243","0","3245.00","Border Minstrel Pub Apprentice Handicap (Class F)","","","","0.00","133","8-739524445","0","0","0","0.00","0.00","0.00","2","2","19","10.53","10.53","0.00","-10.25","45.36","F","6","3140.00","134","1m 2f","2200","7.13","6.50","P-PPPHHHHPP","17.00","3","4","9.7","C","4","0","Hcap-App","Left - Galloping","4yo+,55","10/1","10.00","4","","55","8","8","305","622","317","80","87","82","68","24","","b","g","Estournel","Twilight Son","v","0","1.25","2","19","46.12","30.70","21.05","10.53","1","-3","0.00","0.00","1.00","0.00","0.00","0.00","NO","0.00","Male","75.37","75.32","63.02","66.07","0.00","0.00","0.00","","","",""
"02/09/2026","13:45","Newcastle","Koko Blue","4.33","0.00","0.00","0.00","0.00","0.00","NO","","0.00","","1","Molly Keegan-Price","Tom Clover","66","192","29","52","66","53","66","F","66","66","49","37","39","76","6","02/09/2026 13:45","1m 2f 43y","A/W","F","6","2243","5","3245.00","Border Minstrel Pub Apprentice Handicap (Class F)","","","","0.00","132","600930-3323","0","0","0","0.00","0.00","0.00","0","4","14","0.00","28.57","0.00","-14.00","0.00","F","6","3245.00","133","1m 3f 133y","2553","2.76","2.38","LPPLLP-HPPP","25.00","8","4","9.6","BF","5","0","Hcap-App","Left - Galloping","4yo+,55","7/2","3.50","4","","55","8","8","321","684","363","90","98","94","81","29","","ch","f","Katalea","Kameko","","0","1.01","0","14","40.49","26.63","28.57","14.29","2","1","0.00","0.00","1.00","0.00","0.00","0.00","NO","0.00","Female","56.05","46.92","54.10","56.78","0.00","0.00","0.00","","","",""
"02/09/2026","13:45","Newcastle","Millbuie","5.50","0.00","0.00","0.00","0.00","0.00","NO","","0.00","","4","Rhys Elliott","Ewan Whillans","59","126","23","49","65","54","59","F","59","64","53","30","32","62","8","02/09/2026 13:45","1m 2f 43y","A/W","F","6","2243","0","3245.00","Border Minstrel Pub Apprentice Handicap (Class F)","","","","0.00","129","4486303723","0","0","0","0.00","0.00","0.00","0","5","30","0.00","16.67","0.00","-30.00","0.00","F","6","3664.00","135","1m","1760","3.62","3.75","PHPPLPPPLP","33.00","6","5","9.3","","6","0","Hcap-App","Left - Galloping","4yo+,55","9/2","4.50","4","","55","8","8","310","584","274","75","69","86","44","23","","b","g","Henpecked","Adaay","tbWS","0","1.05","0","30","46.04","27.36","43.33","13.33","12","-1","0.00","0.00","1.00","0.00","0.00","0.00","NO","0.00","Male","52.50","49.02","48.17","53.19","0.00","0.00","0.00","","","",""
"02/09/2026","14:00","Bath","Cotai Jaunt","34.00","0.00","0.00","0.00","0.00","0.00","NO","","0.00","","2","S D Bowen","Ollie Sangster","1","217","8","0","1","1","1","D","1","","1","0","16","16","0","02/09/2026 14:00","5f 160y","Turf","E","5","1260","0","4320.00","Bath Country Race Day, What A Way To Make Weekend! EBF Restricted Maiden Stakes (GBB Race) (Class E)","","","","0.00","128","6","0","0","0","0.00","0.00","0.00","0","0","1","0.00","0.00","0.00","-1.00","0.00","D","4","5400.00","128","6f 1y","1321","32.00","26.00","H","0.00","6","2","9.2","","5","0","Mdn","Left - Galloping","2yo","","0.00","2","2","","6","6","302","686","384","94","94","96","100","8","","b","f","Merry Jaunt","Cotai Glory","","0","1.00","0","1","0.00","0.00","0.00","0.00","-1","-1","0.00","0.00","1.00","0.00","0.00","0.00","NO","0.00","Female","29.53","36.84","36.58","45.94","0.00","0.00","0.00","","","",""
"02/09/2026","14:15","Newcastle","Gifts Differing","26.00","0.00","0.00","0.00","0.00","0.00","NO","","0.00","","8","Jason Hart","R Burdon","43","45","27","55","54","45","44","F","44","54","47","10","11","21","4","02/09/2026 14:15","1m 2f 42y","A/W","F","6","2242","0","3245.00","Mini Golf At High Gosforth Park Handicap (Class F)","","","","0.00","135","6-55669","0","0","0","0.00","0.00","0.00","0","0","6","0.00","0.00","0.00","-6.00","0.00","E","5","4711.00","122","1m 14y","1774","151.08","67.00","H-HHHPP","12.00","8","3","9.9","","3","0","Hcap","Left - Galloping","3yo,60","18/1","18.00","3","3","60","12","12","283","571","288","69","80","80","59","27","","b","f","Queen Of Desire","Teofilo","","0","1.01","0","6","26.35","9.72","50.00","0.00","2","1","0.00","0.00","1.00","0.00","0.00","0.00","NO","0.00","Female","59.58","50.14","46.85","49.09","0.00","0.00","0.00","","","",""
"02/09/2026","14:15","Newcastle","Baldosa","4.00","0.00","0.00","0.00","0.00","0.00","NO","","0.00","","2","Faye McManoman","Nigel Tinkler","51","149","37","50","64","52","59","F","62","62","51","27","35","62","4","02/09/2026 14:15","1m 2f 42y","A/W","F","6","2242","0","3245.00","Mini Golf At High Gosforth Park Handicap (Class F)","","","","0.00","130","5-308524136","0","0","0","0.00","0.00","0.00","1","2","14","7.14","14.29","0.00","-8.00","34.02","F","6","3664.00","123","1m 1f 170y","2150","4.00","3.25","P-HHHPPPPHP","12.00","1","3","9.4","D  BF","7","0","Hcap","Left - Galloping","3yo,60","6/1","6.00","3","3","60","12","12","329","460","131","62","51","76","-58","37","","b","f","Tingleo","Time Test","","0","0.53","1","14","49.96","32.48","28.57","21.43","8","-1","0.00","0.00","1.00","0.00","0.00","0.00","NO","0.00","Female","19.92","23.75","37.49","43.36","0.00","0.00","0.00","","","",""
"02/09/2026","14:15","Newcastle","Gilleangirl","9.00","0.00","0.00","0.00","0.00","0.00","NO","","0.00","","9","Kieran Shoemark","Ivan Furtado","39","38","27","53","46","38","34","F","37","39","37","8","3","11","2","02/09/2026 14:15","1m 2f 42y","A/W","F","6","2242","0","3245.00","Mini Golf At High Gosforth Park Handicap (Class F)","","","","0.00","133","5-874","0","0","0","0.00","0.00","0.00","0","0","4","0.00","0.00","0.00","-4.00","0.00","F","6","3664.00","135","1m 14y","1774","28.87","26.00","H-HHP","6.00","6","3","9.7","","6","0","Hcap","Left - Galloping","3yo,60","22/1","22.00","3","3","60","12","12","238","527","289","72","92","76","49","27","","ch","f","Frond","Maclean's Music","t","0","1.05","0","4","30.36","14.92","25.00","0.00","-2","-1","0.00","0.00","1.00","0.00","0.00","0.00","NO","0.00","Female","32.20","40.36","48.65","52.29","0.00","0.00","0.00","","","",""
"02/09/2026","14:30","Bath","Rinky Tinky Tinky","15.00","0.00","0.00","0.00","0.00","0.00","NO","","0.00","","8","Alice Bond","Mrs Ilka Gansera-Leveque","47","43","11","46","67","53","53","F","55","62","51","13","8","21","2","02/09/2026 14:30","5f 160y","Turf","F","6","1260","5","3454.00","Welsh Power 20th Anniversary Handicap (Div 1) (Class F)","","","","0.00","126","67488-56580","0","0","0","0.00","0.00","0.00","1","1","19","5.26","5.26","0.00","22.00","34.02","F","6","3664.00","126","5f 217y","1317","51.61","34.00","HHHHH-PPHPH","7.00","2","4","9.0","D","8","0","Hcap","Left - Galloping","3yo+,55","14/1","14.00","3","","55","9","9","249","536","287","73","77","79","58","11","","b","f","Cats Eyes","Ardad","p","0","1.14","1","19","40.88","22.22","10.53","10.53","-3","-1","0.00","0.00","1.00","0.00","0.00","0.00","NO","0.00","Female","50.00","44.67","47.61","41.80","0.00","0.00","0.00","","","",""
"02/09/2026","14:15","Newcastle","Parole Officer","12.00","0.00","0.00","0.00","0.00","0.00","NO","","0.00","","7","Barry McHugh","Ewan Whillans","62","50","23","53","62","51","56","F","55","55","51","18","8","26","4","02/09/2026 14:15","1m 2f 42y","A/W","F","6","2242","0","3245.00","Mini Golf At High Gosforth Park Handicap (Class F)","","","","0.00","133","233654-9906","0","0","0","0.00","0.00","0.00","0","3","12","0.00","25.00","0.00","-12.00","0.00","F","6","3664.00","124","1m 2f","2200","130.09","67.00","PLPPHH-HPHP","12.00","10","3","9.7","","5","0","Hcap","Left - Galloping","3yo,60","9/1","9.00","3","3","60","12","12","311","565","254","56","68","62","68","23","","b","g","Kizomba","Without Parole","p","0","0.71","0","12","46.28","28.95","8.33","0.00","2","3","0.00","0.00","1.00","0.00","0.00","0.00","NO","0.00","Male","52.50","49.02","48.17","53.19","0.00","0.00","0.00","","","",""
"02/09/2026","14:15","Newcastle","Go Teejay","29.00","0.00","0.00","0.00","0.00","0.00","NO","","0.00","","10","Alex Jary","Craig Lidster","32","33","27","46","55","39","37","F","39","46","39","13","3","16","4","02/09/2026 14:15","1m 2f 42y","A/W","F","6","2242","3","3245.00","Mini Golf At High Gosforth Park Handicap (Class F)","","","","0.00","126","0-886096","0","0","0","0.00","0.00","0.00","0","0","7","0.00","0.00","0.00","-7.00","0.00","F","6","3664.00","123","1m 14y","1774","115.59","67.00","H-HPLPHP","12.00","11","3","9.0","","11","0","Hcap","Left - Galloping","3yo,60","13/1","13.00","3","3","60","12","12","256","490","234","83","58","75","18","27","","ch","g","Florenza","Tasleet","","0","1.56","0","7","22.54","7.93","28.57","14.29","1","1","0.00","0.00","1.00","0.00","0.00","0.00","NO","0.00","Male","31.39","30.32","41.84","43.12","0.00","0.00","0.00","","","",""
"02/09/2026","14:15","Newcastle","Rugby Union","7.50","0.00","0.00","0.00","0.00","0.00","NO","","0.00","","5","Miss Joanna Mason","Gemma Tutty","58","66","23","54","58","53","54","F","57","57","51","8","3","11","2","02/09/2026 14:15","1m 2f 42y","A/W","F","6","2242","0","3245.00","Mini Golf At High Gosforth Park Handicap (Class F)","","","","0.00","134","0-5958","0","0","0","0.00","0.00","0.00","0","0","5","0.00","0.00","0.00","-5.00","0.00","F","6","3664.00","125","1m 2f","2200","90.00","41.00","H-PHHP","6.00","4","3","9.8","","4","0","Hcap","Left - Galloping","3yo,60","22/1","22.00","3","3","60","12","12","282","637","355","84","77","99","95","23","","b","g","Monopole","Union Rags","","0","1.17","0","5","28.78","11.45","40.00","40.00","1","1","0.00","0.00","1.00","0.00","0.00","0.00","NO","0.00","Male","50.40","50.20","52.78","49.59","0.00","0.00","0.00","","","",""
"02/09/2026","14:15","Newcastle","Diamond Aura","6.50","0.00","0.00","0.00","0.00","0.00","NO","","0.00","","11","P J McDonald","Tim Easterby","53","23","25","46","63","49","55","F","53","58","45","15","3","18","6","02/09/2026 14:15","1m 2f 42y","A/W","F","6","2242","0","3245.00","Mini Golf At High Gosforth Park Handicap (Class F)","","","","0.00","126","3888-542476","0","0","0","0.00","0.00","0.00","0","1","10","0.00","10.00","0.00","-10.00","0.00","F","6","3140.00","126","7f 219y","1759","15.48","12.00","PHHH-PHPPPP","18.00","2","3","9.0","","10","0","Hcap","Left - Galloping","3yo,60","11/1","11.00","3","3","60","12","12","282","587","305","60","87","76","82","25","","b","f","Posset","Wootton Bassett","p","0","0.81","0","10","31.04","17.35","30.00","10.00","2","-1","0.00","0.00","1.00","0.00","0.00","0.00","NO","0.00","Female","46.80","43.77","46.95","46.83","0.00","0.00","0.00","","","",""
"02/09/2026","14:15","Newcastle","Nefyn Queen","29.00","0.00","0.00","0.00","0.00","0.00","NO","","0.00","","3","C J Whiteley","Stephen Michael Hanlon","15","90","137","46","39","35","29","D","35","35","29","7","14","21","2","02/09/2026 14:15","1m 2f 42y","A/W","F","6","2242","5","3245.00","Mini Golf At High Gosforth Park Handicap (Class F)","","","","0.00","126","060","0","0","0","0.00","0.00","0.00","0","0","3","0.00","0.00","0.00","-3.00","0.00","D","4","10800.00","123","1m","1760","1000.00","301.00","HPH","6.00","9","3","9.0","","12","0","Hcap","Left - Galloping","3yo,60","25/1","25.00","3","3","60","12","12","220","559","339","79","84","88","88","137","","b","f","Requirement","Zoustar","v1","0","1.03","0","3","7.45","1.16","0.00","0.00","1","1","0.00","0.00","1.00","0.00","0.00","0.00","NO","0.00","Female","0.00","22.50","29.85","39.28","0.00","0.00","0.00","","","24","0"
"02/09/2026","14:15","Newcastle","Clova Royale","29.00","0.00","0.00","0.00","0.00","0.00","NO","","0.00","","12","Mark Winn","Peter Niven","30","17","42","47","51","46","42","F","46","50","43","0","3","3","0","02/09/2026 14:15","1m 2f 42y","A/W","F","6","2242","0","3245.00","Mini Golf At High Gosforth Park Handicap (Class F)","","","","0.00","127","08787","0","0","0","0.00","0.00","0.00","0","0","5","0.00","0.00","0.00","-5.00","0.00","F","6","3664.00","133","1m 4f 13y","2653","34.00","23.00","HHHHH","0.00","5","3","9.1","","8","0","Hcap","Left - Galloping","3yo,60","","0.00","3","3","60","12","12","218","527","309","65","79","69","96","42","","b","g","Palme Royale","Territories","p1","0","1.09","0","5","15.56","4.20","0.00","0.00","1","-1","0.00","0.00","1.00","0.00","0.00","0.00","NO","0.00","Male","77.78","79.26","55.41","43.58","0.00","0.00","0.00","","","7","0"
"02/09/2026","14:15","Newcastle","New Objective","13.00","0.00","0.00","0.00","0.00","0.00","NO","","0.00","","4","William Pyle","K Frost","45","85","109","55","57","46","47","F","45","49","47","20","20","40","2","02/09/2026 14:15","1m 2f 42y","A/W","F","6","2242","0","3245.00","Mini Golf At High Gosforth Park Handicap (Class F)","","","","0.00","135","6903-9","0","0","0","0.00","0.00","0.00","0","1","5","0.00","20.00","0.00","-5.00","0.00","F","6","4711.00","127","7f 213y","1753","120.00","41.00","HPHP-H","6.00","7","3","9.9","","2","0","Hcap","Left - Galloping","3yo,60","8/1","8.00","3","3","60","12","12","291","610","319","77","65","84","93","109","","b","g","New Desire","Showcasing","","0","1.17","0","5","42.27","22.58","0.00","0.00","3","3","0.00","0.00","1.00","0.00","0.00","0.00","NO","0.00","Male","48.36","39.85","42.81","53.15","0.00","0.00","0.00","","","9","0"
"02/09/2026","14:15","Newcastle","Dalamara","3.00","0.00","0.00","0.00","0.00","0.00","NO","","0.00","","1","Andrew Mullen","Ben Haslam","48","189","8","60","60","51","51","F","51","59","48","44","46","90","0","02/09/2026 14:15","1m 2f 42y","A/W","F","6","2242","0","3245.00","Mini Golf At High Gosforth Park Handicap (Class F)","","","","0.00","140","4771-424641","0","0","0","0.00","0.00","0.00","2","1","10","20.00","10.00","0.00","18.00","34.02","F","6","3664.00","124","1m 208y","1968","11.50","11.00","HHHH-HPPHHH","0.00","3","3","10.0","C","1","0","Hcap","Left - Galloping","3yo,60","100/30","3.33","3","3","60","12","12","344","674","330","99","80","94","57","8","","ch","f","Lady Lekki","Ulysses","p","6","1.25","2","10","48.82","38.62","30.00","30.00","6","1","0.00","0.00","1.00","0.00","0.00","0.00","NO","0.00","Female","41.39","41.26","38.85","43.30","0.00","0.00","0.00","","","",""
"02/09/2026","14:15","Newcastle","Galistra","34.00","0.00","0.00","0.00","0.00","0.00","NO","","0.00","","6","Tom Eaves","Alan Brown","42","59","25","47","47","42","28","F","42","43","36","11","3","14","4","02/09/2026 14:15","1m 2f 42y","A/W","F","6","2242","0","3245.00","Mini Golf At High Gosforth Park Handicap (Class F)","","","","0.00","127","855079","0","0","0","0.00","0.00","0.00","0","0","6","0.00","0.00","0.00","-6.00","0.00","F","6","3140.00","112","1m 5f 218y","3078","145.15","101.00","PPPPHP","12.00","12","3","9.1","","9","0","Hcap","Left - Galloping","3yo,60","16/1","16.00","3","3","60","12","12","269","511","242","79","62","68","33","25","","gr","f","Maestria","Galiway","p1WS","0","0.91","0","6","10.97","2.78","16.67","0.00","2","1","0.00","0.00","1.00","0.00","0.00","0.00","NO","0.00","Female","0.00","42.50","28.85","35.26","0.00","0.00","0.00","","","",""
"02/09/2026","15:00","Bath","Sisters In The Sky","3.75","0.00","0.00","0.00","0.00","0.00","NO","","0.00","","5","Tyler Heard","G Harris","57","122","16","46","72","59","58","F","59","71","57","29","39","68","0","02/09/2026 15:00","5f 160y","Turf","F","6","1260","0","3454.00","Welsh Power 20th Anniversary Handicap (Div 2) (Class F)","","","","0.00","126","2748349234","0","0","0","0.00","0.00","0.00","9","16","92","9.78","17.39","0.00","-33.17","48.68","F","6","3768.00","129","6f 12y","1332","16.06","13.00","HHHHHHHHHH","0.00","8","7","9.0","CD","6","0","Hcap","Left - Galloping","3yo+,55","11/2","5.50","3","","55","9","9","332","576","244","78","66","71","29","16","","ch","g","Sunny York","Showcasing","p","0","1.08","9","92","53.57","36.90","19.57","14.13","4","3","55.56","55.56","1.00","0.00","0.00","0.00","NO","0.00","Male","45.91","43.19","48.05","49.15","0.00","0.00","0.00","","","",""
"02/09/2026","16:00","Bath","Alex The Great","23.00","0.00","0.00","0.00","0.00","0.00","NO","","0.00","","9","William Carson","Tony Carroll","57","44","27","46","67","53","61","F","62","66","49","17","23","40","2","02/09/2026 16:00","1m 6f","Turf","F","6","3080","0","3454.00","Bath Country Race Day, Enough To Drive You Crazy If You Let It! Handicap (Class F)","","","","0.00","126","0594765744","0","0","0","0.00","0.00","0.00","3","6","44","6.82","13.64","100.00","-32.25","30.88","F","6","4187.00","130","1m 3f 198y","2618","14.00","11.00","PPHPHHHHPH","6.00","4","6","9.0","D","7","0","Hcap","Left - Galloping","3yo+,55","15/2","7.50","3","","55","10","10","295","588","293","87","67","80","59","27","65","gr","g","Moonrise Landing","Camelot","tWS","0","0.89","3","44","39.87","25.45","31.82","18.18","0","3","33.33","66.67","1.00","0.00","0.00","0.00","NO","0.00","Male","31.31","36.44","41.46","42.84","0.00","0.00","0.00","","","",""
"02/09/2026","16:00","Bath","Cherry Cola","13.00","0.00","0.00","0.00","0.00","0.00","NO","","0.00","","5","Tyler Heard","Sheena West","48","75","42","47","76","57","53","F","52","74","54","13","18","31","2","02/09/2026 16:00","1m 6f","Turf","F","6","3080","0","3454.00","Bath Country Race Day, Enough To Drive You Crazy If You Let It! Handicap (Class F)","","","","0.00","127","74424365-86","0","0","0","0.00","0.00","0.00","6","14","70","8.57","20.00","84.62","-32.67","32.52","F","6","3245.00","134","2m 68y","3588","31.24","26.00","PHPPLPPH-HP","6.00","7","10","9.1","CD","6","0","Hcap","Left - Galloping","3yo+,55","10/1","10.00","3","","55","10","10","273","589","316","84","67","81","84","42","685","ch","m","Rose Cheval","Sixties Icon","pWS","0","0.00","6","66","53.56","37.64","31.82","19.70","12","1","50.00","83.33","1.00","0.00","0.00","0.00","NO","0.00","Female","27.38","46.43","49.01","43.25","0.00","0.00","0.00","","","6","0"
"02/09/2026","16:00","Bath","Trooper","23.00","0.00","0.00","0.00","0.00","0.00","NO","","0.00","","7","Luke Morris","Neil Mulholland","47","53","25","55","55","40","47","F","47","47","40","6","3","9","8","02/09/2026 16:00","1m 6f","Turf","F","6","3080","0","3454.00","Bath Country Race Day, Enough To Drive You Crazy If You Let It! Handicap (Class F)","","","","0.00","135","8665749","0","0","0","0.00","0.00","0.00","0","0","7","0.00","0.00","100.00","-7.00","0.00","F","6","3768.00","142","1m 7f 169y","3469","154.20","101.00","HHPPPPL","22.00","6","6","9.9","","1","0","Hcap","Left - Galloping","3yo+,55","22/1","22.00","3","","55","10","10","253","572","319","76","85","80","78","25","108","ch","g","Tipsy Tangerine","Hunter's Light","b","0","0.89","0","7","16.64","3.84","28.57","28.57","5","3","0.00","0.00","1.00","0.00","0.00","0.00","NO","0.00","Male","53.17","38.60","35.11","48.51","0.00","0.00","0.00","","","",""
"02/09/2026","16:00","Bath","Nora Barnacle","23.00","0.00","0.00","0.00","0.00","0.00","NO","","0.00","","8","Mr Ben Ffrench Davis","Dominic Ffrench Davis","54","50","81","46","61","49","51","F","51","54","47","6","3","9","4","02/09/2026 16:00","1m 6f","Turf","F","6","3080","5","3454.00","Bath Country Race Day, Enough To Drive You Crazy If You Let It! Handicap (Class F)","","","","0.00","126","0680/06-766","0","0","0","0.00","0.00","0.00","0","0","9","0.00","0.00","0.00","-9.00","0.00","F","6","3768.00","125","2m 1f 24y","3764","90.00","51.00","HPHH/HH-HPP","11.00","3","4","9.0","","8","0","Hcap","Left - Galloping","3yo+,55","22/1","22.00","3","","55","10","10","228","509","281","74","80","89","38","81","","b","f","Darwinia","Ulysses","","0","0.89","0","9","24.41","9.56","11.11","0.00","7","3","0.00","0.00","1.00","0.00","0.00","0.00","NO","0.00","Female","23.64","23.64","33.06","33.94","0.00","0.00","0.00","","","6","0"
"02/09/2026","16:00","Bath","Fram Castle","3.75","0.00","0.00","0.00","0.00","0.00","NO","","0.00","","2","A Egan","Michael Wigham","55","146","25","52","66","54","50","E","54","62","53","25","17","42","2","02/09/2026 16:00","1m 6f","Turf","F","6","3080","7","3454.00","Bath Country Race Day, Enough To Drive You Crazy If You Let It! Handicap (Class F)","","","","0.00","132","1252760-823","0","0","0","0.00","0.00","0.00","1","5","25","4.00","20.00","100.00","-21.75","41.87","E","5","5234.00","122","1m 6f","3080","4.90","4.33","PHPHHHH-HHP","6.00","5","5","9.6","","4","0","Hcap","Left - Galloping","3yo+,55","9/2","4.50","3","","55","10","10","310","562","252","79","86","77","10","25","541","ch","g","Star Of Bristol","Decorated Knight","v","0","1.18","1","25","50.51","31.79","24.00","16.00","-3","-1","100.00","100.00","1.00","0.00","0.00","0.00","NO","0.00","Male","7.14","22.19","30.73","37.23","0.00","0.00","0.00","","","",""
"02/09/2026","16:00","Bath","Basilette","3.25","0.00","0.00","0.00","0.00","0.00","NO","","0.00","","1","George Downing","Seamus Mullins","38","174","12","53","72","58","50","F","55","69","57","33","48","81","4","02/09/2026 16:00","1m 6f","Turf","F","6","3080","0","3454.00","Bath Country Race Day, Enough To Drive You Crazy If You Let It! Handicap (Class F)","","","","0.00","133","14-31364132","0","0","0","0.00","0.00","0.00","5","8","35","14.29","22.86","100.00","2.00","34.54","F","6","3926.00","131","1m 6f 44y","3124","4.48","4.33","HH-HPHHHHPP","11.00","9","7","9.7","C","2","0","Hcap","Left - Galloping","3yo+,55","100/30","3.33","3","","55","10","10","346","630","284","63","72","87","62","12","45","b","m","Bahri Sugar","Doyen","p","0","1.64","5","35","63.42","45.99","54.29","25.71","13","3","0.00","40.00","1.00","0.00","0.00","0.00","NO","0.00","Female","63.36","49.60","37.93","46.90","0.00","0.00","0.00","","","",""
"02/09/2026","16:00","Bath","Notable Charm","9.50","0.00","0.00","0.00","0.00","0.00","NO","","0.00","","4","Rob Hornby","Marcus Tregoning","59","103","11","50","59","43","49","F","56","56","45","7","7","14","6","02/09/2026 16:00","1m 6f","Turf","F","6","3080","0","3454.00","Bath Country Race Day, Enough To Drive You Crazy If You Let It! Handicap (Class F)","","","","0.00","122","096464","0","0","0","0.00","0.00","0.00","0","0","6","0.00","0.00","0.00","-6.00","0.00","F","6","3768.00","133","1m 4f","2640","16.67","15.00","PHHPPP","17.00","10","3","8.10","","9","0","Hcap","Left - Galloping","3yo+,55","20/1","20.00","3","","55","10","10","274","571","297","92","79","80","46","11","","b","g","Ballet Romance","Without Parole","b","0","0.00","0","6","30.43","13.82","16.67","0.00","2","1","0.00","0.00","1.00","0.00","0.00","0.00","NO","0.00","Male","32.24","34.70","39.09","42.97","0.00","0.00","0.00","","","",""
"02/09/2026","15:45","Newcastle","Secret Rival","5.00","0.00","0.00","0.00","0.00","0.00","NO","","0.00","","2","Kieran Shoemark","Ed Walker","49","147","20","59","49","45","46","E","45","45","45","15","27","42","2","02/09/2026 15:45","6f 1y","A/W","F","6","1321","0","3245.00","Christmas Parties At Newcastle Racecourse Nursery Handicap (Class F)","","","","0.00","134","8677","0","0","0","0.00","0.00","0.00","0","0","4","0.00","0.00","0.00","-4.00","0.00","E","5","4187.00","122","5f 6y","1106","26.00","19.00","HPHH","6.00","8","2","9.8","","3","0","Hcap-Nur","Left - Galloping","2yo,60","4/5","0.80","2","2","60","11","11","348","689","341","86","94","97","64","20","","b","f","Florida Filly","Ardad","","0","1.11","0","4","26.74","8.45","0.00","0.00","0","1","0.00","0.00","1.00","0.00","0.00","0.00","NO","0.00","Female","45.54","49.77","46.56","54.63","0.00","0.00","0.00","","","",""
"02/09/2026","15:45","Newcastle","Waiting For Archie","13.00","0.00","0.00","0.00","0.00","0.00","NO","","0.00","","4","Barry McHugh","Richard Fahey","31","101","60","58","45","41","39","D","41","41","39","0","10","10","4","02/09/2026 15:45","6f 1y","A/W","F","6","1321","0","3245.00","Christmas Parties At Newcastle Racecourse Nursery Handicap (Class F)","","","","0.00","133","577","0","0","0","0.00","0.00","0.00","0","0","3","0.00","0.00","0.00","-3.00","0.00","D","4","5400.00","133","5f","1100","26.11","21.00","HPP","13.00","6","2","9.7","","5","0","Hcap-Nur","Left - Galloping","2yo,60","","0.00","2","2","60","11","11","294","637","343","87","75","81","100","60","","b","g","Azenora","Lope Y Fernandez","","0","1.11","0","3","25.40","9.83","0.00","0.00","-1","-1","0.00","0.00","1.00","0.00","0.00","0.00","NO","0.00","Male","42.87","41.79","46.30","47.18","0.00","0.00","0.00","","","7","0"
"02/09/2026","15:45","Newcastle","Liveadream","19.00","0.00","0.00","0.00","0.00","0.00","NO","","0.00","","6","C J Whiteley","Phillip Makin","52","74","33","58","54","52","49","C","52","54","49","0","7","7","8","02/09/2026 15:45","6f 1y","A/W","F","6","1321","5","3245.00","Christmas Parties At Newcastle Racecourse Nursery Handicap (Class F)","","","","0.00","133","74205","0","0","0","0.00","0.00","0.00","0","1","5","0.00","20.00","0.00","-5.00","0.00","F","6","4187.00","131","7f 15y","1555","18.00","15.00","PHLPP","25.00","2","2","9.7","","4","0","Hcap-Nur","Left - Galloping","2yo,60","","0.00","2","2","60","11","11","317","649","332","65","92","75","100","33","","b","f","Mary Mount","Ardad","","0","1.01","0","5","42.48","24.69","40.00","40.00","3","1","0.00","0.00","1.00","0.00","0.00","0.00","NO","0.00","Female","62.22","60.90","59.73","47.87","0.00","0.00","0.00","","","",""
"02/09/2026","15:45","Newcastle","Claret Time","9.50","0.00","0.00","0.00","0.00","0.00","NO","","0.00","","10","Alex Jary","Nigel Tinkler","44","27","46","56","52","44","45","E","44","44","45","0","10","10","2","02/09/2026 15:45","6f 1y","A/W","F","6","1321","3","3245.00","Christmas Parties At Newcastle Racecourse Nursery Handicap (Class F)","","","","0.00","131","578","0","0","0","0.00","0.00","0.00","0","0","3","0.00","0.00","0.00","-3.00","0.00","D","4","5940.00","127","7f 6y","1546","280.00","101.00","HHP","6.00","1","2","9.5","","7","0","Hcap-Nur","Left - Galloping","2yo,60","","0.00","2","2","60","11","11","296","592","296","66","57","73","100","46","","b","g","Brave Times","Time Test","h","0","0.97","0","3","35.19","13.68","66.67","0.00","1","1","0.00","0.00","1.00","0.00","0.00","0.00","NO","0.00","Male","19.92","23.75","37.49","43.36","0.00","0.00","0.00","","","8","0"
"02/09/2026","15:45","Newcastle","Johns Power","8.00","0.00","0.00","0.00","0.00","0.00","NO","","0.00","","7","Miss Joanna Mason","Roger Fell","44","67","20","54","50","46","45","E","44","48","45","12","18","30","4","02/09/2026 15:45","6f 1y","A/W","F","6","1321","0","3245.00","Christmas Parties At Newcastle Racecourse Nursery Handicap (Class F)","","","","0.00","129","0647","0","0","0","0.00","0.00","0.00","0","0","4","0.00","0.00","0.00","-4.00","0.00","F","6","4004.00","126","5f","1100","20.93","13.00","HPHP","13.00","11","2","9.3","","9","0","Hcap-Nur","Left - Galloping","2yo,60","6/5","1.20","2","2","60","11","11","329","561","232","74","74","60","24","20","","b","c","Mon Ombre","Perfect Power","","0","1.41","0","4","31.67","14.83","25.00","25.00","0","1","0.00","0.00","1.00","0.00","0.00","0.00","NO","0.00","Male","35.49","47.60","49.32","54.70","0.00","0.00","0.00","","","",""
"02/09/2026","15:45","Newcastle","Kaiulani Spirit","19.00","0.00","0.00","0.00","0.00","0.00","NO","","0.00","","9","O McSweeney","Tim Easterby","40","33","20","54","49","44","45","E","48","48","44","0","3","3","0","02/09/2026 15:45","6f 1y","A/W","F","6","1321","0","3245.00","Christmas Parties At Newcastle Racecourse Nursery Handicap (Class F)","","","","0.00","129","6759","0","0","0","0.00","0.00","0.00","0","0","4","0.00","0.00","0.00","-4.00","0.00","F","6","4004.00","127","5f","1100","16.94","12.00","HHHH","0.00","4","2","9.3","","8","0","Hcap-Nur","Left - Galloping","2yo,60","","0.00","2","2","60","11","11","294","604","310","65","78","67","100","20","","b","g","Kaiulani","Caturra","p1","0","0.95","0","4","27.38","10.58","50.00","25.00","2","1","0.00","0.00","1.00","0.00","0.00","0.00","NO","0.00","Male","46.80","43.77","46.95","46.83","0.00","0.00","0.00","","","",""
"02/09/2026","16:00","Bath","Prophet Squeeze","15.00","0.00","0.00","0.00","0.00","0.00","NO","","0.00","","10","Christian Howarth","Barry T Murphy","53","42","12","49","55","36","44","F","52","53","30","6","3","9","0","02/09/2026 16:00","1m 6f","Turf","F","6","3080","3","3454.00","Bath Country Race Day, Enough To Drive You Crazy If You Let It! Handicap (Class F)","","","","0.00","129","506-707R975","0","0","0","0.00","0.00","0.00","0","0","14","0.00","0.00","57.14","-14.00","0.00","F","6","3454.00","132","1m 2f","2200","659.80","201.00","HHH-HHH HHH","0.00","1","8","9.3","","5","0","Hcap","Left - Galloping","3yo+,55","22/1","22.00","3","","55","10","10","242","483","241","73","71","71","26","12","371","b","m","Prophets Honor","Walk In The Park","h","0","1.77","0","14","15.02","5.02","28.57","14.29","4","3","0.00","0.00","1.00","0.00","0.00","0.00","NO","0.00","Female","21.04","27.10","24.41","22.30","0.00","0.00","0.00","","","",""
"02/09/2026","16:07","Navan","Somethingaboutlove","26.00","0.00","0.00","0.00","0.00","0.00","NO","","0.00","","11","Rory Cleary","C W J Farrell","","8","","0","","","","","","","","0","3","3","0","02/09/2026 16:07","5f","Turf","E","5","1100","0","15000.00","Irish EBF Auction Series Maiden (Class E)","","","","0.00","120","","0","0","0","0.00","0.00","0.00","0","0","0","0.00","0.00","0.00","0.00","0.00","","","0.00","","","0","0.00","0.00","","0.00","9","2","8.8","","11","0","Mdn-Auc","Left - Stiff / Undulating","2yo","","0.00","2","2","","11","11","273","553","280","58","59","63","100","","","b","f","Le Freak","Soldier's Call","","0","1.45","0","0","0.00","0.00","0.00","0.00","","","0.00","0.00","1.00","0.00","0.00","0.00","NO","0.00","Female","20.00","40.00","46.67","33.08","0.00","0.00","0.00","","","",""
"02/09/2026","16:07","Navan","Lady Romagna","12.00","0.00","0.00","0.00","0.00","0.00","NO","","0.00","","4","Leigh Roche","W McCreery","","114","","0","","","","","","","","0","3","3","0","02/09/2026 16:07","5f","Turf","E","5","1100","0","15000.00","Irish EBF Auction Series Maiden (Class E)","","","","0.00","124","","0","0","0","0.00","0.00","0.00","0","0","0","0.00","0.00","0.00","0.00","0.00","","","0.00","","","0","0.00","0.00","","0.00","11","2","8.12","","8","0","Mdn-Auc","Left - Stiff / Undulating","2yo","","0.00","2","2","","11","11","273","636","363","93","82","88","100","","","b","f","Snazzy","Saxon Warrior","","0","0.16","0","0","0.00","0.00","0.00","0.00","","","0.00","0.00","1.00","0.00","0.00","0.00","NO","0.00","Female","44.93","63.34","55.24","55.12","0.00","0.00","0.00","","","",""
"02/09/2026","16:07","Navan","Ahorey","0.00","0.00","0.00","0.00","0.00","0.00","NO","","0.00","","6","Seamie Heffernan","W R Crawford","","84","","0","","","","","","","","0","3","3","0","02/09/2026 16:07","5f","Turf","E","5","1100","0","15000.00","Irish EBF Auction Series Maiden (Class E)","","","","0.00","125","","0","0","0","0.00","0.00","0.00","0","0","0","0.00","0.00","0.00","0.00","0.00","","","0.00","","","0","0.00","0.00","","0.00","7","2","8.13","","5","0","Mdn-Auc","Left - Stiff / Undulating","2yo","","0.00","2","2","","11","11","273","590","317","61","84","72","100","","","b","g","My Causeway Dream","Kuroshio","","0","0.83","0","0","0.00","0.00","0.00","0.00","","","0.00","0.00","1.00","0.00","0.00","0.00","NO","0.00","Male","35.71","35.71","29.75","40.86","0.00","0.00","0.00","","","",""
"02/09/2026","16:07","Navan","Lion Of Fortune","0.00","0.00","0.00","0.00","0.00","0.00","NO","","0.00","","9","Gavin Ryan","Kieran P Cotter","50","32","17","0","50","50","50","E","50","","50","12","3","15","4","02/09/2026 16:07","5f","Turf","E","5","1100","0","15000.00","Irish EBF Auction Series Maiden (Class E)","","","","0.00","125","0","0","0","0","0.00","0.00","0.00","0","0","1","0.00","0.00","0.00","-1.00","0.00","E","5","15000.00","128","6f","1320","157.46","67.00","L","17.00","2","2","8.13","","6","0","Mdn-Auc","Left - Stiff / Undulating","2yo","15/2","7.50","2","2","","11","11","314","603","289","78","67","60","84","17","","b","c","Femme Argent","Invincible Army","p1","0","0.83","0","1","41.18","16.96","100.00","100.00","1","1","0.00","0.00","1.00","0.00","0.00","0.00","NO","0.00","Male","16.67","16.67","23.43","26.20","0.00","0.00","0.00","","","",""
"02/09/2026","16:07","Navan","Sadie Rose","151.00","0.00","0.00","0.00","0.00","0.00","NO","","0.00","","7","Siobhan Rutledge","F G Hand","34","51","10","0","48","41","41","E","41","34","41","6","7","13","0","02/09/2026 16:07","5f","Turf","E","5","1100","0","15000.00","Irish EBF Auction Series Maiden (Class E)","","","","0.00","120","00","0","0","0","0.00","0.00","0.00","0","0","2","0.00","0.00","0.00","-2.00","0.00","D","4","13200.00","128","5f 205y","1305","1000.00","501.00","HH","0.00","4","2","8.8","","10","0","Mdn-Auc","Left - Stiff / Undulating","2yo","16/1","16.00","2","2","","11","11","290","575","285","69","53","79","84","10","","b","f","Media Luna","Dandy Man","t","0","1.53","0","2","11.26","1.44","50.00","0.00","2","2","0.00","0.00","1.00","0.00","0.00","0.00","NO","0.00","Female","60.00","33.57","33.47","31.81","0.00","0.00","0.00","","","",""
"02/09/2026","16:07","Navan","Scarlet Dream","19.00","0.00","0.00","0.00","0.00","0.00","NO","","0.00","","8","Adam Caffrey","Adrian McGuinness","60","47","10","0","60","59","59","E","59","58","59","9","15","24","0","02/09/2026 16:07","5f","Turf","E","5","1100","0","15000.00","Irish EBF Auction Series Maiden (Class E)","","","","0.00","128","79","0","0","0","0.00","0.00","0.00","0","0","2","0.00","0.00","0.00","-2.00","0.00","E","5","15000.00","123","7f","1540","474.22","151.00","HH","0.00","10","2","9.2","","3","0","Mdn-Auc","Left - Stiff / Undulating","2yo","10/1","10.00","2","2","","11","11","333","654","321","77","82","78","84","10","","b","f","True Scarlet","Ardad","","0","1.04","0","2","50.26","25.39","0.00","0.00","2","2","0.00","0.00","1.00","0.00","0.00","0.00","NO","0.00","Female","50.47","49.62","60.24","57.78","0.00","0.00","0.00","","","",""
"02/09/2026","16:07","Navan","Gus McCrae","8.50","0.00","0.00","0.00","0.00","0.00","NO","","0.00","","3","Colin Keane","Noel Meade","","170","","0","","","","","","","","0","3","3","0","02/09/2026 16:07","5f","Turf","E","5","1100","0","15000.00","Irish EBF Auction Series Maiden (Class E)","","","","0.00","127","","0","0","0","0.00","0.00","0.00","0","0","0","0.00","0.00","0.00","0.00","0.00","","","0.00","","","0","0.00","0.00","","0.00","5","2","9.1","","4","0","Mdn-Auc","Left - Stiff / Undulating","2yo","","0.00","2","2","","11","11","273","636","363","79","100","84","100","","","b","g","Divine Approach","Nando Parrado","","0","1.66","0","0","0.00","0.00","0.00","0.00","","","0.00","0.00","1.00","0.00","0.00","0.00","NO","0.00","Male","37.60","49.05","45.92","49.90","0.00","0.00","0.00","","","",""
"02/09/2026","16:07","Navan","Best Love","6.50","0.00","0.00","0.00","0.00","0.00","NO","","0.00","","5","Declan McDonogh","Edward P Harty","65","91","19","70","65","52","56","D","58","58","42","8","23","31","4","02/09/2026 16:07","5f","Turf","E","5","1100","0","15000.00","Irish EBF Auction Series Maiden (Class E)","","","","0.00","124","0U47","0","0","0","0.00","0.00","0.00","0","0","4","0.00","0.00","0.00","-4.00","0.00","D","4","13200.00","128","5f","1100","33.22","23.00","H PP","17.00","3","2","8.12","","7","0","Mdn-Auc","Left - Stiff / Undulating","2yo","12/1","12.00","2","2","","11","11","326","613","287","74","83","84","46","19","","b","f","Bits Of Love","Kodi Bear","","0","0.94","0","4","36.21","20.94","25.00","0.00","2","1","0.00","0.00","1.00","0.00","0.00","0.00","NO","0.00","Female","44.44","42.93","44.06","46.30","0.00","0.00","0.00","","","",""
"02/09/2026","16:00","Bath","Lady Lauren","23.00","0.00","0.00","0.00","0.00","0.00","NO","","0.00","","6","Gina Mangan","Ed de Giles","45","64","27","46","58","45","45","F","45","56","45","8","8","16","8","02/09/2026 16:00","1m 6f","Turf","F","6","3080","0","3454.00","Bath Country Race Day, Enough To Drive You Crazy If You Let It! Handicap (Class F)","","","","0.00","118","24323-65065","0","0","0","0.00","0.00","0.00","0","1","13","0.00","7.69","0.00","-13.00","0.00","F","6","4187.00","120","1m 3f 198y","2618","21.65","17.00","PLHLL-LLPLP","22.00","2","3","8.6","","10","0","Hcap","Left - Galloping","3yo+,55","16/1","16.00","3","","55","10","10","251","501","250","76","81","78","15","27","","b","f","Queenhope","New Bay","","0","0.59","0","13","26.41","15.06","23.08","0.00","5","3","0.00","0.00","1.00","0.00","0.00","0.00","NO","0.00","Female","0.00","5.56","16.42","25.14","0.00","0.00","0.00","","","",""
"02/09/2026","16:00","Bath","Just Adair","4.00","0.00","0.00","0.00","0.00","0.00","NO","","0.00","","3","Pat Cosgrave","Jonjo O'Neill","56","142","36","53","64","55","56","F","56","62","53","23","31","54","0","02/09/2026 16:00","1m 6f","Turf","F","6","3080","0","3454.00","Bath Country Race Day, Enough To Drive You Crazy If You Let It! Handicap (Class F)","","","","0.00","133","6691128-226","0","0","0","0.00","0.00","0.00","2","3","10","20.00","30.00","0.00","14.00","39.77","F","6","3454.00","128","1m 3f 209y","2629","5.20","4.50","HHPHHPH-HHH","0.00","8","4","9.7","","3","0","Hcap","Left - Galloping","3yo+,55","5/1","5.00","3","","55","10","10","325","644","319","74","88","85","72","36","","ch","g","Golden Reign","Ghaiyyath","tp1","0","1.18","2","10","59.24","46.22","20.00","20.00","2","-3","50.00","100.00","1.00","0.00","0.00","0.00","NO","0.00","Male","38.54","45.98","47.76","59.21","0.00","0.00","0.00","","","",""
"02/09/2026","16:07","Navan","Annie Batt","3.75","0.00","0.00","0.00","0.00","0.00","NO","","0.00","","2","Andrew Slattery","Andrew Slattery","43","218","53","0","61","52","52","E","52","43","52","26","25","51","4","02/09/2026 16:07","5f","Turf","E","5","1100","0","15000.00","Irish EBF Auction Series Maiden (Class E)","","","","0.00","120","20","0","0","0","0.00","0.00","0.00","0","1","2","0.00","50.00","0.00","-2.00","0.00","E","5","15000.00","122","5f 180y","1280","7.00","6.00","PP","17.00","6","2","8.8","","9","0","Mdn-Auc","Left - Stiff / Undulating","2yo","3/1","3.00","2","2","","11","11","339","578","239","91","78","86","-16","53","","br","f","Nora Batt","Equiano","","0","1.06","0","2","53.13","40.04","50.00","0.00","0","0","0.00","0.00","1.00","0.00","0.00","0.00","NO","0.00","Female","61.68","58.27","58.00","51.59","0.00","0.00","0.00","","","",""
"02/09/2026","16:07","Navan","Cyclone Code","8.50","0.00","0.00","0.00","0.00","0.00","NO","","0.00","","10","Donagh O'Connor","S Cavanagh","56","15","63","0","56","48","48","D","48","41","48","11","8","19","4","02/09/2026 16:07","5f","Turf","E","5","1100","0","15000.00","Irish EBF Auction Series Maiden (Class E)","","","","0.00","135","66","0","0","0","0.00","0.00","0.00","0","0","2","0.00","0.00","0.00","-2.00","0.00","D","4","15000.00","128","6f","1320","28.00","19.00","PP","17.00","1","2","9.9","","1","0","Mdn-Auc","Left - Stiff / Undulating","2yo","17/2","8.50","2","2","","11","11","315","545","230","62","63","69","36","63","","b","g","Spy Ring","Kodi Bear","","0","1.30","0","2","36.51","13.96","0.00","0.00","2","2","0.00","0.00","1.00","0.00","0.00","0.00","NO","0.00","Male","0.00","0.00","83.33","54.95","0.00","0.00","0.00","","","",""
"02/09/2026","16:07","Navan","Bit Of A Buzz","2.63","0.00","0.00","0.00","0.00","0.00","NO","","0.00","","1","Gary Carroll","Gavin Cromwell","46","220","47","72","60","49","52","E","51","59","52","31","30","61","8","02/09/2026 16:07","5f","Turf","E","5","1100","0","15000.00","Irish EBF Auction Series Maiden (Class E)","","","","0.00","131","344432","0","0","0","0.00","0.00","0.00","0","2","6","0.00","33.33","0.00","-6.00","0.00","E","5","7200.00","131","5f","1100","5.78","4.50","PPLPLP","33.00","8","2","9.5","","2","0","Mdn-Auc","Left - Stiff / Undulating","2yo","9/4","2.25","2","2","","11","11","357","589","232","88","76","88","-20","47","","b","c","Electric","Showcasing","","0","0.83","0","6","70.29","50.01","50.00","33.33","0","-1","0.00","0.00","1.00","0.00","0.00","0.00","NO","0.00","Male","44.83","45.70","52.39","50.71","0.00","0.00","0.00","","","",""
"02/09/2026","15:15","Newcastle","Honved","51.00","0.00","0.00","0.00","0.00","0.00","NO","","0.00","","12","Rhys Elliott","Fred Watson","46","43","460","68","71","51","48","D","48","53","53","0","3","3","4","02/09/2026 15:15","7f 15y","A/W","E","5","1555","5","3978.00","High Gosforth Park Golf Club Handicap (Class E)","","","","0.00","133","25540-","0","0","0","0.00","0.00","0.00","0","1","5","0.00","20.00","0.00","-5.00","0.00","E","5","4449.00","133","7f 37y","1577","27.39","21.00","PLHHL-","7.00","2","4","9.7","","7","0","Hcap","Left - Galloping","3yo+,75","","0.00","3","","75","12","12","151","379","228","56","53","74","45","460","","b","g","Qatar Queen","Zoustar","","0","0.86","0","5","47.48","32.03","0.00","0.00","-5","-3","0.00","0.00","1.00","0.00","0.00","0.00","NO","0.00","Male","0.00","0.00","0.00","0.00","0.00","0.00","0.00","","","10","2"
"02/09/2026","15:15","Newcastle","Judicature","9.00","0.00","0.00","0.00","0.00","0.00","NO","","0.00","","11","Barry McHugh","Sue Smith","62","50","33","63","67","58","60","E","62","65","58","26","10","36","2","02/09/2026 15:15","7f 15y","A/W","E","5","1555","0","3978.00","High Gosforth Park Golf Club Handicap (Class E)","","","","0.00","128","9759-428774","0","0","0","0.00","0.00","0.00","1","1","12","8.33","8.33","0.00","1.00","38.88","F","6","4711.00","137","7f 14y","1554","6.40","5.50","HHPP-HHHHPH","3.00","4","4","9.2","C","10","0","Hcap","Left - Galloping","3yo+,75","10/1","10.00","3","","75","12","12","212","443","231","81","71","83","-4","33","","b","g","Magical Journey","Invincible Spirit","","0","0.80","1","12","49.22","30.90","25.00","16.67","0","-3","0.00","0.00","1.00","0.00","0.00","0.00","NO","0.00","Male","100.00","100.00","83.33","58.91","0.00","0.00","0.00","","","",""
"02/09/2026","15:15","Newcastle","Up The Agenda","10.00","0.00","0.00","0.00","0.00","0.00","NO","","0.00","","1","C J Whiteley","Jack Morland","65","235","15","73","68","56","62","D","65","65","55","27","35","62","2","02/09/2026 15:15","7f 15y","A/W","E","5","1555","5","3978.00","High Gosforth Park Golf Club Handicap (Class E)","","","","0.00","134","10113-17864","0","0","0","0.00","0.00","0.00","4","0","13","30.77","0.00","0.00","-2.60","41.74","E","5","3978.00","135","6f 20y","1340","23.10","17.00","PHPHH-PHHPH","3.00","5","3","9.8","C D","5","0","Hcap","Left - Galloping","3yo+,75","9/1","9.00","3","","75","12","12","312","650","338","90","94","74","80","15","","b","g","Silent Agenda","Sands Of Mali","","0","1.15","4","13","58.15","45.69","30.77","30.77","11","3","25.00","25.00","1.00","0.00","0.00","0.00","NO","0.00","Male","66.67","58.67","42.07","36.78","0.00","0.00","0.00","","","",""
"02/09/2026","15:30","Bath","Fancy Dancer","4.33","0.00","0.00","0.00","0.00","0.00","NO","","0.00","","8","Saffie Osborne","Hayley Burton","57","73","7","49","64","53","54","F","54","63","53","22","24","46","8","02/09/2026 15:30","5f 10y","Turf","F","6","1110","0","3454.00","Trusted Betting Site Reviews gambling.com Handicap (Class F)","","","","0.00","130","055-5785202","0","0","0","0.00","0.00","0.00","3","3","20","15.00","15.00","0.00","9.75","36.29","F","6","3454.00","123","5f 21y","1121","7.03","6.50","PHP-PPPHPPL","15.00","4","4","9.4","C D","6","0","Hcap","Left - Galloping","4yo+,55","10/1","10.00","4","","55","10","10","292","572","280","63","84","79","54","7","","gr","f","Bedouin Dancer","Dandy Man","p","0","0.94","3","20","44.99","32.33","25.00","15.00","4","3","66.67","66.67","1.00","0.00","0.00","0.00","NO","0.00","Female","59.23","59.23","42.13","52.53","0.00","0.00","0.00","","","",""
"02/09/2026","15:15","Newcastle","Highland Shah","4.50","0.00","0.00","0.00","0.00","0.00","NO","","0.00","","4","Ryan Sexton","Julie Camacho","66","109","55","71","66","59","63","D","65","65","58","20","33","53","4","02/09/2026 15:15","7f 15y","A/W","E","5","1555","0","3978.00","High Gosforth Park Golf Club Handicap (Class E)","","","","0.00","132","43-413","0","0","0","0.00","0.00","0.00","1","1","5","20.00","20.00","0.00","2.50","52.34","D","4","5653.00","126","7f 6y","1546","12.11","11.00","HP-PPH","7.00","11","3","9.6","D","8","0","Hcap","Left - Galloping","3yo+,75","13/1","13.00","3","","75","12","12","290","542","252","71","75","73","33","55","","b","g","Troiecat","Persian King","h","0","1.29","1","5","74.32","57.32","20.00","20.00","5","3","0.00","0.00","1.00","0.00","0.00","0.00","NO","0.00","Male","40.54","45.66","51.12","51.10","0.00","0.00","0.00","","","3","0"
"02/09/2026","15:15","Newcastle","Bloodsweatandtyres","21.00","0.00","0.00","0.00","0.00","0.00","NO","","0.00","","9","M P Sheehy","Brian Ellison","44","74","19","71","65","49","54","D","54","54","49","26","10","36","6","02/09/2026 15:15","7f 15y","A/W","E","5","1555","0","3978.00","High Gosforth Park Golf Club Handicap (Class E)","","","","0.00","136","31-0050","0","0","0","0.00","0.00","0.00","1","0","6","16.67","0.00","0.00","-0.50","39.42","E","5","3926.00","134","7f 218y","1758","55.00","34.00","HP-PPPP","10.00","7","4","9.10","CD","3","0","Hcap","Left - Galloping","3yo+,75","10/1","10.00","3","","75","12","12","247","501","254","73","90","68","23","19","","b","g","Axxeleration","Acclamation","b1","0","1.13","1","6","42.51","30.35","50.00","16.67","4","3","0.00","0.00","1.00","0.00","0.00","0.00","NO","0.00","Male","56.65","59.51","52.79","50.24","0.00","0.00","0.00","","","",""
"02/09/2026","15:15","Newcastle","Douwantitrightnow","81.00","0.00","0.00","0.00","0.00","0.00","NO","","0.00","","7","O McSweeney","Kevin Ryan","49","79","79","62","51","49","49","D","49","50","47","11","3","14","6","02/09/2026 15:15","7f 15y","A/W","E","5","1555","0","3978.00","High Gosforth Park Golf Club Handicap (Class E)","","","","0.00","123","554-470","0","0","0","0.00","0.00","0.00","0","0","6","0.00","0.00","0.00","-6.00","0.00","E","5","4187.00","131","6f 195y","1515","100.00","67.00","HPH-LPH","10.00","12","3","8.11","","12","0","Hcap","Left - Galloping","3yo+,75","25/1","25.00","3","","75","12","12","158","460","302","90","85","97","30","79","","b","f","Taliyna","Mehmas","","0","0.98","0","6","21.69","9.37","33.33","16.67","6","3","0.00","0.00","1.00","0.00","0.00","0.00","NO","0.00","Female","45.72","46.48","44.00","43.11","0.00","0.00","0.00","","","10","0"
"02/09/2026","15:15","Newcastle","Havana Prince","11.00","0.00","0.00","0.00","0.00","0.00","NO","","0.00","","2","Tom Eaves","Tony Coyle","64","148","14","74","69","57","59","D","57","68","56","33","30","63","4","02/09/2026 15:15","7f 15y","A/W","E","5","1555","0","3978.00","High Gosforth Park Golf Club Handicap (Class E)","","","","0.00","139","48056-31008","0","0","0","0.00","0.00","0.00","7","4","32","21.88","12.50","0.00","34.50","60.34","D","4","5496.00","130","6f 195y","1515","24.00","21.00","PHPHH-PPHPP","7.00","9","5","9.13","CD","2","0","Hcap","Left - Galloping","3yo+,75","15/2","7.50","3","","75","12","12","312","576","264","65","66","72","61","14","","b","g","Sciacca","Havana Grey","","0","1.37","7","32","57.24","44.28","40.63","31.25","4","1","0.00","0.00","1.00","0.00","0.00","0.00","NO","0.00","Male","31.87","42.13","47.51","47.22","0.00","0.00","0.00","","","",""
"02/09/2026","15:15","Newcastle","Beattie Is Back","3.50","0.00","0.00","0.00","0.00","0.00","NO","","0.00","","3","Warren Fentiman","Richard Fahey","59","120","27","69","72","62","61","E","60","70","61","40","32","72","2","02/09/2026 15:15","7f 15y","A/W","E","5","1555","3","3978.00","High Gosforth Park Golf Club Handicap (Class E)","","","","0.00","134","17-64206503","0","0","0","0.00","0.00","0.00","4","6","33","12.12","18.18","0.00","13.33","47.49","E","5","4711.00","130","6f 17y","1337","6.80","6.00","HH-HHHHHHHP","3.00","8","7","9.8","CD","6","0","Hcap","Left - Galloping","3yo+,75","6/1","6.00","3","","75","12","12","285","585","300","87","79","79","55","27","","b","g","Miss Fifty","Mayson","","0","0.86","4","33","57.81","40.12","54.55","27.27","9","1","25.00","50.00","1.00","0.00","0.00","0.00","NO","0.00","Male","42.87","41.79","46.30","47.18","0.00","0.00","0.00","","","",""
"02/09/2026","15:15","Newcastle","Tasever","23.00","0.00","0.00","0.00","0.00","0.00","NO","","0.00","","8","Tom Kiely-Marshall","Patrick Morris","37","76","39","65","71","59","42","E","45","71","57","15","30","45","12","02/09/2026 15:15","7f 15y","A/W","E","5","1555","5","3978.00","High Gosforth Park Golf Club Handicap (Class E)","","","","0.00","130","6262163870","0","0","0","0.00","0.00","0.00","6","17","58","10.34","29.31","0.00","-28.17","37.95","D","4","5653.00","120","1m 5y","1765","320.00","101.00","LLPLLPPLLL","20.00","3","6","9.4","CD","9","0","Hcap","Left - Galloping","3yo+,75","18/1","18.00","3","","75","12","12","221","482","261","68","70","64","59","39","","b","g","Forever Excel","Tasleet","p","0","0.92","6","58","57.12","41.64","29.31","15.52","6","-1","33.33","50.00","1.00","0.00","0.00","0.00","NO","0.00","Male","26.27","41.54","41.57","36.60","0.00","0.00","0.00","","","",""
"02/09/2026","15:15","Newcastle","Lessay","6.50","0.00","0.00","0.00","0.00","0.00","NO","","0.00","","10","C Horgan","Patrick Morris","60","66","66","61","71","61","62","F","61","70","60","27","32","59","0","02/09/2026 15:15","7f 15y","A/W","E","5","1555","5","3978.00","High Gosforth Park Golf Club Handicap (Class E)","","","","0.00","126","3674507261","0","0","0","0.00","0.00","0.00","4","8","45","8.89","17.78","0.00","-10.25","42.54","F","6","3768.00","123","7f 36y","1576","12.08","10.00","HHHHHHHHHH","0.00","6","5","9.0","D","11","0","Hcap","Left - Galloping","3yo+,75","9/1","9.00","3","","75","12","12","240","460","220","68","64","76","12","66","","b","g","For Now","Churchill","p","0","1.21","4","45","52.15","35.49","24.44","15.56","3","1","50.00","50.00","1.00","0.00","0.00","0.00","NO","0.00","Male","26.27","41.54","41.57","36.60","0.00","0.00","0.00","","","1","0"
"02/09/2026","15:15","Newcastle","Orne","5.00","0.00","0.00","0.00","0.00","0.00","NO","","0.00","","6","Cam Hardie","Antony Brittain","72","86","40","71","75","65","66","D","67","74","64","34","16","50","12","02/09/2026 15:15","7f 15y","A/W","E","5","1555","0","3978.00","High Gosforth Park Golf Club Handicap (Class E)","","","","0.00","136","0407-030376","0","0","0","0.00","0.00","0.00","2","6","26","7.69","23.08","0.00","-11.50","140.15","D","4","12885.00","127","7f","1540","17.00","13.00","HLPP-HLPLLL","20.00","1","5","9.10","D","4","0","Hcap","Left - Galloping","3yo+,75","7/1","7.00","3","","75","12","12","300","532","232","67","56","73","36","40","","b","g","Pellucid","Acclamation","b","0","0.82","2","26","50.91","35.28","50.00","26.92","6","1","100.00","100.00","1.00","0.00","0.00","0.00","NO","0.00","Male","64.59","64.91","53.16","52.34","0.00","0.00","0.00","","","4","2"
"02/09/2026","15:15","Newcastle","Havanagreattime","101.00","0.00","0.00","0.00","0.00","0.00","NO","","0.00","","5","Miss Joanna Mason","Ruth Carr","40","108","15","75","78","62","46","D","40","75","61","16","11","27","6","02/09/2026 15:15","7f 15y","A/W","E","5","1555","0","3978.00","High Gosforth Park Golf Club Handicap (Class E)","","","","0.00","140","93172709-09","0","0","0","0.00","0.00","0.00","4","4","21","19.05","19.05","0.00","11.67","77.39","D","4","5234.00","133","7f 36y","1576","290.00","126.00","PLLLLPHP-HL","10.00","10","5","10.0","D","1","0","Hcap","Left - Galloping","3yo+,75","16/1","16.00","3","","75","12","12","262","544","282","69","78","92","43","15","","gr","g","Dame Shirley","Havana Grey","WS","0","1.28","4","21","53.14","41.46","23.81","23.81","-3","-3","0.00","0.00","1.00","0.00","0.00","0.00","NO","0.00","Male","46.06","48.84","49.73","51.51","0.00","0.00","0.00","","","",""
"02/09/2026","15:30","Bath","Stapleford Park","26.00","0.00","0.00","0.00","0.00","0.00","NO","","0.00","","9","S C Cronin","Michael Attwater","48","59","11","50","62","53","51","F","52","59","52","16","6","22","0","02/09/2026 15:30","5f 10y","Turf","F","6","1110","5","3454.00","Trusted Betting Site Reviews gambling.com Handicap (Class F)","","","","0.00","131","08-74672747","0","0","0","0.00","0.00","0.00","1","2","17","5.88","11.76","0.00","-10.00","76.44","F","6","3768.00","126","5f 6y","1106","50.39","34.00","HH-PLPLLHHH","0.00","3","4","9.5","","4","0","Hcap","Left - Galloping","4yo+,55","14/1","14.00","4","","55","10","10","236","535","299","80","91","77","51","11","","b","g","Totally Lost","Ardad","","0","1.15","1","17","39.26","24.57","41.18","29.41","7","1","100.00","100.00","1.00","0.00","0.00","0.00","NO","0.00","Male","31.41","32.96","31.87","38.87","0.00","0.00","0.00","","","",""
"02/09/2026","15:45","Newcastle","Eevee Star","8.00","0.00","0.00","0.00","0.00","0.00","NO","","0.00","","3","P J McDonald","Ed Bethell","47","130","16","60","58","45","44","F","45","47","46","0","3","3","0","02/09/2026 15:45","6f 1y","A/W","F","6","1321","0","3245.00","Christmas Parties At Newcastle Racecourse Nursery Handicap (Class F)","","","","0.00","135","35587","0","0","0","0.00","0.00","0.00","0","1","5","0.00","20.00","0.00","-5.00","0.00","F","6","3664.00","133","5f 212y","1312","20.00","15.00","HLHHH","0.00","9","2","9.9","","1","0","Hcap-Nur","Left - Galloping","2yo,60","","0.00","2","2","60","11","11","304","675","371","90","86","95","100","16","","ch","f","Choux","Showcasing","b1","0","1.05","0","5","39.65","19.15","0.00","0.00","1","1","0.00","0.00","1.00","0.00","0.00","0.00","NO","0.00","Female","77.42","57.40","65.00","65.62","0.00","0.00","0.00","","","",""
"02/09/2026","15:45","Newcastle","River Jordan","8.00","0.00","0.00","0.00","0.00","0.00","NO","","0.00","","11","Jason Hart","Phillip Makin","47","9","32","57","54","47","48","D","47","47","48","0","10","10","4","02/09/2026 15:45","6f 1y","A/W","F","6","1321","0","3245.00","Christmas Parties At Newcastle Racecourse Nursery Handicap (Class F)","","","","0.00","132","757","0","0","0","0.00","0.00","0.00","0","0","3","0.00","0.00","0.00","-3.00","0.00","D","4","5940.00","130","5f","1100","24.71","19.00","LHH","13.00","3","2","9.6","","6","0","Hcap-Nur","Left - Galloping","2yo,60","","0.00","2","2","60","11","11","319","638","319","65","79","75","100","32","","b","g","Zerka","Ubettabelieveit","","0","0.75","0","3","22.54","5.72","33.33","0.00","1","1","0.00","0.00","1.00","0.00","0.00","0.00","NO","0.00","Male","62.22","60.90","59.73","47.87","0.00","0.00","0.00","","","",""
"02/09/2026","15:30","Bath","Coolagh Magic","13.00","0.00","0.00","0.00","0.00","0.00","NO","","0.00","","2","William Carson","Anthony Carson","49","115","11","50","69","56","46","F","49","69","54","24","18","42","4","02/09/2026 15:30","5f 10y","Turf","F","6","1110","0","3454.00","Trusted Betting Site Reviews gambling.com Handicap (Class F)","","","","0.00","131","4-484396416","0","0","0","0.00","0.00","0.00","10","14","71","14.08","19.72","0.00","-24.67","33.11","F","6","3768.00","131","5f 6y","1106","10.43","9.00","H-HHHHHHHPP","7.00","6","10","9.5","D","5","0","Hcap","Left - Galloping","4yo+,55","9/1","9.00","4","","55","10","10","259","520","261","73","62","84","42","11","","b","g","Miliika","Sepoy","WS","0","0.79","10","65","54.44","39.00","43.08","30.77","17","1","40.00","50.00","1.00","0.00","0.00","0.00","NO","0.00","Male","0.00","35.71","35.71","23.81","0.00","0.00","0.00","","","",""
"02/09/2026","15:45","Newcastle","Yorkshire Dream","23.00","0.00","0.00","0.00","0.00","0.00","NO","","0.00","","1","Andrew Mullen","Ben Haslam","33","192","20","46","47","38","35","B","33","43","38","0","3","3","0","02/09/2026 15:45","6f 1y","A/W","F","6","1321","0","3245.00","Christmas Parties At Newcastle Racecourse Nursery Handicap (Class F)","","","","0.00","121","5709","0","0","0","0.00","0.00","0.00","0","0","4","0.00","0.00","0.00","-4.00","0.00","F","6","4004.00","120","7f 75y","1615","24.00","15.00","HHHH","0.00","5","2","8.9","","11","0","Hcap-Nur","Left - Galloping","2yo,60","","0.00","2","2","60","11","11","260","628","368","97","78","93","100","20","","b","g","Conjuring","Space Traveller","p1","0","0.81","0","4","14.68","3.60","25.00","25.00","-4","-3","0.00","0.00","1.00","0.00","0.00","0.00","NO","0.00","Male","41.39","41.26","38.85","43.30","0.00","0.00","0.00","","","",""
"02/09/2026","15:45","Newcastle","Profitability","3.50","0.00","0.00","0.00","0.00","0.00","NO","","0.00","","5","Tom Eaves","Craig Lidster","57","79","22","59","57","55","55","D","55","55","55","0","17","17","4","02/09/2026 15:45","6f 1y","A/W","F","6","1321","0","3245.00","Christmas Parties At Newcastle Racecourse Nursery Handicap (Class F)","","","","0.00","134","563","0","0","0","0.00","0.00","0.00","0","0","3","0.00","0.00","0.00","-3.00","0.00","D","4","6210.00","125","6f 6y","1326","14.05","11.00","HPP","13.00","10","2","9.8","","2","0","Hcap-Nur","Left - Galloping","2yo,60","","0.00","2","2","60","11","11","345","681","336","83","65","88","100","22","","ch","f","Mac Jetes","Profitable","","0","1.18","0","3","54.85","30.25","0.00","0.00","1","1","0.00","0.00","1.00","0.00","0.00","0.00","NO","0.00","Female","31.39","30.32","41.84","43.12","0.00","0.00","0.00","","","",""
"02/09/2026","15:45","Newcastle","Bladey Lady","13.00","0.00","0.00","0.00","0.00","0.00","NO","","0.00","","8","Duran Fentiman","Tim Easterby","42","43","86","53","50","42","42","D","42","42","42","0","5","5","4","02/09/2026 15:45","6f 1y","A/W","F","6","1321","0","3245.00","Christmas Parties At Newcastle Racecourse Nursery Handicap (Class F)","","","","0.00","128","347","0","0","0","0.00","0.00","0.00","0","0","3","0.00","0.00","0.00","-3.00","0.00","E","5","4320.00","128","6f","1320","190.67","101.00","PHP","13.00","7","2","9.2","","10","0","Hcap-Nur","Left - Galloping","2yo,60","","0.00","2","2","60","11","11","267","553","286","65","56","65","100","86","","b","f","Nashmiah","Minzaal","","0","1.17","0","3","50.00","25.67","33.33","33.33","3","3","0.00","0.00","1.00","0.00","0.00","0.00","NO","0.00","Female","46.80","43.77","46.95","46.83","0.00","0.00","0.00","","","7","0"
"02/09/2026","15:30","Bath","Recon Mission","6.00","0.00","0.00","0.00","0.00","0.00","NO","","0.00","","1","Luke Morris","Tony Carroll","54","162","11","54","77","61","53","F","54","77","60","31","41","72","8","02/09/2026 15:30","5f 10y","Turf","F","6","1110","0","3454.00","Trusted Betting Site Reviews gambling.com Handicap (Class F)","","","","0.00","135","63732-66533","0","0","0","0.00","0.00","0.00","8","21","88","9.09","23.86","0.00","-27.88","134.97","F","6","3768.00","134","5f 6y","1106","5.02","5.50","LLHLL-PPPPL","15.00","7","10","9.9","D","1","0","Hcap","Left - Galloping","4yo+,55","13/2","6.50","4","","55","10","10","332","571","239","93","70","76","0","11","","b","g","Ermine Ruby","Kodiac","","0","1.10","6","82","50.46","34.33","34.15","20.73","24","-1","16.67","50.00","1.00","0.00","0.00","0.00","NO","0.00","Male","31.31","36.44","41.46","42.84","0.00","0.00","0.00","","","",""
"02/09/2026","15:30","Bath","Wedgewood","8.50","0.00","0.00","0.00","0.00","0.00","NO","","0.00","","5","Tom Marquand","Tony Carroll","52","98","72","47","65","54","48","F","52","64","52","26","14","40","8","02/09/2026 15:30","5f 10y","Turf","F","6","1110","0","3454.00","Trusted Betting Site Reviews gambling.com Handicap (Class F)","","","","0.00","128","4784-612266","0","0","0","0.00","0.00","0.00","7","11","44","15.91","25.00","0.00","-13.80","33.05","F","6","3768.00","116","5f 21y","1121","7.62","7.00","LPPL-PPPLPP","15.00","9","6","9.2","CD","8","0","Hcap","Left - Galloping","4yo+,55","8/1","8.00","4","","55","10","10","265","572","307","93","84","92","38","72","","b","m","Gorgeous","Outstrip","","0","0.92","7","44","52.07","39.94","63.64","50.00","8","-3","14.29","28.57","1.00","0.00","0.00","0.00","NO","0.00","Female","31.31","36.44","41.46","42.84","0.00","0.00","0.00","","","5","1"
"02/09/2026","15:30","Bath","Mart","11.00","0.00","0.00","0.00","0.00","0.00","NO","","0.00","","4","Ryan Kavanagh","Des Donovan","","102","1","51","70","59","58","F","57","67","57","18","15","33","6","02/09/2026 15:30","5f 10y","Turf","F","6","1110","3","3454.00","Trusted Betting Site Reviews gambling.com Handicap (Class F)","","","","0.00","132","754364360?","0","0","0","0.00","0.00","0.00","7","8","54","12.96","14.81","0.00","-9.13","42.97","F","6","3245.00","121","5f 6y","1106","1.00","34.00","HLHHLPPPP","11.00","8","5","9.6","D","3","0","Hcap","Left - Galloping","4yo+,55","12/1","12.00","4","","55","10","10","289","540","251","85","78","70","18","1","","b","g","Adorn","Dark Angel","tb1","0","0.89","7","54","48.49","33.30","20.37","14.81","0","1","14.29","28.57","1.00","0.00","0.00","0.00","NO","0.00","Male","0.00","11.54","20.65","25.47","0.00","0.00","0.00","","","",""
"02/09/2026","15:30","Bath","Call Time","4.50","0.00","0.00","0.00","0.00","0.00","NO","","0.00","","6","Taylor Fisher","J S Moore","66","89","5","51","72","59","56","F","55","69","56","21","37","58","4","02/09/2026 15:30","5f 10y","Turf","F","6","1110","0","3454.00","Trusted Betting Site Reviews gambling.com Handicap (Class F)","","","","0.00","132","234635-0763","0","0","0","0.00","0.00","0.00","2","7","29","6.90","24.14","0.00","-25.10","36.98","F","6","3454.00","129","5f","1100","6.40","5.00","PPPHPH-PPHP","7.00","2","5","9.6","CD","2","0","Hcap","Left - Galloping","4yo+,55","10/1","10.00","4","","55","10","10","286","532","246","62","73","71","40","5","","br","g","Broken Time","Soldier's Call","p","0","0.94","2","29","52.10","35.22","17.24","10.34","3","1","0.00","0.00","1.00","0.00","0.00","0.00","NO","0.00","Male","57.07","57.59","55.66","56.18","0.00","0.00","0.00","","","",""
"02/09/2026","15:30","Bath","Symbol Of Hope","15.00","0.00","0.00","0.00","0.00","0.00","NO","","0.00","","7","Callum Hutchinson","G Harris","56","80","16","46","67","56","59","F","59","67","55","29","31","60","6","02/09/2026 15:30","5f 10y","Turf","F","6","1110","0","3454.00","Trusted Betting Site Reviews gambling.com Handicap (Class F)","","","","0.00","127","4770384327","0","0","0","0.00","0.00","0.00","8","11","82","9.76","13.41","0.00","-31.92","31.31","F","6","3768.00","129","6f 12y","1332","25.97","19.00","HHHHLLLPPP","11.00","10","8","9.1","CD","9","0","Hcap","Left - Galloping","4yo+,55","7/1","7.00","4","","55","10","10","276","556","280","81","84","84","31","16","","b","g","Catalina Bay","Dandy Man","p","0","1.52","8","82","49.33","33.49","31.71","20.73","14","3","25.00","25.00","1.00","0.00","0.00","0.00","NO","0.00","Male","45.91","43.19","48.05","49.15","0.00","0.00","0.00","","","",""
"02/09/2026","15:30","Bath","Hi Hoh Tonto","13.00","0.00","0.00","0.00","0.00","0.00","NO","","0.00","","10","Gina Mangan","Nick Littmoden","57","38","114","45","68","52","36","F","52","58","46","9","3","12","10","02/09/2026 15:30","5f 10y","Turf","F","6","1110","0","3454.00","Trusted Betting Site Reviews gambling.com Handicap (Class F)","","","","0.00","126","237/0780-605","0","0","0","0.00","0.00","0.00","0","3","21","0.00","14.29","0.00","-21.00","0.00","F","6","3926.00","126","5f","1100","12.50","12.00","HHP/PHHP-LPL","19.00","5","7","9.0","","10","0","Hcap","Left - Galloping","4yo+,55","25/1","25.00","4","","55","10","10","190","460","270","70","73","79","48","114","","gr","h","Blakeshall Diamond","Captain Gerrard","","0","1.21","0","21","29.43","19.18","52.38","23.81","5","-1","0.00","0.00","1.00","0.00","0.00","0.00","NO","0.00","Male","20.00","36.67","26.04","23.74","0.00","0.00","0.00","","","4","1"
"02/09/2026","15:30","Bath","Jackie Brown","6.00","0.00","0.00","0.00","0.00","0.00","NO","","0.00","","2","Finley Marsh","Adrian Wintle","56","115","16","48","64","55","59","F","59","64","52","42","35","77","0","02/09/2026 15:30","5f 10y","Turf","F","6","1110","0","3454.00","Trusted Betting Site Reviews gambling.com Handicap (Class F)","","","","0.00","129","533-6953216","0","0","0","0.00","0.00","0.00","3","6","38","7.89","15.79","0.00","-23.13","54.51","F","6","3768.00","131","6f 12y","1332","4.60","4.00","HHH-HPHPHHH","0.00","1","6","9.3","C","7","0","Hcap","Left - Galloping","4yo+,55","9/2","4.50","4","","55","10","10","296","620","324","86","78","84","76","16","","b","m","Patty Paige","Smooth Daddy","t","0","1.05","3","38","53.81","37.66","26.32","23.68","6","-1","33.33","33.33","1.00","0.00","0.00","0.00","NO","0.00","Female","51.94","44.06","46.22","49.52","0.00","0.00","0.00","","","",""
"02/09/2026","19:10","Navan","Marmeladova","12.00","0.00","0.00","0.00","0.00","0.00","NO","","0.00","","3","W J Lee","K J Condon","59","82","13","76","75","57","52","C","55","67","57","25","26","51","2","02/09/2026 19:10","1m 20y","Turf","D","4","1780","0","9000.00","Navan Racing Festival 14th & 15th November Handicap (Class D) (0-85)","","","","0.00","136","08-14321065","0","0","0","0.00","0.00","0.00","2","3","13","15.38","23.08","0.00","4.00","93.00","C","3","15000.00","128","1m","1760","16.23","13.00","HH-HPHHHPHH","2.00","4","5","9.10","","8","0","Hcap","Left - Stiff / Undulating","3yo+,85","20/1","20.00","3","","85","21","21","165","346","181","45","84","56","-4","13","","b","m","Dance Around","Inns Of Court","","0","1.11","2","13","51.69","38.59","30.77","23.08","5","1","50.00","50.00","1.00","0.00","0.00","0.00","NO","0.00","Female","24.12","38.91","39.02","46.98","0.00","0.00","0.00","","","",""
"02/09/2026","19:10","Navan","Morehampton","9.00","0.00","0.00","0.00","0.00","0.00","NO","","0.00","","12","P McGettigan","J P Murtagh","67","40","2","79","68","61","64","D","67","68","60","32","16","48","4","02/09/2026 19:10","1m 20y","Turf","D","4","1780","5","9000.00","Navan Racing Festival 14th & 15th November Handicap (Class D) (0-85)","","","","0.00","134","350-4050932","0","0","0","0.00","0.00","0.00","1","4","12","8.33","33.33","0.00","-8.00","150.00","D","4","12000.00","131","7f 94y","1634","15.75","12.00","PHP-PPPPHPP","4.00","20","3","9.8","","11","0","Hcap","Left - Stiff / Undulating","3yo+,85","16/1","16.00","3","","85","21","21","208","358","150","59","41","51","-1","2","","b","g","Donnybrook","Sea The Moon","p","0","0.00","1","12","50.88","36.87","25.00","25.00","0","1","0.00","0.00","1.00","0.00","0.00","0.00","NO","0.00","Male","38.94","40.29","45.43","47.01","0.00","0.00","0.00","","","",""
"02/09/2026","19:10","Navan","Slight Of Foot","19.00","0.00","0.00","0.00","0.00","0.00","NO","","0.00","","9","Reese Holohan","R P Cody","54","53","21","73","62","52","52","E","54","61","52","19","18","37","2","02/09/2026 19:10","1m 20y","Turf","D","4","1780","7","9000.00","Navan Racing Festival 14th & 15th November Handicap (Class D) (0-85)","","","","0.00","128","02-694093","0","0","0","0.00","0.00","0.00","0","2","8","0.00","25.00","0.00","-8.00","0.00","E","5","6000.00","128","1m","1760","85.00","29.00","HP-HHHHPH","2.00","1","3","9.2","","18","0","Hcap","Left - Stiff / Undulating","3yo+,85","28/1","28.00","3","","85","21","21","10","182","172","76","69","82","-55","21","","b","g","Nimble Thimble","Kingman","","0","0.67","0","8","43.98","27.51","12.50","12.50","2","3","0.00","0.00","1.00","0.00","0.00","0.00","NO","0.00","Male","88.10","88.29","71.67","57.80","0.00","0.00","0.00","","","",""
"02/09/2026","19:10","Navan","Exquisite Acclaim","23.00","0.00","0.00","0.00","0.00","0.00","NO","","0.00","","4","S Coen","Adrian McGuinness","59","79","21","78","75","63","58","C","59","73","62","24","15","39","8","02/09/2026 19:10","1m 20y","Turf","D","4","1780","5","9000.00","Navan Racing Festival 14th & 15th November Handicap (Class D) (0-85)","","","","0.00","138","2104073604","0","0","0","0.00","0.00","0.00","9","10","66","13.64","15.15","0.00","2.25","99.67","D","4","15000.00","137","7f","1540","14.50","12.00","PPLPHPLLPP","8.00","11","7","9.12","D","6","0","Hcap","Left - Stiff / Undulating","3yo+,85","22/1","22.00","3","","85","21","21","174","322","148","42","95","80","-69","21","","b","g","Exquisite Ruby","Acclamation","v","0","0.30","9","66","56.31","41.69","37.88","24.24","44","3","33.33","33.33","1.00","0.00","0.00","0.00","NO","0.00","Male","50.47","49.62","60.24","57.78","0.00","0.00","0.00","","","",""
"02/09/2026","19:10","Navan","No More Porter","9.00","0.00","0.00","0.00","0.00","0.00","NO","","0.00","","20","Adam Caffrey","Adrian McGuinness","62","19","24","74","78","62","67","D","67","78","61","37","22","59","2","02/09/2026 19:10","1m 20y","Turf","D","4","1780","0","9000.00","Navan Racing Festival 14th & 15th November Handicap (Class D) (0-85)","","","","0.00","134","446-3023283","0","0","0","0.00","0.00","0.00","3","23","63","4.76","36.51","0.00","-43.00","92.00","C","3","18000.00","125","1m","1760","7.37","6.50","HPH-HHHHPHH","2.00","5","8","9.8","D","12","0","Hcap","Left - Stiff / Undulating","3yo+,85","14/1","14.00","3","","85","21","21","150","149","-1","42","54","40","-13","24","","b","g","Zaziyra","Elzaam","tp","0","1.34","3","63","64.75","48.85","14.29","9.52","19","1","66.67","66.67","1.00","0.00","0.00","0.00","NO","0.00","Male","50.47","49.62","60.24","57.78","0.00","0.00","0.00","","","",""
"02/09/2026","19:10","Navan","Felix Somary","13.00","0.00","0.00","0.00","0.00","0.00","NO","","0.00","","18","R M Mulligan","John O'Donoghue","63","34","31","75","65","58","57","D","57","63","56","33","29","62","4","02/09/2026 19:10","1m 20y","Turf","D","4","1780","5","9000.00","Navan Racing Festival 14th & 15th November Handicap (Class D) (0-85)","","","","0.00","130","140-99033","0","0","0","0.00","0.00","0.00","1","2","8","12.50","25.00","0.00","0.00","126.00","D","4","10800.00","125","1m 73y","1833","12.94","10.00","LLP-PPHPP","4.00","6","3","9.4","","17","0","Hcap","Left - Stiff / Undulating","3yo+,85","16/1","16.00","3","","85","21","21","211","334","123","56","31","65","-29","31","","b","g","Kiltara","Acclamation","v","0","0.89","1","8","47.74","34.72","62.50","25.00","2","1","0.00","0.00","1.00","0.00","0.00","0.00","NO","0.00","Male","46.43","48.73","54.37","59.46","0.00","0.00","0.00","","","",""
"02/09/2026","19:10","Navan","Cala Bonita","19.00","0.00","0.00","0.00","0.00","0.00","NO","","0.00","","8","Robbie Colgan","Matthew J Smith","64","56","18","75","75","59","65","C","64","66","57","29","46","75","4","02/09/2026 19:10","1m 20y","Turf","D","4","1780","0","9000.00","Navan Racing Festival 14th & 15th November Handicap (Class D) (0-85)","","","","0.00","135","2118-484719","0","0","0","0.00","0.00","0.00","4","3","18","22.22","16.67","0.00","14.00","77.25","C","3","30000.00","118","1m 2f 150y","2350","19.62","13.00","HPLP-PHPHPP","4.00","18","4","9.9","D","9","0","Hcap","Left - Stiff / Undulating","3yo+,85","18/1","18.00","3","","85","21","21","228","244","16","47","14","26","-71","18","","br","f","Aalia","Inns Of Court","p","0","0.00","4","18","57.95","44.25","27.78","27.78","8","1","0.00","0.00","1.00","0.00","0.00","0.00","NO","0.00","Female","44.70","44.70","40.42","42.00","0.00","0.00","0.00","","","",""
"02/09/2026","19:10","Navan","Frank Pickle","12.00","0.00","0.00","0.00","0.00","0.00","NO","","0.00","","7","Wayne Lordan","Mrs Denise Foster","67","66","39","79","73","61","65","D","67","67","61","30","24","54","6","02/09/2026 19:10","1m 20y","Turf","D","4","1780","0","9000.00","Navan Racing Festival 14th & 15th November Handicap (Class D) (0-85)","","","","0.00","139","557260-4518","0","0","0","0.00","0.00","0.00","1","1","11","9.09","9.09","0.00","-2.00","120.00","D","4","9000.00","139","1m","1760","11.50","8.50","HPPLLL-PPPP","6.00","3","5","9.13","D","3","0","Hcap","Left - Stiff / Undulating","3yo+,85","18/1","18.00","3","","85","21","21","204","384","180","27","86","61","6","39","","b","g","Merited","Free Eagle","","0","1.11","1","11","61.25","44.26","36.36","27.27","1","-1","0.00","0.00","1.00","0.00","0.00","0.00","NO","0.00","Male","0.00","0.00","0.00","50.40","0.00","0.00","0.00","","","",""
"02/09/2026","19:10","Navan","Dream Legend","9.00","0.00","0.00","0.00","0.00","0.00","NO","","0.00","","16","Reserve 3","E D Delany","63","35","62","69","63","47","57","F","59","59","41","22","38","60","6","02/09/2026 19:10","1m 20y","Turf","D","4","1780","0","9000.00","Navan Racing Festival 14th & 15th November Handicap (Class D) (0-85)","","","","0.00","124","000006-0131","0","0","0","0.00","0.00","0.00","2","1","10","20.00","10.00","0.00","36.50","66.00","F","6","6000.00","136","7f 211y","1751","7.64","5.50","PHHHHH-HPPP","6.00","17","3","8.12","D","21","0","Hcap","Left - Stiff / Undulating","3yo+,85","25/1","25.00","3","","85","21","21","125","269","144","30","13","35","66","62","","ch","g","Play On Words","Twilight Son","","0","0.00","2","10","37.74","31.19","40.00","30.00","4","3","50.00","50.00","1.00","0.00","0.00","0.00","NO","0.00","Male","41.67","46.83","48.45","24.80","0.00","0.00","0.00","","","",""
"02/09/2026","19:10","Navan","Colpe Cross","17.00","0.00","0.00","0.00","0.00","0.00","NO","","0.00","","14","Reserve 2","Miss N Lupini","53","38","397","72","61","53","54","E","53","53","54","9","10","19","4","02/09/2026 19:10","1m 20y","Turf","D","4","1780","0","9000.00","Navan Racing Festival 14th & 15th November Handicap (Class D) (0-85)","","","","0.00","132","524-","0","0","0","0.00","0.00","0.00","0","1","3","0.00","33.33","0.00","-3.00","0.00","E","5","10200.00","139","1m 4f","2640","4.60","4.00","HPP-","4.00","7","5","9.6","","20","0","Hcap","Left - Stiff / Undulating","3yo+,85","66/1","66.00","3","","85","21","21","-53","36","89","42","13","35","-1","397","","b","m","New Winds","Le Havre","","0","1.56","0","3","66.81","48.49","33.33","33.33","-1","-1","0.00","0.00","1.00","0.00","0.00","0.00","NO","0.00","Female","18.52","37.64","47.99","46.71","0.00","0.00","0.00","","","",""
"02/09/2026","19:10","Navan","Spodo Komodo","21.00","0.00","0.00","0.00","0.00","0.00","NO","","0.00","","11","Seamie Heffernan","John James Feane","53","47","15","77","73","54","58","D","53","66","57","31","13","44","4","02/09/2026 19:10","1m 20y","Turf","D","4","1780","0","9000.00","Navan Racing Festival 14th & 15th November Handicap (Class D) (0-85)","","","","0.00","137","4431-0200","0","0","0","0.00","0.00","0.00","1","2","8","12.50","25.00","0.00","0.50","120.00","D","4","9600.00","138","7f 111y","1651","18.50","15.00","LHLL-HPPH","4.00","13","4","9.11","","7","0","Hcap","Left - Stiff / Undulating","3yo+,85","16/1","16.00","3","","85","21","21","157","277","120","39","65","38","-22","15","","b","g","M'As Tu Vu","Advertise","","0","0.00","1","8","62.73","47.74","25.00","12.50","4","-1","0.00","0.00","1.00","0.00","0.00","0.00","NO","0.00","Male","45.83","38.54","33.12","45.17","0.00","0.00","0.00","","","",""
"02/09/2026","19:10","Navan","Harana","13.00","0.00","0.00","0.00","0.00","0.00","NO","","0.00","","5","Chris Hayes","D K Weld","67","73","39","79","75","65","70","E","69","69","66","17","33","50","6","02/09/2026 19:10","1m 20y","Turf","D","4","1780","0","9000.00","Navan Racing Festival 14th & 15th November Handicap (Class D) (0-85)","","","","0.00","139","2-35157","0","0","0","0.00","0.00","0.00","1","2","6","16.67","33.33","0.00","-3.00","66.01","D","4","9000.00","140","1m","1760","9.00","7.50","P-PPPPP","6.00","12","4","9.13","","4","0","Hcap","Left - Stiff / Undulating","3yo+,85","33/1","33.00","3","","85","21","21","184","376","192","73","55","61","3","39","","b","f","Harasiya","Ghaiyyath","p","0","0.64","1","6","71.76","57.57","66.67","33.33","2","1","0.00","0.00","1.00","0.00","0.00","0.00","NO","0.00","Female","61.66","52.68","63.68","59.50","0.00","0.00","0.00","","","",""
"02/09/2026","19:10","Navan","Sonoran","15.00","0.00","0.00","0.00","0.00","0.00","NO","","0.00","","1","Colin Keane","G M Lyons","70","92","17","79","73","57","57","D","53","70","55","24","6","30","4","02/09/2026 19:10","1m 20y","Turf","D","4","1780","0","9000.00","Navan Racing Festival 14th & 15th November Handicap (Class D) (0-85)","","","","0.00","139","6403-036995","0","0","0","0.00","0.00","0.00","1","2","12","8.33","16.67","0.00","-1.00","96.00","D","4","12600.00","140","1m 2f","2200","29.00","21.00","PPPL-HPHHLH","4.00","16","4","9.13","","5","0","Hcap","Left - Stiff / Undulating","3yo+,85","22/1","22.00","3","","85","21","21","109","344","235","95","96","84","-40","17","","b","g","Falling Rain","Arizona","t","0","2.52","1","12","53.23","34.87","25.00","8.33","2","-1","0.00","0.00","1.00","0.00","0.00","0.00","NO","0.00","Male","50.56","53.55","53.01","57.43","0.00","0.00","0.00","","","",""
"02/09/2026","19:10","Navan","Expound","23.00","0.00","0.00","0.00","0.00","0.00","NO","","0.00","","21","Reserve 1","Denis Gerard Hogan","53","0","18","73","71","57","49","D","48","68","54","16","6","22","12","02/09/2026 19:10","1m 20y","Turf","D","4","1780","0","9000.00","Navan Racing Festival 14th & 15th November Handicap (Class D) (0-85)","","","","0.00","133","3626-5404P7","0","0","0","0.00","0.00","0.00","5","18","46","10.87","39.13","77.78","-13.29","78.00","D","4","9000.00","138","1m 4f","2640","24.41","19.00","LLLL-PHPLLL","12.00","8","7","9.7","","19","0","Hcap","Left - Stiff / Undulating","3yo+,85","33/1","33.00","3","","85","21","21","34","97","63","21","11","35","-4","18","111","ch","g","Entity","Ulysses","tp","0","1.56","5","46","66.60","52.93","47.83","23.91","18","1","40.00","40.00","1.00","0.00","0.00","0.00","NO","0.00","Male","33.85","36.16","43.77","45.23","0.00","0.00","0.00","","","",""
"02/09/2026","19:20","Hamilton","Mimi's Magic","21.00","0.00","0.00","0.00","0.00","0.00","NO","","0.00","","5","Daniel Tudhope","Ed Dunlop","53","100","15","59","65","53","53","E","53","58","53","19","3","22","2","02/09/2026 19:20","1m 68y","Turf","F","6","1828","0","3664.00","Cleanstay At Hampton By Hilton Handicap (Class F)","","","","0.00","132","626-325689","0","0","0","0.00","0.00","0.00","0","2","9","0.00","22.22","0.00","-9.00","0.00","E","5","3978.00","132","1m 142y","1902","38.00","29.00","HHH-HPHPHH","8.00","9","3","9.6","","7","0","Hcap","Right - Undulating","3yo+,60","12/1","12.00","3","","60","10","10","242","570","328","96","90","88","54","15","","b","f","Lady Guinevere","Cable Bay","","0","0.81","0","9","48.06","30.86","22.22","11.11","3","-1","0.00","0.00","1.00","0.00","0.00","0.00","NO","0.00","Female","46.69","44.28","40.29","41.94","0.00","0.00","0.00","","","",""
"02/09/2026","19:20","Hamilton","Kelpie Grey","7.50","0.00","0.00","0.00","0.00","0.00","NO","","0.00","","7","Paul Mulrennan","Jim Goldie","55","78","23","59","72","60","55","F","55","70","59","12","26","38","6","02/09/2026 19:20","1m 68y","Turf","F","6","1828","0","3664.00","Cleanstay At Hampton By Hilton Handicap (Class F)","","","","0.00","137","05-65860680","0","0","0","0.00","0.00","0.00","4","7","36","11.11","19.44","0.00","15.35","57.30","F","6","3664.00","139","7f 50y","1590","4.83","4.00","LH-PLPHHPPP","23.00","8","6","9.11","D  BF","4","0","Hcap","Right - Undulating","3yo+,60","20/1","20.00","3","","60","10","10","288","553","265","86","81","83","15","23","","gr","g","Malelane","Havana Grey","","0","0.87","4","36","56.01","38.96","22.22","19.44","4","-3","25.00","50.00","1.00","0.00","0.00","0.00","NO","0.00","Male","68.66","63.54","54.24","50.75","0.00","0.00","0.00","","","",""
"02/09/2026","19:20","Hamilton","Penelope's Sister","7.00","0.00","0.00","0.00","0.00","0.00","NO","","0.00","","2","Shay Farmer","Jim Goldie","62","162","23","58","70","59","58","F","62","70","56","32","27","59","4","02/09/2026 19:20","1m 68y","Turf","F","6","1828","5","3664.00","Cleanstay At Hampton By Hilton Handicap (Class F)","","","","0.00","136","316-7985435","0","0","0","0.00","0.00","0.00","4","7","27","14.81","25.93","0.00","16.75","39.91","F","6","3664.00","131","1m 2f","2200","6.25","5.00","HLP-HHHHHLH","15.00","6","6","9.10","C D","5","0","Hcap","Right - Undulating","3yo+,60","13/2","6.50","3","","60","10","10","330","617","287","86","68","73","60","23","","b","m","Lenoire","War Command","","0","0.98","4","27","53.21","40.11","29.63","22.22","3","-3","25.00","25.00","1.00","0.00","0.00","0.00","NO","0.00","Female","68.66","63.54","54.24","50.75","0.00","0.00","0.00","","","",""
"02/09/2026","19:20","Hamilton","Aurelune","7.50","0.00","0.00","0.00","0.00","0.00","NO","","0.00","","6","Oisin Orr","Richard Fahey","59","79","60","58","59","46","50","F","48","48","48","26","10","36","2","02/09/2026 19:20","1m 68y","Turf","F","6","1828","0","3664.00","Cleanstay At Hampton By Hilton Handicap (Class F)","","","","0.00","131","53673","0","0","0","0.00","0.00","0.00","0","2","5","0.00","40.00","0.00","-5.00","0.00","F","6","3140.00","132","1m 53y","1813","14.33","11.00","HHHHP","8.00","1","3","9.5","","8","0","Hcap","Right - Undulating","3yo+,60","17/2","8.50","3","","60","10","10","226","541","315","81","88","86","60","60","","b","f","Queen Of Carthage","Ghaiyyath","","0","1.23","0","5","46.06","29.36","20.00","20.00","3","3","0.00","0.00","1.00","0.00","0.00","0.00","NO","0.00","Female","42.87","41.79","46.30","47.18","0.00","0.00","0.00","","","3","0"
"02/09/2026","19:20","Hamilton","Tee Aitch Aye","3.25","0.00","0.00","0.00","0.00","0.00","NO","","0.00","","1","Mr Jack Nicholls","Iain Jardine","60","173","23","60","67","57","59","F","60","66","55","45","35","80","0","02/09/2026 19:20","1m 68y","Turf","F","6","1828","3","3664.00","Cleanstay At Hampton By Hilton Handicap (Class F)","","","","0.00","138","5135-807632","0","0","0","0.00","0.00","0.00","1","4","17","5.88","23.53","0.00","-12.50","41.87","F","6","3664.00","136","1m 2f","2200","6.00","4.50","HHHH-HHHHHH","0.00","4","5","9.12","C","1","0","Hcap","Right - Undulating","3yo+,60","9/2","4.50","3","","60","10","10","319","632","313","76","90","86","61","23","","b","g","Toni Baby","Fascinating Rock","p","0","1.49","1","17","50.99","36.03","17.65","5.88","1","1","0.00","0.00","1.00","0.00","0.00","0.00","NO","0.00","Male","45.52","54.32","54.82","56.60","0.00","0.00","0.00","","","",""
"02/09/2026","19:20","Hamilton","Palmarian","8.00","0.00","0.00","0.00","0.00","0.00","NO","","0.00","","8","James Sullivan","Ruth Carr","61","72","19","60","66","58","59","F","61","65","56","29","12","41","0","02/09/2026 19:20","1m 68y","Turf","F","6","1828","0","3664.00","Cleanstay At Hampton By Hilton Handicap (Class F)","","","","0.00","138","7758951284","0","0","0","0.00","0.00","0.00","1","1","16","6.25","6.25","0.00","-8.50","31.40","E","5","3926.00","121","7f 218y","1758","27.44","21.00","HPHHHHHHHH","0.00","7","4","9.12","D","2","0","Hcap","Right - Undulating","3yo+,60","15/2","7.50","3","","60","10","10","291","582","291","66","71","68","86","19","","b","g","Patroness","Kingman","h","0","0.76","1","16","44.64","29.39","25.00","12.50","2","1","100.00","100.00","1.00","0.00","0.00","0.00","NO","0.00","Male","46.06","48.84","49.73","51.51","0.00","0.00","0.00","","","",""
"02/09/2026","19:20","Hamilton","Yaaser","6.50","0.00","0.00","0.00","0.00","0.00","NO","","0.00","","4","Lauren Young","Jim Goldie","58","104","23","57","76","61","62","E","59","74","59","28","33","61","2","02/09/2026 19:20","1m 68y","Turf","F","6","1828","5","3664.00","Cleanstay At Hampton By Hilton Handicap (Class F)","","","","0.00","135","9975953384","0","0","0","0.00","0.00","0.00","10","14","79","12.66","17.72","0.00","-25.05","77.76","F","6","3664.00","130","7f 50y","1590","8.70","6.50","HHHHHPHPHH","8.00","10","8","9.9","D","6","0","Hcap","Right - Undulating","3yo+,60","15/2","7.50","3","","60","10","10","318","553","235","86","77","84","-12","23","","b","g","Urjuwaan","Lope De Vega","","0","1.31","10","79","54.27","39.44","27.85","18.99","-11","-1","10.00","30.00","1.00","0.00","0.00","0.00","NO","0.00","Male","68.66","63.54","54.24","50.75","0.00","0.00","0.00","","","",""
"02/09/2026","19:10","Navan","Great Mover","13.00","0.00","0.00","0.00","0.00","0.00","NO","","0.00","","10","Paddy Harnett","W McCreery","70","49","17","74","74","58","64","C","70","71","59","30","14","44","6","02/09/2026 19:10","1m 20y","Turf","D","4","1780","3","9000.00","Navan Racing Festival 14th & 15th November Handicap (Class D) (0-85)","","","","0.00","134","5-056632605","0","0","0","0.00","0.00","0.00","1","8","25","4.00","32.00","0.00","-16.00","68.99","D","4","12600.00","135","1m 2f","2200","10.08","7.50","L-PHPPLPPPP","6.00","19","4","9.8","","10","0","Hcap","Left - Stiff / Undulating","3yo+,85","18/1","18.00","3","","85","21","21","140","230","90","61","46","46","-63","17","","b","f","And Yet She Moves","Eqtidaar","","0","0.00","1","25","64.30","47.62","28.00","12.00","1","-3","100.00","100.00","1.00","0.00","0.00","0.00","NO","0.00","Female","44.93","63.34","55.24","55.12","0.00","0.00","0.00","","","",""
"02/09/2026","19:10","Navan","Daler","7.00","0.00","0.00","0.00","0.00","0.00","NO","","0.00","","2","Gary Carroll","G M Lyons","65","86","30","82","74","61","67","D","65","71","62","38","28","66","4","02/09/2026 19:10","1m 20y","Turf","D","4","1780","0","9000.00","Navan Racing Festival 14th & 15th November Handicap (Class D) (0-85)","","","","0.00","142","1364-871235","0","0","0","0.00","0.00","0.00","2","8","19","10.53","42.11","0.00","-2.50","94.50","D","4","9000.00","143","1m 2f 184y","2384","7.00","5.50","HHPP-HHPHPP","4.00","2","4","10.2","D","1","0","Hcap","Left - Stiff / Undulating","3yo+,85","13/1","13.00","3","","85","21","21","231","397","166","95","49","56","-34","30","","b","g","Nabeyla","Dark Angel","tp","0","0.45","2","19","68.62","51.79","15.79","10.53","5","-1","0.00","50.00","1.00","0.00","0.00","0.00","NO","0.00","Male","50.56","53.55","53.01","57.43","0.00","0.00","0.00","","","",""
"02/09/2026","19:10","Navan","Anvika","15.00","0.00","0.00","0.00","0.00","0.00","NO","","0.00","","16","Rory Cleary","Ms Sheila Lavery","68","35","55","73","74","60","56","D","68","70","58","23","28","51","0","02/09/2026 19:10","1m 20y","Turf","D","4","1780","0","9000.00","Navan Racing Festival 14th & 15th November Handicap (Class D) (0-85)","","","","0.00","133","2390-800336","0","0","0","0.00","0.00","0.00","2","7","31","6.45","22.58","0.00","-18.00","81.00","B","2","60000.00","119","1m 1f","1980","28.00","19.00","HHHH-HHHHHH","0.00","14","5","9.7","","14","0","Hcap","Left - Stiff / Undulating","3yo+,85","22/1","22.00","3","","85","21","21","103","71","-32","32","26","48","-13","55","","ch","m","Desert Way","Dandy Man","t","0","1.63","2","31","56.13","38.32","29.03","9.68","5","1","50.00","100.00","1.00","0.00","0.00","0.00","NO","0.00","Female","80.00","65.60","58.48","52.96","0.00","0.00","0.00","","","",""
"02/09/2026","19:20","Hamilton","Toy Soldier","15.00","0.00","0.00","0.00","0.00","0.00","NO","","0.00","","9","Lexie Clarkson","Lucinda Russell","51","69","26","52","67","53","60","F","64","67","51","25","11","36","2","02/09/2026 19:20","1m 68y","Turf","F","6","1828","7","3664.00","Cleanstay At Hampton By Hilton Handicap (Class F)","","","","0.00","130","00-00422687","0","0","0","0.00","0.00","0.00","2","4","27","7.41","14.81","0.00","-21.85","37.22","F","6","3664.00","125","1m 208y","1968","10.62","9.50","HH-HPHHHPHH","8.00","3","4","9.4","","10","0","Hcap","Right - Undulating","3yo+,60","9/1","9.00","3","","60","10","10","268","487","219","64","56","64","35","26","","b","g","Royal Highness","Soldier's Call","b","0","1.12","2","27","38.60","26.88","25.93","22.22","3","-3","0.00","0.00","1.00","0.00","0.00","0.00","NO","0.00","Male","9.09","15.07","27.52","43.01","0.00","0.00","0.00","","","",""
"02/09/2026","19:20","Hamilton","Keats House","9.00","0.00","0.00","0.00","0.00","0.00","NO","","0.00","","3","Billy Garritty","Michael Easterby","57","105","37","59","67","57","55","F","57","65","54","18","16","34","6","02/09/2026 19:20","1m 68y","Turf","F","6","1828","0","3664.00","Cleanstay At Hampton By Hilton Handicap (Class F)","","","","0.00","137","34142-77555","0","0","0","0.00","0.00","0.00","2","3","22","9.09","13.64","0.00","-13.67","40.95","F","6","3664.00","138","1m","1760","32.00","19.00","PHPHP-HHPPP","23.00","5","4","9.11","D","3","0","Hcap","Right - Undulating","3yo+,60","13/1","13.00","3","","60","10","10","273","506","233","70","73","80","10","37","","b","g","Maria Christina","Earthlight","","0","1.38","2","22","55.98","36.92","50.00","18.18","0","1","50.00","50.00","1.00","0.00","0.00","0.00","NO","0.00","Male","29.94","39.55","42.78","43.71","0.00","0.00","0.00","","","",""
"02/09/2026","19:10","Navan","Zaraahmando","7.00","0.00","0.00","0.00","0.00","0.00","NO","","0.00","","6","Andrew Slattery","Andrew Slattery","73","67","34","74","73","60","72","C","72","72","59","39","28","67","6","02/09/2026 19:10","1m 20y","Turf","D","4","1780","0","9000.00","Navan Racing Festival 14th & 15th November Handicap (Class D) (0-85)","","","","0.00","134","315-4062332","0","0","0","0.00","0.00","0.00","3","6","22","13.64","27.27","0.00","-2.00","65.99","C","3","12000.00","124","1m 98y","1858","7.02","6.00","PPP-LHHPPPP","6.00","9","4","9.8","D","13","0","Hcap","Left - Stiff / Undulating","3yo+,85","13/1","13.00","3","","85","21","21","223","339","116","60","49","51","-44","34","","b","g","Shuthoor","Time Test","t","0","1.19","3","22","63.50","49.24","31.82","18.18","10","3","66.67","66.67","1.00","0.00","0.00","0.00","NO","0.00","Male","61.68","58.27","58.00","51.59","0.00","0.00","0.00","","","",""
"02/09/2026","18:50","Hamilton","Pickersgill","8.00","0.00","0.00","0.00","0.00","0.00","NO","","0.00","","4","Paul Mulrennan","Iain Jardine","60","123","22","67","70","57","60","E","60","67","55","31","22","53","6","02/09/2026 18:50","6f 6y","Turf","E","5","1326","0","4187.00","Follow Us On X At HamiltonParkRC Fillies' Handicap (Class E)","","","","0.00","132","7217527283","0","0","0","0.00","0.00","0.00","2","6","20","10.00","30.00","0.00","-11.25","79.89","E","5","4187.00","135","5f 182y","1282","14.15","11.00","LHHPHHHLHP","14.00","7","4","9.6","D","7","0","Hcap-Fil","Right - Undulating","3yo+,75","9/1","9.00","3","","75","10","10","272","519","247","79","75","63","30","22","","ch","f","Ponty Acclaim","Starspangledbanner","","0","1.27","2","20","55.80","40.61","45.00","30.00","8","1","50.00","50.00","1.00","0.00","0.00","0.00","NO","0.00","Female","45.52","54.32","54.82","56.60","0.00","0.00","0.00","","","",""
"02/09/2026","18:50","Hamilton","Whiskey Kisses","12.00","0.00","0.00","0.00","0.00","0.00","NO","","0.00","","6","James Sullivan","Robert Smith","64","98","12","62","66","59","58","D","60","66","58","17","20","37","4","02/09/2026 18:50","6f 6y","Turf","E","5","1326","0","4187.00","Follow Us On X At HamiltonParkRC Fillies' Handicap (Class E)","","","","0.00","125","23-46093326","0","0","0","0.00","0.00","0.00","0","4","12","0.00","33.33","0.00","-12.00","0.00","D","4","5286.00","120","6f 6y","1326","48.00","41.00","PP-PHHHHPHP","10.00","6","3","8.13","","10","0","Hcap-Fil","Right - Undulating","3yo+,75","18/1","18.00","3","","75","10","10","218","426","208","64","65","71","8","12","","b","f","Jessica Rocks","Mehmas","","0","0.80","0","12","53.31","36.93","41.67","8.33","0","1","0.00","0.00","1.00","0.00","0.00","0.00","NO","0.00","Female","63.89","55.43","42.85","44.19","0.00","0.00","0.00","","","",""
"02/09/2026","18:40","Navan","Onyeisi","29.00","0.00","0.00","0.00","0.00","0.00","NO","","0.00","","14","Jack Cleary","Karl Thornton","32","20","21","54","64","48","41","F","45","55","47","13","3","16","0","02/09/2026 18:40","1m 20y","Turf","F","6","1780","5","6000.00","Navan Handicap (0-60) (Class F) (Div 2)","","","","0.00","131","2227074070","0","0","0","0.00","0.00","0.00","1","4","16","6.25","25.00","0.00","-7.00","36.64","F","6","6000.00","129","1m 1f 100y","2080","92.02","41.00","LPLLLHPHHH","0.00","19","3","9.5","","10","0","Hcap","Left - Stiff / Undulating","3yo+,60","18/1","18.00","3","","60","20","20","151","347","196","51","47","78","20","21","","b","g","Fire Dancing","Profitable","","0","0.00","1","16","45.61","29.81","31.25","12.50","2","-1","100.00","100.00","1.00","0.00","0.00","0.00","NO","0.00","Male","91.67","91.67","67.62","53.81","0.00","0.00","0.00","","","",""
"02/09/2026","18:50","Hamilton","Kilfrush Desert","17.00","0.00","0.00","0.00","0.00","0.00","NO","","0.00","","10","Kevin Stott","Kevin Ryan","54","68","21","68","61","55","56","D","54","56","56","30","14","44","4","02/09/2026 18:50","6f 6y","Turf","E","5","1326","0","4187.00","Follow Us On X At HamiltonParkRC Fillies' Handicap (Class E)","","","","0.00","131","3-228","0","0","0","0.00","0.00","0.00","0","3","4","0.00","75.00","0.00","-4.00","0.00","E","5","4527.00","130","5f","1100","22.16","19.00","H-HLH","10.00","9","3","9.5","","8","0","Hcap-Fil","Right - Undulating","3yo+,75","10/1","10.00","3","","75","10","10","222","509","287","82","87","82","36","21","","b","f","Noura Star","Earthlight","","0","1.32","0","4","66.64","51.17","25.00","25.00","4","3","0.00","0.00","1.00","0.00","0.00","0.00","NO","0.00","Female","45.72","46.48","44.00","43.11","0.00","0.00","0.00","","","",""
"02/09/2026","18:50","Hamilton","Lily Pearl","12.00","0.00","0.00","0.00","0.00","0.00","NO","","0.00","","5","Ethan Tindall","Richard Fahey","55","117","90","75","65","59","61","E","63","63","57","29","28","57","4","02/09/2026 18:50","6f 6y","Turf","E","5","1326","5","4187.00","Follow Us On X At HamiltonParkRC Fillies' Handicap (Class E)","","","","0.00","138","4341-39","0","0","0","0.00","0.00","0.00","1","2","6","16.67","33.33","0.00","17.00","52.34","E","5","4187.00","132","7f","1540","25.25","19.00","PPPP-HP","10.00","8","3","9.12","D","4","0","Hcap-Fil","Right - Undulating","3yo+,75","10/1","10.00","3","","75","10","10","295","578","283","79","68","75","61","90","","b","f","Ertiyad","Ardad","","0","0.93","1","6","62.83","47.03","16.67","16.67","2","3","0.00","0.00","1.00","0.00","0.00","0.00","NO","0.00","Female","42.87","41.79","46.30","47.18","0.00","0.00","0.00","","","8","1"
"02/09/2026","18:50","Hamilton","Diamont Katie","4.50","0.00","0.00","0.00","0.00","0.00","NO","","0.00","","1","Clifford Lee","K R Burke","67","218","36","74","70","61","64","D","67","67","61","52","37","89","6","02/09/2026 18:50","6f 6y","Turf","E","5","1326","0","4187.00","Follow Us On X At HamiltonParkRC Fillies' Handicap (Class E)","","","","0.00","139","4-585123420","0","0","0","0.00","0.00","0.00","2","4","17","11.76","23.53","0.00","-9.92","41.87","C","3","25770.00","114","6f","1320","32.00","23.00","H-HLHPHHPPP","14.00","10","4","9.13","D","3","0","Hcap-Fil","Right - Undulating","3yo+,75","5/1","5.00","3","","75","10","10","320","639","319","94","87","91","47","36","","b","f","Archange","Acclamation","WS","0","1.17","2","17","62.47","45.04","29.41","17.65","1","1","0.00","0.00","1.00","0.00","0.00","0.00","NO","0.00","Female","60.31","53.33","55.93","55.94","0.00","0.00","0.00","","","",""
"02/09/2026","18:40","Navan","Darwin's Angel","41.00","0.00","0.00","0.00","0.00","0.00","NO","","0.00","","13","Leigh Roche","S M Duffy","52","21","39","42","63","49","51","E","52","59","47","7","3","10","2","02/09/2026 18:40","1m 20y","Turf","F","6","1780","0","6000.00","Navan Handicap (0-60) (Class F) (Div 2)","","","","0.00","119","04470-00600","0","0","0","0.00","0.00","0.00","0","0","13","0.00","0.00","0.00","-13.00","0.00","F","6","6000.00","119","7f","1540","80.25","51.00","HPPHH-HHPHH","4.00","5","3","8.7","","17","0","Hcap","Left - Stiff / Undulating","3yo+,60","33/1","33.00","3","","60","20","20","99","231","132","43","55","44","-10","39","","b","f","Lydia Becker","Ardad","p","0","1.34","0","13","34.73","18.55","38.46","0.00","5","3","0.00","0.00","1.00","0.00","0.00","0.00","NO","0.00","Female","90.48","90.48","75.88","63.51","0.00","0.00","0.00","","","",""
"02/09/2026","18:40","Navan","Suerte","12.00","0.00","0.00","0.00","0.00","0.00","NO","","0.00","","8","Robbie Colgan","Ms Sheila Lavery","52","47","8","55","69","53","60","E","61","65","55","12","11","23","0","02/09/2026 18:40","1m 20y","Turf","F","6","1780","0","6000.00","Navan Handicap (0-60) (Class F) (Div 2)","","","","0.00","137","50769-70060","0","0","0","0.00","0.00","0.00","0","1","13","0.00","7.69","0.00","-13.00","0.00","F","6","6000.00","139","7f 195y","1735","32.00","23.00","PPHPH-HHHHH","0.00","20","4","9.11","","4","0","Hcap","Left - Stiff / Undulating","3yo+,60","18/1","18.00","3","","60","20","20","219","241","22","59","24","37","-98","8","","ch","f","Clytha","Dandy Man","t","0","0.00","0","13","49.27","27.38","7.69","7.69","1","1","0.00","0.00","1.00","0.00","0.00","0.00","NO","0.00","Female","80.00","65.60","58.48","52.96","0.00","0.00","0.00","","","",""
"02/09/2026","18:40","Navan","Genuine Jim","13.00","0.00","0.00","0.00","0.00","0.00","NO","","0.00","","17","Ms N Burns","R P Burns","48","19","76","52","65","50","41","F","41","63","47","8","11","19","2","02/09/2026 18:40","1m 20y","Turf","F","6","1780","5","6000.00","Navan Handicap (0-60) (Class F) (Div 2)","","","","0.00","134","210697-0000","0","0","0","0.00","0.00","0.00","2","2","20","10.00","10.00","0.00","-6.50","90.00","F","6","7200.00","132","1m 1f","1980","40.00","23.00","PPPPHP-HPHH","4.00","17","6","9.8","D","6","0","Hcap","Left - Stiff / Undulating","3yo+,60","28/1","28.00","3","","60","20","20","186","388","202","57","25","65","55","76","","ch","g","Sister Anne","Galileo Gold","","0","0.00","2","20","44.67","31.65","45.00","15.00","4","-3","50.00","50.00","1.00","0.00","0.00","0.00","NO","0.00","Male","0.00","0.00","3.13","31.56","0.00","0.00","0.00","","","",""
"02/09/2026","18:40","Navan","Bang Po","34.00","0.00","0.00","0.00","0.00","0.00","NO","","0.00","","11","Reserve 3","Liam McAteer","51","32","8","40","70","51","53","F","51","68","50","11","26","37","10","02/09/2026 18:40","1m 20y","Turf","F","6","1780","0","6000.00","Navan Handicap (0-60) (Class F) (Div 2)","","","","0.00","122","08-00900600","0","0","0","0.00","0.00","0.00","1","2","30","3.33","6.67","0.00","-19.00","69.00","F","6","6000.00","118","7f 195y","1735","85.00","41.00","HP-HPHHPLPL","21.00","1","6","8.10","D","20","0","Hcap","Left - Stiff / Undulating","3yo+,60","20/1","20.00","3","","60","20","20","237","317","80","27","23","55","-25","8","","b","g","Bushieb","Cotai Glory","","0","0.67","1","30","39.66","23.21","23.33","13.33","6","1","100.00","100.00","1.00","0.00","0.00","0.00","NO","0.00","Male","0.00","28.57","28.57","11.11","0.00","0.00","0.00","","","",""
"02/09/2026","18:40","Navan","Chant d'Or","12.00","0.00","0.00","0.00","0.00","0.00","NO","","0.00","","5","Ben Coen","Daniel McLoughlin","13","57","316","45","46","37","32","D","37","37","32","5","10","15","0","02/09/2026 18:40","1m 20y","Turf","F","6","1780","0","6000.00","Navan Handicap (0-60) (Class F) (Div 2)","","","","0.00","127","000-","0","0","0","0.00","0.00","0.00","0","0","3","0.00","0.00","0.00","-3.00","0.00","D","4","12000.00","145","1m 4f","2640","1000.00","301.00","HHH-","0.00","14","4","9.1","","14","0","Hcap","Left - Stiff / Undulating","3yo+,60","50/1","50.00","3","","60","20","20","41","339","298","77","71","88","62","316","","b","g","Bacheliere","Profitable","b1","0","1.63","0","3","4.17","0.52","33.33","33.33","1","1","0.00","0.00","1.00","0.00","0.00","0.00","NO","0.00","Male","37.04","35.95","37.39","36.01","0.00","0.00","0.00","","","",""
"02/09/2026","18:40","Navan","Concert Party","17.00","0.00","0.00","0.00","0.00","0.00","NO","","0.00","","4","J M Sheridan","Denis Gerard Hogan","55","59","15","60","71","57","55","E","55","62","55","18","23","41","4","02/09/2026 18:40","1m 20y","Turf","F","6","1780","0","6000.00","Navan Handicap (0-60) (Class F) (Div 2)","","","","0.00","142","00-69799509","0","0","0","0.00","0.00","0.00","2","0","16","12.50","0.00","100.00","11.50","43.18","E","5","6000.00","120","1m 2f 94y","2294","60.00","34.00","PH-HHHPHPPH","8.00","9","4","10.2","","1","0","Hcap","Left - Stiff / Undulating","3yo+,60","12/1","12.00","3","","60","20","20","295","480","185","52","58","53","22","15","137","b","f","Whistling Straits","Shaman","t1p","0","1.19","2","16","45.16","28.61","31.25","18.75","6","-1","0.00","0.00","1.00","0.00","0.00","0.00","NO","0.00","Female","33.85","36.16","43.77","45.23","0.00","0.00","0.00","","","",""
"02/09/2026","18:40","Navan","Micasso","10.00","0.00","0.00","0.00","0.00","0.00","NO","","0.00","","6","Seamie Heffernan","Donal Kinsella","57","56","27","51","64","53","56","F","57","63","49","19","23","42","2","02/09/2026 18:40","1m 20y","Turf","F","6","1780","0","6000.00","Navan Handicap (0-60) (Class F) (Div 2)","","","","0.00","133","6605620-100","0","0","0","0.00","0.00","0.00","1","1","14","7.14","7.14","0.00","9.00","60.00","F","6","7200.00","135","7f 42y","1582","42.51","34.00","HPHHHPP-HPH","4.00","3","4","9.7","D","7","0","Hcap","Left - Stiff / Undulating","3yo+,60","11/1","11.00","3","","60","20","20","259","527","268","40","78","85","65","27","","ch","g","Sahaayeb","Prince Of Lir","tp","0","1.11","1","14","43.87","29.79","14.29","14.29","8","1","0.00","0.00","1.00","0.00","0.00","0.00","NO","0.00","Male","23.53","31.65","26.49","26.14","0.00","0.00","0.00","","","",""
"02/09/2026","18:50","Hamilton","Invincible Ruby","10.00","0.00","0.00","0.00","0.00","0.00","NO","","0.00","","3","Mr Jack Nicholls","Iain Jardine","63","143","26","68","72","58","65","D","63","67","56","35","56","91","2","02/09/2026 18:50","6f 6y","Turf","E","5","1326","3","4187.00","Follow Us On X At HamiltonParkRC Fillies' Handicap (Class E)","","","","0.00","133","8-000413129","0","0","0","0.00","0.00","0.00","3","4","18","16.67","22.22","0.00","-2.00","42.74","E","5","4449.00","129","6f 212y","1532","10.06","9.00","P-HPHHHHPHH","5.00","2","4","9.7","D","6","0","Hcap-Fil","Right - Undulating","3yo+,75","8/1","8.00","3","","75","10","10","311","654","343","79","95","92","77","26","","gr","f","Satwa Ruby","Invincible Army","","0","1.06","3","18","47.39","38.02","33.33","16.67","8","1","33.33","33.33","1.00","0.00","0.00","0.00","NO","0.00","Female","45.52","54.32","54.82","56.60","0.00","0.00","0.00","","","",""
"02/09/2026","19:00","Kempton","Anchor","251.00","0.00","0.00","0.00","0.00","0.00","NO","","0.00","","6","Marco Ghiani","Clare Hobson","25","36","28","0","25","19","19","C","19","13","19","6","11","17","2","02/09/2026 19:00","1m 2f 219y","A/W","C","3","2419","0","6480.00","Unibet/EBF Novice Stakes (GBB/GBBPlus Race) (Class C)","","","","0.00","137","70","0","0","0","0.00","0.00","0.00","0","0","2","0.00","0.00","0.00","-2.00","0.00","C","3","6480.00","139","1m 2f 219y","2419","1000.00","301.00","PH","13.00","2","4","9.11","","1","0","Nov","Right - Sharp","3yo+","25/1","25.00","3","","","6","6","309","601","292","76","79","77","60","28","162","b","g","Depeche","Kingman","b1","0","1.08","0","2","0.00","0.00","0.00","0.00","0","0","0.00","0.00","1.00","0.00","0.00","0.00","NO","0.00","Male","20.00","20.00","30.00","28.31","0.00","0.00","0.00","","","",""
"02/09/2026","19:00","Kempton","Roxy Power","15.00","0.00","0.00","0.00","0.00","0.00","NO","","0.00","","5","Silvestre De Sousa","Simon and Ed Crisford","","68","","0","","","","","","","","0","18","18","0","02/09/2026 19:00","1m 2f 219y","A/W","C","3","2419","0","6480.00","Unibet/EBF Novice Stakes (GBB/GBBPlus Race) (Class C)","","","","0.00","130","","0","0","0","0.00","0.00","0.00","0","0","0","0.00","0.00","0.00","0.00","0.00","","","0.00","","","0","0.00","0.00","","0.00","4","3","9.4","","6","0","Nov","Right - Sharp","3yo+","","0.00","3","","","6","6","294","635","341","93","86","86","76","","","b","g","Roxy Gap","Justify","","0","1.04","0","0","0.00","0.00","0.00","0.00","","","0.00","0.00","1.00","0.00","0.00","0.00","NO","0.00","Male","33.36","39.92","56.73","57.94","0.00","0.00","0.00","","","",""
"02/09/2026","19:00","Kempton","Fortitudine","1.25","0.00","0.00","0.00","0.00","0.00","NO","","0.00","","1","William Buick","Charlie Appleby","74","626","28","0","74","74","74","C","74","","74","76","97","173","4","02/09/2026 19:00","1m 2f 219y","A/W","C","3","2419","0","6480.00","Unibet/EBF Novice Stakes (GBB/GBBPlus Race) (Class C)","","","","0.00","137","1","0","0","0","0.00","0.00","0.00","1","0","1","100.00","0.00","0.00","3.50","64.80","C","3","6480.00","130","1m 2f 219y","2419","5.60","4.50","L","25.00","1","3","9.11","CD","2","0","Nov","Right - Sharp","3yo+","11/10","1.10","3","","","6","6","374","764","390","100","99","99","92","28","","b","g","Minidress","Dubawi","","0","0.97","1","1","100.00","100.00","100.00","100.00","1","1","0.00","0.00","1.00","0.00","0.00","0.00","NO","0.00","Male","82.14","72.94","75.86","70.39","0.00","0.00","0.00","","","",""
"02/09/2026","19:10","Navan","Only One Scobie","11.00","0.00","0.00","0.00","0.00","0.00","NO","","0.00","","12","Leigh Roche","Paul W Flynn","68","40","12","76","68","39","53","E","54","68","42","28","26","54","6","02/09/2026 19:10","1m 20y","Turf","D","4","1780","0","9000.00","Navan Racing Festival 14th & 15th November Handicap (Class D) (0-85)","","","","0.00","131","0060013001","0","0","0","0.00","0.00","0.00","2","1","12","16.67","8.33","0.00","65.00","90.00","E","5","9000.00","133","1m 30y","1790","84.34","51.00","HHHHHLLHPL","6.00","10","3","9.5","D","16","0","Hcap","Left - Stiff / Undulating","3yo+,85","18/1","18.00","3","","85","21","21","186","342","156","42","48","61","5","12","","b","g","Chabelita","Galileo Gold","","0","1.34","2","12","32.71","24.92","25.00","16.67","4","-1","0.00","0.00","1.00","0.00","0.00","0.00","NO","0.00","Male","23.34","34.84","38.43","40.77","0.00","0.00","0.00","","","",""
"02/09/2026","19:10","Navan","Hygge","13.00","0.00","0.00","0.00","0.00","0.00","NO","","0.00","","19","Declan McDonogh","Gordon Elliott","64","26","34","80","64","55","61","C","64","64","49","24","38","62","4","02/09/2026 19:10","1m 20y","Turf","D","4","1780","0","9000.00","Navan Racing Festival 14th & 15th November Handicap (Class D) (0-85)","","","","0.00","140","33-33110","0","0","0","0.00","0.00","0.00","2","4","7","28.57","57.14","100.00","16.10","66.01","C","3","12000.00","133","1m 98y","1858","10.20","6.00","PP-LPPPH","4.00","15","4","10.0","D","2","0","Hcap","Left - Stiff / Undulating","3yo+,85","22/1","22.00","3","","85","21","21","213","494","281","67","56","68","90","34","54","ch","g","Hanky Panky","Persian King","t","0","1.78","2","7","79.43","68.72","28.57","28.57","-1","1","0.00","50.00","1.00","0.00","0.00","0.00","NO","0.00","Male","52.44","48.67","48.05","49.70","0.00","0.00","0.00","","","",""
"02/09/2026","19:10","Navan","Halon Bay","29.00","0.00","0.00","0.00","0.00","0.00","NO","","0.00","","15","Ben Coen","Ciaran Murphy","58","36","75","76","71","53","59","E","58","58","51","17","26","43","4","02/09/2026 19:10","1m 20y","Turf","D","4","1780","0","9000.00","Navan Racing Festival 14th & 15th November Handicap (Class D) (0-85)","","","","0.00","131","8415","0","0","0","0.00","0.00","0.00","1","0","4","25.00","0.00","0.00","7.00","90.00","D","4","9000.00","140","7f","1540","24.00","15.00","HHPP","4.00","21","3","9.5","","15","0","Hcap","Left - Stiff / Undulating","3yo+,85","33/1","33.00","3","","85","21","21","121","307","186","16","65","34","71","75","","b","g","Moonlit View","Coulsty","p1","0","0.00","1","4","53.06","39.48","50.00","50.00","4","3","0.00","0.00","1.00","0.00","0.00","0.00","NO","0.00","Male","43.04","57.01","56.56","56.29","0.00","0.00","0.00","","","",""
"02/09/2026","19:00","Kempton","Shadow Road","4.50","0.00","0.00","0.00","0.00","0.00","NO","","0.00","","2","D Egan","John Butler","70","339","28","0","70","66","66","C","66","63","66","62","58","120","4","02/09/2026 19:00","1m 2f 219y","A/W","C","3","2419","0","6480.00","Unibet/EBF Novice Stakes (GBB/GBBPlus Race) (Class C)","","","","0.00","137","41","0","0","0","0.00","0.00","0.00","1","0","2","50.00","0.00","0.00","24.00","64.80","C","3","6480.00","130","1m 2f 219y","2419","44.00","26.00","PP","25.00","3","3","9.11","CD","4","0","Nov","Right - Sharp","3yo+","6/4","1.50","3","","","6","6","357","720","363","88","87","92","96","28","","b","g","Dark Crusader","Lope De Vega","","0","1.23","1","2","85.00","74.50","50.00","50.00","2","2","0.00","0.00","1.00","0.00","0.00","0.00","NO","0.00","Male","31.48","44.59","54.38","58.85","0.00","0.00","0.00","","","",""
"02/09/2026","18:50","Hamilton","Mae Amor","5.50","0.00","0.00","0.00","0.00","0.00","NO","","0.00","","2","David Allan","Rebecca Menzies","69","173","28","75","69","60","66","D","66","69","58","44","32","76","4","02/09/2026 18:50","6f 6y","Turf","E","5","1326","0","4187.00","Follow Us On X At HamiltonParkRC Fillies' Handicap (Class E)","","","","0.00","140","1570-109643","0","0","0","0.00","0.00","0.00","4","5","24","16.67","20.83","0.00","79.75","78.04","D","4","5234.00","132","6f","1320","14.00","12.00","HHPH-HHHHPP","10.00","1","4","10.0","CD","2","0","Hcap-Fil","Right - Undulating","3yo+,75","13/2","6.50","3","","75","10","10","336","573","237","69","72","63","33","28","","ch","f","Stage Name","Mehmas","v","0","1.22","4","24","56.59","42.41","20.83","20.83","10","3","25.00","25.00","1.00","0.00","0.00","0.00","NO","0.00","Female","36.48","35.11","37.51","42.10","0.00","0.00","0.00","","","",""
"02/09/2026","18:50","Hamilton","Thunderstorm Katie","6.50","0.00","0.00","0.00","0.00","0.00","NO","","0.00","","8","Lauren Young","Jim Goldie","63","93","25","68","68","55","62","E","63","66","54","29","29","58","0","02/09/2026 18:50","6f 6y","Turf","E","5","1326","5","4187.00","Follow Us On X At HamiltonParkRC Fillies' Handicap (Class E)","","","","0.00","133","8-972226291","0","0","0","0.00","0.00","0.00","6","4","36","16.67","11.11","0.00","2.25","40.13","F","6","4711.00","131","6f","1320","12.50","9.00","H-PHHHHHHHH","0.00","3","5","9.7","C D","5","0","Hcap-Fil","Right - Undulating","3yo+,75","10/1","10.00","3","","75","10","10","275","565","290","78","71","80","61","25","","b","m","Firenze","Muhaarar","WS","0","0.93","6","36","54.80","39.06","19.44","16.67","12","1","50.00","50.00","1.00","0.00","0.00","0.00","NO","0.00","Female","68.66","63.54","54.24","50.75","0.00","0.00","0.00","","","",""
"02/09/2026","18:50","Hamilton","Call Me Betty","7.50","0.00","0.00","0.00","0.00","0.00","NO","","0.00","","9","Connor Beasley","Michael Dods","58","92","86","75","69","57","55","E","58","67","57","24","28","52","8","02/09/2026 18:50","6f 6y","Turf","E","5","1326","0","4187.00","Follow Us On X At HamiltonParkRC Fillies' Handicap (Class E)","","","","0.00","140","1923216-019","0","0","0","0.00","0.00","0.00","3","4","12","25.00","33.33","0.00","4.63","40.18","E","5","4187.00","135","6f","1320","5.29","5.00","PPPLPLP-PLP","19.00","5","4","10.0","D  BF","1","0","Hcap-Fil","Right - Undulating","3yo+,75","12/1","12.00","3","","75","10","10","273","571","298","82","79","76","61","86","","b","f","Ariena","Sands Of Mali","","0","1.06","3","12","61.77","51.62","41.67","41.67","0","-1","33.33","33.33","1.00","0.00","0.00","0.00","NO","0.00","Female","52.82","50.13","46.11","48.47","0.00","0.00","0.00","","","9","0"
"02/09/2026","19:00","Kempton","Brave Hunter","19.00","0.00","0.00","0.00","0.00","0.00","NO","","0.00","","4","Billy Loughnane","Ismail Mohammed","71","73","55","80","71","63","67","B","68","69","62","0","10","10","2","02/09/2026 19:00","1m 2f 219y","A/W","C","3","2419","0","6480.00","Unibet/EBF Novice Stakes (GBB/GBBPlus Race) (Class C)","","","","0.00","130","38-62725","0","0","0","0.00","0.00","0.00","0","2","7","0.00","28.57","0.00","-7.00","0.00","B","2","41232.00","130","1m 3f 197y","2617","15.75","17.00","PH-HHPHH","13.00","6","3","9.4","","5","0","Nov","Right - Sharp","3yo+","","0.00","3","","","6","6","306","642","336","85","90","85","76","55","","ch","c","Aussie View","Universal","v1","0","1.16","0","7","55.18","36.14","14.29","0.00","3","1","0.00","0.00","1.00","0.00","0.00","0.00","NO","0.00","Male","54.55","37.93","41.62","38.39","0.00","0.00","0.00","","","2","3"
"02/09/2026","19:00","Kempton","No Ordinary Joe","251.00","0.00","0.00","0.00","0.00","0.00","NO","","0.00","","3","David Probert","Robert Stephens","54","102","28","0","85","65","61","C","59","83","57","14","22","36","4","02/09/2026 19:00","1m 2f 219y","A/W","C","3","2419","0","6480.00","Unibet/EBF Novice Stakes (GBB/GBBPlus Race) (Class C)","","","","0.00","137","9-050771069","0","0","0","0.00","0.00","0.00","5","2","32","15.63","6.25","90.00","-7.97","0.00","C","3","6480.00","139","1m 2f 219y","2419","415.13","201.00","P-PPPPHPPPH","25.00","5","10","9.11","","3","0","Nov","Right - Sharp","3yo+","10/1","10.00","3","","","6","6","333","654","321","85","84","92","60","28","101","b","g","Shadow Dearg","Getaway","WS","0","0.92","5","32","48.89","35.39","46.88","28.13","6","-1","20.00","60.00","1.00","0.00","0.00","0.00","NO","0.00","Male","9.72","25.15","24.19","30.21","0.00","0.00","0.00","","","",""
"02/09/2026","18:50","Hamilton","Annie Edson Taylor","9.50","0.00","0.00","0.00","0.00","0.00","NO","","0.00","","7","S H James","Phillip Makin","52","94","25","63","66","58","57","F","56","65","56","32","22","54","4","02/09/2026 18:50","6f 6y","Turf","E","5","1326","0","4187.00","Follow Us On X At HamiltonParkRC Fillies' Handicap (Class E)","","","","0.00","128","21260-46169","0","0","0","0.00","0.00","0.00","3","7","21","14.29","33.33","0.00","-2.06","37.57","F","6","4711.00","139","6f","1320","9.16","7.00","PPPPH-HHPPH","10.00","4","5","9.2","CD","9","0","Hcap-Fil","Right - Undulating","3yo+,75","9/1","9.00","3","","75","10","10","243","491","248","75","79","84","10","25","","b","m","Rivalry","Mayson","tp","0","1.17","3","21","59.42","46.12","28.57","14.29","-5","-1","66.67","100.00","1.00","0.00","0.00","0.00","NO","0.00","Female","62.22","60.90","59.73","47.87","0.00","0.00","0.00","","","",""
"02/09/2026","19:20","Hamilton","Scheffler","51.00","0.00","0.00","0.00","0.00","0.00","NO","","0.00","","10","Connor Beasley","Adrian Nicholls","48","64","30","58","56","48","38","E","48","52","43","9","3","12","2","02/09/2026 19:20","1m 68y","Turf","F","6","1828","0","3664.00","Cleanstay At Hampton By Hilton Handicap (Class F)","","","","0.00","131","399047","0","0","0","0.00","0.00","0.00","0","0","6","0.00","0.00","0.00","-6.00","0.00","F","6","3664.00","132","1m","1760","250.00","101.00","PPHHPH","8.00","2","3","9.5","","9","0","Hcap","Right - Undulating","3yo+,60","25/1","25.00","3","","60","10","10","206","501","295","83","82","70","60","30","","b","g","Rostedan","Starman","b","0","1.31","0","6","15.66","8.65","0.00","0.00","2","3","0.00","0.00","1.00","0.00","0.00","0.00","NO","0.00","Male","44.42","42.36","43.14","44.59","0.00","0.00","0.00","","","",""
"02/09/2026","19:50","Hamilton","Dandy's Angel","17.00","0.00","0.00","0.00","0.00","0.00","NO","","0.00","","4","Connor Beasley","John Wainwright","60","108","5","47","69","57","58","F","60","68","55","28","8","36","0","02/09/2026 19:50","1m 3f 15y","Turf","F","6","2435","0","3664.00","Book Your Christmas Party Hamilton Park Handicap (Class F)","","","","0.00","124","53759-80366","0","0","0","0.00","0.00","0.00","11","20","95","11.58","21.05","0.00","-0.42","41.40","F","6","2980.00","144","7f 218y","1758","65.00","34.00","HLHHH-HHHHH","0.00","8","9","8.12","C","8","0","Hcap","Right - Undulating","4yo+,60","9/1","9.00","4","","60","9","9","279","577","298","77","86","90","45","5","","b","m","Party Pipit","Dandy Man","","0","1.57","11","95","57.38","41.33","25.26","20.00","31","1","63.64","90.91","1.00","0.00","0.00","0.00","NO","0.00","Female","26.67","39.44","62.91","50.63","0.00","0.00","0.00","","","",""
"02/09/2026","19:50","Hamilton","Annandale","3.75","0.00","0.00","0.00","0.00","0.00","NO","","0.00","","2","Paul Mulrennan","Jim Goldie","65","158","6","58","73","57","63","F","64","72","56","72","30","102","0","02/09/2026 19:50","1m 3f 15y","Turf","F","6","2435","0","3664.00","Book Your Christmas Party Hamilton Park Handicap (Class F)","","","","0.00","135","3862413342","0","0","0","0.00","0.00","0.00","9","8","71","12.68","11.27","0.00","-6.88","42.58","F","6","3402.00","131","1m 3f 39y","2459","4.40","3.75","PHHHHHHHHH","0.00","5","8","9.9","CD  BF","1","0","Hcap","Right - Undulating","4yo+,60","11/4","2.75","4","","60","9","9","339","687","348","94","83","84","87","6","","ch","g","Fountain Of Honour","Australia","","0","0.84","9","71","54.77","37.95","38.03","26.76","11","-1","22.22","44.44","1.00","0.00","0.00","0.00","NO","0.00","Male","68.66","63.54","54.24","50.75","0.00","0.00","0.00","","","",""
"02/09/2026","19:50","Hamilton","Sophiesticate","4.00","0.00","0.00","0.00","0.00","0.00","NO","","0.00","","7","Shay Farmer","Robert Smith","70","88","33","57","71","60","64","F","67","70","58","25","49","74","4","02/09/2026 19:50","1m 3f 15y","Turf","F","6","2435","5","3664.00","Book Your Christmas Party Hamilton Park Handicap (Class F)","","","","0.00","134","3877-763331","0","0","0","0.00","0.00","0.00","5","11","51","9.80","21.57","0.00","-27.88","38.44","F","6","3664.00","128","1m 5f","2860","4.20","3.75","LPHH-HHPPHP","13.00","3","7","9.8","","2","0","Hcap","Right - Undulating","4yo+,60","10/1","10.00","4","","60","9","9","318","609","291","73","67","83","68","33","","b","m","Lenoire","War Command","","0","1.46","5","51","49.07","35.21","39.22","17.65","31","3","20.00","20.00","1.00","0.00","0.00","0.00","NO","0.00","Female","63.89","55.43","42.85","44.19","0.00","0.00","0.00","","","",""
"02/09/2026","19:50","Hamilton","Spirit Of Nature","41.00","0.00","0.00","0.00","0.00","0.00","NO","","0.00","","8","Lauren Young","Jim Goldie","48","76","22","47","55","45","48","F","48","51","45","7","3","10","0","02/09/2026 19:50","1m 3f 15y","Turf","F","6","2435","5","3664.00","Book Your Christmas Party Hamilton Park Handicap (Class F)","","","","0.00","124","348-706","0","0","0","0.00","0.00","0.00","0","0","6","0.00","0.00","0.00","-6.00","0.00","F","6","3664.00","133","1m 4f 15y","2655","60.00","34.00","HHH-HHH","0.00","1","4","8.12","","9","0","Hcap","Right - Undulating","4yo+,60","40/1","40.00","4","","60","9","9","206","468","262","94","81","87","0","22","","b","g","Jealous Again","Pinatubo","WS","0","1.46","0","6","19.35","6.83","16.67","0.00","2","1","0.00","0.00","1.00","0.00","0.00","0.00","NO","0.00","Male","68.66","63.54","54.24","50.75","0.00","0.00","0.00","","","",""
"02/09/2026","19:50","Hamilton","Falaise Blanc","10.00","0.00","0.00","0.00","0.00","0.00","NO","","0.00","","9","Rowan Scott","Katie Scott","64","58","6","47","64","53","57","F","55","64","53","24","17","41","6","02/09/2026 19:50","1m 3f 15y","Turf","F","6","2435","0","3664.00","Book Your Christmas Party Hamilton Park Handicap (Class F)","","","","0.00","124","6824227324","0","0","0","0.00","0.00","0.00","1","10","28","3.57","35.71","0.00","-16.00","32.45","F","6","3402.00","120","1m 3f 39y","2459","10.61","8.50","HHPPPPPPPP","19.00","9","4","8.12","","7","0","Hcap","Right - Undulating","4yo+,60","10/1","10.00","4","","60","9","9","253","498","245","68","73","72","32","6","","b","g","Shadow Of The Day","Whitecliffsofdover","v","0","1.07","1","28","56.64","39.68","39.29","21.43","12","3","0.00","0.00","1.00","0.00","0.00","0.00","NO","0.00","Male","49.50","48.36","44.60","47.08","0.00","0.00","0.00","","","",""
"02/09/2026","19:50","Hamilton","Uncle Liam","7.00","0.00","0.00","0.00","0.00","0.00","NO","","0.00","","5","Daniel Tudhope","Jim Goldie","62","101","59","52","67","52","61","F","62","64","51","33","25","58","10","02/09/2026 19:50","1m 3f 15y","Turf","F","6","2435","0","3664.00","Book Your Christmas Party Hamilton Park Handicap (Class F)","","","","0.00","129","03222-88154","0","0","0","0.00","0.00","0.00","1","3","14","7.14","21.43","0.00","-8.00","36.64","F","6","3664.00","131","1m 2f","2200","15.00","13.00","HHPPL-LPPLL","31.00","4","4","9.3","C","6","0","Hcap","Right - Undulating","4yo+,60","15/2","7.50","4","","60","9","9","288","616","328","94","89","85","60","59","","b","g","Fountain Of Honour","Gleneagles","","0","0.74","1","14","43.26","30.86","42.86","21.43","4","1","100.00","100.00","1.00","0.00","0.00","0.00","NO","0.00","Male","68.66","63.54","54.24","50.75","0.00","0.00","0.00","","","4","0"
"02/09/2026","19:50","Hamilton","Vampire Slayer","7.50","0.00","0.00","0.00","0.00","0.00","NO","","0.00","","3","Shane Gray","Daragh Bourke","73","140","166","57","73","51","62","F","62","70","51","31","42","73","8","02/09/2026 19:50","1m 3f 15y","Turf","F","6","2435","0","3664.00","Book Your Christmas Party Hamilton Park Handicap (Class F)","","","","0.00","134","272558-1132","0","0","0","0.00","0.00","0.00","2","7","30","6.67","23.33","100.00","-16.63","0.00","F","6","3140.00","136","1m 4f 98y","2738","10.23","7.50","PHPPHH-LLPP","25.00","7","6","9.8","","4","0","Hcap","Right - Undulating","4yo+,60","8/1","8.00","4","","60","9","9","288","581","293","92","80","80","41","267","166","b","g","Bionic Buffy","Camacho","pWS","0","0.52","2","30","54.32","37.60","40.00","26.67","12","3","50.00","50.00","1.00","0.00","0.00","0.00","NO","0.00","Male","0.00","16.67","64.29","57.41","0.00","0.00","0.00","","","3","-1"
"02/09/2026","19:40","Navan","Gentle Soda","151.00","0.00","0.00","0.00","0.00","0.00","NO","","0.00","","19","Andrew Slattery","E McNamara","43","10","15","0","43","43","43","E","43","","43","12","10","22","0","02/09/2026 19:40","1m 2f","Turf","E","5","2200","0","7200.00","Racing Again This Saturday Fillies Maiden (Class E)","","","","0.00","129","0","0","0","0","0.00","0.00","0.00","0","0","1","0.00","0.00","0.00","-1.00","0.00","E","5","7200.00","129","7f 111y","1651","1000.00","151.00","H","0.00","20","3","9.3","","7","0","Mdn-Fil","Left - Stiff / Undulating","3yo+","33/1","33.00","3","","","23","23","197","399","202","33","50","35","84","15","","b","f","Karakama","Churchill","","0","0.99","0","1","21.43","4.59","0.00","0.00","-1","-1","0.00","0.00","1.00","0.00","0.00","0.00","NO","0.00","Female","0.00","36.16","38.93","38.99","0.00","0.00","0.00","","","",""
"02/09/2026","19:40","Navan","Susie's Angel","51.00","0.00","0.00","0.00","0.00","0.00","NO","","0.00","","7","Reese Holohan","Mark Fahey","46","69","36","0","46","46","46","D","46","","46","13","3","16","0","02/09/2026 19:40","1m 2f","Turf","E","5","2200","7","7200.00","Racing Again This Saturday Fillies Maiden (Class E)","","","","0.00","129","6","0","0","0","0.00","0.00","0.00","0","0","1","0.00","0.00","0.00","-1.00","0.00","D","4","11399.00","122","7f","1540","25.00","17.00","H","0.00","18","3","9.3","","19","0","Mdn-Fil","Left - Stiff / Undulating","3yo+","28/1","28.00","3","","","23","23","186","335","149","23","81","9","36","36","","gr","f","Gharbeya","Dark Angel","","0","0.46","0","1","61.54","37.87","0.00","0.00","1","1","0.00","0.00","1.00","0.00","0.00","0.00","NO","0.00","Female","15.63","20.83","42.38","47.64","0.00","0.00","0.00","","","",""
"02/09/2026","19:40","Navan","Hey Stella","10.00","0.00","0.00","0.00","0.00","0.00","NO","","0.00","","1","Colin Keane","G M Lyons","60","130","51","0","60","60","60","E","60","","60","28","17","45","0","02/09/2026 19:40","1m 2f","Turf","E","5","2200","0","7200.00","Racing Again This Saturday Fillies Maiden (Class E)","","","","0.00","129","3","0","0","0","0.00","0.00","0.00","0","1","1","0.00","100.00","0.00","-1.00","0.00","E","5","9000.00","129","1m 3f 73y","2493","8.20","6.50","H","0.00","10","3","9.3","","8","0","Mdn-Fil","Left - Stiff / Undulating","3yo+","13/1","13.00","3","","","23","23","266","573","307","85","97","89","36","51","","b","f","Hindaam","Camelot","","0","0.79","0","1","75.00","56.25","0.00","0.00","1","1","0.00","0.00","1.00","0.00","0.00","0.00","NO","0.00","Female","50.56","53.55","53.01","57.43","0.00","0.00","0.00","","","",""
"02/09/2026","19:50","Hamilton","Hickton","17.00","0.00","0.00","0.00","0.00","0.00","NO","","0.00","","6","Zak Wheatley","Declan Carroll","58","97","13","55","63","53","56","F","57","63","49","21","6","27","0","02/09/2026 19:50","1m 3f 15y","Turf","F","6","2435","0","3664.00","Book Your Christmas Party Hamilton Park Handicap (Class F)","","","","0.00","132","3131-771965","0","0","0","0.00","0.00","0.00","3","4","23","13.04","17.39","0.00","4.00","35.24","F","6","3245.00","140","1m 4f 98y","2738","29.00","23.00","PPPP-HHPHHH","0.00","2","4","9.6","C","5","0","Hcap","Right - Undulating","4yo+,60","12/1","12.00","4","","60","9","9","254","552","298","76","78","86","58","13","","b","g","Ice Eagle","Kodiac","","0","1.25","3","23","44.64","31.81","39.13","34.78","7","1","0.00","0.00","1.00","0.00","0.00","0.00","NO","0.00","Male","84.62","58.78","58.39","55.30","0.00","0.00","0.00","","","",""
"02/09/2026","19:50","Hamilton","Dubai Venture","5.00","0.00","0.00","0.00","0.00","0.00","NO","","0.00","","1","David Allan","Tina Jackson","49","165","25","57","71","58","61","F","67","68","55","34","42","76","4","02/09/2026 19:50","1m 3f 15y","Turf","F","6","2435","0","3664.00","Book Your Christmas Party Hamilton Park Handicap (Class F)","","","","0.00","134","82112-26122","0","0","0","0.00","0.00","0.00","3","5","16","18.75","31.25","0.00","13.25","36.90","F","6","3140.00","134","1m 5f 218y","3078","2.97","2.75","HPLPL-LPHPP","13.00","6","5","9.8","BF","3","0","Hcap","Right - Undulating","4yo+,60","7/1","7.00","4","","60","9","9","338","638","300","70","83","76","71","25","","ch","g","Dubai One","Masar","","0","0.84","3","16","54.09","43.94","43.75","18.75","2","1","33.33","33.33","1.00","0.00","0.00","0.00","NO","0.00","Male","25.56","41.33","59.78","59.38","0.00","0.00","0.00","","","",""
"02/09/2026","19:40","Navan","Fairylike","3.50","0.00","0.00","0.00","0.00","0.00","NO","","0.00","","6","Wayne Lordan","A P O'Brien","61","89","19","0","61","61","61","E","61","","61","27","14","41","2","02/09/2026 19:40","1m 2f","Turf","E","5","2200","0","7200.00","Racing Again This Saturday Fillies Maiden (Class E)","","","","0.00","129","4","0","0","0","0.00","0.00","0.00","0","0","1","0.00","0.00","0.00","-1.00","0.00","E","5","9000.00","129","1m 2f 90y","2290","9.00","7.00","P","6.00","12","3","9.3","","6","0","Mdn-Fil","Left - Stiff / Undulating","3yo+","13/1","13.00","3","","","23","23","283","510","227","97","83","81","-34","19","","b","f","Passion","Lord Kanaloa","","0","0.88","0","1","70.00","49.00","0.00","0.00","-1","-1","0.00","0.00","1.00","0.00","0.00","0.00","NO","0.00","Female","49.09","58.26","61.80","56.49","0.00","0.00","0.00","","","",""
"02/09/2026","20:00","Kempton","Hardy's Hero","13.00","0.00","0.00","0.00","0.00","0.00","NO","","0.00","","7","Cieren Fallon","William Haggas","44","99","32","81","71","59","58","D","59","61","56","0","26","26","10","02/09/2026 20:00","7f","A/W","D","4","1540","0","6281.00","Unibet Supporting Safer Gambling Handicap (Class D)","","","","0.00","131","7115-23226","0","0","0","0.00","0.00","0.00","2","2","9","22.22","22.22","0.00","-0.38","87.75","D","4","6442.00","131","7f","1540","4.65","4.33","HPPH-PPLLP","25.00","7","3","9.5","","6","0","Hcap","Right - Sharp","3yo,85","","0.00","3","3","85","8","8","285","608","323","88","78","75","82","32","","b","g","Improve","New Bay","","0","1.01","2","9","61.07","48.60","22.22","22.22","-1","-3","50.00","50.00","1.00","0.00","0.00","0.00","NO","0.00","Male","55.96","63.59","61.98","59.36","0.00","0.00","0.00","","","",""
"02/09/2026","20:30","Kempton","Extraterrestrial","6.00","0.00","0.00","0.00","0.00","0.00","NO","","0.00","","3","Billy Loughnane","Simon and Ed Crisford","59","178","73","68","66","55","51","E","52","59","53","27","32","59","4","02/09/2026 20:30","1m 2f 219y","A/W","E","5","2419","0","4187.00","Bet 20 Pound Get 20 Pound With Unibet Handicap (Class E)","","","","0.00","135","5-43332052","0","0","0","0.00","0.00","0.00","0","4","9","0.00","44.44","0.00","-9.00","0.00","E","5","4397.00","122","1m 1f 207y","2187","5.64","5.00","P-HHLPPPHP","15.00","2","3","9.9","","4","0","Hcap","Right - Sharp","3yo+,75","11/2","5.50","3","","75","6","6","315","659","344","98","98","88","60","73","","ch","g","My Twinkle","Space Blues","pWS","0","1.08","0","9","43.88","31.43","22.22","11.11","-1","-1","0.00","0.00","1.00","0.00","0.00","0.00","NO","0.00","Male","33.36","39.92","56.73","57.94","0.00","0.00","0.00","","","2","0"
"02/09/2026","20:30","Kempton","Pershalla","5.50","0.00","0.00","0.00","0.00","0.00","NO","","0.00","","4","Cieren Fallon","Amanda Perrett","50","169","16","64","65","57","57","E","57","62","55","35","33","68","2","02/09/2026 20:30","1m 2f 219y","A/W","E","5","2419","0","4187.00","Bet 20 Pound Get 20 Pound With Unibet Handicap (Class E)","","","","0.00","138","3-012795751","0","0","0","0.00","0.00","0.00","2","0","13","15.38","0.00","0.00","33.00","34.54","F","6","3768.00","138","1m 3f 99y","2519","5.90","5.00","P-HPLLPHHHP","8.00","5","4","9.12","C D","3","0","Hcap","Right - Sharp","3yo+,75","4/1","4.00","3","","75","6","6","330","666","336","84","87","87","78","16","","b","f","Hulcote","Persian King","h","0","0.92","2","13","50.29","34.06","23.08","15.38","5","3","0.00","0.00","1.00","0.00","0.00","0.00","NO","0.00","Female","59.46","48.48","43.68","40.02","0.00","0.00","0.00","","","",""
"02/09/2026","20:30","Kempton","Joseph","5.00","0.00","0.00","0.00","0.00","0.00","NO","","0.00","","2","D Egan","John Butler","62","239","16","68","76","59","59","E","62","67","57","38","30","68","6","02/09/2026 20:30","1m 2f 219y","A/W","E","5","2419","0","4187.00","Bet 20 Pound Get 20 Pound With Unibet Handicap (Class E)","","","","0.00","142","5-412010443","0","0","0","0.00","0.00","0.00","2","5","23","8.70","21.74","0.00","-15.67","43.45","E","5","3978.00","135","1m 4f 51y","2691","25.02","19.00","H-HPPHPPPPP","23.00","3","4","10.2","","1","0","Hcap","Right - Sharp","3yo+,75","7/2","3.50","3","","75","6","6","340","678","338","89","89","98","62","16","","ch","g","Take A Deep Breath","Earthlight","p","0","1.23","2","23","56.61","40.81","21.74","13.04","5","3","50.00","50.00","1.00","0.00","0.00","0.00","NO","0.00","Male","31.48","44.59","54.38","58.85","0.00","0.00","0.00","","","",""
"02/09/2026","20:30","Kempton","Madjid","1.73","0.00","0.00","0.00","0.00","0.00","NO","","0.00","","1","Lewis Edmunds","Harry Charlton","63","405","7","74","65","59","64","E","65","65","53","56","51","107","10","02/09/2026 20:30","1m 2f 219y","A/W","E","5","2419","0","4187.00","Bet 20 Pound Get 20 Pound With Unibet Handicap (Class E)","","","","0.00","141","90-4295711","0","0","0","0.00","0.00","0.00","2","1","9","22.22","11.11","0.00","-2.17","46.70","E","5","4187.00","133","1m 3f 219y","2639","5.26","4.33","HH-PHHPPLL","38.00","6","3","10.1","C","2","0","Hcap","Right - Sharp","3yo+,75","85/40","2.13","3","","75","6","6","375","742","367","91","84","92","100","7","","b","g","Sign Of Life","Time Test","","6","1.16","2","9","51.94","38.53","22.22","22.22","-1","1","50.00","50.00","1.00","0.00","0.00","0.00","NO","0.00","Male","72.95","69.57","67.55","64.69","0.00","0.00","0.00","","","",""
"02/09/2026","20:30","Kempton","Thatcham","8.00","0.00","0.00","0.00","0.00","0.00","NO","","0.00","","5","P J Dobbs","Richard Hannon","59","51","20","62","59","44","48","C","44","44","48","10","10","20","0","02/09/2026 20:30","1m 2f 219y","A/W","E","5","2419","0","4187.00","Bet 20 Pound Get 20 Pound With Unibet Handicap (Class E)","","","","0.00","129","56-5","0","0","0","0.00","0.00","0.00","0","0","3","0.00","0.00","0.00","-3.00","0.00","C","3","6480.00","133","1m 2f","2200","29.25","15.00","HH-H","0.00","4","3","9.3","","5","0","Hcap","Right - Sharp","3yo+,75","16/1","16.00","3","","75","6","6","283","607","324","85","78","84","77","20","","ch","c","Wordless","Night Of Thunder","","0","1.04","0","3","23.33","5.96","0.00","0.00","-3","-3","0.00","0.00","1.00","0.00","0.00","0.00","NO","0.00","Male","52.45","52.34","46.80","50.80","0.00","0.00","0.00","","","",""
"02/09/2026","20:30","Kempton","Rogue Desire","23.00","0.00","0.00","0.00","0.00","0.00","NO","","0.00","","6","Neil Callan","Jack Morland","51","46","90","61","56","51","51","E","51","52","52","10","8","18","4","02/09/2026 20:30","1m 2f 219y","A/W","E","5","2419","0","4187.00","Bet 20 Pound Get 20 Pound With Unibet Handicap (Class E)","","","","0.00","128","3-575","0","0","0","0.00","0.00","0.00","0","1","4","0.00","25.00","0.00","-4.00","0.00","F","6","3926.00","133","1m 2f","2200","21.36","23.00","H-PHP","15.00","1","3","9.2","","6","0","Hcap","Right - Sharp","3yo+,75","16/1","16.00","3","","75","6","6","281","612","331","79","89","87","76","90","","b","f","Gaita","Lucky Vega","tWS1","0","0.97","0","4","43.15","21.69","0.00","0.00","2","1","0.00","0.00","1.00","0.00","0.00","0.00","NO","0.00","Female","66.67","58.67","42.07","36.78","0.00","0.00","0.00","","","6","-1"
"02/09/2026","20:00","Kempton","Aigeas","17.00","0.00","0.00","0.00","0.00","0.00","NO","","0.00","","2","Mason Paetel","Oliver Cole","60","180","7","85","65","55","58","E","60","60","52","32","46","78","6","02/09/2026 20:00","7f","A/W","D","4","1540","3","6281.00","Unibet Supporting Safer Gambling Handicap (Class D)","","","","0.00","135","0519","0","0","0","0.00","0.00","0.00","1","0","4","25.00","0.00","0.00","13.00","41.87","D","4","6281.00","135","6f","1320","13.50","10.00","LHLP","15.00","4","3","9.9","C","1","0","Hcap","Right - Sharp","3yo,85","11/2","5.50","3","3","85","8","8","320","650","330","71","73","94","92","7","","b","g","Bonita Queen","Kodi Bear","t","0","1.18","1","4","42.50","29.47","25.00","25.00","0","1","0.00","0.00","1.00","0.00","0.00","0.00","NO","0.00","Male","42.64","44.79","40.27","45.37","0.00","0.00","0.00","","","",""
"02/09/2026","20:00","Kempton","Blakefell","5.00","0.00","0.00","0.00","0.00","0.00","NO","","0.00","","4","Silvestre De Sousa","Ivan Furtado","70","132","9","78","70","64","67","D","69","69","62","29","50","79","4","02/09/2026 20:00","7f","A/W","D","4","1540","0","6281.00","Unibet Supporting Safer Gambling Handicap (Class D)","","","","0.00","128","6092-16322","0","0","0","0.00","0.00","0.00","1","3","9","11.11","33.33","0.00","-6.13","54.00","D","4","6281.00","133","7f 15y","1555","3.25","3.25","HHPP-PLHPP","10.00","2","3","9.2","D  BF","8","0","Hcap","Right - Sharp","3yo,85","6/1","6.00","3","3","85","8","8","304","516","212","71","79","68","-6","9","","b","g","Katherine Lee","Kodi Bear","WS","0","1.32","1","9","69.83","53.09","44.44","11.11","1","-3","0.00","100.00","1.00","0.00","0.00","0.00","NO","0.00","Male","32.20","40.36","48.65","52.29","0.00","0.00","0.00","","","",""
"02/09/2026","20:00","Kempton","Manly Fireball","12.00","0.00","0.00","0.00","0.00","0.00","NO","","0.00","","5","Billy Loughnane","Richard Hughes","66","113","34","79","67","56","64","D","66","66","55","27","31","58","6","02/09/2026 20:00","7f","A/W","D","4","1540","0","6281.00","Unibet Supporting Safer Gambling Handicap (Class D)","","","","0.00","129","532-372152","0","0","0","0.00","0.00","0.00","1","4","9","11.11","44.44","0.00","-5.75","43.20","F","6","3564.00","127","6f 20y","1340","6.00","4.50","HLP-PHLLHP","15.00","8","3","9.3","","7","0","Hcap","Right - Sharp","3yo,85","13/2","6.50","3","3","85","8","8","276","610","334","88","91","85","70","34","","b","g","Karalara","Ardad","p1","0","0.96","1","9","74.60","59.61","33.33","22.22","3","1","0.00","0.00","1.00","0.00","0.00","0.00","NO","0.00","Male","48.81","48.14","48.15","51.47","0.00","0.00","0.00","","","",""
"02/09/2026","20:00","Kempton","Sierra Sands","13.00","0.00","0.00","0.00","0.00","0.00","NO","","0.00","","8","D Egan","Ed Dunlop","64","79","32","84","65","58","63","D","64","64","57","0","38","38","4","02/09/2026 20:00","7f","A/W","D","4","1540","0","6281.00","Unibet Supporting Safer Gambling Handicap (Class D)","","","","0.00","134","251-403114","0","0","0","0.00","0.00","0.00","3","2","9","33.33","22.22","0.00","9.20","78.82","D","4","6442.00","134","7f","1540","6.80","6.00","HPP-PHPPHP","10.00","1","3","9.8","D","2","0","Hcap","Right - Sharp","3yo,85","","0.00","3","3","85","8","8","307","618","311","70","74","85","82","32","","ch","c","Tickerdi","Sands Of Mali","","0","1.28","3","9","65.04","55.92","55.56","44.44","3","3","0.00","0.00","1.00","0.00","0.00","0.00","NO","0.00","Male","46.69","44.28","40.29","41.94","0.00","0.00","0.00","","","",""
"02/09/2026","20:00","Kempton","Raggaas","4.50","0.00","0.00","0.00","0.00","0.00","NO","","0.00","","1","Jack Mitchell","Simon and Ed Crisford","50","240","25","83","64","54","51","D","50","59","54","46","60","106","6","02/09/2026 20:00","7f","A/W","D","4","1540","0","6281.00","Unibet Supporting Safer Gambling Handicap (Class D)","","","","0.00","133","4421","0","0","0","0.00","0.00","0.00","1","0","4","25.00","0.00","0.00","-1.13","54.00","D","4","5400.00","133","7f","1540","3.75","2.88","HPPP","15.00","5","3","9.7","D","4","0","Hcap","Right - Sharp","3yo,85","7/2","3.50","3","3","85","8","8","332","680","348","97","84","93","74","25","","b","g","Ragsah","St Mark's Basilica","t","0","1.19","1","4","69.17","52.36","25.00","25.00","2","1","100.00","100.00","1.00","0.00","0.00","0.00","NO","0.00","Male","33.36","39.92","56.73","57.94","0.00","0.00","0.00","","","",""
"02/09/2026","20:00","Kempton","Comic Hero","3.25","0.00","0.00","0.00","0.00","0.00","NO","","0.00","","3","Oisin Murphy","Andrew Balding","56","166","81","81","73","56","66","C","69","69","58","31","31","62","4","02/09/2026 20:00","7f","A/W","D","4","1540","0","6281.00","Unibet Supporting Safer Gambling Handicap (Class D)","","","","0.00","131","732-1526","0","0","0","0.00","0.00","0.00","1","2","7","14.29","28.57","0.00","-5.50","54.00","B","2","25770.00","119","7f 127y","1667","7.40","6.50","HLP-PPPH","10.00","3","3","9.5","CD","5","0","Hcap","Right - Sharp","3yo,85","11/2","5.50","3","3","85","8","8","300","678","378","90","97","91","100","81","","b","g","Sense Of Humour","Saxon Warrior","","0","1.16","1","7","64.00","48.91","57.14","42.86","1","-1","0.00","0.00","1.00","0.00","0.00","0.00","NO","0.00","Male","52.70","64.73","60.55","63.10","0.00","0.00","0.00","","","6","0"
"02/09/2026","20:00","Kempton","Shaman Champion","6.00","0.00","0.00","0.00","0.00","0.00","NO","","0.00","","6","Rossa Ryan","Clive Cox","68","112","37","84","68","65","66","D","67","67","63","43","25","68","0","02/09/2026 20:00","7f","A/W","D","4","1540","0","6281.00","Unibet Supporting Safer Gambling Handicap (Class D)","","","","0.00","134","195282-7003","0","0","0","0.00","0.00","0.00","1","3","10","10.00","30.00","0.00","-5.00","36.64","D","4","5234.00","134","7f 14y","1554","10.23","7.50","PLHHHH-PHHH","0.00","6","3","9.8","","3","0","Hcap","Right - Sharp","3yo,85","4/1","4.00","3","3","85","8","8","266","587","321","87","85","83","66","37","","b","g","Angel Bright","Shaman","","0","1.08","1","10","64.26","48.70","30.00","10.00","-4","-1","0.00","0.00","1.00","0.00","0.00","0.00","NO","0.00","Male","48.69","57.69","57.66","50.41","0.00","0.00","0.00","","","",""
"02/09/2026","19:40","Navan","Queen Of Chenab","151.00","0.00","0.00","0.00","0.00","0.00","NO","","0.00","","21","G Abbas","Patrick J Flynn","19","8","615","0","41","30","30","","30","19","30","0","0","0","0","02/09/2026 19:40","1m 2f","Turf","E","5","2200","7","7200.00","Racing Again This Saturday Fillies Maiden (Class E)","","","","0.00","135","08-","0","0","0","0.00","0.00","0.00","0","0","2","0.00","0.00","0.00","-2.00","0.00","","","0.00","","","0","0.00","0.00","HH-","0.00","9","6","9.9","","2","0","Mdn-Fil","Left - Stiff / Undulating","3yo+","","0.00","3","","","23","23","89","234","145","18","-4","31","100","","615","br","m","Cadia's Lady","Elusive Pimpernel","","0","0.58","0","2","23.18","7.11","50.00","50.00","0","0","0.00","0.00","1.00","0.00","0.00","0.00","NO","0.00","Female","0.00","43.52","43.76","32.37","0.00","0.00","0.00","","","",""
"02/09/2026","19:40","Navan","Bang Bang","10.00","0.00","0.00","0.00","0.00","0.00","NO","","0.00","","12","Adam Caffrey","Noel Meade","58","35","32","71","62","58","56","D","58","60","56","29","12","41","4","02/09/2026 19:40","1m 2f","Turf","E","5","2200","0","7200.00","Racing Again This Saturday Fillies Maiden (Class E)","","","","0.00","129","55-2294","0","0","0","0.00","0.00","0.00","0","2","6","0.00","33.33","0.00","-6.00","0.00","E","5","10200.00","129","1m 73y","1833","7.60","5.50","HH-HPHP","12.00","3","3","9.3","","3","0","Mdn-Fil","Left - Stiff / Undulating","3yo+","12/1","12.00","3","","","23","23","280","354","74","37","47","52","-62","32","","ch","f","Queen Jock","Sands Of Mali","b","0","0.74","0","6","68.45","51.31","16.67","0.00","0","-1","0.00","0.00","1.00","0.00","0.00","0.00","NO","0.00","Female","37.60","49.05","45.92","49.90","0.00","0.00","0.00","","","",""
"02/09/2026","19:30","Kempton","Zoustar Dreams","7.50","0.00","0.00","0.00","0.00","0.00","NO","","0.00","","3","Billy Loughnane","Ed Dunlop","61","159","19","70","71","55","63","E","61","63","56","24","25","49","8","02/09/2026 19:30","6f","A/W","E","5","1320","0","4187.00","Try Unibet's New Smartview Racecards Fillies' Handicap (Class E)","","","","0.00","138","5-547114144","0","0","0","0.00","0.00","0.00","3","1","13","23.08","7.69","0.00","3.75","42.22","E","5","4397.00","134","5f 42y","1142","11.11","11.00","H-PLHLLLPPL","19.00","1","3","9.12","D","1","0","Hcap-Fil","Right - Sharp","3yo+,70","8/1","8.00","3","","70","8","8","332","620","288","71","91","71","55","19","","ch","f","A Huge Dream","Zoustar","p","0","1.26","3","13","56.48","41.25","46.15","30.77","5","1","0.00","0.00","1.00","0.00","0.00","0.00","NO","0.00","Female","46.69","44.28","40.29","41.94","0.00","0.00","0.00","","","",""
"02/09/2026","19:40","Navan","Chosen One","17.00","0.00","0.00","0.00","0.00","0.00","NO","","0.00","","5","Paddy Harnett","Donnacha O'Brien","54","103","19","69","59","54","56","E","57","57","50","24","10","34","8","02/09/2026 19:40","1m 2f","Turf","E","5","2200","3","7200.00","Racing Again This Saturday Fillies Maiden (Class E)","","","","0.00","129","0-5628","0","0","0","0.00","0.00","0.00","0","1","5","0.00","20.00","0.00","-5.00","0.00","E","5","9000.00","124","1m 2f 90y","2290","16.00","12.00","H-HPLP","24.00","15","3","9.3","","4","0","Mdn-Fil","Left - Stiff / Undulating","3yo+","14/1","14.00","3","","","23","23","265","319","54","80","38","70","-13","19","","b","f","Pink Dogwood","Dubawi","t1","0","1.49","0","5","52.26","35.18","20.00","0.00","1","1","0.00","0.00","1.00","0.00","0.00","0.00","NO","0.00","Female","24.26","32.56","40.37","49.88","0.00","0.00","0.00","","","",""
"02/09/2026","19:40","Navan","Peshwari Nan","251.00","0.00","0.00","0.00","0.00","0.00","NO","","0.00","","23","Siobhan Rutledge","John C McConnell","27","0","8","0","36","29","30","E","29","29","30","3","3","6","0","02/09/2026 19:40","1m 2f","Turf","E","5","2200","0","7200.00","Racing Again This Saturday Fillies Maiden (Class E)","","","","0.00","129","800","0","0","0","0.00","0.00","0.00","0","0","3","0.00","0.00","0.00","-3.00","0.00","E","5","9000.00","124","7f 195y","1735","1000.00","251.00","HHH","0.00","2","3","9.3","","13","0","Mdn-Fil","Left - Stiff / Undulating","3yo+","125/1","125.00","3","","","23","23","166","292","126","8","8","26","84","8","","b","f","Becuille","Nando Parrado","","0","1.70","0","3","22.04","6.17","0.00","0.00","3","3","0.00","0.00","1.00","0.00","0.00","0.00","NO","0.00","Female","45.67","52.05","53.68","49.36","0.00","0.00","0.00","","","",""
"02/09/2026","19:40","Navan","Pampar Lady","29.00","0.00","0.00","0.00","0.00","0.00","NO","","0.00","","11","R Whearty","Gavin Cromwell","54","38","33","0","71","53","49","E","52","70","48","29","15","44","0","02/09/2026 19:40","1m 2f","Turf","E","5","2200","0","7200.00","Racing Again This Saturday Fillies Maiden (Class E)","","","","0.00","135","211147-3328","0","0","0","0.00","0.00","0.00","3","7","26","11.54","26.92","90.00","-8.67","0.00","E","5","10200.00","140","1m 4f","2640","50.00","21.00","HHHHPH-HHHH","0.00","8","7","9.9","","1","0","Mdn-Fil","Left - Stiff / Undulating","3yo+","12/1","12.00","3","","","23","23","242","390","148","46","21","33","48","33","64","b","m","Mouskersize","Malinas","","0","1.06","3","26","57.01","42.77","50.00","30.77","8","1","0.00","0.00","1.00","0.00","0.00","0.00","NO","0.00","Female","44.83","45.70","52.39","50.71","0.00","0.00","0.00","","","",""
"02/09/2026","19:30","Kempton","Overbudget","26.00","0.00","0.00","0.00","0.00","0.00","NO","","0.00","","7","Mason Paetel","Michael Appleby","45","64","26","60","61","53","47","F","45","58","52","19","9","28","2","02/09/2026 19:30","6f","A/W","E","5","1320","3","4187.00","Try Unibet's New Smartview Racecards Fillies' Handicap (Class E)","","","","0.00","128","22-283769","0","0","0","0.00","0.00","0.00","0","2","8","0.00","25.00","0.00","-8.00","0.00","F","6","3140.00","133","6f","1320","8.12","7.50","PL-PPPHPH","5.00","3","3","9.2","","8","0","Hcap-Fil","Right - Sharp","3yo+,70","10/1","10.00","3","","70","8","8","232","560","328","75","72","86","95","26","","ch","f","L'Age D'Or","Mehmas","t","0","1.38","0","8","47.19","28.40","12.50","0.00","-2","-3","0.00","0.00","1.00","0.00","0.00","0.00","NO","0.00","Female","36.39","37.64","43.69","39.18","0.00","0.00","0.00","","","",""
"02/09/2026","19:30","Kempton","Startled Lady","12.00","0.00","0.00","0.00","0.00","0.00","NO","","0.00","","6","Neil Callan","William Knight","48","96","32","67","64","52","56","E","57","60","52","30","28","58","4","02/09/2026 19:30","6f","A/W","E","5","1320","0","4187.00","Try Unibet's New Smartview Racecards Fillies' Handicap (Class E)","","","","0.00","135","3044-235318","0","0","0","0.00","0.00","0.00","1","5","12","8.33","41.67","0.00","-8.50","37.68","E","5","4397.00","130","6f 2y","1322","9.12","7.00","LPHH-PPPPPH","10.00","7","3","9.9","D","6","0","Hcap-Fil","Right - Sharp","3yo+,70","6/1","6.00","3","","70","8","8","301","620","319","82","77","85","75","32","","b","f","Terrify","Zoustar","","0","0.81","1","12","61.12","48.43","41.67","8.33","-2","1","0.00","0.00","1.00","0.00","0.00","0.00","NO","0.00","Female","38.22","50.08","48.68","55.85","0.00","0.00","0.00","","","",""
"02/09/2026","19:30","Kempton","Amelia's Joy","7.50","0.00","0.00","0.00","0.00","0.00","NO","","0.00","","2","David Probert","Michael Herrington","61","188","16","66","67","59","61","E","61","63","58","37","44","81","8","02/09/2026 19:30","6f","A/W","E","5","1320","0","4187.00","Try Unibet's New Smartview Racecards Fillies' Handicap (Class E)","","","","0.00","136","2171452137","0","0","0","0.00","0.00","0.00","3","4","18","16.67","22.22","0.00","3.50","39.43","E","5","3978.00","137","7f 36y","1576","6.58","6.50","PPHPPPPPPL","19.00","4","4","9.10","D","4","0","Hcap-Fil","Right - Sharp","3yo+,70","5/1","5.00","3","","70","8","8","335","643","308","77","80","88","63","16","","b","f","Byrony","Expert Eye","p","0","1.20","3","18","59.81","43.97","27.78","22.22","8","-1","33.33","33.33","1.00","0.00","0.00","0.00","NO","0.00","Female","58.67","55.20","55.17","58.02","0.00","0.00","0.00","","","",""
"02/09/2026","19:30","Kempton","Egotistical","3.75","0.00","0.00","0.00","0.00","0.00","NO","","0.00","","1","Ray Dawson","Roger Varian","57","290","16","68","66","57","56","E","57","65","58","43","56","99","6","02/09/2026 19:30","6f","A/W","E","5","1320","0","4187.00","Try Unibet's New Smartview Racecards Fillies' Handicap (Class E)","","","","0.00","136","3-231742","0","0","0","0.00","0.00","0.00","1","4","7","14.29","57.14","0.00","-4.38","54.00","E","5","3978.00","135","6f 1y","1321","3.67","3.50","P-PPPPPP","14.00","2","3","9.10","D","5","0","Hcap-Fil","Right - Sharp","3yo+,70","4/1","4.00","3","","70","8","8","343","690","347","99","79","91","78","16","","b","f","Self Centred","Acclamation","","0","1.38","1","7","65.85","52.58","28.57","14.29","3","-1","100.00","100.00","1.00","0.00","0.00","0.00","NO","0.00","Female","78.11","75.99","69.12","64.43","0.00","0.00","0.00","","","",""
"02/09/2026","19:30","Kempton","Got The Booty","4.50","0.00","0.00","0.00","0.00","0.00","NO","","0.00","","5","Rossa Ryan","Clive Cox","45","106","79","70","61","54","53","E","54","60","53","23","20","43","10","02/09/2026 19:30","6f","A/W","E","5","1320","0","4187.00","Try Unibet's New Smartview Racecards Fillies' Handicap (Class E)","","","","0.00","138","82-2439","0","0","0","0.00","0.00","0.00","0","2","6","0.00","33.33","0.00","-6.00","0.00","D","4","5653.00","128","6f 12y","1332","27.33","26.00","LL-PLLP","24.00","6","3","9.12","","2","0","Hcap-Fil","Right - Sharp","3yo+,70","17/2","8.50","3","","70","8","8","277","625","348","92","87","86","83","79","","b","f","Perle Rare","Hello Youmzain","","0","1.00","0","6","56.90","38.51","16.67","0.00","-2","-1","0.00","0.00","1.00","0.00","0.00","0.00","NO","0.00","Female","48.69","57.69","57.66","50.41","0.00","0.00","0.00","","","9","0"
"02/09/2026","19:30","Kempton","Remi Mae","3.50","0.00","0.00","0.00","0.00","0.00","NO","","0.00","","4","Oisin Murphy","Andrew Balding","60","115","21","65","65","55","60","D","60","60","56","30","23","53","4","02/09/2026 19:30","6f","A/W","E","5","1320","0","4187.00","Try Unibet's New Smartview Racecards Fillies' Handicap (Class E)","","","","0.00","133","72-30323","0","0","0","0.00","0.00","0.00","0","3","7","0.00","42.86","0.00","-7.00","0.00","D","4","5400.00","128","6f","1320","2.66","2.25","PP-LPPPH","10.00","5","3","9.7","","7","0","Hcap-Fil","Right - Sharp","3yo+,70","6/1","6.00","3","","70","8","8","288","649","361","92","96","93","80","21","","b","f","Indian Blessing","Invincible Spirit","t1","0","1.10","0","7","53.40","37.23","28.57","14.29","3","1","0.00","0.00","1.00","0.00","0.00","0.00","NO","0.00","Female","52.70","64.73","60.55","63.10","0.00","0.00","0.00","","","",""
"02/09/2026","19:30","Kempton","Just Queen High","23.00","0.00","0.00","0.00","0.00","0.00","NO","","0.00","","8","Cieren Fallon","Ian Williams","52","60","63","67","62","52","49","E","52","60","52","9","13","22","0","02/09/2026 19:30","6f","A/W","E","5","1320","0","4187.00","Try Unibet's New Smartview Racecards Fillies' Handicap (Class E)","","","","0.00","137","55171-0909","0","0","0","0.00","0.00","0.00","2","0","9","22.22","0.00","0.00","23.75","49.24","D","4","6281.00","127","7f 3y","1543","69.58","41.00","HHPHH-PHHH","0.00","8","4","9.11","D","3","0","Hcap-Fil","Right - Sharp","3yo+,70","22/1","22.00","3","","70","8","8","268","588","320","73","79","72","96","63","","ch","f","Lucy Lou","Calyx","","0","0.78","2","9","38.65","28.72","22.22","22.22","5","1","100.00","100.00","1.00","0.00","0.00","0.00","NO","0.00","Female","44.53","44.90","44.36","47.40","0.00","0.00","0.00","","","9","0"
"02/09/2026","19:40","Navan","Serendipia","6.50","0.00","0.00","0.00","0.00","0.00","NO","","0.00","","2","W J Lee","W McCreery","63","112","19","73","64","57","61","E","63","63","54","27","27","54","2","02/09/2026 19:40","1m 2f","Turf","E","5","2200","0","7200.00","Racing Again This Saturday Fillies Maiden (Class E)","","","","0.00","129","68433","0","0","0","0.00","0.00","0.00","0","2","5","0.00","40.00","0.00","-5.00","0.00","E","5","9000.00","129","1m 2f 90y","2290","15.50","9.50","HPPHH","6.00","21","3","9.3","","15","0","Mdn-Fil","Left - Stiff / Undulating","3yo+","13/1","13.00","3","","","23","23","312","362","50","51","90","69","-16","19","","b","f","Fiesolana","St Mark's Basilica","t","0","2.62","0","5","59.93","39.50","60.00","0.00","3","3","0.00","0.00","1.00","0.00","0.00","0.00","NO","0.00","Female","44.93","63.34","55.24","55.12","0.00","0.00","0.00","","","",""
"02/09/2026","19:40","Navan","Sunatia","6.50","0.00","0.00","0.00","0.00","0.00","NO","","0.00","","4","Chris Hayes","D K Weld","66","107","45","0","66","56","56","D","56","47","56","38","28","66","4","02/09/2026 19:40","1m 2f","Turf","E","5","2200","0","7200.00","Racing Again This Saturday Fillies Maiden (Class E)","","","","0.00","129","02","0","0","0","0.00","0.00","0.00","0","1","2","0.00","50.00","0.00","-2.00","0.00","D","4","12000.00","129","1m 1f","1980","100.00","51.00","HL","12.00","11","3","9.3","","18","0","Mdn-Fil","Left - Stiff / Undulating","3yo+","9/1","9.00","3","","","23","23","303","499","196","71","54","71","0","45","","b","f","Summaya","Night Of Thunder","","0","1.04","0","2","55.56","38.58","50.00","50.00","0","0","0.00","0.00","1.00","0.00","0.00","0.00","NO","0.00","Female","61.66","52.68","63.68","59.50","0.00","0.00","0.00","","","",""
"02/09/2026","19:40","Navan","Socratea","9.50","0.00","0.00","0.00","0.00","0.00","NO","","0.00","","14","Declan McDonogh","W McCreery","59","30","70","0","59","59","59","E","59","","59","15","3","18","0","02/09/2026 19:40","1m 2f","Turf","E","5","2200","0","7200.00","Racing Again This Saturday Fillies Maiden (Class E)","","","","0.00","129","7","0","0","0","0.00","0.00","0.00","0","0","1","0.00","0.00","0.00","-1.00","0.00","E","5","9000.00","129","1m","1760","22.00","15.00","H","0.00","4","3","9.3","","17","0","Mdn-Fil","Left - Stiff / Undulating","3yo+","25/1","25.00","3","","","23","23","209","439","230","51","56","39","84","70","","b","f","Alambrista","Study Of Man","","0","1.27","0","1","66.67","44.44","0.00","0.00","1","1","0.00","0.00","1.00","0.00","0.00","0.00","NO","0.00","Female","44.93","63.34","55.24","55.12","0.00","0.00","0.00","","","",""
"02/09/2026","19:40","Navan","Orphanina","126.00","0.00","0.00","0.00","0.00","0.00","NO","","0.00","","17","Rory Cleary","Conor Maxwell","37","25","8","0","55","46","46","E","46","37","46","8","7","15","0","02/09/2026 19:40","1m 2f","Turf","E","5","2200","0","7200.00","Racing Again This Saturday Fillies Maiden (Class E)","","","","0.00","129","09","0","0","0","0.00","0.00","0.00","0","0","2","0.00","0.00","0.00","-2.00","0.00","E","5","9000.00","129","7f 195y","1735","280.00","51.00","HH","0.00","19","3","9.3","","12","0","Mdn-Fil","Left - Stiff / Undulating","3yo+","50/1","50.00","3","","","23","23","187","337","150","53","16","33","48","8","","ch","f","Orpha","Soldier's Call","","0","1.22","0","2","46.43","21.68","50.00","50.00","0","0","0.00","0.00","1.00","0.00","0.00","0.00","NO","0.00","Female","0.00","15.45","29.36","41.16","0.00","0.00","0.00","","","",""
"02/09/2026","19:40","Navan","Ventriloquist","151.00","0.00","0.00","0.00","0.00","0.00","NO","","0.00","","20","Donagh O'Connor","John C McConnell","43","9","90","0","43","43","43","D","43","","43","12","3","15","0","02/09/2026 19:40","1m 2f","Turf","E","5","2200","0","7200.00","Racing Again This Saturday Fillies Maiden (Class E)","","","","0.00","129","0","0","0","0","0.00","0.00","0.00","0","0","1","0.00","0.00","0.00","-1.00","0.00","D","4","12000.00","129","1m 2f","2200","892.29","151.00","H","0.00","1","3","9.3","","20","0","Mdn-Fil","Left - Stiff / Undulating","3yo+","33/1","33.00","3","","","23","23","165","289","124","8","18","44","54","90","","b","f","Dushlan","Verbal Dexterity","","0","0.95","0","1","9.09","0.83","0.00","0.00","-1","-1","0.00","0.00","1.00","0.00","0.00","0.00","NO","0.00","Female","45.67","52.05","53.68","49.36","0.00","0.00","0.00","","","",""
"02/09/2026","19:40","Navan","Mawhibah","8.50","0.00","0.00","0.00","0.00","0.00","NO","","0.00","","8","J M Sheridan","Joseph Patrick O'Brien","48","54","18","74","57","54","53","D","54","54","53","36","13","49","6","02/09/2026 19:40","1m 2f","Turf","E","5","2200","0","7200.00","Racing Again This Saturday Fillies Maiden (Class E)","","","","0.00","129","542","0","0","0","0.00","0.00","0.00","0","1","3","0.00","33.33","0.00","-3.00","0.00","E","5","9000.00","122","1m 4f","2640","2.66","2.25","HPL","18.00","22","3","9.3","BF","10","0","Mdn-Fil","Left - Stiff / Undulating","3yo+","10/1","10.00","3","","","23","23","298","461","163","80","54","79","-50","18","","gr","f","Bruxcalina","Australia","","0","3.22","0","3","68.71","47.85","33.33","33.33","1","1","0.00","0.00","1.00","0.00","0.00","0.00","NO","0.00","Female","37.08","49.96","50.02","58.18","0.00","0.00","0.00","","","",""
"02/09/2026","19:40","Navan","Lamar Valley","41.00","0.00","0.00","0.00","0.00","0.00","NO","","0.00","","14","Leigh Roche","Kevin Coleman","56","30","32","0","56","52","52","E","52","49","52","9","3","12","0","02/09/2026 19:40","1m 2f","Turf","E","5","2200","0","7200.00","Racing Again This Saturday Fillies Maiden (Class E)","","","","0.00","129","06","0","0","0","0.00","0.00","0.00","0","0","2","0.00","0.00","0.00","-2.00","0.00","E","5","10200.00","129","1m 73y","1833","100.00","67.00","HH","0.00","7","3","9.3","","9","0","Mdn-Fil","Left - Stiff / Undulating","3yo+","40/1","40.00","3","","","23","23","186","270","84","24","46","14","0","32","","b","f","Pamushana","Mohaather","","0","1.17","0","2","42.66","19.61","0.00","0.00","2","2","0.00","0.00","1.00","0.00","0.00","0.00","NO","0.00","Female","24.11","21.72","37.02","33.07","0.00","0.00","0.00","","","",""
"02/09/2026","19:40","Navan","Estrallita","23.00","0.00","0.00","0.00","0.00","0.00","NO","","0.00","","18","J J G Ryan","Jack W Davison","64","19","30","0","64","64","64","E","64","","64","18","22","40","0","02/09/2026 19:40","1m 2f","Turf","E","5","2200","0","7200.00","Racing Again This Saturday Fillies Maiden (Class E)","","","","0.00","129","6","0","0","0","0.00","0.00","0.00","0","0","1","0.00","0.00","0.00","-1.00","0.00","E","5","7200.00","129","1m","1760","46.07","29.00","H","0.00","14","3","9.3","","5","0","Mdn-Fil","Left - Stiff / Undulating","3yo+","20/1","20.00","3","","","23","23","275","384","109","25","9","39","36","30","","b","f","Fresnel","Lope De Vega","","0","0.83","0","1","68.75","47.27","0.00","0.00","1","1","0.00","0.00","1.00","0.00","0.00","0.00","NO","0.00","Female","48.95","53.45","55.03","52.67","0.00","0.00","0.00","","","",""
"02/09/2026","19:40","Navan","Shanala","13.00","0.00","0.00","0.00","0.00","0.00","NO","","0.00","","10","Ben Coen","J P Murtagh","59","42","90","0","59","57","57","D","57","55","57","9","3","12","4","02/09/2026 19:40","1m 2f","Turf","E","5","2200","0","7200.00","Racing Again This Saturday Fillies Maiden (Class E)","","","","0.00","129","54","0","0","0","0.00","0.00","0.00","0","0","2","0.00","0.00","0.00","-2.00","0.00","D","4","12000.00","129","1m 2f","2200","5.00","5.00","PP","12.00","17","3","9.3","","16","0","Mdn-Fil","Left - Stiff / Undulating","3yo+","40/1","40.00","3","","","23","23","195","357","162","60","68","64","-30","90","","b","f","Sharliyna","Space Blues","","0","0.87","0","2","57.79","35.63","0.00","0.00","-2","-2","0.00","0.00","1.00","0.00","0.00","0.00","NO","0.00","Female","38.94","40.29","45.43","47.01","0.00","0.00","0.00","","","",""
"02/09/2026","19:40","Navan","Near Perfection","19.00","0.00","0.00","0.00","0.00","0.00","NO","","0.00","","16","Gavin Ryan","Donnacha O'Brien","43","28","130","0","43","43","43","D","43","","43","14","3","17","2","02/09/2026 19:40","1m 2f","Turf","E","5","2200","0","7200.00","Racing Again This Saturday Fillies Maiden (Class E)","","","","0.00","129","5","0","0","0","0.00","0.00","0.00","0","0","1","0.00","0.00","0.00","-1.00","0.00","D","4","12000.00","129","1m 3f 190y","2610","10.41","6.50","P","6.00","16","3","9.3","","11","0","Mdn-Fil","Left - Stiff / Undulating","3yo+","25/1","25.00","3","","","23","23","177","443","266","80","39","63","84","130","","b","f","Believe'N'Succeed","St Mark's Basilica","t1","0","2.15","0","1","33.33","11.11","0.00","0.00","-1","-1","0.00","0.00","1.00","0.00","0.00","0.00","NO","0.00","Female","24.26","32.56","40.37","49.88","0.00","0.00","0.00","","","",""
"02/09/2026","19:40","Navan","Saxony Charms","6.50","0.00","0.00","0.00","0.00","0.00","NO","","0.00","","3","Gary Carroll","Andrew Oliver","66","111","11","75","71","66","67","E","66","66","67","34","25","59","2","02/09/2026 19:40","1m 2f","Turf","E","5","2200","0","7200.00","Racing Again This Saturday Fillies Maiden (Class E)","","","","0.00","129","355","0","0","0","0.00","0.00","0.00","0","1","3","0.00","33.33","0.00","-3.00","0.00","D","4","12000.00","129","1m 2f","2200","5.50","5.50","PHH","6.00","6","3","9.3","","14","0","Mdn-Fil","Left - Stiff / Undulating","3yo+","10/1","10.00","3","","","23","23","336","452","116","35","55","42","-16","11","","b","f","Pleasantry","Saxon Warrior","b1","0","0.85","0","3","69.78","49.99","33.33","0.00","-1","-1","0.00","0.00","1.00","0.00","0.00","0.00","NO","0.00","Female","43.82","40.59","48.52","45.13","0.00","0.00","0.00","","","",""
"02/09/2026","19:40","Navan","Windbourne","51.00","0.00","0.00","0.00","0.00","0.00","NO","","0.00","","9","Luke McAteer","Patrick T Foley","","48","","0","","","","","","","","0","3","3","0","02/09/2026 19:40","1m 2f","Turf","E","5","2200","0","7200.00","Racing Again This Saturday Fillies Maiden (Class E)","","","","0.00","129","","0","0","0","0.00","0.00","0.00","0","0","0","0.00","0.00","0.00","0.00","0.00","","","0.00","","","0","0.00","0.00","","0.00","23","3","9.3","","23","0","Mdn-Fil","Left - Stiff / Undulating","3yo+","","0.00","3","","","23","23","118","306","188","9","41","38","100","","","b","f","Deter","Coulsty","","0","0.00","0","0","0.00","0.00","0.00","0.00","","","0.00","0.00","1.00","0.00","0.00","0.00","NO","0.00","Female","34.97","41.08","40.21","50.81","0.00","0.00","0.00","","","",""
"02/09/2026","19:40","Navan","What Do You Say","34.00","0.00","0.00","0.00","0.00","0.00","NO","","0.00","","12","J Kearney","Andrew Oliver","","35","","0","","","","","","","","0","3","3","0","02/09/2026 19:40","1m 2f","Turf","E","5","2200","3","7200.00","Racing Again This Saturday Fillies Maiden (Class E)","","","","0.00","129","","0","0","0","0.00","0.00","0.00","0","0","0","0.00","0.00","0.00","0.00","0.00","","","0.00","","","0","0.00","0.00","","0.00","13","3","9.3","","22","0","Mdn-Fil","Left - Stiff / Undulating","3yo+","","0.00","3","","","23","23","118","332","214","35","59","20","100","","","b","f","Casual Remark","Kodi Bear","","0","1.28","0","0","0.00","0.00","0.00","0.00","","","0.00","0.00","1.00","0.00","0.00","0.00","NO","0.00","Female","43.82","40.59","48.52","45.13","0.00","0.00","0.00","","","",""
"02/09/2026","19:40","Navan","Vivere A Colori","26.00","0.00","0.00","0.00","0.00","0.00","NO","","0.00","","21","Nathan Crosse","Mrs John Harrington","","8","","0","","","","","","","","0","3","3","0","02/09/2026 19:40","1m 2f","Turf","E","5","2200","0","7200.00","Racing Again This Saturday Fillies Maiden (Class E)","","","","0.00","129","","0","0","0","0.00","0.00","0.00","0","0","0","0.00","0.00","0.00","0.00","0.00","","","0.00","","","0","0.00","0.00","","0.00","5","3","9.3","","21","0","Mdn-Fil","Left - Stiff / Undulating","3yo+","","0.00","3","","","23","23","118","321","203","53","13","37","100","","","gr","f","Perazzi","Caravaggio","","0","0.95","0","0","0.00","0.00","0.00","0.00","","","0.00","0.00","1.00","0.00","0.00","0.00","NO","0.00","Female","37.41","47.29","47.50","48.86","0.00","0.00","0.00","","","",""
"02/09/2026","17:50","Hamilton","Spanish Hustle","17.00","0.00","0.00","0.00","0.00","0.00","NO","","0.00","","4","Paul Mulrennan","Jim Goldie","51","102","16","62","69","56","50","D","51","68","52","16","9","25","0","02/09/2026 17:50","1m 5f 16y","Turf","E","5","2876","0","4187.00","Every Race Live On RTV Handicap (Class E)","","","","0.00","134","7448-006655","0","0","0","0.00","0.00","0.00","8","7","59","13.56","11.86","62.50","45.63","52.54","E","5","3974.00","145","1m 4f 13y","2653","15.00","13.00","HPPH-HHHHHH","0.00","11","8","9.8","C","4","0","Hcap","Right - Undulating","3yo+,70","18/1","18.00","3","","70","12","12","249","495","246","77","82","79","8","16","927","b","g","Dos Lunas","Pearl Secret","WS","0","1.18","8","59","47.38","32.73","28.81","20.34","17","1","25.00","37.50","1.00","0.00","0.00","0.00","NO","0.00","Male","68.66","63.54","54.24","50.75","0.00","0.00","0.00","","","",""
"02/09/2026","17:50","Hamilton","Perseus Way","3.75","0.00","0.00","0.00","0.00","0.00","NO","","0.00","","1","Rowan Scott","Tristan Davidson","69","340","73","70","77","58","70","D","69","76","58","55","82","137","2","02/09/2026 17:50","1m 5f 16y","Turf","E","5","2876","0","4187.00","Every Race Live On RTV Handicap (Class E)","","","","0.00","142","94154-31112","0","0","0","0.00","0.00","0.00","8","6","33","24.24","18.18","100.00","3.57","46.11","E","5","4187.00","127","1m 5f 16y","2876","3.20","2.75","HHHPP-PPPHH","5.00","9","7","10.2","CD  BF","1","0","Hcap","Right - Undulating","3yo+,70","9/2","4.50","3","","70","12","12","333","697","364","98","71","96","99","90","73","ch","g","Bint Almatar","Sea The Stars","","0","0.87","8","33","58.89","46.04","36.36","30.30","11","1","75.00","62.50","1.00","0.00","0.00","0.00","NO","0.00","Male","72.14","71.63","64.72","65.60","0.00","0.00","0.00","","","2","0"
"02/09/2026","17:50","Hamilton","Aighear","15.00","0.00","0.00","0.00","0.00","0.00","NO","","0.00","","6","Lauren Young","Jim Goldie","57","79","48","51","70","54","58","E","59","65","52","20","25","45","2","02/09/2026 17:50","1m 5f 16y","Turf","E","5","2876","5","4187.00","Every Race Live On RTV Handicap (Class E)","","","","0.00","123","531123-3465","0","0","0","0.00","0.00","0.00","4","7","39","10.26","17.95","0.00","-5.50","36.68","F","6","3664.00","117","1m 5f 16y","2876","11.71","9.50","HHPPHP-PHPH","5.00","12","8","8.11","C D","12","0","Hcap","Right - Undulating","3yo+,70","14/1","14.00","3","","70","12","12","243","442","199","77","63","72","-13","48","1622","b","m","Kabjoy","Farhh","","0","1.45","4","39","51.30","34.94","35.90","20.51","3","-1","25.00","50.00","1.00","0.00","0.00","0.00","NO","0.00","Female","68.66","63.54","54.24","50.75","0.00","0.00","0.00","","","5","0"
"02/09/2026","17:50","Hamilton","Simply Ruby","13.00","0.00","0.00","0.00","0.00","0.00","NO","","0.00","","7","James Sullivan","Dianne Sayer","50","48","23","68","72","60","50","C","50","65","57","12","23","35","6","02/09/2026 17:50","1m 5f 16y","Turf","E","5","2876","0","4187.00","Every Race Live On RTV Handicap (Class E)","","","","0.00","140","544137-60","0","0","0","0.00","0.00","0.00","1","0","8","12.50","0.00","0.00","-4.50","41.87","D","4","5234.00","134","1m 2f","2200","436.08","151.00","HHHHPP-PP","15.00","4","4","10.0","","2","0","Hcap","Right - Undulating","3yo+,70","25/1","25.00","3","","70","12","12","259","493","234","56","60","71","47","23","","b","f","Kallisha","Cracksman","","0","0.68","1","8","44.58","29.68","25.00","12.50","4","1","0.00","100.00","1.00","0.00","0.00","0.00","NO","0.00","Female","25.00","25.00","16.67","27.92","0.00","0.00","0.00","","","",""
"02/09/2026","17:50","Hamilton","Billy No Mates","15.00","0.00","0.00","0.00","0.00","0.00","NO","","0.00","","9","Connor Beasley","Michael Dods","53","46","75","56","71","59","55","E","53","70","58","9","10","19","0","02/09/2026 17:50","1m 5f 16y","Turf","E","5","2876","0","4187.00","Every Race Live On RTV Handicap (Class E)","","","","0.00","128","2834649-347","0","0","0","0.00","0.00","0.00","6","9","56","10.71","16.07","0.00","-2.50","45.27","F","6","4187.00","130","1m 7f","3300","6.54","5.50","HHHHHHH-HHH","0.00","2","10","9.2","","7","0","Hcap","Right - Undulating","3yo+,70","33/1","33.00","3","","70","12","12","212","405","193","78","78","74","-37","75","","b","g","Sabaidee","Clodovil","","0","1.10","4","51","52.92","35.45","39.22","17.65","9","1","50.00","50.00","1.00","0.00","0.00","0.00","NO","0.00","Male","52.82","50.13","46.11","48.47","0.00","0.00","0.00","","","7","0"
"02/09/2026","17:50","Hamilton","Ebony Maw","9.50","0.00","0.00","0.00","0.00","0.00","NO","","0.00","","5","Kevin Stott","Ewan Whillans","52","96","22","54","72","57","58","E","60","71","55","22","32","54","6","02/09/2026 17:50","1m 5f 16y","Turf","E","5","2876","0","4187.00","Every Race Live On RTV Handicap (Class E)","","","","0.00","126","39839-74313","0","0","0","0.00","0.00","0.00","6","16","58","10.34","27.59","0.00","4.50","42.73","F","6","3664.00","138","1m 4f 15y","2655","11.50","9.00","PLPPP-HHHLP","15.00","1","9","9.0","D","11","0","Hcap","Right - Undulating","3yo+,70","13/1","13.00","3","","70","12","12","278","543","265","63","84","65","53","22","","b","g","Skirrid","Iffraaj","tbWS","0","0.76","6","58","55.56","40.70","31.03","15.52","20","3","33.33","33.33","1.00","0.00","0.00","0.00","NO","0.00","Male","52.50","49.02","48.17","53.19","0.00","0.00","0.00","","","",""
"02/09/2026","17:45","Newcastle","Defence Missile","6.50","0.00","0.00","0.00","0.00","0.00","NO","","0.00","","2","Tom Kiely-Marshall","Linda Perratt","35","185","32","51","65","51","38","F","35","61","49","24","20","44","2","02/09/2026 17:45","1m 5y","A/W","F","6","1765","5","3245.00","Sky Sports Racing Virgin 512 Handicap (Div 2) (Class F)","","","","0.00","133","70586-89518","0","0","0","0.00","0.00","0.00","1","2","16","6.25","12.50","0.00","7.00","47.11","F","6","3664.00","134","1m 1f 35y","2015","13.00","11.00","PHHHP-HHPHH","8.00","9","4","9.7","CD","2","0","Hcap","Left - Galloping","3yo+,55","9/2","4.50","3","","55","9","9","310","679","369","97","80","92","100","32","","b","g","Moranda","Sottsass","p","0","0.98","1","16","33.43","21.52","43.75","31.25","8","1","0.00","0.00","1.00","0.00","0.00","0.00","NO","0.00","Male","50.00","44.44","53.01","52.11","0.00","0.00","0.00","","","",""
"02/09/2026","17:45","Newcastle","Here Comes Louie","4.50","0.00","0.00","0.00","0.00","0.00","NO","","0.00","","3","C J Whiteley","Roger Fell","52","181","25","52","65","44","53","F","52","53","47","19","34","53","6","02/09/2026 17:45","1m 5y","A/W","F","6","1765","5","3245.00","Sky Sports Racing Virgin 512 Handicap (Div 2) (Class F)","","","","0.00","129","90-86227","0","0","0","0.00","0.00","0.00","0","2","7","0.00","28.57","0.00","-7.00","0.00","F","6","3140.00","131","7f 219y","1759","3.05","2.63","HH-HHPPP","25.00","2","3","9.3","BF","5","0","Hcap","Left - Galloping","3yo+,55","6/1","6.00","3","","55","9","9","330","663","333","79","97","95","62","25","","b","g","L'Ile Aux Loups","Land Force","","0","0.88","0","7","39.91","27.19","57.14","57.14","3","1","0.00","0.00","1.00","0.00","0.00","0.00","NO","0.00","Male","35.49","47.60","49.32","54.70","0.00","0.00","0.00","","","",""
"02/09/2026","17:45","Newcastle","Itszaboy","3.75","0.00","0.00","0.00","0.00","0.00","NO","","0.00","","8","Alex Jary","Nigel Tinkler","55","56","25","51","55","50","52","F","52","52","47","0","13","13","6","02/09/2026 17:45","1m 5y","A/W","F","6","1765","3","3245.00","Sky Sports Racing Virgin 512 Handicap (Div 2) (Class F)","","","","0.00","128","577-06652","0","0","0","0.00","0.00","0.00","0","1","8","0.00","12.50","0.00","-8.00","0.00","F","6","3140.00","129","7f 219y","1759","55.00","34.00","PPH-HHPPP","25.00","5","3","9.2","","6","0","Hcap","Left - Galloping","3yo+,55","","0.00","3","","55","9","9","291","612","321","83","70","82","86","25","","b","g","Violette Szabo","Ubettabelieveit","","0","1.01","0","8","29.91","15.05","62.50","37.50","8","3","0.00","0.00","1.00","0.00","0.00","0.00","NO","0.00","Male","19.92","23.75","37.49","43.36","0.00","0.00","0.00","","","",""
"02/09/2026","17:45","Newcastle","The Floors Munky","81.00","0.00","0.00","0.00","0.00","0.00","NO","","0.00","","6","Rhys Elliott","Gary Rutherford","26","76","39","45","51","36","36","F","33","51","38","8","15","23","2","02/09/2026 17:45","1m 5y","A/W","F","6","1765","5","3245.00","Sky Sports Racing Virgin 512 Handicap (Div 2) (Class F)","","","","0.00","122","5-7009000","0","0","0","0.00","0.00","0.00","0","0","8","0.00","0.00","0.00","-8.00","0.00","F","6","3454.00","128","7f 14y","1554","334.58","81.00","P-PHHPHHP","8.00","8","3","8.10","","9","0","Hcap","Left - Galloping","3yo+,55","16/1","16.00","3","","55","9","9","258","534","276","86","76","84","30","39","","b","g","Fastnet View","Gustav Klimt","WS1","0","1.27","0","8","9.81","1.70","50.00","25.00","6","1","0.00","0.00","1.00","0.00","0.00","0.00","NO","0.00","Male","24.40","24.88","28.69","29.06","0.00","0.00","0.00","","","",""
"02/09/2026","17:45","Newcastle","Lady Delila","8.50","0.00","0.00","0.00","0.00","0.00","NO","","0.00","","5","Jason Hart","Patrick Morris","53","80","58","45","65","52","50","F","53","62","49","18","23","41","0","02/09/2026 17:45","1m 5y","A/W","F","6","1765","0","3245.00","Sky Sports Racing Virgin 512 Handicap (Div 2) (Class F)","","","","0.00","127","405-7332958","0","0","0","0.00","0.00","0.00","0","3","20","0.00","15.00","0.00","-20.00","0.00","F","6","3245.00","125","1m 142y","1902","22.00","13.00","HPH-HPPHHHH","0.00","7","6","9.1","","8","0","Hcap","Left - Galloping","3yo+,55","13/2","6.50","3","","55","9","9","292","591","299","79","88","77","55","58","","b","m","The Night Lady","The Gurkha","p","0","0.75","0","20","46.08","27.56","5.00","5.00","0","-1","0.00","0.00","1.00","0.00","0.00","0.00","NO","0.00","Female","26.27","41.54","41.57","36.60","0.00","0.00","0.00","","","8","0"
"02/09/2026","17:45","Newcastle","Barleybrown","4.00","0.00","0.00","0.00","0.00","0.00","NO","","0.00","","1","Miss Joanna Mason","Ruth Carr","56","186","17","53","67","56","55","F","56","66","55","28","29","57","0","02/09/2026 17:45","1m 5y","A/W","F","6","1765","0","3245.00","Sky Sports Racing Virgin 512 Handicap (Div 2) (Class F)","","","","0.00","135","744-3766285","0","0","0","0.00","0.00","0.00","5","9","42","11.90","21.43","0.00","-11.75","31.82","F","6","4711.00","134","1m 13y","1773","13.85","9.00","HHH-HHHHHHH","0.00","6","6","9.9","CD","1","0","Hcap","Left - Galloping","3yo+,55","4/1","4.00","3","","55","9","9","352","617","265","81","85","84","15","17","","b","g","Shozita","Zoustar","pWS","0","1.06","5","42","56.44","39.85","19.05","14.29","6","-1","60.00","60.00","1.00","0.00","0.00","0.00","NO","0.00","Male","46.06","48.84","49.73","51.51","0.00","0.00","0.00","","","",""
"02/09/2026","17:45","Newcastle","Walk On Walk On","10.00","0.00","0.00","0.00","0.00","0.00","NO","","0.00","","4","Ryan Sexton","Philip Kirby","51","85","36","51","63","51","56","F","54","58","49","26","10","36","6","02/09/2026 17:45","1m 5y","A/W","F","6","1765","0","3245.00","Sky Sports Racing Virgin 512 Handicap (Div 2) (Class F)","","","","0.00","128","549-0640527","0","0","0","0.00","0.00","0.00","0","2","13","0.00","15.38","0.00","-13.00","0.00","E","5","4527.00","112","7f 96y","1636","17.78","13.00","HHP-HHHHPPP","25.00","4","3","9.2","","7","0","Hcap","Left - Galloping","3yo+,55","4/1","4.00","3","","55","9","9","315","637","322","76","84","78","84","36","","b","g","Walk On Bye","U S Navy Flag","p","0","1.12","0","13","41.25","23.78","38.46","15.38","3","1","0.00","0.00","1.00","0.00","0.00","0.00","NO","0.00","Male","41.24","51.53","47.91","42.58","0.00","0.00","0.00","","","",""
"02/09/2026","17:50","Hamilton","Clocker","2.63","0.00","0.00","0.00","0.00","0.00","NO","","0.00","","2","Oisin Orr","Ed Bethell","66","326","18","68","66","58","59","E","61","61","57","70","65","135","6","02/09/2026 17:50","1m 5f 16y","Turf","E","5","2876","0","4187.00","Every Race Live On RTV Handicap (Class E)","","","","0.00","132","56-46121","0","0","0","0.00","0.00","0.00","2","0","7","28.57","0.00","0.00","1.90","47.10","E","5","5234.00","130","1m 4f 10y","2650","1.91","1.90","HH-PHLHP","15.00","7","3","9.6","C","5","0","Hcap","Right - Undulating","3yo+,70","100/30","3.33","3","","70","12","12","354","704","350","92","81","90","87","18","","b","f","Oh Dream","Time Test","","0","1.10","2","7","68.33","51.69","28.57","28.57","-1","1","0.00","0.00","1.00","0.00","0.00","0.00","NO","0.00","Female","77.42","57.40","65.00","65.62","0.00","0.00","0.00","","","",""
"02/09/2026","18:00","Kempton","Inscription","4.00","0.00","0.00","0.00","0.00","0.00","NO","","0.00","","3","Shane Foley","Andrew Balding","","145","","0","","","","","","","","0","20","20","0","02/09/2026 18:00","7f","A/W","C","3","1540","0","6480.00","Unibet More Extra Place Races Maiden Stakes (GBB Race) (Class C)","","","","0.00","133","","0","0","0","0.00","0.00","0.00","0","0","0","0.00","0.00","0.00","0.00","0.00","","","0.00","","","0","0.00","0.00","","-1.00","1","2","9.7","","6","0","Mdn","Right - Sharp","2yo","","0.00","2","2","","11","11","330","654","324","91","63","70","100","","","b","c","Pretty Paper","Night Of Thunder","","0","1.28","0","0","0.00","0.00","0.00","0.00","","","0.00","0.00","1.00","0.00","0.00","0.00","NO","0.00","Male","52.70","64.73","60.55","63.10","0.00","0.00","0.00","","","",""
"02/09/2026","18:00","Kempton","Chain Letter","51.00","0.00","0.00","0.00","0.00","0.00","NO","","0.00","","11","Nicola Currie","Henry Candy","","29","","0","","","","","","","","0","14","14","0","02/09/2026 18:00","7f","A/W","C","3","1540","0","6480.00","Unibet More Extra Place Races Maiden Stakes (GBB Race) (Class C)","","","","0.00","133","","0","0","0","0.00","0.00","0.00","0","0","0","0.00","0.00","0.00","0.00","0.00","","","0.00","","","0","0.00","0.00","","-1.00","6","2","9.7","","3","0","Mdn","Right - Sharp","2yo","","0.00","2","2","","11","11","314","596","282","58","57","67","100","","","b","c","Chain Of Daisies","Mohaather","","0","1.08","0","0","0.00","0.00","0.00","0.00","","","0.00","0.00","1.00","0.00","0.00","0.00","NO","0.00","Male","12.50","12.50","45.93","56.96","0.00","0.00","0.00","","","",""
"02/09/2026","18:00","Kempton","Anahona","7.00","0.00","0.00","0.00","0.00","0.00","NO","","0.00","","4","Silvestre De Sousa","Simon and Ed Crisford","","141","","0","","","","","","","","0","22","22","0","02/09/2026 18:00","7f","A/W","C","3","1540","0","6480.00","Unibet More Extra Place Races Maiden Stakes (GBB Race) (Class C)","","","","0.00","133","","0","0","0","0.00","0.00","0.00","0","0","0","0.00","0.00","0.00","0.00","0.00","","","0.00","","","0","0.00","0.00","","-1.00","4","2","9.7","","2","0","Mdn","Right - Sharp","2yo","","0.00","2","2","","11","11","334","693","359","94","84","81","100","","","b","c","Smartyfly","Tiz The Law","","0","1.18","0","0","0.00","0.00","0.00","0.00","","","0.00","0.00","1.00","0.00","0.00","0.00","NO","0.00","Male","33.36","39.92","56.73","57.94","0.00","0.00","0.00","","","",""
"02/09/2026","18:00","Kempton","Le Drakkar","9.50","0.00","0.00","0.00","0.00","0.00","NO","","0.00","","5","Rossa Ryan","Kevin Foy","","123","","0","","","","","","","","0","20","20","0","02/09/2026 18:00","7f","A/W","C","3","1540","0","6480.00","Unibet More Extra Place Races Maiden Stakes (GBB Race) (Class C)","","","","0.00","133","","0","0","0","0.00","0.00","0.00","0","0","0","0.00","0.00","0.00","0.00","0.00","","","0.00","","","0","0.00","0.00","","-1.00","7","2","9.7","","9","0","Mdn","Right - Sharp","2yo","","0.00","2","2","","11","11","330","687","357","79","90","88","100","","","ch","c","Miss Blue Sky","Starman","t1","0","1.01","0","0","0.00","0.00","0.00","0.00","","","0.00","0.00","1.00","0.00","0.00","0.00","NO","0.00","Male","42.78","54.07","52.95","55.21","0.00","0.00","0.00","","","",""
"02/09/2026","18:00","Kempton","Kingdom Of Heaven","41.00","0.00","0.00","0.00","0.00","0.00","NO","","0.00","","6","David Probert","John Butler","","100","","0","","","","","","","","0","24","24","0","02/09/2026 18:00","7f","A/W","C","3","1540","0","6480.00","Unibet More Extra Place Races Maiden Stakes (GBB Race) (Class C)","","","","0.00","133","","0","0","0","0.00","0.00","0.00","0","0","0","0.00","0.00","0.00","0.00","0.00","","","0.00","","","0","0.00","0.00","","-1.00","5","2","9.7","","8","0","Mdn","Right - Sharp","2yo","","0.00","2","2","","11","11","338","681","343","72","84","87","100","","","ch","g","Drift And Dream","Masar","","0","1.19","0","0","0.00","0.00","0.00","0.00","","","0.00","0.00","1.00","0.00","0.00","0.00","NO","0.00","Male","31.48","44.59","54.38","58.85","0.00","0.00","0.00","","","",""
"02/09/2026","18:00","Kempton","Jeepers Fortune","12.00","0.00","0.00","0.00","0.00","0.00","NO","","0.00","","9","George Wood","Harry Eustace","","68","","0","","","","","","","","0","20","20","0","02/09/2026 18:00","7f","A/W","C","3","1540","0","6480.00","Unibet More Extra Place Races Maiden Stakes (GBB Race) (Class C)","","","","0.00","133","","0","0","0","0.00","0.00","0.00","0","0","0","0.00","0.00","0.00","0.00","0.00","","","0.00","","","0","0.00","0.00","","-1.00","10","2","9.7","","7","0","Mdn","Right - Sharp","2yo","","0.00","2","2","","11","11","330","638","308","75","60","73","100","","","br","g","For Henry","Mehmas","","0","0.83","0","0","0.00","0.00","0.00","0.00","","","0.00","0.00","1.00","0.00","0.00","0.00","NO","0.00","Male","31.75","48.83","46.77","50.55","0.00","0.00","0.00","","","",""
"02/09/2026","18:00","Kempton","Abersoch","4.50","0.00","0.00","0.00","0.00","0.00","NO","","0.00","","8","D Egan","Kevin Foy","","69","","0","","","","","","","","0","18","18","0","02/09/2026 18:00","7f","A/W","C","3","1540","0","6480.00","Unibet More Extra Place Races Maiden Stakes (GBB Race) (Class C)","","","","0.00","133","","0","0","0","0.00","0.00","0.00","0","0","0","0.00","0.00","0.00","0.00","0.00","","","0.00","","","0","0.00","0.00","","-1.00","11","2","9.7","","1","0","Mdn","Right - Sharp","2yo","","0.00","2","2","","11","11","318","660","342","79","77","86","100","","","b","c","Koala Princess","Not This Time","t1","0","0.69","0","0","0.00","0.00","0.00","0.00","","","0.00","0.00","1.00","0.00","0.00","0.00","NO","0.00","Male","42.78","54.07","52.95","55.21","0.00","0.00","0.00","","","",""
"02/09/2026","17:50","Hamilton","Kindly Queen","51.00","0.00","0.00","0.00","0.00","0.00","NO","","0.00","","7","F Bughanaim","Christopher Kellett","51","48","39","63","64","61","54","E","51","64","57","25","8","33","10","02/09/2026 17:50","1m 5f 16y","Turf","E","5","2876","0","4187.00","Every Race Live On RTV Handicap (Class E)","","","","0.00","127","4-3342539","0","0","0","0.00","0.00","0.00","0","1","8","0.00","12.50","0.00","-8.00","0.00","E","5","7731.00","129","1m 4f 63y","2703","95.00","67.00","H-LPHPLLP","25.00","8","3","9.1","","8","0","Hcap","Right - Undulating","3yo+,70","11/1","11.00","3","","70","12","12","221","473","252","73","61","66","52","39","","b","f","Queen Kazeem","Nathaniel","p","0","0.93","0","8","47.29","27.70","12.50","0.00","4","1","0.00","0.00","1.00","0.00","0.00","0.00","NO","0.00","Female","14.29","49.26","51.00","35.98","0.00","0.00","0.00","","","",""
"02/09/2026","17:50","Hamilton","Wootton's Gal","10.00","0.00","0.00","0.00","0.00","0.00","NO","","0.00","","10","Billy Garritty","Richard Fahey","54","44","32","62","56","53","54","C","54","54","51","32","7","39","4","02/09/2026 17:50","1m 5f 16y","Turf","E","5","2876","0","4187.00","Every Race Live On RTV Handicap (Class E)","","","","0.00","126","5-249","0","0","0","0.00","0.00","0.00","0","0","4","0.00","0.00","0.00","-4.00","0.00","D","4","5286.00","112","1m 5f 16y","2876","48.00","29.00","H-HPP","10.00","6","3","9.0","","10","0","Hcap","Right - Undulating","3yo+,70","17/2","8.50","3","","70","12","12","231","479","248","68","68","78","34","32","","ch","f","Royal Cosmic","Nathaniel","","0","1.44","0","4","34.03","15.76","0.00","0.00","2","1","0.00","0.00","1.00","0.00","0.00","0.00","NO","0.00","Female","42.87","41.79","46.30","47.18","0.00","0.00","0.00","","","",""
"02/09/2026","17:50","Hamilton","Ibn Altheeb","11.00","0.00","0.00","0.00","0.00","0.00","NO","","0.00","","3","Clifford Lee","Iain Jardine","55","113","25","64","63","54","55","E","55","57","51","29","9","38","2","02/09/2026 17:50","1m 5f 16y","Turf","E","5","2876","0","4187.00","Every Race Live On RTV Handicap (Class E)","","","","0.00","128","53317-60340","0","0","0","0.00","0.00","0.00","1","2","12","8.33","16.67","0.00","-7.00","32.45","E","5","4187.00","122","1m 2f","2200","50.00","34.00","HPPPH-HHHPH","5.00","10","3","9.2","","6","0","Hcap","Right - Undulating","3yo+,70","10/1","10.00","3","","70","12","12","260","506","246","74","90","79","3","25","","gr","g","Mixora","Alkumait","b","0","1.37","1","12","47.55","30.44","25.00","8.33","4","1","100.00","100.00","1.00","0.00","0.00","0.00","NO","0.00","Male","45.52","54.32","54.82","56.60","0.00","0.00","0.00","","","",""
"02/09/2026","18:00","Kempton","Or Ever","41.00","0.00","0.00","0.00","0.00","0.00","NO","","0.00","","7","Cieren Fallon","Charles Hills","50","78","61","0","50","50","50","B","50","","50","0","7","7","0","02/09/2026 18:00","7f","A/W","C","3","1540","0","6480.00","Unibet More Extra Place Races Maiden Stakes (GBB Race) (Class C)","","","","0.00","133","0","0","0","0","0.00","0.00","0.00","0","0","1","0.00","0.00","0.00","-1.00","0.00","B","2","20616.00","130","7f","1540","34.08","23.00","H","-1.00","8","2","9.7","","11","0","Mdn","Right - Sharp","2yo","","0.00","2","2","","11","11","322","659","337","77","81","79","100","61","","ch","c","Maria Montessori","Mehmas","","0","0.96","0","1","0.00","0.00","0.00","0.00","-1","-1","0.00","0.00","1.00","0.00","0.00","0.00","NO","0.00","Male","54.43","54.90","56.68","57.26","0.00","0.00","0.00","","","10","0"
"02/09/2026","17:50","Hamilton","Ouro Preto","21.00","0.00","0.00","0.00","0.00","0.00","NO","","0.00","","12","Greg Fairley","Iain Jardine","54","26","32","63","62","56","55","D","55","58","56","8","3","11","0","02/09/2026 17:50","1m 5f 16y","Turf","E","5","2876","0","4187.00","Every Race Live On RTV Handicap (Class E)","","","","0.00","135","797908","0","0","0","0.00","0.00","0.00","0","0","6","0.00","0.00","0.00","-6.00","0.00","D","4","5286.00","129","1m 5f 16y","2876","90.06","67.00","PHHHHH","0.00","3","5","9.9","","3","0","Hcap","Right - Undulating","3yo+,70","40/1","40.00","3","","70","12","12","192","403","211","74","60","59","18","32","","b","g","Harem Mistress","Wootton Bassett","","0","1.02","0","6","15.00","4.16","33.33","16.67","2","1","0.00","0.00","1.00","0.00","0.00","0.00","NO","0.00","Male","45.52","54.32","54.82","56.60","0.00","0.00","0.00","","","",""
"02/09/2026","17:50","Hamilton","Path To Peace","81.00","0.00","0.00","0.00","0.00","0.00","NO","","0.00","","11","Shane Gray","Katie Scott","53","29","25","63","60","53","50","E","53","53","52","9","3","12","2","02/09/2026 17:50","1m 5f 16y","Turf","E","5","2876","0","4187.00","Every Race Live On RTV Handicap (Class E)","","","","0.00","127","9060","0","0","0","0.00","0.00","0.00","0","0","4","0.00","0.00","0.00","-4.00","0.00","E","5","4187.00","126","1m 2f","2200","430.46","151.00","HPHH","5.00","5","3","9.1","","9","0","Hcap","Right - Undulating","3yo+,70","33/1","33.00","3","","70","12","12","198","445","247","51","74","70","52","25","","b","f","Escampette","War Of Will","tv","0","1.27","0","4","20.96","8.57","50.00","25.00","-2","-1","0.00","0.00","1.00","0.00","0.00","0.00","NO","0.00","Female","49.50","48.36","44.60","47.08","0.00","0.00","0.00","","","",""
"02/09/2026","17:35","Bath","Trojan Truth","10.00","0.00","0.00","0.00","0.00","0.00","NO","","0.00","","5","Luke Morris","Ed de Giles","45","126","16","59","66","58","55","F","58","65","57","28","17","45","0","02/09/2026 17:35","1m 3f 137y","Turf","F","6","2557","0","3454.00","Compare Betting Sites At gambling.com Handicap (Class F)","","","","0.00","134","1523-626325","0","0","0","0.00","0.00","0.00","7","8","42","16.67","19.05","0.00","2.83","38.88","F","6","3768.00","133","1m 3f 99y","2519","14.50","11.00","HHHP-HHHHHH","0.00","1","7","9.8","D","3","0","Hcap","Left - Galloping","4yo+,60","11/2","5.50","4","","60","6","6","312","618","306","84","88","77","57","16","","b","g","Verity","Ulysses","b","0","1.29","7","42","56.59","41.03","30.95","21.43","14","3","28.57","71.43","1.00","0.00","0.00","0.00","NO","0.00","Male","0.00","5.56","16.42","25.14","0.00","0.00","0.00","","","",""
"02/09/2026","17:35","Bath","Offiah's Boy","4.50","0.00","0.00","0.00","0.00","0.00","NO","","0.00","","1","Taylor Fisher","J Tickle","62","340","19","56","71","55","65","F","63","68","50","44","51","95","10","02/09/2026 17:35","1m 3f 137y","Turf","F","6","2557","0","3454.00","Compare Betting Sites At gambling.com Handicap (Class F)","","","","0.00","131","F80-0056213","0","0","0","0.00","0.00","0.00","5","6","31","16.13","19.35","83.33","-7.67","34.65","F","6","3664.00","137","1m 2f 17y","2217","6.20","5.00","PLP-PPPLPLL","45.00","6","5","9.5","CD","4","0","Hcap","Left - Galloping","4yo+,60","100/30","3.33","4","","60","6","6","349","721","372","94","92","92","94","19","265","b","g","Zerka","Le Brivido","WS","0","0.93","5","31","44.53","33.99","58.06","45.16","1","1","40.00","40.00","1.00","0.00","0.00","0.00","NO","0.00","Male","21.88","23.52","45.19","50.35","0.00","0.00","0.00","","","",""
"02/09/2026","17:35","Bath","Jodhpur Blue","6.00","0.00","0.00","0.00","0.00","0.00","NO","","0.00","","3","Edward Greatrex","Ian Williams","65","179","30","60","65","55","56","E","53","65","53","33","19","52","4","02/09/2026 17:35","1m 3f 137y","Turf","F","6","2557","0","3454.00","Compare Betting Sites At gambling.com Handicap (Class F)","","","","0.00","135","4-423226253","0","0","0","0.00","0.00","0.00","1","8","22","4.55","36.36","0.00","-19.90","39.42","E","5","4172.00","145","1m 3f 99y","2519","8.05","7.00","H-HPHHPHPHP","18.00","3","5","9.9","","2","0","Hcap","Left - Galloping","4yo+,60","9/2","4.50","4","","60","6","6","314","649","335","83","95","93","64","30","","b","g","Sacred Path","Blue Point","t","0","0.93","1","22","52.65","38.30","27.27","4.55","10","1","0.00","0.00","1.00","0.00","0.00","0.00","NO","0.00","Male","44.53","44.90","44.36","47.40","0.00","0.00","0.00","","","",""
"02/09/2026","17:40","Navan","Chapel Lane","8.50","0.00","0.00","0.00","0.00","0.00","NO","","0.00","","3","W J Lee","W McCreery","67","182","12","72","70","59","66","C","67","67","58","41","38","79","0","02/09/2026 17:40","1m 20y","Turf","E","5","1780","0","9000.00","Book Your Hospitality Now For Navan Racing Festival Maiden (Class E)","","","","0.00","134","373-6732","0","0","0","0.00","0.00","0.00","0","4","7","0.00","57.14","0.00","-7.00","0.00","E","5","9000.00","137","1m 30y","1790","6.80","5.50","HPP-HHHH","0.00","11","3","9.8","","1","0","Mdn","Left - Stiff / Undulating","3yo","5/1","5.00","3","3","","14","14","335","544","209","81","90","82","-44","12","","ch","g","Fair Sailing","Tamayuz","v","0","0.30","0","7","70.41","52.17","14.29","0.00","5","3","0.00","0.00","1.00","0.00","0.00","0.00","NO","0.00","Male","44.93","63.34","55.24","55.12","0.00","0.00","0.00","","","",""
"02/09/2026","17:40","Navan","Resurgence","6.50","0.00","0.00","0.00","0.00","0.00","NO","","0.00","","6","K G Kennedy","Mrs John Harrington","55","90","351","0","62","58","58","D","58","55","58","18","12","30","4","02/09/2026 17:40","1m 20y","Turf","E","5","1780","5","9000.00","Book Your Hospitality Now For Navan Racing Festival Maiden (Class E)","","","","0.00","134","24-","0","0","0","0.00","0.00","0.00","0","1","2","0.00","50.00","0.00","-2.00","0.00","E","5","9000.00","133","1m 30y","1790","4.00","3.75","PP-","13.00","14","3","9.8","","4","0","Mdn","Left - Stiff / Undulating","3yo","13/1","13.00","3","3","","14","14","280","587","307","76","77","74","80","351","","b","g","Recover Me","Too Darn Hot","","0","1.63","0","2","79.49","64.83","0.00","0.00","0","0","0.00","0.00","1.00","0.00","0.00","0.00","NO","0.00","Male","37.41","47.29","47.50","48.86","0.00","0.00","0.00","","","",""
"02/09/2026","17:35","Bath","Douglas Dc","8.50","0.00","0.00","0.00","0.00","0.00","NO","","0.00","","4","Kieren Fox","Tony Carroll","58","178","15","48","69","59","62","F","63","68","56","31","25","56","4","02/09/2026 17:35","1m 3f 137y","Turf","F","6","2557","0","3454.00","Compare Betting Sites At gambling.com Handicap (Class F)","","","","0.00","123","4270-975524","0","0","0","0.00","0.00","0.00","1","19","57","1.75","33.33","92.59","-55.43","0.00","F","6","3454.00","135","1m 4f","2640","8.30","6.00","PPPH-HPPHHL","18.00","2","8","8.11","","6","0","Hcap","Left - Galloping","4yo+,60","5/1","5.00","4","","60","6","6","312","622","310","88","78","88","56","15","300","b","g","Hollie Point","Zoffany","b","0","1.15","1","57","55.81","39.49","26.32","12.28","11","1","100.00","100.00","1.00","0.00","0.00","0.00","NO","0.00","Male","31.31","36.44","41.46","42.84","0.00","0.00","0.00","","","",""
"02/09/2026","17:35","Bath","Belle Amie","3.25","0.00","0.00","0.00","0.00","0.00","NO","","0.00","","2","Callum Shepherd","David Simcock","66","233","18","55","67","53","54","F","66","66","51","40","36","76","4","02/09/2026 17:35","1m 3f 137y","Turf","F","6","2557","0","3454.00","Compare Betting Sites At gambling.com Handicap (Class F)","","","","0.00","130","74223-14143","0","0","0","0.00","0.00","0.00","2","4","13","15.38","30.77","0.00","-4.75","34.54","F","6","3768.00","126","1m 5f","2860","5.70","5.00","PLPHP-HPHPP","18.00","5","4","9.4","CD","5","0","Hcap","Left - Galloping","4yo+,60","7/2","3.50","4","","60","6","6","338","684","346","91","80","87","88","18","","br","f","Corpus Chorister","Belardo","","0","1.65","2","13","50.63","42.23","46.15","38.46","-1","-1","0.00","0.00","1.00","0.00","0.00","0.00","NO","0.00","Female","61.87","56.79","56.88","49.72","0.00","0.00","0.00","","","",""
"02/09/2026","17:30","Kempton","Something Coming","5.50","0.00","0.00","0.00","0.00","0.00","NO","","0.00","","8","Olivia Tubb","Peter Chapple-Hyam","58","88","23","69","59","57","58","E","58","58","48","25","18","43","2","02/09/2026 17:30","7f","A/W","E","5","1540","0","4187.00","Try Unibet's New Improved Acca Boosts Apprentice Handicap (Class E)","","","","0.00","140","U3826-26","0","0","0","0.00","0.00","0.00","0","3","7","0.00","42.86","0.00","-7.00","0.00","E","5","4187.00","135","1m","1760","27.00","17.00","HHPH-PH","6.00","1","3","10.0","","1","0","Hcap-App","Right - Sharp","3yo,70","15/2","7.50","3","3","70","8","8","280","595","315","79","77","99","60","23","","b","f","Victoria's Angel","Kodi Bear","","0","1.28","0","7","50.94","39.26","57.14","28.57","3","1","0.00","0.00","1.00","0.00","0.00","0.00","NO","0.00","Female","63.31","45.70","45.26","37.19","0.00","0.00","0.00","","","",""
"02/09/2026","17:30","Kempton","Chapman's Peak","9.00","0.00","0.00","0.00","0.00","0.00","NO","","0.00","","2","Toby Moore","Ed Dunlop","49","157","18","63","56","45","47","E","49","55","45","33","25","58","6","02/09/2026 17:30","7f","A/W","E","5","1540","3","4187.00","Try Unibet's New Improved Acca Boosts Apprentice Handicap (Class E)","","","","0.00","134","99411-78842","0","0","0","0.00","0.00","0.00","2","1","10","20.00","10.00","0.00","9.00","41.87","F","6","3768.00","133","1m 1y","1761","19.50","17.00","HHHPP-HHHPL","19.00","7","3","9.8","CD","6","0","Hcap-App","Right - Sharp","3yo,70","11/2","5.50","3","3","70","8","8","318","669","351","79","89","99","84","18","","b","g","Melesina","Showcasing","p","0","1.01","2","10","44.19","32.57","20.00","20.00","0","1","0.00","0.00","1.00","0.00","0.00","0.00","NO","0.00","Male","46.69","44.28","40.29","41.94","0.00","0.00","0.00","","","",""
"02/09/2026","17:30","Kempton","Musical Soldier","3.00","0.00","0.00","0.00","0.00","0.00","NO","","0.00","","1","Libby Swallow","Ollie Sangster","","194","1","67","68","54","66","F","64","66","50","32","70","102","6","02/09/2026 17:30","7f","A/W","E","5","1540","7","4187.00","Try Unibet's New Improved Acca Boosts Apprentice Handicap (Class E)","","","","0.00","138","152022111?","0","0","0","0.00","0.00","0.00","4","3","16","25.00","18.75","0.00","4.25","37.42","F","6","3245.00","137","1m 1y","1761","1.00","3.25","LPLPPPPPP","19.00","2","3","9.12","D","4","0","Hcap-App","Right - Sharp","3yo,70","11/2","5.50","3","3","70","8","8","354","655","301","93","78","76","54","1","","b","g","Harmonic Note","Soldier's Call","tp","6","1.32","4","16","51.99","42.86","43.75","31.25","2","3","25.00","25.00","1.00","0.00","0.00","0.00","NO","0.00","Male","29.53","36.84","36.58","45.94","0.00","0.00","0.00","","","",""
"02/09/2026","17:35","Bath","Shaffron","4.33","0.00","0.00","0.00","0.00","0.00","NO","","0.00","","6","Saffie Osborne","David Menuisier","55","84","111","60","70","55","57","F","57","60","55","7","25","32","0","02/09/2026 17:35","1m 3f 137y","Turf","F","6","2557","0","3454.00","Compare Betting Sites At gambling.com Handicap (Class F)","","","","0.00","135","39459-93","0","0","0","0.00","0.00","0.00","0","0","7","0.00","0.00","0.00","-7.00","0.00","E","5","4580.00","128","1m 4f 5y","2645","7.00","6.50","HHHPH-HH","0.00","4","4","9.9","","1","0","Hcap","Left - Galloping","4yo+,60","25/1","25.00","4","","60","6","6","291","629","338","86","92","92","68","111","","b","f","Shamakiya","Sea The Moon","","0","1.08","0","7","36.03","16.93","28.57","14.29","3","1","0.00","0.00","1.00","0.00","0.00","0.00","NO","0.00","Female","33.60","31.48","33.29","32.68","0.00","0.00","0.00","","","3","0"
"02/09/2026","17:30","Kempton","Viviana","11.00","0.00","0.00","0.00","0.00","0.00","NO","","0.00","","3","Oliver Carmichael","Charlie Johnston","60","147","14","63","63","60","60","F","60","62","59","23","22","45","2","02/09/2026 17:30","7f","A/W","E","5","1540","3","4187.00","Try Unibet's New Improved Acca Boosts Apprentice Handicap (Class E)","","","","0.00","134","3365427","0","0","0","0.00","0.00","0.00","0","1","7","0.00","14.29","0.00","-7.00","0.00","E","5","4187.00","127","7f","1540","13.55","11.00","PPLPPHH","6.00","5","3","9.8","","5","0","Hcap-App","Right - Sharp","3yo,70","8/1","8.00","3","3","70","8","8","288","647","359","86","92","99","82","14","","b","f","Loretta","Oasis Dream","","0","1.19","0","7","45.31","26.47","28.57","14.29","3","1","0.00","0.00","1.00","0.00","0.00","0.00","NO","0.00","Female","19.13","38.58","46.11","41.44","0.00","0.00","0.00","","","",""
"02/09/2026","17:30","Kempton","Bundok","8.00","0.00","0.00","0.00","0.00","0.00","NO","","0.00","","7","Alfie Redman","Hughie Morrison","47","96","82","68","57","51","52","D","53","53","51","20","15","35","4","02/09/2026 17:30","7f","A/W","E","5","1540","5","4187.00","Try Unibet's New Improved Acca Boosts Apprentice Handicap (Class E)","","","","0.00","139","0533","0","0","0","0.00","0.00","0.00","0","2","4","0.00","50.00","0.00","-4.00","0.00","E","5","6621.00","135","6f","1320","9.88","9.00","HHPP","13.00","4","3","9.13","","2","0","Hcap-App","Right - Sharp","3yo,70","9/1","9.00","3","3","70","8","8","264","609","345","78","84","99","84","82","","b","f","Bahamadam","Pinatubo","","0","1.18","0","4","53.19","38.19","50.00","25.00","0","1","0.00","0.00","1.00","0.00","0.00","0.00","NO","0.00","Female","37.22","40.96","47.19","44.64","0.00","0.00","0.00","","","3","0"
"02/09/2026","17:40","Navan","Time Whisperer","67.00","0.00","0.00","0.00","0.00","0.00","NO","","0.00","","10","Luke McAteer","Liam P Cusack","50","31","13","0","52","51","51","E","51","50","51","8","5","13","2","02/09/2026 17:40","1m 20y","Turf","E","5","1780","0","9000.00","Book Your Hospitality Now For Navan Racing Festival Maiden (Class E)","","","","0.00","134","78","0","0","0","0.00","0.00","0.00","0","0","2","0.00","0.00","0.00","-2.00","0.00","E","5","9000.00","134","1m","1760","59.21","34.00","HP","7.00","10","3","9.8","","7","0","Mdn","Left - Stiff / Undulating","3yo","33/1","33.00","3","3","","14","14","262","480","218","44","66","50","58","13","","b","g","Whispering Bell","Time Test","","0","1.34","0","2","49.40","25.01","0.00","0.00","0","0","0.00","0.00","1.00","0.00","0.00","0.00","NO","0.00","Male","0.00","41.67","29.33","29.36","0.00","0.00","0.00","","","",""
"02/09/2026","17:40","Navan","Riyazanka","13.00","0.00","0.00","0.00","0.00","0.00","NO","","0.00","","7","Ben Coen","J P Murtagh","","68","","0","","","","","","","","0","15","15","0","02/09/2026 17:40","1m 20y","Turf","E","5","1780","0","9000.00","Book Your Hospitality Now For Navan Racing Festival Maiden (Class E)","","","","0.00","129","","0","0","0","0.00","0.00","0.00","0","0","0","0.00","0.00","0.00","0.00","0.00","","","0.00","","","0","0.00","0.00","","0.00","3","3","9.3","","10","0","Mdn","Left - Stiff / Undulating","3yo","","0.00","3","3","","14","14","233","568","335","79","78","78","100","","","b","f","Ridenza","Siyouni","","0","1.11","0","0","0.00","0.00","0.00","0.00","","","0.00","0.00","1.00","0.00","0.00","0.00","NO","0.00","Female","38.94","40.29","45.43","47.01","0.00","0.00","0.00","","","",""
"02/09/2026","17:40","Navan","Pattyandselma","67.00","0.00","0.00","0.00","0.00","0.00","NO","","0.00","","12","Rory Cleary","Adrian McGuinness","","22","","0","","","","","","","","0","15","15","0","02/09/2026 17:40","1m 20y","Turf","E","5","1780","0","9000.00","Book Your Hospitality Now For Navan Racing Festival Maiden (Class E)","","","","0.00","129","","0","0","0","0.00","0.00","0.00","0","0","0","0.00","0.00","0.00","0.00","0.00","","","0.00","","","0","0.00","0.00","","0.00","8","3","9.3","","9","0","Mdn","Left - Stiff / Undulating","3yo","","0.00","3","3","","14","14","233","490","257","61","48","48","100","","","b","f","Miss Dinky","Kuroshio","","0","1.56","0","0","0.00","0.00","0.00","0.00","","","0.00","0.00","1.00","0.00","0.00","0.00","NO","0.00","Female","50.47","49.62","60.24","57.78","0.00","0.00","0.00","","","",""
"02/09/2026","17:40","Navan","Testaverde","51.00","0.00","0.00","0.00","0.00","0.00","NO","","0.00","","9","Seamie Heffernan","John Joseph Murphy","","49","","0","","","","","","","","0","5","5","0","02/09/2026 17:40","1m 20y","Turf","E","5","1780","0","9000.00","Book Your Hospitality Now For Navan Racing Festival Maiden (Class E)","","","","0.00","134","","0","0","0","0.00","0.00","0.00","0","0","0","0.00","0.00","0.00","0.00","0.00","","","0.00","","","0","0.00","0.00","","0.00","12","3","9.8","","6","0","Mdn","Left - Stiff / Undulating","3yo","","0.00","3","3","","14","14","221","508","287","53","81","53","100","","","b","g","Zanoubiya","Time Test","","0","0.64","0","0","0.00","0.00","0.00","0.00","","","0.00","0.00","1.00","0.00","0.00","0.00","NO","0.00","Male","12.00","11.90","11.90","11.90","0.00","0.00","0.00","","","",""
"02/09/2026","17:45","Newcastle","Soham's Roger","67.00","0.00","0.00","0.00","0.00","0.00","NO","","0.00","","9","Andrew Elliott","N Mechie","28","24","310","49","39","32","34","E","36","36","32","0","3","3","2","02/09/2026 17:45","1m 5y","A/W","F","6","1765","0","3245.00","Sky Sports Racing Virgin 512 Handicap (Div 2) (Class F)","","","","0.00","131","0740-","0","0","0","0.00","0.00","0.00","0","0","4","0.00","0.00","0.00","-4.00","0.00","F","6","3140.00","127","1m 2f 1y","2201","104.45","67.00","HHPH-","8.00","3","4","9.5","","4","0","Hcap","Left - Galloping","3yo+,55","","0.00","3","","55","9","9","251","555","304","68","67","83","86","310","","b","g","Miss Toldyaso","Rajasinghe","","0","1.08","0","4","13.99","2.77","25.00","25.00","4","3","0.00","0.00","1.00","0.00","0.00","0.00","NO","0.00","Male","0.00","0.00","0.00","0.00","0.00","0.00","0.00","","","12","-1"
"02/09/2026","17:45","Newcastle","Thunder Rush","10.00","0.00","0.00","0.00","0.00","0.00","NO","","0.00","","7","Tom Eaves","Tony Coyle","37","67","41","55","44","42","41","D","42","42","41","12","18","30","0","02/09/2026 17:45","1m 5y","A/W","F","6","1765","0","3245.00","Sky Sports Racing Virgin 512 Handicap (Div 2) (Class F)","","","","0.00","132","570","0","0","0","0.00","0.00","0.00","0","0","3","0.00","0.00","0.00","-3.00","0.00","D","4","5400.00","133","7f 15y","1555","810.38","201.00","HHH","0.00","1","3","9.6","","3","0","Hcap","Left - Galloping","3yo+,55","10/1","10.00","3","","55","9","9","285","550","265","79","78","78","30","41","","b","g","Dominike","Mohaather","","0","0.90","0","3","28.43","10.10","0.00","0.00","-1","-1","0.00","0.00","1.00","0.00","0.00","0.00","NO","0.00","Male","31.87","42.13","47.51","47.22","0.00","0.00","0.00","","","11","0"
"02/09/2026","17:40","Navan","The Blonde Lady","151.00","0.00","0.00","0.00","0.00","0.00","NO","","0.00","","14","Robbie Colgan","A J Martin","52","14","19","0","52","52","52","E","52","","52","15","5","20","0","02/09/2026 17:40","1m 20y","Turf","E","5","1780","0","9000.00","Book Your Hospitality Now For Navan Racing Festival Maiden (Class E)","","","","0.00","129","0","0","0","0","0.00","0.00","0.00","0","0","1","0.00","0.00","0.00","-1.00","0.00","E","5","9000.00","129","1m 2f 90y","2290","1000.00","201.00","H","0.00","13","3","9.3","","11","0","Mdn","Left - Stiff / Undulating","3yo","16/1","16.00","3","3","","14","14","261","469","208","53","41","48","66","19","","ch","f","Tiny's Best","Kew Gardens","","0","0.00","0","1","10.00","1.00","0.00","0.00","-1","-1","0.00","0.00","1.00","0.00","0.00","0.00","NO","0.00","Female","93.89","77.70","69.89","55.80","0.00","0.00","0.00","","","",""
"02/09/2026","17:40","Navan","Emiza","5.50","0.00","0.00","0.00","0.00","0.00","NO","","0.00","","4","Chris Hayes","D K Weld","59","150","18","0","68","63","63","E","63","59","63","35","27","62","4","02/09/2026 17:40","1m 20y","Turf","E","5","1780","0","9000.00","Book Your Hospitality Now For Navan Racing Festival Maiden (Class E)","","","","0.00","129","52","0","0","0","0.00","0.00","0.00","0","1","2","0.00","50.00","0.00","-2.00","0.00","E","5","7200.00","129","7f","1540","5.20","4.33","PP","13.00","7","3","9.3","","8","0","Mdn","Left - Stiff / Undulating","3yo","6/1","6.00","3","3","","14","14","324","599","275","86","72","77","40","18","","b","f","Emiyna","Blue Point","t","0","1.56","0","2","83.65","70.73","0.00","0.00","0","0","0.00","0.00","1.00","0.00","0.00","0.00","NO","0.00","Female","61.66","52.68","63.68","59.50","0.00","0.00","0.00","","","",""
"02/09/2026","17:40","Navan","Storzando","29.00","0.00","0.00","0.00","0.00","0.00","NO","","0.00","","11","Wesley Joyce","M Mulvany","58","30","17","72","58","55","56","D","57","57","53","9","5","14","2","02/09/2026 17:40","1m 20y","Turf","E","5","1780","3","9000.00","Book Your Hospitality Now For Navan Racing Festival Maiden (Class E)","","","","0.00","134","6370","0","0","0","0.00","0.00","0.00","0","0","4","0.00","0.00","0.00","-4.00","0.00","D","4","12600.00","130","1m 2f","2200","160.00","51.00","HPHH","7.00","1","3","9.8","","5","0","Mdn","Left - Stiff / Undulating","3yo","28/1","28.00","3","3","","14","14","276","471","195","76","69","72","-22","17","","ch","g","Cloche","River Boyne","","0","0.67","0","4","46.37","26.81","25.00","25.00","2","1","0.00","0.00","1.00","0.00","0.00","0.00","NO","0.00","Male","46.71","54.38","45.20","52.81","0.00","0.00","0.00","","","",""
"02/09/2026","17:40","Navan","Whatsin The Stars","301.00","0.00","0.00","0.00","0.00","0.00","NO","","0.00","","8","Leigh Roche","Paul W Flynn","34","65","8","0","51","43","42","E","43","43","42","6","3","9","0","02/09/2026 17:40","1m 20y","Turf","E","5","1780","0","9000.00","Book Your Hospitality Now For Navan Racing Festival Maiden (Class E)","","","","0.00","129","000","0","0","0","0.00","0.00","0.00","0","0","3","0.00","0.00","0.00","-3.00","0.00","E","5","9000.00","129","7f 195y","1735","1000.00","401.00","HHH","0.00","2","3","9.3","","12","0","Mdn","Left - Stiff / Undulating","3yo","40/1","40.00","3","3","","14","14","241","415","174","60","63","85","-34","8","","b","f","What Endures","Starman","p","0","0.45","0","3","19.25","4.17","0.00","0.00","1","1","0.00","0.00","1.00","0.00","0.00","0.00","NO","0.00","Female","23.34","34.84","38.43","40.77","0.00","0.00","0.00","","","",""
"02/09/2026","17:40","Navan","Let's Smash It","2.63","0.00","0.00","0.00","0.00","0.00","NO","","0.00","","1","Donagh O'Connor","Robson Aguiar","67","248","11","81","70","65","65","D","64","67","66","49","30","79","10","02/09/2026 17:40","1m 20y","Turf","E","5","1780","0","9000.00","Book Your Hospitality Now For Navan Racing Festival Maiden (Class E)","","","","0.00","134","2-334","0","0","0","0.00","0.00","0.00","0","2","4","0.00","50.00","0.00","-4.00","0.00","D","4","12000.00","134","1m 2f","2200","9.26","8.50","P-PLL","33.00","9","3","9.8","","3","0","Mdn","Left - Stiff / Undulating","3yo","4/1","4.00","3","3","","14","14","363","634","271","79","52","82","58","11","","b","c","Smash","New Bay","","0","1.19","0","4","77.41","61.42","0.00","0.00","2","1","0.00","0.00","1.00","0.00","0.00","0.00","NO","0.00","Male","68.42","64.12","56.88","48.74","0.00","0.00","0.00","","","",""
"02/09/2026","17:40","Navan","Elusive Path","4.50","0.00","0.00","0.00","0.00","0.00","NO","","0.00","","2","Colin Keane","G M Lyons","61","212","49","74","63","61","59","E","61","61","59","37","24","61","6","02/09/2026 17:40","1m 20y","Turf","E","5","1780","0","9000.00","Book Your Hospitality Now For Navan Racing Festival Maiden (Class E)","","","","0.00","134","323","0","0","0","0.00","0.00","0.00","0","3","3","0.00","100.00","0.00","-3.00","0.00","E","5","9000.00","134","1m 40y","1800","2.79","2.50","HLP","20.00","5","3","9.8","BF","2","0","Mdn","Left - Stiff / Undulating","3yo","6/1","6.00","3","3","","14","14","316","626","310","97","99","96","18","49","","b","g","Berg Bahn","Elusive Pimpernel","","0","1.34","0","3","84.32","71.65","66.67","33.33","1","1","0.00","0.00","1.00","0.00","0.00","0.00","NO","0.00","Male","50.56","53.55","53.01","57.43","0.00","0.00","0.00","","","",""
"02/09/2026","17:40","Navan","Xirivella","8.00","0.00","0.00","0.00","0.00","0.00","NO","","0.00","","5","Adam Caffrey","Noel Meade","69","120","30","0","69","62","62","E","62","55","62","31","25","56","2","02/09/2026 17:40","1m 20y","Turf","E","5","1780","0","9000.00","Book Your Hospitality Now For Navan Racing Festival Maiden (Class E)","","","","0.00","129","63","0","0","0","0.00","0.00","0.00","0","1","2","0.00","50.00","0.00","-2.00","0.00","E","5","7200.00","129","1m","1760","56.77","41.00","HP","7.00","6","3","9.3","","14","0","Mdn","Left - Stiff / Undulating","3yo","7/1","7.00","3","3","","14","14","305","519","214","63","70","59","22","30","","ch","f","Miss Moon","Gleneagles","t","0","0.89","0","2","58.04","42.36","50.00","50.00","0","0","0.00","0.00","1.00","0.00","0.00","0.00","NO","0.00","Female","37.60","49.05","45.92","49.90","0.00","0.00","0.00","","","",""
"02/09/2026","17:40","Navan","Wooloongabba","301.00","0.00","0.00","0.00","0.00","0.00","NO","","0.00","","13","Siobhan Rutledge","John C McConnell","26","20","8","0","38","26","29","E","26","26","29","4","3","7","0","02/09/2026 17:40","1m 20y","Turf","E","5","1780","0","9000.00","Book Your Hospitality Now For Navan Racing Festival Maiden (Class E)","","","","0.00","129","000","0","0","0","0.00","0.00","0.00","0","0","3","0.00","0.00","0.00","-3.00","0.00","E","5","9000.00","129","7f 195y","1735","1000.00","401.00","HHH","0.00","4","3","9.3","","13","0","Mdn","Left - Stiff / Undulating","3yo","66/1","66.00","3","3","","14","14","234","326","92","40","41","49","-38","8","","b","f","Iron Lady","Starman","","0","1.11","0","3","4.76","0.68","0.00","0.00","-1","-1","0.00","0.00","1.00","0.00","0.00","0.00","NO","0.00","Female","45.67","52.05","53.68","49.36","0.00","0.00","0.00","","","",""
"02/09/2026","18:00","Kempton","Charlemont Gg","26.00","0.00","0.00","0.00","0.00","0.00","NO","","0.00","","2","Marco Ghiani","Marco Botti","50","189","50","0","50","50","50","C","50","","50","16","32","48","0","02/09/2026 18:00","7f","A/W","C","3","1540","0","6480.00","Unibet More Extra Place Races Maiden Stakes (GBB Race) (Class C)","","","","0.00","133","0","0","0","0","0.00","0.00","0.00","0","0","1","0.00","0.00","0.00","-1.00","0.00","C","3","6480.00","133","7f 36y","1576","29.12","21.00","H","-1.00","3","2","9.7","","4","0","Mdn","Right - Sharp","2yo","9/4","2.25","2","2","","11","11","359","584","225","74","79","80","-8","50","","b","c","Kodiak West","Charlatan","h","0","1.16","0","1","18.18","3.31","0.00","0.00","-1","-1","0.00","0.00","1.00","0.00","0.00","0.00","NO","0.00","Male","25.58","47.92","64.16","59.08","0.00","0.00","0.00","","","10","0"
"02/09/2026","18:30","Kempton","Farasan","2.88","0.00","0.00","0.00","0.00","0.00","NO","","0.00","","1","Oisin Murphy","John Gosden","54","299","26","0","54","54","54","C","54","","54","0","29","29","0","02/09/2026 18:30","6f","A/W","D","4","1320","0","5940.00","Unibet 3 Uniboosts A Day/EBF Novice Stakes (GBB Race) (Class D)","","","","0.00","133","6","0","0","0","0.00","0.00","0.00","0","0","1","0.00","0.00","0.00","-1.00","0.00","C","3","6700.00","133","7f","1540","8.52","6.00","H","0.00","1","2","9.7","","5","0","Nov","Right - Sharp","2yo","","0.00","2","2","","12","12","326","707","381","97","92","92","100","26","","ch","c","Endless Charm","Teofilo","","0","1.26","0","1","28.57","8.16","0.00","0.00","-1","-1","0.00","0.00","1.00","0.00","0.00","0.00","NO","0.00","Male","76.93","57.92","61.71","64.25","0.00","0.00","0.00","","","",""
"02/09/2026","18:30","Kempton","Al Widyan","10.00","0.00","0.00","0.00","0.00","0.00","NO","","0.00","","2","William Buick","Andrew Balding","53","129","26","0","53","53","53","D","53","","53","0","3","3","2","02/09/2026 18:30","6f","A/W","D","4","1320","0","5940.00","Unibet 3 Uniboosts A Day/EBF Novice Stakes (GBB Race) (Class D)","","","","0.00","133","4","0","0","0","0.00","0.00","0.00","0","0","1","0.00","0.00","0.00","-1.00","0.00","D","4","5234.00","130","6f","1320","18.00","12.00","P","7.00","5","2","9.7","","1","0","Nov","Right - Sharp","2yo","","0.00","2","2","","12","12","305","669","364","80","98","86","100","26","","b","c","Ghiapa","Havana Grey","","0","1.10","0","1","25.00","6.25","0.00","0.00","-1","-1","0.00","0.00","1.00","0.00","0.00","0.00","NO","0.00","Male","52.70","64.73","60.55","63.10","0.00","0.00","0.00","","","",""
"02/09/2026","18:30","Kempton","Stormy Winter","26.00","0.00","0.00","0.00","0.00","0.00","NO","","0.00","","3","Cieren Fallon","Saeed bin Suroor","54","126","19","0","54","49","49","C","49","44","49","0","15","15","6","02/09/2026 18:30","6f","A/W","D","4","1320","0","5940.00","Unibet 3 Uniboosts A Day/EBF Novice Stakes (GBB Race) (Class D)","","","","0.00","133","45","0","0","0","0.00","0.00","0.00","0","0","2","0.00","0.00","0.00","-2.00","0.00","C","3","7020.00","133","7f 3y","1543","9.40","8.00","PL","20.00","12","2","9.7","","7","0","Nov","Right - Sharp","2yo","","0.00","2","2","","12","12","323","647","324","90","68","66","100","19","","gr","c","Tamzara","Dark Angel","","0","0.65","0","2","30.00","10.00","0.00","0.00","-2","-2","0.00","0.00","1.00","0.00","0.00","0.00","NO","0.00","Male","92.21","92.21","64.50","66.71","0.00","0.00","0.00","","","",""
"02/09/2026","18:30","Kempton","Snow On The Beach","51.00","0.00","0.00","0.00","0.00","0.00","NO","","0.00","","5","Mason Paetel","James Owen","46","91","18","0","46","44","44","E","44","43","44","11","23","34","2","02/09/2026 18:30","6f","A/W","D","4","1320","3","5940.00","Unibet 3 Uniboosts A Day/EBF Novice Stakes (GBB Race) (Class D)","","","","0.00","128","65","0","0","0","0.00","0.00","0.00","0","0","2","0.00","0.00","0.00","-2.00","0.00","E","5","4320.00","123","6f 1y","1321","16.50","13.00","PH","7.00","4","2","9.2","","11","0","Nov","Right - Sharp","2yo","5/2","2.50","2","2","","12","12","325","516","191","71","61","79","-20","18","","b","f","Villa Tora","Mohaather","h","0","1.20","0","2","46.53","22.46","0.00","0.00","0","0","0.00","0.00","1.00","0.00","0.00","0.00","NO","0.00","Female","24.76","44.57","51.15","57.83","0.00","0.00","0.00","","","",""
"02/09/2026","18:30","Kempton","Love Always","23.00","0.00","0.00","0.00","0.00","0.00","NO","","0.00","","10","Libby Swallow","Ollie Sangster","","17","","0","","","","","","","","0","3","3","0","02/09/2026 18:30","6f","A/W","D","4","1320","7","5940.00","Unibet 3 Uniboosts A Day/EBF Novice Stakes (GBB Race) (Class D)","","","","0.00","128","","0","0","0","0.00","0.00","0.00","0","0","0","0.00","0.00","0.00","0.00","0.00","","","0.00","","","0","0.00","0.00","","0.00","2","2","9.2","","9","0","Nov","Right - Sharp","2yo","","0.00","2","2","","12","12","257","540","283","65","51","67","100","","","b","f","Acapella Star","Tasleet","","0","1.38","0","0","0.00","0.00","0.00","0.00","","","0.00","0.00","1.00","0.00","0.00","0.00","NO","0.00","Female","29.53","36.84","36.58","45.94","0.00","0.00","0.00","","","",""
"02/09/2026","18:30","Kempton","Blue Victory","5.50","0.00","0.00","0.00","0.00","0.00","NO","","0.00","","9","Marco Ghiani","William Knight","45","19","33","0","45","45","45","D","45","","45","0","3","3","0","02/09/2026 18:30","6f","A/W","D","4","1320","0","5940.00","Unibet 3 Uniboosts A Day/EBF Novice Stakes (GBB Race) (Class D)","","","","0.00","133","5","0","0","0","0.00","0.00","0.00","0","0","1","0.00","0.00","0.00","-1.00","0.00","D","4","5669.00","133","6f","1320","18.30","17.00","H","0.00","7","2","9.7","","3","0","Nov","Right - Sharp","2yo","","0.00","2","2","","12","12","282","577","295","63","67","65","100","33","","b","c","Magical Crown","Blue Point","","0","0.81","0","1","33.33","11.11","0.00","0.00","1","1","0.00","0.00","1.00","0.00","0.00","0.00","NO","0.00","Male","38.22","50.08","48.68","55.85","0.00","0.00","0.00","","","",""
"02/09/2026","18:30","Kempton","Agent Rose","19.00","0.00","0.00","0.00","0.00","0.00","NO","","0.00","","8","Ray Dawson","Stuart Williams","44","34","84","0","44","44","44","C","44","","44","13","18","31","4","02/09/2026 18:30","6f","A/W","D","4","1320","0","5940.00","Unibet 3 Uniboosts A Day/EBF Novice Stakes (GBB Race) (Class D)","","","","0.00","128","7","0","0","0","0.00","0.00","0.00","0","0","1","0.00","0.00","0.00","-1.00","0.00","C","3","7020.00","128","7f","1540","19.52","19.00","L","13.00","10","2","9.2","","8","0","Nov","Right - Sharp","2yo","15/8","1.88","2","2","","12","12","317","557","240","53","67","76","44","84","","b","f","My Spirit","Churchill","","0","0.64","0","1","25.00","6.25","100.00","0.00","1","1","0.00","0.00","1.00","0.00","0.00","0.00","NO","0.00","Female","26.70","37.74","42.78","46.25","0.00","0.00","0.00","","","7","0"
"02/09/2026","18:20","Hamilton","Trumpety Trump","9.00","0.00","0.00","0.00","0.00","0.00","NO","","0.00","","5","Lauren Young","Jim Goldie","54","86","12","75","54","48","49","C","48","48","49","21","15","36","6","02/09/2026 18:20","6f 6y","Turf","B","2","1326","5","20616.00","Molton Brown Luxury Fragrance Hamilton Park 2-Y-O Series Final Nursery Handicap (Class B)","","","","0.00","122","342","0","0","0","0.00","0.00","0.00","0","0","3","0.00","0.00","0.00","-3.00","0.00","C","3","7290.00","128","1m 68y","1828","46.00","13.00","PPP","12.00","2","2","8.10","","3","0","Hcap-Nur","Right - Undulating","2yo,90","7/1","7.00","2","2","90","8","8","301","604","303","82","85","86","50","12","","b","c","Asaatier","Churchill","","0","1.06","0","3","36.11","14.12","33.33","33.33","3","3","0.00","0.00","1.00","0.00","0.00","0.00","NO","0.00","Male","68.66","63.54","54.24","50.75","0.00","0.00","0.00","","","",""
"02/09/2026","18:20","Hamilton","Battle Fever","2.20","0.00","0.00","0.00","0.00","0.00","NO","","0.00","","3","Kevin Stott","Kevin Ryan","70","242","13","88","70","58","62","B","64","64","59","37","58","95","6","02/09/2026 18:20","6f 6y","Turf","B","2","1326","0","20616.00","Molton Brown Luxury Fragrance Hamilton Park 2-Y-O Series Final Nursery Handicap (Class B)","","","","0.00","135","2312","0","0","0","0.00","0.00","0.00","1","2","4","25.00","50.00","0.00","-0.75","59.40","B","2","293184.00","128","6f","1320","170.00","81.00","PPPP","12.00","1","2","9.9","","1","0","Hcap-Nur","Right - Undulating","2yo,90","7/2","3.50","2","2","90","8","8","352","670","318","86","90","88","54","13","","ch","c","Miss Gradenko","Sands Of Mali","","0","1.22","1","4","82.02","71.05","50.00","50.00","4","3","0.00","0.00","1.00","0.00","0.00","0.00","NO","0.00","Male","45.72","46.48","44.00","43.11","0.00","0.00","0.00","","","",""
"02/09/2026","18:20","Hamilton","Onslaught","15.00","0.00","0.00","0.00","0.00","0.00","NO","","0.00","","8","Ethan Tindall","Richard Fahey","50","17","22","67","60","53","55","D","55","55","54","7","6","13","6","02/09/2026 18:20","6f 6y","Turf","B","2","1326","5","20616.00","Molton Brown Luxury Fragrance Hamilton Park 2-Y-O Series Final Nursery Handicap (Class B)","","","","0.00","114","6335","0","0","0","0.00","0.00","0.00","0","0","4","0.00","0.00","0.00","-4.00","0.00","E","5","5496.00","130","5f","1100","9.44","8.50","HPPP","12.00","8","2","8.2","","7","0","Hcap-Nur","Right - Undulating","2yo,90","25/1","25.00","2","2","90","8","8","272","563","291","75","78","84","54","22","","b","c","Sans Sommeil","Minzaal","","0","0.93","0","4","38.33","20.78","25.00","0.00","0","1","0.00","0.00","1.00","0.00","0.00","0.00","NO","0.00","Male","42.87","41.79","46.30","47.18","0.00","0.00","0.00","","","",""
"02/09/2026","18:30","Kempton","Sierra Belle","3.25","0.00","0.00","0.00","0.00","0.00","NO","","0.00","","4","Rossa Ryan","Ralph Beckett","57","115","39","81","59","58","58","C","58","57","58","0","24","24","4","02/09/2026 18:30","6f","A/W","D","4","1320","0","5940.00","Unibet 3 Uniboosts A Day/EBF Novice Stakes (GBB Race) (Class D)","","","","0.00","128","22","0","0","0","0.00","0.00","0.00","0","1","2","0.00","50.00","0.00","-2.00","0.00","D","4","5940.00","128","6f","1320","1.49","1.44","HL","13.00","8","2","9.2","BF","10","0","Nov","Right - Sharp","2yo","","0.00","2","2","","12","12","337","682","345","80","83","82","100","39","","b","f","Bravo Sierra","Frankel","","0","0.78","0","2","78.33","62.72","50.00","0.00","0","0","0.00","0.00","1.00","0.00","0.00","0.00","NO","0.00","Female","59.37","52.46","55.43","55.28","0.00","0.00","0.00","","","",""
"02/09/2026","18:30","Kempton","Coatimundi","101.00","0.00","0.00","0.00","0.00","0.00","NO","","0.00","","12","David Probert","Charles Hills","36","9","62","0","36","36","36","D","36","","36","0","3","3","2","02/09/2026 18:30","6f","A/W","D","4","1320","0","5940.00","Unibet 3 Uniboosts A Day/EBF Novice Stakes (GBB Race) (Class D)","","","","0.00","133","0","0","0","0","0.00","0.00","0.00","0","0","1","0.00","0.00","0.00","-1.00","0.00","D","4","6480.00","128","6f","1320","62.93","34.00","P","7.00","3","2","9.7","","4","0","Nov","Right - Sharp","2yo","","0.00","2","2","","12","12","278","592","314","71","69","74","100","62","","ch","c","Harriet Tubman","Cotai Glory","","0","1.38","0","1","0.00","0.00","0.00","0.00","-1","-1","0.00","0.00","1.00","0.00","0.00","0.00","NO","0.00","Male","54.43","54.90","56.68","57.26","0.00","0.00","0.00","","","10","0"
"02/09/2026","18:30","Kempton","Spirit Of Progress","251.00","0.00","0.00","0.00","0.00","0.00","NO","","0.00","","7","Stevie Donohoe","Daisy Hitchins","43","62","21","0","43","39","39","C","39","36","39","13","15","28","4","02/09/2026 18:30","6f","A/W","D","4","1320","0","5940.00","Unibet 3 Uniboosts A Day/EBF Novice Stakes (GBB Race) (Class D)","","","","0.00","128","00","0","0","0","0.00","0.00","0.00","0","0","2","0.00","0.00","0.00","-2.00","0.00","C","3","7020.00","128","7f","1540","808.23","301.00","PP","13.00","11","2","9.2","","12","0","Nov","Right - Sharp","2yo","15/8","1.88","2","2","","12","12","319","482","163","53","58","70","-18","21","","b","f","Titi Makfi","Showcasing","","0","0.68","0","2","4.55","0.41","100.00","50.00","0","0","0.00","0.00","1.00","0.00","0.00","0.00","NO","0.00","Female","40.00","46.79","39.25","29.21","0.00","0.00","0.00","","","",""
"02/09/2026","18:30","Kempton","Asgar","9.50","0.00","0.00","0.00","0.00","0.00","NO","","0.00","","11","Hector Crouch","Clive Cox","63","14","87","0","63","51","51","D","51","40","51","0","3","3","4","02/09/2026 18:30","6f","A/W","D","4","1320","0","5940.00","Unibet 3 Uniboosts A Day/EBF Novice Stakes (GBB Race) (Class D)","","","","0.00","133","94","0","0","0","0.00","0.00","0.00","0","0","2","0.00","0.00","0.00","-2.00","0.00","D","4","10468.00","130","6f","1320","15.50","15.00","PP","13.00","6","2","9.7","","2","0","Nov","Right - Sharp","2yo","","0.00","2","2","","12","12","298","635","337","75","73","89","100","87","","gr","c","Sacred Aspect","Supremacy","","0","1.00","0","2","25.56","8.62","0.00","0.00","0","0","0.00","0.00","1.00","0.00","0.00","0.00","NO","0.00","Male","48.69","57.69","57.66","50.41","0.00","0.00","0.00","","","4","0"
"02/09/2026","18:40","Navan","Thompson Gunner","4.33","0.00","0.00","0.00","0.00","0.00","NO","","0.00","","2","Colin Keane","Cian Hughes","60","102","19","51","65","56","57","F","60","63","53","29","11","40","8","02/09/2026 18:40","1m 20y","Turf","F","6","1780","0","6000.00","Navan Handicap (0-60) (Class F) (Div 2)","","","","0.00","133","00244-15035","0","0","0","0.00","0.00","0.00","1","4","20","5.00","20.00","0.00","-16.00","60.00","F","6","6000.00","129","1m","1760","18.00","12.00","HPPPP-LPLPP","17.00","12","5","9.7","","8","0","Hcap","Left - Stiff / Undulating","3yo+,60","7/1","7.00","3","","60","20","20","277","418","141","40","96","44","-39","19","","b","g","Aussie Opera","Highland Reel","tb","0","0.64","1","20","55.21","39.25","20.00","5.00","-2","1","0.00","0.00","1.00","0.00","0.00","0.00","NO","0.00","Male","74.07","65.68","67.19","72.31","0.00","0.00","0.00","","","",""
"02/09/2026","18:40","Navan","Usuario Amigo","8.00","0.00","0.00","0.00","0.00","0.00","NO","","0.00","","14","Scott McCullagh","Richard John O'Brien","53","20","39","57","72","57","58","E","59","66","55","11","3","14","0","02/09/2026 18:40","1m 20y","Turf","F","6","1780","0","6000.00","Navan Handicap (0-60) (Class F) (Div 2)","","","","0.00","139","3-977000970","0","0","0","0.00","0.00","0.00","1","4","21","4.76","19.05","100.00","-19.83","39.42","F","6","6000.00","141","7f","1540","8.64","6.50","H-HHHHHHHHH","0.00","10","5","9.13","","3","0","Hcap","Left - Stiff / Undulating","3yo+,60","20/1","20.00","3","","60","20","20","169","302","133","44","64","29","-4","39","664","b","g","Unex Mona Lisa","Oasis Dream","","0","1.34","1","21","47.90","31.09","28.57","19.05","-3","-1","0.00","0.00","1.00","0.00","0.00","0.00","NO","0.00","Male","0.00","25.00","34.29","44.11","0.00","0.00","0.00","","","",""
"02/09/2026","18:40","Navan","Moyassr","5.00","0.00","0.00","0.00","0.00","0.00","NO","","0.00","","1","S Coen","Adrian McGuinness","57","129","15","60","73","57","50","E","57","72","55","17","20","37","0","02/09/2026 18:40","1m 20y","Turf","F","6","1780","5","6000.00","Navan Handicap (0-60) (Class F) (Div 2)","","","","0.00","142","5005156008","0","0","0","0.00","0.00","0.00","5","4","29","17.24","13.79","0.00","-5.92","66.60","E","5","6000.00","126","1m 2f 94y","2294","17.50","15.00","PHHPHPHHHH","0.00","7","5","10.2","D","2","0","Hcap","Left - Stiff / Undulating","3yo+,60","13/1","13.00","3","","60","20","20","297","615","318","73","96","89","60","15","","b","g","Yin","Mehmas","t","0","1.56","5","29","52.43","39.52","17.24","17.24","-3","-1","20.00","20.00","1.00","0.00","0.00","0.00","NO","0.00","Male","50.47","49.62","60.24","57.78","0.00","0.00","0.00","","","",""
"02/09/2026","18:40","Navan","Hastily","17.00","0.00","0.00","0.00","0.00","0.00","NO","","0.00","","14","Reserve 2","Tom McGuinness","56","20","40","40","68","50","40","F","46","65","46","10","6","16","2","02/09/2026 18:40","1m 20y","Turf","F","6","1780","0","6000.00","Navan Handicap (0-60) (Class F) (Div 2)","","","","0.00","122","10209-00009","0","0","0","0.00","0.00","0.00","4","5","46","8.70","10.87","75.00","7.00","53.86","F","6","6000.00","116","6f","1320","14.72","12.00","PHHHH-HHHHP","4.00","15","7","8.10","","19","0","Hcap","Left - Stiff / Undulating","3yo+,60","22/1","22.00","3","","60","20","20","133","270","137","30","23","55","29","40","95","b","m","Likely","Charm Spirit","","0","1.78","4","46","36.35","25.50","34.78","21.74","6","1","25.00","25.00","1.00","0.00","0.00","0.00","NO","0.00","Female","0.00","0.00","50.00","51.11","0.00","0.00","0.00","","","",""
"02/09/2026","18:40","Navan","Distillate","12.00","0.00","0.00","0.00","0.00","0.00","NO","","0.00","","9","Adam Caffrey","Adrian McGuinness","0","45","8","53","68","57","53","F","45","68","55","19","6","25","0","02/09/2026 18:40","1m 20y","Turf","F","6","1780","0","6000.00","Navan Handicap (0-60) (Class F) (Div 2)","","","","0.00","135","48649-2700B","0","0","0","0.00","0.00","0.00","6","15","82","7.32","18.29","0.00","3.00","63.50","F","6","6000.00","136","7f 195y","1735","30.00","21.00","HHPHH-HHHHH","0.00","11","6","9.9","","5","0","Hcap","Left - Stiff / Undulating","3yo+,60","11/1","11.00","3","","60","20","20","207","335","128","73","65","56","-66","8","","ch","m","Dolly Colman","Havana Grey","t","0","0.30","6","82","57.11","39.93","17.07","10.98","22","-3","16.67","16.67","1.00","0.00","0.00","0.00","NO","0.00","Female","50.47","49.62","60.24","57.78","0.00","0.00","0.00","","","",""
"02/09/2026","18:40","Navan","Pinball Wizard","17.00","0.00","0.00","0.00","0.00","0.00","NO","","0.00","","10","Siobhan Rutledge","John C McConnell","54","38","62","47","73","59","56","F","57","67","56","11","8","19","6","02/09/2026 18:40","1m 20y","Turf","F","6","1780","0","6000.00","Navan Handicap (0-60) (Class F) (Div 2)","","","","0.00","129","68063070-70","0","0","0","0.00","0.00","0.00","5","15","57","8.77","26.32","100.00","-12.38","35.90","F","6","6000.00","132","7f 211y","1751","18.77","15.00","HHHHPPHP-PP","13.00","16","8","9.3","D","13","0","Hcap","Left - Stiff / Undulating","3yo+,60","20/1","20.00","3","","60","20","20","173","253","80","30","25","40","-15","62","1483","b","g","Alsalwa","Dark Angel","t1","0","2.52","5","57","57.51","41.33","35.09","17.54","7","1","20.00","60.00","1.00","0.00","0.00","0.00","NO","0.00","Male","45.67","52.05","53.68","49.36","0.00","0.00","0.00","","","",""
"02/09/2026","18:40","Navan","Aghadrum Boy","17.00","0.00","0.00","0.00","0.00","0.00","NO","","0.00","","17","Gavin Ryan","P J F Murphy","47","19","13","52","47","47","45","E","47","47","45","6","3","9","0","02/09/2026 18:40","1m 20y","Turf","F","6","1780","0","6000.00","Navan Handicap (0-60) (Class F) (Div 2)","","","","0.00","129","480","0","0","0","0.00","0.00","0.00","0","0","3","0.00","0.00","0.00","-3.00","0.00","E","5","9000.00","134","1m","1760","1000.00","201.00","HHH","0.00","8","3","9.3","","12","0","Hcap","Left - Stiff / Undulating","3yo+,60","40/1","40.00","3","","60","20","20","94","199","105","25","60","33","-13","13","","br","g","Sallyanka","Mr Kodilyne","","0","1.56","0","3","31.50","12.67","66.67","0.00","3","3","0.00","0.00","1.00","0.00","0.00","0.00","NO","0.00","Male","27.71","41.12","51.38","47.20","0.00","0.00","0.00","","","",""
"02/09/2026","18:40","Navan","Borora Aura","10.00","0.00","0.00","0.00","0.00","0.00","NO","","0.00","","3","Reserve 1","M Mulvany","55","74","6","51","70","57","60","E","60","67","56","15","18","33","8","02/09/2026 18:40","1m 20y","Turf","F","6","1780","0","6000.00","Navan Handicap (0-60) (Class F) (Div 2)","","","","0.00","128","9369429660","0","0","0","0.00","0.00","0.00","0","2","11","0.00","18.18","0.00","-11.00","0.00","E","5","7200.00","116","1m 20y","1780","10.50","9.00","PPPPLHPPPL","17.00","2","3","9.2","","18","0","Hcap","Left - Stiff / Undulating","3yo+,60","14/1","14.00","3","","60","20","20","247","363","116","85","21","55","-45","6","","b","f","Love Is The Key","Coulsty","t","0","0.45","0","11","54.13","33.96","18.18","9.09","-1","1","0.00","0.00","1.00","0.00","0.00","0.00","NO","0.00","Female","46.71","54.38","45.20","52.81","0.00","0.00","0.00","","","",""
"02/09/2026","18:40","Navan","Make The Tide","12.00","0.00","0.00","0.00","0.00","0.00","NO","","0.00","","6","W J Lee","W McCreery","50","56","26","55","58","52","49","E","50","53","51","7","3","10","0","02/09/2026 18:40","1m 20y","Turf","F","6","1780","0","6000.00","Navan Handicap (0-60) (Class F) (Div 2)","","","","0.00","132","86690","0","0","0","0.00","0.00","0.00","0","0","5","0.00","0.00","0.00","-5.00","0.00","F","6","6000.00","140","7f","1540","30.00","19.00","HHHHH","0.00","13","3","9.6","","9","0","Hcap","Left - Stiff / Undulating","3yo+,60","33/1","33.00","3","","60","20","20","107","313","206","89","85","82","-50","26","","b","f","Tidewalker","Make Believe","","0","0.00","0","5","43.22","19.97","20.00","20.00","1","-1","0.00","0.00","1.00","0.00","0.00","0.00","NO","0.00","Female","44.93","63.34","55.24","55.12","0.00","0.00","0.00","","","",""
"02/09/2026","18:30","Kempton","I Am Royal","12.00","0.00","0.00","0.00","0.00","0.00","NO","","0.00","","6","Billy Loughnane","Richard Hughes","60","72","9","0","60","60","60","D","60","","60","0","14","14","2","02/09/2026 18:30","6f","A/W","D","4","1320","0","5940.00","Unibet 3 Uniboosts A Day/EBF Novice Stakes (GBB Race) (Class D)","","","","0.00","133","3","0","0","0","0.00","0.00","0.00","0","0","1","0.00","0.00","0.00","-1.00","0.00","D","4","5940.00","133","5f 215y","1315","8.27","7.00","P","7.00","9","2","9.7","","6","0","Nov","Right - Sharp","2yo","","0.00","2","2","","12","12","324","673","349","75","84","90","100","9","","b","c","Royal Rose","Kodiac","","0","0.67","0","1","50.00","25.00","0.00","0.00","1","1","0.00","0.00","1.00","0.00","0.00","0.00","NO","0.00","Male","48.81","48.14","48.15","51.47","0.00","0.00","0.00","","","",""
"02/09/2026","18:40","Navan","Winston's Promise","41.00","0.00","0.00","0.00","0.00","0.00","NO","","0.00","","20","Luke McAteer","Liam P Cusack","54","9","19","48","54","45","47","F","48","48","46","7","3","10","0","02/09/2026 18:40","1m 20y","Turf","F","6","1780","0","6000.00","Navan Handicap (0-60) (Class F) (Div 2)","","","","0.00","125","0880","0","0","0","0.00","0.00","0.00","0","0","4","0.00","0.00","0.00","-4.00","0.00","F","6","6000.00","126","1m","1760","180.00","67.00","HHHH","0.00","4","3","8.13","","15","0","Hcap","Left - Stiff / Undulating","3yo+,60","33/1","33.00","3","","60","20","20","100","171","71","34","59","32","-54","19","","b","g","Tassel Flower","Churchill","","0","1.11","0","4","27.16","8.84","0.00","0.00","2","3","0.00","0.00","1.00","0.00","0.00","0.00","NO","0.00","Male","0.00","41.67","29.33","29.36","0.00","0.00","0.00","","","",""
"02/09/2026","18:40","Navan","Pettus Bridge","23.00","0.00","0.00","0.00","0.00","0.00","NO","","0.00","","19","P McGettigan","Mrs Denise Foster","0","18","8","48","50","38","42","D","38","39","31","6","3","9","4","02/09/2026 18:40","1m 20y","Turf","F","6","1780","5","6000.00","Navan Handicap (0-60) (Class F) (Div 2)","","","","0.00","130","099-","0","0","0","0.00","0.00","0.00","0","0","4","0.00","0.00","0.00","-4.00","0.00","F","6","6000.00","131","7f 195y","1735","70.44","51.00","HPPH","8.00","6","4","9.4","","11","0","Hcap","Left - Stiff / Undulating","3yo+,60","40/1","40.00","3","","60","20","20","97","249","152","58","54","62","-22","8","","b","g","Private Cashier","Postponed","","0","0.89","0","4","29.70","11.81","0.00","0.00","0","1","0.00","0.00","1.00","0.00","0.00","0.00","NO","0.00","Male","0.00","0.00","0.00","50.40","0.00","0.00","0.00","","","",""
"02/09/2026","18:40","Navan","Tariff","19.00","0.00","0.00","0.00","0.00","0.00","NO","","0.00","","11","R Whearty","Conor Maxwell","55","32","39","45","55","49","49","E","55","55","47","6","7","13","0","02/09/2026 18:40","1m 20y","Turf","F","6","1780","0","6000.00","Navan Handicap (0-60) (Class F) (Div 2)","","","","0.00","122","0609-08","0","0","0","0.00","0.00","0.00","0","0","6","0.00","0.00","0.00","-6.00","0.00","F","6","6000.00","123","7f","1540","52.83","34.00","HHHH-HH","0.00","18","3","8.10","","16","0","Hcap","Left - Stiff / Undulating","3yo+,60","40/1","40.00","3","","60","20","20","99","348","249","83","37","76","53","39","","ch","g","Elegant Pose","Starspangledbanner","","0","0.00","0","6","26.72","9.87","16.67","0.00","4","3","0.00","0.00","1.00","0.00","0.00","0.00","NO","0.00","Male","0.00","15.45","29.36","41.16","0.00","0.00","0.00","","","",""
"02/09/2026","18:10","Navan","Battle Borne","29.00","0.00","0.00","0.00","0.00","0.00","NO","","0.00","","12","P McGettigan","P J McKenna","53","36","75","60","66","56","54","E","54","63","55","20","17","37","8","02/09/2026 18:10","1m 20y","Turf","F","6","1780","5","6000.00","Navan Handicap (0-60) (Class F) (Div 1)","","","","0.00","142","9210000208","0","0","0","0.00","0.00","0.00","1","3","18","5.56","16.67","0.00","-11.50","66.01","D","4","9000.00","119","7f","1540","18.73","15.00","LPPHLHPLPP","20.00","3","4","10.2","","1","0","Hcap","Left - Stiff / Undulating","3yo+,60","12/1","12.00","3","","60","20","20","267","350","83","28","55","50","-50","75","","b","g","Rope A Dope","Acclamation","p","0","1.11","1","18","43.64","29.43","33.33","27.78","6","1","0.00","100.00","1.00","0.00","0.00","0.00","NO","0.00","Male","0.00","0.00","72.73","72.73","0.00","0.00","0.00","","","",""
"02/09/2026","18:10","Navan","Wild Berries","51.00","0.00","0.00","0.00","0.00","0.00","NO","","0.00","","19","Reese Holohan","Ross O'Sullivan","58","0","27","60","64","58","56","E","58","62","56","6","3","9","2","02/09/2026 18:10","1m 20y","Turf","F","6","1780","7","6000.00","Navan Handicap (0-60) (Class F) (Div 1)","","","","0.00","137","6069-070","0","0","0","0.00","0.00","0.00","0","0","7","0.00","0.00","0.00","-7.00","0.00","E","5","9000.00","125","1m 1f","1980","91.32","51.00","HHPP-HPH","5.00","18","3","9.11","","6","0","Hcap","Left - Stiff / Undulating","3yo+,60","40/1","40.00","3","","60","20","20","174","386","212","57","77","37","41","27","","b","f","Cautious Dreams","Acclamation","p1","0","0.00","0","7","43.83","20.43","14.29","0.00","3","1","0.00","0.00","1.00","0.00","0.00","0.00","NO","0.00","Female","38.00","40.69","46.27","50.45","0.00","0.00","0.00","","","",""
"02/09/2026","18:10","Navan","Spiritofthedawn","34.00","0.00","0.00","0.00","0.00","0.00","NO","","0.00","","16","R Whearty","F G Hand","44","9","120","48","46","44","43","D","44","44","43","5","7","12","2","02/09/2026 18:10","1m 20y","Turf","F","6","1780","0","6000.00","Navan Handicap (0-60) (Class F) (Div 1)","","","","0.00","125","0-00","0","0","0","0.00","0.00","0.00","0","0","3","0.00","0.00","0.00","-3.00","0.00","E","5","10200.00","129","7f","1540","620.00","126.00","P-HH","5.00","16","3","8.13","","16","0","Hcap","Left - Stiff / Undulating","3yo+,60","50/1","50.00","3","","60","20","20","62","186","124","53","35","32","4","120","","ch","f","Inis Fail","Dawn Approach","t","0","2.52","0","3","34.37","15.61","33.33","0.00","1","1","0.00","0.00","1.00","0.00","0.00","0.00","NO","0.00","Female","60.00","33.57","33.47","31.81","0.00","0.00","0.00","","","",""
"02/09/2026","18:10","Navan","Virgil Tibbs","13.00","0.00","0.00","0.00","0.00","0.00","NO","","0.00","","18","Donagh O'Connor","John C McConnell","57","8","62","53","60","49","52","F","50","57","49","5","3","8","0","02/09/2026 18:10","1m 20y","Turf","F","6","1780","0","6000.00","Navan Handicap (0-60) (Class F) (Div 1)","","","","0.00","135","0867870-7","0","0","0","0.00","0.00","0.00","0","0","8","0.00","0.00","0.00","-8.00","0.00","F","6","6000.00","135","7f 211y","1751","38.00","26.00","HHHHHHH-H","0.00","9","4","9.9","","9","0","Hcap","Left - Stiff / Undulating","3yo+,60","50/1","50.00","3","","60","20","20","83","151","68","36","37","63","-68","62","","b","g","Luna Rosa","Circus Maximus","","0","1.19","0","8","40.95","22.52","12.50","0.00","4","1","0.00","0.00","1.00","0.00","0.00","0.00","NO","0.00","Male","45.67","52.05","53.68","49.36","0.00","0.00","0.00","","","",""
"02/09/2026","18:10","Navan","Whosethebestboy","34.00","0.00","0.00","0.00","0.00","0.00","NO","","0.00","","2","Seamie Heffernan","Richard Brabazon","37","114","107","51","58","37","43","E","37","55","34","6","3","9","0","02/09/2026 18:10","1m 20y","Turf","F","6","1780","0","6000.00","Navan Handicap (0-60) (Class F) (Div 1)","","","","0.00","133","7/0D550-0","0","0","0","0.00","0.00","0.00","0","0","7","0.00","0.00","0.00","-7.00","0.00","F","6","6000.00","134","1m 4f 17y","2657","12.79","11.00","H/HHHHH-H","0.00","11","6","9.7","","11","0","Hcap","Left - Stiff / Undulating","3yo+,60","40/1","40.00","3","","60","20","20","59","380","321","84","78","92","67","107","641","b","g","Dromana","El Kabeir","h1","0","0.30","0","7","21.85","7.02","42.86","28.57","-3","-1","0.00","0.00","1.00","0.00","0.00","0.00","NO","0.00","Male","0.00","80.00","68.72","74.33","0.00","0.00","0.00","","","",""
"02/09/2026","18:10","Navan","Dress Dance","23.00","0.00","0.00","0.00","0.00","0.00","NO","","0.00","","19","Robbie Colgan","Ms Sheila Lavery","35","0","106","52","56","51","46","E","48","54","48","5","3","8","0","02/09/2026 18:10","1m 20y","Turf","F","6","1780","0","6000.00","Navan Handicap (0-60) (Class F) (Div 1)","","","","0.00","134","500-0","0","0","0","0.00","0.00","0.00","0","0","4","0.00","0.00","0.00","-4.00","0.00","F","6","6000.00","136","1m 2f 90y","2290","31.08","23.00","HHH-H","0.00","20","4","9.8","","10","0","Hcap","Left - Stiff / Undulating","3yo+,60","50/1","50.00","3","","60","20","20","63","173","110","62","22","44","-18","106","","b","f","For Joy","Dandy Man","t1p1","0","0.00","0","4","14.01","2.32","0.00","0.00","0","-1","0.00","0.00","1.00","0.00","0.00","0.00","NO","0.00","Female","80.00","65.60","58.48","52.96","0.00","0.00","0.00","","","",""
"02/09/2026","18:10","Navan","Duchess Anne","4.33","0.00","0.00","0.00","0.00","0.00","NO","","0.00","","4","Gary Carroll","Mrs Denise Foster","60","74","39","43","69","56","58","F","60","61","55","25","28","53","8","02/09/2026 18:10","1m 20y","Turf","F","6","1780","0","6000.00","Navan Handicap (0-60) (Class F) (Div 1)","","","","0.00","125","568006-42","0","0","0","0.00","0.00","0.00","0","2","8","0.00","25.00","0.00","-8.00","0.00","F","6","6000.00","118","1m 1f 110y","2090","7.15","5.50","HPHHLP-PL","20.00","1","5","8.13","","15","0","Hcap","Left - Stiff / Undulating","3yo+,60","10/1","10.00","3","","60","20","20","240","369","129","61","62","36","-30","39","","br","m","Kodianne","Decorated Knight","","0","0.67","0","8","45.77","28.21","25.00","12.50","2","3","0.00","0.00","1.00","0.00","0.00","0.00","NO","0.00","Female","0.00","0.00","0.00","50.40","0.00","0.00","0.00","","","",""
"02/09/2026","18:10","Navan","Blue Orquidea","21.00","0.00","0.00","0.00","0.00","0.00","NO","","0.00","","11","J M Sheridan","Denis Gerard Hogan","56","39","21","60","56","56","51","D","56","56","51","7","10","17","6","02/09/2026 18:10","1m 20y","Turf","F","6","1780","0","6000.00","Navan Handicap (0-60) (Class F) (Div 1)","","","","0.00","137","506","0","0","0","0.00","0.00","0.00","0","0","3","0.00","0.00","0.00","-3.00","0.00","D","4","12000.00","122","1m 1f 100y","2080","1000.00","251.00","PPP","15.00","8","3","9.11","","5","0","Hcap","Left - Stiff / Undulating","3yo+,60","40/1","40.00","3","","60","20","20","219","449","230","56","56","68","50","21","","b","f","Ottilie","Nando Parrado","","0","1.56","0","3","42.63","27.84","66.67","66.67","1","1","0.00","0.00","1.00","0.00","0.00","0.00","NO","0.00","Female","33.85","36.16","43.77","45.23","0.00","0.00","0.00","","","",""
"02/09/2026","18:00","Kempton","Gold Army","2.75","0.00","0.00","0.00","0.00","0.00","NO","","0.00","","1","Lewis Edmunds","Harry Charlton","54","246","28","0","54","54","54","C","54","","54","35","40","75","0","02/09/2026 18:00","7f","A/W","C","3","1540","0","6480.00","Unibet More Extra Place Races Maiden Stakes (GBB Race) (Class C)","","","","0.00","133","3","0","0","0","0.00","0.00","0.00","0","1","1","0.00","100.00","0.00","-1.00","0.00","C","3","7020.00","133","7f","1540","23.00","15.00","H","-1.00","2","2","9.7","","5","0","Mdn","Right - Sharp","2yo","1/2","0.50","2","2","","11","11","372","550","178","70","75","81","-48","28","","br","c","Sparklia","Intello","","0","1.32","0","1","71.43","51.02","100.00","0.00","1","1","0.00","0.00","1.00","0.00","0.00","0.00","NO","0.00","Male","72.95","69.57","67.55","64.69","0.00","0.00","0.00","","","",""
"02/09/2026","18:00","Kempton","Nidal","151.00","0.00","0.00","0.00","0.00","0.00","NO","","0.00","","10","Ray Dawson","Stuart Williams","30","37","12","0","38","34","34","C","34","30","34","0","3","3","0","02/09/2026 18:00","7f","A/W","C","3","1540","0","6480.00","Unibet More Extra Place Races Maiden Stakes (GBB Race) (Class C)","","","","0.00","133","86","0","0","0","0.00","0.00","0.00","0","0","2","0.00","0.00","0.00","-2.00","0.00","C","3","6700.00","128","7f","1540","833.45","251.00","HH","-1.00","9","2","9.7","","10","0","Mdn","Right - Sharp","2yo","","0.00","2","2","","11","11","319","635","316","62","77","77","100","12","","b","c","Caerphilly","Mayson","","0","0.67","0","2","0.00","0.00","0.00","0.00","0","0","0.00","0.00","1.00","0.00","0.00","0.00","NO","0.00","Male","26.70","37.74","42.78","46.25","0.00","0.00","0.00","","","",""
"02/09/2026","18:10","Navan","Cannonball Queen","10.00","0.00","0.00","0.00","0.00","0.00","NO","","0.00","","10","Ben Coen","S M Duffy","62","40","27","46","62","46","44","F","47","59","44","7","16","23","2","02/09/2026 18:10","1m 20y","Turf","F","6","1780","0","6000.00","Navan Handicap (0-60) (Class F) (Div 1)","","","","0.00","128","8000-0004","0","0","0","0.00","0.00","0.00","0","1","8","0.00","12.50","0.00","-8.00","0.00","F","6","7200.00","129","7f 42y","1582","32.00","13.00","PHHH-HHHP","5.00","4","4","9.2","","14","0","Hcap","Left - Stiff / Undulating","3yo+,60","40/1","40.00","3","","60","20","20","142","299","157","47","74","53","-17","27","","b","f","Firstclass","Footstepsinthesand","p","0","1.11","0","8","30.28","17.43","25.00","0.00","4","3","0.00","0.00","1.00","0.00","0.00","0.00","NO","0.00","Female","90.48","90.48","75.88","63.51","0.00","0.00","0.00","","","",""
"02/09/2026","18:10","Navan","Concaire","7.00","0.00","0.00","0.00","0.00","0.00","NO","","0.00","","7","W J Lee","Richard John O'Brien","60","58","75","58","60","55","57","F","56","58","51","17","10","27","0","02/09/2026 18:10","1m 20y","Turf","F","6","1780","0","6000.00","Navan Handicap (0-60) (Class F) (Div 1)","","","","0.00","135","708627","0","0","0","0.00","0.00","0.00","0","1","6","0.00","16.67","0.00","-6.00","0.00","F","6","6000.00","132","7f","1540","6.86","5.00","HHHHHH","0.00","2","3","9.9","","7","0","Hcap","Left - Stiff / Undulating","3yo+,60","14/1","14.00","3","","60","20","20","184","335","151","48","88","72","-57","75","","b","g","Hopeless Romantic","Ghaiyyath","h","0","0.45","0","6","51.89","31.02","16.67","0.00","0","-3","0.00","0.00","1.00","0.00","0.00","0.00","NO","0.00","Male","0.00","25.00","34.29","44.11","0.00","0.00","0.00","","","",""
"02/09/2026","18:10","Navan","Marambo","34.00","0.00","0.00","0.00","0.00","0.00","NO","","0.00","","13","Reserve 1","C D Timmons","57","34","6","55","57","52","48","E","46","55","51","7","3","10","4","02/09/2026 18:10","1m 20y","Turf","F","6","1780","0","6000.00","Navan Handicap (0-60) (Class F) (Div 1)","","","","0.00","137","445-000","0","0","0","0.00","0.00","0.00","0","0","6","0.00","0.00","0.00","-6.00","0.00","E","5","7200.00","130","1m 20y","1780","247.19","151.00","PHP-PPH","10.00","10","4","9.11","","18","0","Hcap","Left - Stiff / Undulating","3yo+,60","40/1","40.00","3","","60","20","20","146","275","129","42","20","68","-1","6","","b","g","Maramba","Ribchester","p","0","1.34","0","6","39.14","22.27","33.33","16.67","4","1","0.00","0.00","1.00","0.00","0.00","0.00","NO","0.00","Male","30.48","30.16","29.42","38.69","0.00","0.00","0.00","","","",""
"02/09/2026","18:10","Navan","Land Of The Giants","6.50","0.00","0.00","0.00","0.00","0.00","NO","","0.00","","5","Adam Caffrey","Adrian McGuinness","52","66","21","57","69","56","57","E","56","66","56","23","18","41","2","02/09/2026 18:10","1m 20y","Turf","F","6","1780","0","6000.00","Navan Handicap (0-60) (Class F) (Div 1)","","","","0.00","139","6210373604","0","0","0","0.00","0.00","0.00","1","7","25","4.00","28.00","0.00","-20.00","36.64","E","5","6000.00","127","1m","1760","7.80","7.50","PHHHPHHPHH","5.00","6","4","9.13","","4","0","Hcap","Left - Stiff / Undulating","3yo+,60","11/1","11.00","3","","60","20","20","263","504","241","79","64","67","31","21","","ch","g","Silky","Calyx","","0","0.89","1","25","55.49","38.25","12.00","12.00","-1","-1","100.00","100.00","1.00","0.00","0.00","0.00","NO","0.00","Male","50.47","49.62","60.24","57.78","0.00","0.00","0.00","","","",""
"02/09/2026","18:20","Hamilton","Boutblummintime","29.00","0.00","0.00","0.00","0.00","0.00","NO","","0.00","","7","Finlay Bassett","Adrian Paul Keatley","52","31","33","67","58","53","51","E","52","55","52","6","-6","0","8","02/09/2026 18:20","6f 6y","Turf","B","2","1326","7","20616.00","Molton Brown Luxury Fragrance Hamilton Park 2-Y-O Series Final Nursery Handicap (Class B)","","","","0.00","114","6644","0","0","0","0.00","0.00","0.00","0","0","4","0.00","0.00","0.00","-4.00","0.00","F","6","4187.00","134","7f 15y","1555","7.21","5.50","HLPP","15.00","5","2","8.2","","8","0","Hcap-Nur","Right - Undulating","2yo,90","28/1","28.00","2","2","90","8","8","257","529","272","78","66","72","56","33","","b","g","With One Accord","Nando Parrado","","0","1.06","0","4","46.07","28.83","0.00","0.00","0","-1","0.00","0.00","1.00","0.00","0.00","0.00","NO","0.00","Male","31.65","37.46","42.90","48.05","0.00","0.00","0.00","","","",""
"02/09/2026","18:20","Hamilton","Rbflying","34.00","0.00","0.00","0.00","0.00","0.00","NO","","0.00","","6","James Sullivan","Tim Easterby","38","76","13","69","61","48","47","B","44","59","49","23","11","34","8","02/09/2026 18:20","6f 6y","Turf","B","2","1326","0","20616.00","Molton Brown Luxury Fragrance Hamilton Park 2-Y-O Series Final Nursery Handicap (Class B)","","","","0.00","116","653700","0","0","0","0.00","0.00","0.00","0","1","6","0.00","16.67","0.00","-6.00","0.00","B","2","51540.00","114","7f","1540","240.00","126.00","PPLPPL","15.00","4","2","8.4","","6","0","Hcap-Nur","Right - Undulating","2yo,90","13/2","6.50","2","2","90","8","8","294","561","267","71","78","76","42","13","","b","c","Sky Garden","Kodi Bear","t","0","1.17","0","6","32.63","15.63","83.33","50.00","4","3","0.00","0.00","1.00","0.00","0.00","0.00","NO","0.00","Male","46.80","43.77","46.95","46.83","0.00","0.00","0.00","","","",""
"02/09/2026","18:10","Navan","Perfect Judgement","5.00","0.00","0.00","0.00","0.00","0.00","NO","","0.00","","3","Gavin Ryan","P J F Murphy","63","113","21","59","68","59","61","F","61","67","57","31","29","60","2","02/09/2026 18:10","1m 20y","Turf","F","6","1780","0","6000.00","Navan Handicap (0-60) (Class F) (Div 1)","","","","0.00","141","8-004777502","0","0","0","0.00","0.00","0.00","5","3","38","13.16","7.89","0.00","-12.00","82.20","F","6","6000.00","140","1m 1f 100y","2080","16.00","12.00","H-HHHHHHHHP","5.00","7","5","10.1","D","3","0","Hcap","Left - Stiff / Undulating","3yo+,60","15/2","7.50","3","","60","20","20","339","473","134","31","58","42","3","21","","b","g","Perfect Venture","Inns Of Court","","0","1.56","5","38","55.71","39.67","28.95","23.68","6","-1","20.00","20.00","1.00","0.00","0.00","0.00","NO","0.00","Male","27.71","41.12","51.38","47.20","0.00","0.00","0.00","","","",""
"02/09/2026","18:20","Hamilton","Harley","3.00","0.00","0.00","0.00","0.00","0.00","NO","","0.00","","1","Daniel Tudhope","Ed Bethell","62","367","22","78","62","56","57","D","57","57","56","41","72","113","8","02/09/2026 18:20","6f 6y","Turf","B","2","1326","0","20616.00","Molton Brown Luxury Fragrance Hamilton Park 2-Y-O Series Final Nursery Handicap (Class B)","","","","0.00","125","52321","0","0","0","0.00","0.00","0.00","1","3","5","20.00","60.00","0.00","-2.80","62.10","D","4","6210.00","133","6f 6y","1326","2.37","2.20","PPPPL","15.00","7","2","8.13","CD","2","0","Hcap-Nur","Right - Undulating","2yo,90","100/30","3.33","2","2","90","8","8","357","732","375","96","92","99","88","22","","ch","g","Chantaleen","Soldier's Call","","0","1.27","1","5","73.00","61.05","20.00","20.00","1","-1","0.00","0.00","1.00","0.00","0.00","0.00","NO","0.00","Male","77.42","57.40","65.00","65.62","0.00","0.00","0.00","","","",""
"02/09/2026","18:20","Hamilton","Wild Terrain","17.00","0.00","0.00","0.00","0.00","0.00","NO","","0.00","","2","Mr Jack Nicholls","Hugo Palmer","41","250","6","74","57","45","46","A","45","52","47","20","17","37","4","02/09/2026 18:20","6f 6y","Turf","B","2","1326","3","20616.00","Molton Brown Luxury Fragrance Hamilton Park 2-Y-O Series Final Nursery Handicap (Class B)","","","","0.00","121","10007","0","0","0","0.00","0.00","0.00","1","0","5","20.00","0.00","0.00","-1.50","62.10","E","5","4187.00","135","6f","1320","12.00","11.00","PPPHP","8.00","3","2","8.9","CD","4","0","Hcap-Nur","Right - Undulating","2yo,90","15/2","7.50","2","2","90","8","8","303","676","373","91","95","91","96","6","","ch","g","Child Of Wild","Territories","t1b","0","0.93","1","5","28.53","21.32","60.00","20.00","-3","-3","0.00","0.00","1.00","0.00","0.00","0.00","NO","0.00","Male","49.66","47.38","47.18","48.70","0.00","0.00","0.00","","","",""
"02/09/2026","18:20","Hamilton","Sea Mirage","11.00","0.00","0.00","0.00","0.00","0.00","NO","","0.00","","4","Shay Farmer","Kevin Ryan","58","149","22","71","62","53","51","D","53","58","51","17","23","40","6","02/09/2026 18:20","6f 6y","Turf","B","2","1326","5","20616.00","Molton Brown Luxury Fragrance Hamilton Park 2-Y-O Series Final Nursery Handicap (Class B)","","","","0.00","118","62642","0","0","0","0.00","0.00","0.00","0","2","5","0.00","40.00","0.00","-5.00","0.00","D","4","6210.00","133","6f 6y","1326","9.25","8.00","HPPPP","12.00","6","2","8.6","","5","0","Hcap-Nur","Right - Undulating","2yo,90","9/1","9.00","2","2","90","8","8","294","566","272","86","76","72","38","22","","gr","g","Winter Oasis","Naval Crown","","0","0.80","0","5","49.49","35.24","0.00","0.00","1","1","0.00","0.00","1.00","0.00","0.00","0.00","NO","0.00","Male","45.72","46.48","44.00","43.11","0.00","0.00","0.00","","","",""
"02/09/2026","18:10","Navan","Giselles Defence","26.00","0.00","0.00","0.00","0.00","0.00","NO","","0.00","","16","Paddy Harnett","Sean Davis","53","9","44","53","70","56","53","F","53","70","55","10","3","13","2","02/09/2026 18:10","1m 20y","Turf","F","6","1780","3","6000.00","Navan Handicap (0-60) (Class F) (Div 1)","","","","0.00","135","470-0005905","0","0","0","0.00","0.00","0.00","4","10","47","8.51","21.28","80.00","-35.42","47.10","F","6","6000.00","131","1m 4f 179y","2819","36.00","26.00","PHH-HHHHHHP","5.00","17","6","9.9","","8","0","Hcap","Left - Stiff / Undulating","3yo+,60","25/1","25.00","3","","60","20","20","165","266","101","30","55","44","-28","44","687","b","g","Cotton Camera","National Defense","tp","0","0.00","4","47","50.36","37.67","27.66","17.02","5","1","50.00","75.00","1.00","0.00","0.00","0.00","NO","0.00","Male","19.05","19.05","29.26","34.48","0.00","0.00","0.00","","","",""
"02/09/2026","18:10","Navan","Plastic Paddy","51.00","0.00","0.00","0.00","0.00","0.00","NO","","0.00","","15","Reserve 2","Tom McGuinness","0","16","26","40","71","59","55","F","0","71","53","6","8","14","0","02/09/2026 18:10","1m 20y","Turf","F","6","1780","0","6000.00","Navan Handicap (0-60) (Class F) (Div 1)","","","","0.00","122","00856-PP0PP","0","0","0","0.00","0.00","0.00","7","8","57","12.28","14.04","0.00","-11.04","49.56","F","6","6000.00","118","7f 211y","1751","86.98","51.00","HHHHH-HHHHH","0.00","14","8","8.10","D","19","0","Hcap","Left - Stiff / Undulating","3yo+,60","40/1","40.00","3","","60","20","20","112","252","140","34","22","68","16","62","26","b","g","Bereka","Buratino","p","0","1.63","7","57","44.34","31.96","26.32","17.54","15","-1","28.57","57.14","1.00","0.00","0.00","0.00","NO","0.00","Male","0.00","0.00","50.00","51.11","0.00","0.00","0.00","","","",""
"02/09/2026","18:10","Navan","Zephron","26.00","0.00","0.00","0.00","0.00","0.00","NO","","0.00","","9","Luke McAteer","Anthony McCann","56","44","75","47","76","59","52","F","56","69","57","11","11","22","0","02/09/2026 18:10","1m 20y","Turf","F","6","1780","0","6000.00","Navan Handicap (0-60) (Class F) (Div 1)","","","","0.00","129","000000-0700","0","0","0","0.00","0.00","0.00","5","11","53","9.43","20.75","0.00","-21.00","80.40","F","6","6000.00","125","7f","1540","22.58","23.00","HHHHHH-HHHH","0.00","19","9","9.3","D","13","0","Hcap","Left - Stiff / Undulating","3yo+,60","22/1","22.00","3","","60","20","20","205","311","106","46","61","61","-62","75","","b","g","Amarylis","Ivawood","b","0","0.00","5","53","54.04","39.30","28.30","13.21","5","-1","60.00","60.00","1.00","0.00","0.00","0.00","NO","0.00","Male","23.21","26.56","41.82","42.62","0.00","0.00","0.00","","","",""
"02/09/2026","18:10","Navan","Yorkshire Myth","29.00","0.00","0.00","0.00","0.00","0.00","NO","","0.00","","14","Ms N Burns","R P Burns","51","29","82","42","58","51","35","F","51","56","47","14","7","21","2","02/09/2026 18:10","1m 20y","Turf","F","6","1780","5","6000.00","Navan Handicap (0-60) (Class F) (Div 1)","","","","0.00","124","56007982-00","0","0","0","0.00","0.00","0.00","0","1","12","0.00","8.33","0.00","-12.00","0.00","F","6","6000.00","126","1m","1760","130.00","51.00","HHPHHHHH-HP","5.00","13","4","8.12","","17","0","Hcap","Left - Stiff / Undulating","3yo+,60","18/1","18.00","3","","60","20","20","113","342","229","68","24","80","57","82","","b","g","Myth","Advertise","b","0","0.00","0","12","32.43","17.07","16.67","8.33","2","1","0.00","0.00","1.00","0.00","0.00","0.00","NO","0.00","Male","0.00","0.00","3.13","31.56","0.00","0.00","0.00","","","",""
"02/09/2026","18:10","Navan","Chou Chou","8.00","0.00","0.00","0.00","0.00","0.00","NO","","0.00","","6","Colin Keane","Eamonn O'Connell","62","62","21","49","65","52","46","F","53","64","49","17","11","28","0","02/09/2026 18:10","1m 20y","Turf","F","6","1780","0","6000.00","Navan Handicap (0-60) (Class F) (Div 1)","","","","0.00","131","725179-9004","0","0","0","0.00","0.00","0.00","2","2","32","6.25","6.25","100.00","14.00","61.50","F","6","6000.00","124","1m 1f 100y","2080","49.43","26.00","HHHHHH-HHHH","0.00","12","5","9.5","","12","0","Hcap","Left - Stiff / Undulating","3yo+,60","14/1","14.00","3","","60","20","20","221","428","207","48","99","63","-3","21","116","ch","g","Miss Dutee","Belardo","","0","0.64","2","32","45.27","29.21","21.88","9.38","6","1","100.00","100.00","1.00","0.00","0.00","0.00","NO","0.00","Male","5.88","5.88","41.40","35.65","0.00","0.00","0.00","","","",""
"02/09/2026","18:10","Navan","I'm Spartacus","15.00","0.00","0.00","0.00","0.00","0.00","NO","","0.00","","8","Reserve 3","Adrian McGuinness","49","54","4","52","66","58","53","F","53","66","56","16","11","27","0","02/09/2026 18:10","1m 20y","Turf","F","6","1780","0","6000.00","Navan Handicap (0-60) (Class F) (Div 1)","","","","0.00","134","8041604800","0","0","0","0.00","0.00","0.00","7","12","56","12.50","21.43","0.00","-21.84","56.05","E","5","10800.00","122","6f","1320","20.22","17.00","PHHPHPPHHH","0.00","15","5","9.8","","20","0","Hcap","Left - Stiff / Undulating","3yo+,60","16/1","16.00","3","","60","20","20","234","445","211","79","22","68","42","4","","ch","g","Air Of Mystery","Profitable","","0","1.78","7","56","59.29","44.13","16.07","12.50","2","-3","28.57","28.57","1.00","0.00","0.00","0.00","NO","0.00","Male","50.47","49.62","60.24","57.78","0.00","0.00","0.00","","","",""
"02/09/2026","18:10","Navan","Dinamine","15.00","0.00","0.00","0.00","0.00","0.00","NO","","0.00","","1","Wesley Joyce","M Mulvany","42","117","17","59","71","56","58","F","61","68","54","31","38","69","0","02/09/2026 18:10","1m 20y","Turf","F","6","1780","3","6000.00","Navan Handicap (0-60) (Class F) (Div 1)","","","","0.00","141","531-0395170","0","0","0","0.00","0.00","0.00","3","11","52","5.77","21.15","100.00","-29.50","60.00","E","5","10800.00","126","1m","1760","23.77","17.00","HHH-HHHHHHH","0.00","5","8","10.1","D","2","0","Hcap","Left - Stiff / Undulating","3yo+,60","15/2","7.50","3","","60","20","20","313","580","267","93","59","90","25","17","475","ch","g","Pardoned","Red Jazz","","0","1.34","3","52","54.62","38.36","26.92","17.31","-2","-1","0.00","0.00","1.00","0.00","0.00","0.00","NO","0.00","Male","46.71","54.38","45.20","52.81","0.00","0.00","0.00","","","",""
