"Date","Time","Course","Horse","EvP","E--B","BrP","B--M","MoP","E--M","NRs","Odds","E--SP","Finishing Position","UR1_Rank","Jockey","Trainer","dyLTO","UR1","DSLR","OR","dyHA","dyMR","dyAVG(X)","dyHC","dyMR(X)","dy2HA","dyAVG","TissueRating","PFR","TIS+PFR","Pace","Time","Distance","Race Type","Class","ClassNumber","DistanceInYards","JockeyClaim","Prize","Race","Fin Pos","UR2","UR3","UR4","Pounds","Form","Won Since","Plc Since","Runs Since","SR Since","Plc SR Since","P/L Since","Won Before","Plc Before","Runs Before","SR Before","Plc SR Before","Finished Races SR","P/L Before","VDW","Class LTO","New Class LTO","Value LTO","Pounds LTO","Distance LTO","Distance in Yards LTO","BSP_(Decimal)_LTO","SP_(Decimal)_LTO","PaceForm","Pace %","Draw","Age","Weight","History","#","Rating","Classifications","Course Characteristics","Qual","Tissue Odds","Tissue Numerical Odds","Min Age","Max Age","Hcap Limit","Runners","Orig_Runners","Main","Main Stats","Stats","Trn Stats","Jky Stats","TrnJky Stats","Hrs Stats","DSLR(F)","DSLR(J)","Colour","Sex","Dam","Sire","Equip","Pen","Draw IV","FWins","FRuns","fPRB","fPRB^2","50% Low SR","70% Low SR","PvSTot","PvSTotL3","50% High SR","12 Tick Higher SR","BSP","IR_Lowest","%DiffLOW","IR_Highest","Replay","%DiffHIGH","Sex","t7PRB","t14PRB","t28PRB","t56PRB","UR5","UR6","Numerical Odds","POSAFTUPG","CHGPOS","LTO_POSAFTUPG","LTO_CHGPOS"
"14/09/2026","15:42","Windsor","Cape Toronada","5.00","0.00","0.00","0.00","0.00","0.00","NO","","0.00","","1","Rossa Ryan","Tony Carroll","58","136","21","66","65","53","55","F","58","62","48","50","45","95","4","14/09/2026 15:42","6f 12y","Turf","E","5","1332","0","4397.00","Ivor Laws Memorial Race Handicap (Class E)","","","","0.00","131","070-6421411","0","0","0","0.00","0.00","0.00","3","1","10","30.00","10.00","0.00","-0.54","38.03","F","6","3768.00","133","6f 12y","1332","4.50","4.33","HHP-HPHPPHP","8.00","14","3","9.5","CD","13","0","Hcap","Right - Sharp","3yo+,75","17/2","8.50","3","","75","14","14","253","571","318","80","82","70","86","21","","b","f","It's Complicated","Toronado","","0","0.92","3","10","60.99","50.56","50.00","50.00","6","1","0.00","0.00","1.00","0.00","0.00","0.00","NO","0.00","Female","28.98","33.69","39.21","42.77","0.00","0.00","0.00","","","",""
"14/09/2026","15:30","Sedgefield","Achille Des Rocs","4.33","0.00","0.00","0.00","0.00","0.00","NO","","0.00","","1","Danny McMenamin","Laura Morgan","62","305","14","99","63","60","57","E","0","62","39","44","49","93","8","14/09/2026 15:30","2m 3f 65y","Chase","G","5","4245","0","3248.00","Bill & Teresa Florentines 50th Anniversary Handicap Chase (Class G)","","","","0.00","168","411/55-PPP1","0","0","0","0.00","0.00","0.00","3","0","9","33.33","0.00","66.67","12.00","42.58","G","5","4357.00","164","2m 1f 61y","3801","7.80","7.00","PPP/PH-HLHL","44.00","0","7","12.0","D","1","0","Hcap-Cha","Left - Sharp / Undulating","4yo+,100","4/1","4.00","4","","100","5","5","345","710","365","89","96","91","89","","14","b","g","Cyti Rose","Coastal Path","v","0","0.00","3","9","52.35","44.68","44.44","33.33","-1","-1","0.00","0.00","1.00","0.00","0.00","0.00","NO","0.00","Male","42.86","47.62","54.04","48.63","0.00","0.00","0.00","","","",""
"14/09/2026","15:42","Windsor","Rebel Path","5.50","0.00","0.00","0.00","0.00","0.00","NO","","0.00","","2","Olivia Haines","Stuart Williams","69","108","7","63","72","62","63","E","60","72","62","90","61","151","8","14/09/2026 15:42","6f 12y","Turf","E","5","1332","7","4397.00","Ivor Laws Memorial Race Handicap (Class E)","","","","0.00","130","05-77380381","0","0","0","0.00","0.00","0.00","4","7","36","11.11","19.44","0.00","-5.25","65.55","E","5","4397.00","128","6f 12y","1332","5.40","5.00","PP-HLLPPLPP","16.00","7","7","9.4","CD","14","0","Hcap","Right - Sharp","3yo+,75","9/2","4.50","3","","75","14","14","297","583","286","73","85","90","38","7","","b","g","Royale Du Buisson","Iffraaj","v","0","1.27","4","36","53.78","37.02","30.56","19.44","6","1","0.00","25.00","1.00","0.00","0.00","0.00","NO","0.00","Male","42.93","44.07","42.85","46.64","0.00","0.00","0.00","","","",""
"14/09/2026","15:42","Windsor","Correspondence","29.00","0.00","0.00","0.00","0.00","0.00","NO","","0.00","","13","David Probert","Tony Carroll","35","27","53","67","68","57","47","E","49","65","52","26","15","41","6","14/09/2026 15:42","6f 12y","Turf","E","5","1332","0","4397.00","Ivor Laws Memorial Race Handicap (Class E)","","","","0.00","134","40-82631267","0","0","0","0.00","0.00","0.00","1","3","13","7.69","23.08","0.00","-9.00","43.97","D","4","6019.00","129","5f 10y","1110","11.50","9.50","PP-PPHPPPPP","12.00","9","4","9.8","C","8","0","Hcap","Right - Sharp","3yo+,75","18/1","18.00","3","","75","14","14","158","383","225","80","60","64","21","53","","b","g","Walk In Marrakesh","War Front","","0","1.05","1","13","48.81","34.45","23.08","7.69","-1","-3","0.00","0.00","1.00","0.00","0.00","0.00","NO","0.00","Male","28.98","33.69","39.21","42.77","0.00","0.00","0.00","","","7","0"
"14/09/2026","15:30","Sedgefield","Tom Creen","8.00","0.00","0.00","0.00","0.00","0.00","NO","","0.00","","3","Miss Rebecca Hitchen","Sam England","39","224","17","95","75","55","48","G","39","70","52","34","35","69","4","14/09/2026 15:30","2m 3f 65y","Chase","G","5","4245","7","3248.00","Bill & Teresa Florentines 50th Anniversary Handicap Chase (Class G)","","","","0.00","164","52472-7P3U7","0","0","0","0.00","0.00","0.00","5","9","31","16.13","29.03","93.55","-11.15","56.89","G","5","3248.00","161","2m 3f 65y","4245","19.59","17.00","PLPHP-PPPPH","22.00","0","11","11.10","CD","3","0","Hcap-Cha","Left - Sharp / Undulating","4yo+,100","5/1","5.00","4","","100","5","5","331","689","358","94","96","97","71","","17","b","g","Casiana","Yeats","tp","0","0.00","5","31","60.51","46.54","35.48","25.81","5","1","20.00","40.00","1.00","0.00","0.00","0.00","NO","0.00","Male","57.64","54.33","53.76","49.52","0.00","0.00","0.00","","","",""
"14/09/2026","15:30","Sedgefield","Clean Getaway","9.00","0.00","0.00","0.00","0.00","0.00","NO","","0.00","","5","Joseph Williamson","Philip Kirby","49","130","17","83","67","53","51","G","49","66","49","40","28","68","4","14/09/2026 15:30","2m 3f 65y","Chase","G","5","4245","0","3248.00","Bill & Teresa Florentines 50th Anniversary Handicap Chase (Class G)","","","","0.00","152","24-51435345","0","0","0","0.00","0.00","0.00","7","8","48","14.58","16.67","93.48","-16.23","37.35","G","5","3248.00","149","2m 3f 65y","4245","13.00","11.00","PP-HPPLPPHP","22.00","0","9","10.12","C","5","0","Hcap-Cha","Left - Sharp / Undulating","4yo+,100","9/2","4.50","4","","100","5","5","317","633","316","81","84","86","65","","17","b","g","Dee Two O Two","Getaway","p","0","0.00","7","48","54.16","39.96","58.33","27.08","16","3","14.29","14.29","1.00","0.00","0.00","0.00","NO","0.00","Male","50.00","59.27","57.99","45.40","0.00","0.00","0.00","","","",""
"14/09/2026","15:30","Sedgefield","Maggies Boy","7.50","0.00","0.00","0.00","0.00","0.00","NO","","0.00","","4","Sean Quinlan","Jennie Candlish","33","164","17","96","68","48","45","E","33","58","41","48","18","66","2","14/09/2026 15:30","2m 3f 65y","Chase","G","5","4245","0","3248.00","Bill & Teresa Florentines 50th Anniversary Handicap Chase (Class G)","","","","0.00","165","35-871PUP24","0","0","0","0.00","0.00","0.00","1","5","19","5.26","26.32","83.33","-14.50","47.00","G","5","3248.00","161","3m 2f 59y","5779","10.21","9.00","PP-HHPHPHPH","11.00","0","7","11.11","C","2","0","Hcap-Cha","Left - Sharp / Undulating","4yo+,100","100/30","3.33","4","","100","5","5","324","648","324","91","88","91","54","","17","b","g","Hiwaitilitellu","Ocovango","v1","0","0.00","1","19","47.20","32.81","36.84","21.05","1","1","0.00","0.00","1.00","0.00","0.00","0.00","NO","0.00","Male","52.68","51.05","56.53","53.75","0.00","0.00","0.00","","","",""
"14/09/2026","15:30","Sedgefield","Mr McWhinny","1.91","0.00","0.00","0.00","0.00","0.00","NO","","0.00","","2","Mr Jack Andrews","T Ellis","63","231","7","83","71","49","59","G","63","70","45","44","64","108","0","14/09/2026 15:30","2m 3f 65y","Chase","G","5","4245","0","3248.00","Bill & Teresa Florentines 50th Anniversary Handicap Chase (Class G)","","","","0.00","152","77UF57-4141","0","0","0","0.00","0.00","0.00","2","1","21","9.52","4.76","84.21","-16.25","46.21","G","5","5017.00","158","2m 4f 216y","4616","2.36","2.25","HHHHHP-PHHH","0.00","0","8","10.12","","4","0","Hcap-Cha","Left - Sharp / Undulating","4yo+,100","4/1","4.00","4","","100","5","5","339","689","350","96","86","87","81","","7","b","g","Kala Brandy","Soldier Of Fortune","t","0","0.00","2","21","47.76","31.81","28.57","19.05","-1","1","50.00","100.00","1.00","0.00","0.00","0.00","NO","0.00","Male","87.50","60.42","44.05","45.05","0.00","0.00","0.00","","","",""
"14/09/2026","15:42","Windsor","Strike","8.50","0.00","0.00","0.00","0.00","0.00","NO","","0.00","","8","Olivia Tubb","Jonathan Portman","58","76","30","70","74","61","59","E","59","73","61","32","27","59","2","14/09/2026 15:42","6f 12y","Turf","E","5","1332","5","4397.00","Ivor Laws Memorial Race Handicap (Class E)","","","","0.00","137","263-2832416","0","0","0","0.00","0.00","0.00","5","14","45","11.11","31.11","0.00","-22.25","62.65","D","4","10308.00","128","6f","1320","16.19","12.00","PHP-HPHPHPH","4.00","12","8","9.11","CD","2","0","Hcap","Right - Sharp","3yo+,75","14/1","14.00","3","","75","14","14","241","509","268","56","73","80","59","30","","gr","g","Midnight Fling","Lethal Force","WS","0","1.40","5","45","66.79","50.53","26.67","15.56","-3","-1","40.00","40.00","1.00","0.00","0.00","0.00","NO","0.00","Male","51.63","39.62","45.39","50.75","0.00","0.00","0.00","","","",""
"14/09/2026","15:42","Windsor","Tiger Tulip","19.00","0.00","0.00","0.00","0.00","0.00","NO","","0.00","","12","Jack Mitchell","Heather Main","62","30","28","66","71","57","58","E","61","71","57","18","25","43","2","14/09/2026 15:42","6f 12y","Turf","E","5","1332","0","4397.00","Ivor Laws Memorial Race Handicap (Class E)","","","","0.00","133","255402-9687","0","0","0","0.00","0.00","0.00","3","4","25","12.00","16.00","0.00","37.00","55.15","E","5","3978.00","135","6f 20y","1340","15.50","13.00","LPPPHH-HHHP","4.00","4","5","9.7","CD","10","0","Hcap","Right - Sharp","3yo+,75","25/1","25.00","3","","75","14","14","195","384","189","42","75","62","10","28","","b","m","Byroness","Aclaim","","0","0.86","3","25","47.95","34.61","36.00","32.00","3","-3","0.00","33.33","1.00","0.00","0.00","0.00","NO","0.00","Female","30.56","31.79","36.48","32.05","0.00","0.00","0.00","","","",""
"14/09/2026","15:42","Windsor","Thankuappreciate","15.00","0.00","0.00","0.00","0.00","0.00","NO","","0.00","","5","Billy Loughnane","Tony Carroll","62","87","156","69","70","62","62","E","62","69","61","28","14","42","2","14/09/2026 15:42","6f 12y","Turf","E","5","1332","0","4397.00","Ivor Laws Memorial Race Handicap (Class E)","","","","0.00","136","26304-41345","0","0","0","0.00","0.00","0.00","4","15","46","8.70","32.61","0.00","6.38","42.42","E","5","4397.00","132","6f 16y","1336","9.54","8.00","HHPHH-PHPHH","4.00","6","6","9.10","D","3","0","Hcap","Right - Sharp","3yo+,75","16/1","16.00","3","","75","14","14","194","416","222","80","84","81","-23","156","","b","g","Illusions","Fountain Of Youth","","0","0.96","4","46","62.78","45.77","32.61","21.74","8","1","0.00","0.00","1.00","0.00","0.00","0.00","NO","0.00","Male","28.98","33.69","39.21","42.77","0.00","0.00","0.00","","","5","0"
"14/09/2026","15:42","Windsor","Hierarchy","19.00","0.00","0.00","0.00","0.00","0.00","NO","","0.00","","10","Saffie Osborne","Jamie Osborne","47","46","14","68","78","61","54","E","55","76","60","20","8","28","0","14/09/2026 15:42","6f 12y","Turf","E","5","1332","0","4397.00","Ivor Laws Memorial Race Handicap (Class E)","","","","0.00","135","1879340650","0","0","0","0.00","0.00","0.00","7","15","60","11.67","25.00","0.00","-10.25","48.00","E","5","5234.00","135","6f 16y","1336","15.36","12.00","HHHHHHHHHH","0.00","10","7","9.9","D","5","0","Hcap","Right - Sharp","3yo+,75","22/1","22.00","3","","75","14","14","165","370","205","70","74","72","-11","14","","ch","g","Cheworee","Mehmas","tb","0","0.92","7","60","52.85","39.31","26.67","21.67","10","-1","14.29","14.29","1.00","0.00","0.00","0.00","NO","0.00","Male","35.42","46.96","49.42","51.78","0.00","0.00","0.00","","","",""
"14/09/2026","15:42","Windsor","Silky Robin","11.00","0.00","0.00","0.00","0.00","0.00","NO","","0.00","","5","Tom Marquand","Brian Toomey","65","87","44","67","66","59","63","F","65","66","57","27","32","59","4","14/09/2026 15:42","6f 12y","Turf","E","5","1332","0","4397.00","Ivor Laws Memorial Race Handicap (Class E)","","","","0.00","134","536-8655113","0","0","0","0.00","0.00","0.00","6","5","33","18.18","15.15","0.00","3.00","35.06","E","5","5154.00","138","5f","1100","8.86","7.00","HHH-PHHPPHP","8.00","3","5","9.8","D","9","0","Hcap","Right - Sharp","3yo+,75","16/1","16.00","3","","75","14","14","219","541","322","97","80","75","70","44","","ch","g","Shaya","Exceed And Excel","bWS","0","0.79","6","33","59.36","44.48","39.39","18.18","11","3","33.33","33.33","1.00","0.00","0.00","0.00","NO","0.00","Male","33.33","46.43","43.14","47.58","0.00","0.00","0.00","","","",""
"14/09/2026","15:42","Windsor","Distant Rumble","15.00","0.00","0.00","0.00","0.00","0.00","NO","","0.00","","7","Marco Ghiani","Roger Teal","60","77","7","68","67","60","56","D","60","66","58","47","18","65","2","14/09/2026 15:42","6f 12y","Turf","E","5","1332","0","4397.00","Ivor Laws Memorial Race Handicap (Class E)","","","","0.00","135","6-566213779","0","0","0","0.00","0.00","0.00","3","5","24","12.50","20.83","0.00","-3.00","44.32","E","5","4397.00","133","6f 12y","1332","5.19","4.50","H-PHPHHLHPH","4.00","11","4","9.9","CD  BF","6","0","Hcap","Right - Sharp","3yo+,75","9/1","9.00","3","","75","14","14","252","496","244","66","82","74","22","7","","ch","g","Distant Thunder","Rumble Inthejungle","","0","0.95","3","24","53.64","36.86","25.00","16.67","-2","-1","33.33","33.33","1.00","0.00","0.00","0.00","NO","0.00","Male","37.64","41.68","58.51","50.23","0.00","0.00","0.00","","","",""
"14/09/2026","15:42","Windsor","Kiss And Run","4.50","0.00","0.00","0.00","0.00","0.00","NO","","0.00","","3","Kieran O'Neill","John Bridger","65","91","6","71","73","62","63","D","62","67","59","46","36","82","8","14/09/2026 15:42","6f 12y","Turf","E","5","1332","0","4397.00","Ivor Laws Memorial Race Handicap (Class E)","","","","0.00","138","3-725378531","0","0","0","0.00","0.00","0.00","4","11","40","10.00","27.50","0.00","-6.17","53.78","D","4","7668.00","125","5f","1100","4.60","4.00","L-LLHPLPPPL","16.00","1","5","9.12","C D","1","0","Hcap","Right - Sharp","3yo+,75","9/1","9.00","3","","75","14","14","300","493","193","56","52","79","6","6","","b","m","Desert Kiss","Twilight Son","","5","1.20","4","40","57.16","40.67","32.50","22.50","8","1","25.00","50.00","1.00","0.00","0.00","0.00","NO","0.00","Female","59.95","58.37","55.99","46.97","0.00","0.00","0.00","","","",""
"14/09/2026","15:42","Windsor","Cypriot Diaspora","10.00","0.00","0.00","0.00","0.00","0.00","NO","","0.00","","4","Lewis Edmunds","Rod Millman","62","88","10","69","72","60","65","E","62","72","59","26","45","71","6","14/09/2026 15:42","6f 12y","Turf","E","5","1332","0","4397.00","Ivor Laws Memorial Race Handicap (Class E)","","","","0.00","136","6-598632413","0","0","0","0.00","0.00","0.00","6","7","38","15.79","18.42","0.00","-9.97","41.65","E","5","4449.00","133","6f 212y","1532","3.09","2.88","P-LLHHPLPPP","12.00","13","5","9.10","D  BF","4","0","Hcap","Right - Sharp","3yo+,75","18/1","18.00","3","","75","14","14","272","414","142","76","50","53","-37","10","","b","m","Achianna","Adaay","","0","0.93","6","38","50.49","37.27","50.00","23.68","4","-1","0.00","0.00","1.00","0.00","0.00","0.00","NO","0.00","Female","38.60","45.05","51.18","55.16","0.00","0.00","0.00","","","",""
"14/09/2026","15:21","Thirsk","Majestic Jude","1.67","0.00","0.00","0.00","0.00","0.00","NO","","0.00","","1","Cieren Fallon","William Haggas","61","637","24","0","61","51","51","C","51","42","51","49","72","121","4","14/09/2026 15:21","7f","Turf","C","3","1540","0","11880.00","British Stallion Studs EBF Novice Stakes (GBB Race) (Class C)","","","","0.00","136","51","0","0","0","0.00","0.00","0.00","1","0","2","50.00","0.00","0.00","1.00","67.00","C","3","6700.00","128","7f","1540","3.50","3.00","PP","67.00","2","2","9.10","D","1","0","Nov","Left - Easy","2yo","Evens","1.00","2","2","","4","4","371","770","399","100","100","99","100","24","","b","c","Atlas Silk","Minzaal","","0","0.81","1","2","60.00","52.00","100.00","50.00","0","0","0.00","0.00","1.00","0.00","0.00","0.00","NO","0.00","Male","50.81","59.78","61.65","60.68","0.00","0.00","0.00","","","",""
"14/09/2026","15:00","Sedgefield","Jeteye","1.91","0.00","0.00","0.00","0.00","0.00","NO","","0.00","","1","Jonathan England","Sam England","36","428","17","95","71","56","50","G","51","66","48","30","30","60","8","14/09/2026 15:00","3m 2f 59y","Chase","G","5","5779","0","3248.00","MW Civils & Groundworks Handicap Chase (Class G)","","","","0.00","168","235-3614312","0","0","0","0.00","0.00","0.00","3","7","22","13.64","31.82","86.36","9.50","43.11","G","5","3248.00","158","3m 2f 59y","5779","3.55","3.25","PHP-PPPLPLP","33.00","0","9","12.0","BF","1","0","Hcap-Cha","Left - Sharp / Undulating","4yo+,95","11/4","2.75","4","","95","5","5","364","725","361","99","93","94","75","","17","br","g","Shuil Sionnach","Jet Away","tb","0","0.00","3","22","56.82","43.84","31.82","18.18","-4","1","0.00","0.00","1.00","0.00","0.00","0.00","NO","0.00","Male","57.64","54.33","53.76","49.52","0.00","0.00","0.00","","","",""
"14/09/2026","15:00","Sedgefield","Bahtiyar","9.00","0.00","0.00","0.00","0.00","0.00","NO","","0.00","","5","Ben Poste","Maxwell Young","59","112","9","74","72","54","48","G","44","68","48","19","30","49","2","14/09/2026 15:00","3m 2f 59y","Chase","G","5","5779","0","3248.00","MW Civils & Groundworks Handicap Chase (Class G)","","","","0.00","147","333-2442563","0","0","0","0.00","0.00","0.00","0","5","32","0.00","15.63","90.63","-32.00","0.00","G","5","4832.00","145","2m 6f 125y","4965","47.36","34.00","LHH-HHHPPHH","8.00","0","8","10.7","","5","0","Hcap-Cha","Left - Sharp / Undulating","4yo+,95","5/1","5.00","4","","95","5","5","316","631","315","83","84","85","63","","9","b","g","Baladala Reconce","Bathyrhon","pWS","0","0.00","0","32","50.59","32.28","31.25","18.75","0","-1","0.00","0.00","1.00","0.00","0.00","0.00","NO","0.00","Male","14.29","35.45","29.09","16.63","0.00","0.00","0.00","","","",""
"14/09/2026","15:12","Windsor","Baba Ganoush","34.00","0.00","0.00","0.00","0.00","0.00","NO","","0.00","","6","Rob Hornby","Hughie Morrison","53","54","68","0","53","53","53","C","53","","53","0","3","3","0","14/09/2026 15:12","1m 3f 99y","Turf","C","3","2519","0","6480.00","Kim Smith Memorial Maiden Fillies' Stakes (GBB/GBBPlus Race) (Class C)","","","","0.00","128","5","0","0","0","0.00","0.00","0.00","0","0","1","0.00","0.00","0.00","-1.00","0.00","C","3","6480.00","128","1m 2f 219y","2419","142.07","51.00","H","0.00","3","3","9.2","","2","0","Mdn-Fil","Right - Sharp","3yo+","","0.00","3","","","7","7","328","672","344","80","84","80","100","68","","b","f","Capriolla","Nathaniel","","0","0.94","0","1","63.64","40.50","0.00","0.00","1","1","0.00","0.00","1.00","0.00","0.00","0.00","NO","0.00","Female","43.83","44.44","41.91","43.89","0.00","0.00","0.00","","","6","-1"
"14/09/2026","15:12","Windsor","Seacole","6.50","0.00","0.00","0.00","0.00","0.00","NO","","0.00","","3","Rossa Ryan","Ralph Beckett","52","194","19","75","52","49","45","C","52","52","45","32","25","57","10","14/09/2026 15:12","1m 3f 99y","Turf","C","3","2519","0","6480.00","Kim Smith Memorial Maiden Fillies' Stakes (GBB/GBBPlus Race) (Class C)","","","","0.00","128","2427","0","0","0","0.00","0.00","0.00","0","0","4","0.00","0.00","0.00","-4.00","0.00","D","4","6281.00","130","1m 3f 219y","2639","20.00","17.00","PLLP","83.00","1","3","9.2","","7","0","Mdn-Fil","Right - Sharp","3yo+","9/4","2.25","3","","","7","7","350","701","351","91","92","92","76","19","","b","f","Crimean Queen","Sea The Stars","p1","0","0.94","0","4","42.74","21.87","25.00","0.00","2","1","0.00","0.00","1.00","0.00","0.00","0.00","NO","0.00","Female","45.85","48.75","50.53","52.48","0.00","0.00","0.00","","","",""
"14/09/2026","15:00","Sedgefield","Uncle Al","6.00","0.00","0.00","0.00","0.00","0.00","NO","","0.00","","2","Paul O'Brien","Miss J Bedi","0","221","17","82","60","39","51","G","37","57","29","23","23","46","0","14/09/2026 15:00","3m 2f 59y","Chase","G","5","5779","0","3248.00","MW Civils & Groundworks Handicap Chase (Class G)","","","","0.00","155","16-62UP163U","0","0","0","0.00","0.00","0.00","2","1","17","11.76","5.88","68.75","7.50","41.98","G","5","3248.00","145","3m 2f 59y","5779","5.31","4.50","HH-HHPHPHHH","0.00","0","7","11.1","C","2","0","Hcap-Cha","Left - Sharp / Undulating","4yo+,95","4/1","4.00","4","","95","5","5","320","682","362","87","93","96","86","","17","b","g","Milling Road","Leading Light","p","0","0.00","2","17","35.97","25.75","47.06","23.53","7","1","50.00","50.00","1.00","0.00","0.00","0.00","NO","0.00","Male","16.67","8.33","7.54","27.53","0.00","0.00","0.00","","","",""
"14/09/2026","14:51","Thirsk","Dissenter","7.50","0.00","0.00","0.00","0.00","0.00","NO","","0.00","","1","Ashley Lewis","Marcus Tregoning","55","222","19","65","58","56","56","E","57","57","54","31","52","83","6","14/09/2026 14:51","6f","Turf","F","6","1320","3","3140.00","Patrick Hibbert-Foy Memorial Nursery Handicap (Class F)","","","","0.00","135","5157","0","0","0","0.00","0.00","0.00","1","0","4","25.00","0.00","0.00","4.50","43.20","E","5","5757.00","124","7f","1540","42.04","34.00","PPPP","8.00","6","2","9.9","D","1","0","Hcap-Nur","Left - Easy","2yo,65","17/2","8.50","2","2","65","17","17","350","703","353","81","90","82","100","19","","b","f","Party Rebel","Kodi Bear","","0","0.82","1","4","61.79","44.03","75.00","25.00","2","1","0.00","0.00","1.00","0.00","0.00","0.00","NO","0.00","Female","77.27","55.19","46.88","48.55","0.00","0.00","0.00","","","",""
"14/09/2026","15:00","Sedgefield","Aill Dubh","4.33","0.00","0.00","0.00","0.00","0.00","NO","","0.00","","3","Joshua Thompson","Micky Hammond","50","207","16","76","63","50","58","G","63","63","37","27","28","55","10","14/09/2026 15:00","3m 2f 59y","Chase","G","5","5779","5","3248.00","MW Civils & Groundworks Handicap Chase (Class G)","","","","0.00","149","0/UP-P314415","0","0","0","0.00","0.00","0.00","2","1","17","11.76","5.88","68.75","-7.67","35.38","G","5","4726.00","145","2m 5f 34y","4654","6.48","5.50","P/HH-HHLLLLP","42.00","0","9","10.9","","3","0","Hcap-Cha","Left - Sharp / Undulating","4yo+,95","100/30","3.33","4","","95","5","5","343","699","356","90","84","91","91","","16","b","g","Captain Carol","Shantou","p","0","0.00","2","17","40.50","27.53","52.94","29.41","-3","1","50.00","50.00","1.00","0.00","0.00","0.00","NO","0.00","Male","52.41","46.54","56.21","48.96","0.00","0.00","0.00","","","",""
"14/09/2026","15:00","Sedgefield","Croagh Patrick","11.00","0.00","0.00","0.00","0.00","0.00","NO","","0.00","","4","Brian Hughes","Gillian Boanas","19","170","17","76","76","51","36","G","19","68","43","15","27","42","4","14/09/2026 15:00","3m 2f 59y","Chase","G","5","5779","0","3248.00","MW Civils & Groundworks Handicap Chase (Class G)","","","","0.00","149","P21P/9P-72P5","0","0","0","0.00","0.00","0.00","3","14","46","6.52","30.43","88.64","-36.38","86.83","G","5","3248.00","142","3m 2f 59y","5779","22.00","21.00","LHHH/HH-HPPH","17.00","0","11","10.9","D","4","0","Hcap-Cha","Left - Sharp / Undulating","4yo+,95","13/2","6.50","4","","95","5","5","313","650","337","92","97","90","58","","17","b","g","Benedicta Rose","Mountain High","bWS","0","0.00","3","46","53.73","38.81","41.30","28.26","0","1","100.00","100.00","1.00","0.00","0.00","0.00","NO","0.00","Male","0.00","0.00","16.67","16.67","0.00","0.00","0.00","","","",""
"14/09/2026","15:21","Thirsk","Diamondsforyou","2.63","0.00","0.00","0.00","0.00","0.00","NO","","0.00","","2","Oisin Orr","Richard Fahey","63","202","29","0","63","63","63","C","63","","63","33","33","66","2","14/09/2026 15:21","7f","Turf","C","3","1540","0","11880.00","British Stallion Studs EBF Novice Stakes (GBB Race) (Class C)","","","","0.00","125","2","0","0","0","0.00","0.00","0.00","0","1","1","0.00","100.00","0.00","-1.00","0.00","C","3","8640.00","128","6f","1320","15.50","13.00","P","33.00","1","2","8.13","","4","0","Nov","Left - Easy","2yo","2/1","2.00","2","2","","4","4","353","704","351","89","89","91","82","29","","b","f","Riches And Rubies","St Mark's Basilica","","0","0.81","0","1","75.00","56.25","0.00","0.00","1","1","0.00","0.00","1.00","0.00","0.00","0.00","NO","0.00","Female","27.98","49.45","48.84","49.02","0.00","0.00","0.00","","","",""
"14/09/2026","15:12","Windsor","Crown Of Crowns","3.50","0.00","0.00","0.00","0.00","0.00","NO","","0.00","","2","Tom Marquand","William Haggas","","312","","0","","","","","","","","0","19","19","0","14/09/2026 15:12","1m 3f 99y","Turf","C","3","2519","0","6480.00","Kim Smith Memorial Maiden Fillies' Stakes (GBB/GBBPlus Race) (Class C)","","","","0.00","128","","0","0","0","0.00","0.00","0.00","0","0","0","0.00","0.00","0.00","0.00","0.00","","","0.00","","","0","0.00","0.00","","0.00","7","3","9.2","","3","0","Mdn-Fil","Right - Sharp","3yo+","","0.00","3","","","7","7","322","711","389","100","93","96","100","","","ch","f","Waldlerche","Frankel","","0","0.94","0","0","0.00","0.00","0.00","0.00","","","0.00","0.00","1.00","0.00","0.00","0.00","NO","0.00","Female","50.81","59.78","61.65","60.68","0.00","0.00","0.00","","","",""
"14/09/2026","15:21","Thirsk","Nicamoo","101.00","0.00","0.00","0.00","0.00","0.00","NO","","0.00","","4","William Pyle","David Loughnane","42","152","18","0","42","42","42","C","42","","42","0","3","3","0","14/09/2026 15:21","7f","Turf","C","3","1540","0","11880.00","British Stallion Studs EBF Novice Stakes (GBB Race) (Class C)","","","","0.00","130","8","0","0","0","0.00","0.00","0.00","0","0","1","0.00","0.00","0.00","-1.00","0.00","C","3","6281.00","133","7f 14y","1554","460.00","201.00","H","0.00","4","2","9.4","","3","0","Nov","Left - Easy","2yo","","0.00","2","2","","4","4","332","693","361","90","88","89","94","18","","b","g","Delirium","Sergei Prokofiev","","0","1.17","0","1","12.50","1.56","0.00","0.00","1","1","0.00","0.00","1.00","0.00","0.00","0.00","NO","0.00","Male","13.03","24.80","32.63","38.35","0.00","0.00","0.00","","","",""
"14/09/2026","15:21","Thirsk","Master Celeritas","10.00","0.00","0.00","0.00","0.00","0.00","NO","","0.00","","3","Jason Hart","John Quinn","49","182","24","0","49","49","49","B","49","","49","18","15","33","0","14/09/2026 15:21","7f","Turf","C","3","1540","0","11880.00","British Stallion Studs EBF Novice Stakes (GBB Race) (Class C)","","","","0.00","130","9","0","0","0","0.00","0.00","0.00","0","0","1","0.00","0.00","0.00","-1.00","0.00","B","2","51540.00","133","7f","1540","190.00","126.00","H","0.00","3","2","9.4","","2","0","Nov","Left - Easy","2yo","9/2","4.50","2","2","","4","4","341","688","347","91","93","91","72","24","","b","g","Infanta Isabella","Minzaal","","0","1.04","0","1","38.46","14.79","100.00","100.00","1","1","0.00","0.00","1.00","0.00","0.00","0.00","NO","0.00","Male","28.41","38.76","46.38","47.03","0.00","0.00","0.00","","","",""
"14/09/2026","15:12","Windsor","Soul Of Appin","21.00","0.00","0.00","0.00","0.00","0.00","NO","","0.00","","5","Mr Joe Leavy","Brian Meehan","","94","","0","","","","","","","","0","3","3","0","14/09/2026 15:12","1m 3f 99y","Turf","C","3","2519","0","6480.00","Kim Smith Memorial Maiden Fillies' Stakes (GBB/GBBPlus Race) (Class C)","","","","0.00","135","","0","0","0","0.00","0.00","0.00","0","0","0","0.00","0.00","0.00","0.00","0.00","","","0.00","","","0","0.00","0.00","","0.00","5","4","9.9","","1","0","Mdn-Fil","Right - Sharp","3yo+","","0.00","3","","","7","7","327","657","330","78","73","79","100","","","b","f","Raskutani","Make Believe","","0","1.11","0","0","0.00","0.00","0.00","0.00","","","0.00","0.00","1.00","0.00","0.00","0.00","NO","0.00","Female","58.57","64.31","66.79","58.67","0.00","0.00","0.00","","","",""
"14/09/2026","15:12","Windsor","Paraone","101.00","0.00","0.00","0.00","0.00","0.00","NO","","0.00","","7","George Wood","Heather Main","48","38","32","0","48","48","48","C","48","","48","0","3","3","0","14/09/2026 15:12","1m 3f 99y","Turf","C","3","2519","0","6480.00","Kim Smith Memorial Maiden Fillies' Stakes (GBB/GBBPlus Race) (Class C)","","","","0.00","128","9","0","0","0","0.00","0.00","0.00","0","0","1","0.00","0.00","0.00","-1.00","0.00","C","3","6480.00","128","1m 2f 1y","2201","190.00","101.00","H","0.00","4","3","9.2","","5","0","Mdn-Fil","Right - Sharp","3yo+","","0.00","3","","","7","7","321","646","325","74","75","76","100","32","","ch","f","Pom Pom Pom","Raven's Pass","","0","0.77","0","1","0.00","0.00","0.00","0.00","-1","-1","0.00","0.00","1.00","0.00","0.00","0.00","NO","0.00","Female","30.56","31.79","36.48","32.05","0.00","0.00","0.00","","","",""
"14/09/2026","15:12","Windsor","Queen Of Scotland","1.67","0.00","0.00","0.00","0.00","0.00","NO","","0.00","","1","Billy Loughnane","George Boughey","70","397","16","0","70","70","70","B","70","","70","53","37","90","0","14/09/2026 15:12","1m 3f 99y","Turf","C","3","2519","0","6480.00","Kim Smith Memorial Maiden Fillies' Stakes (GBB/GBBPlus Race) (Class C)","","","","0.00","128","2","0","0","0","0.00","0.00","0.00","0","1","1","0.00","100.00","0.00","-1.00","0.00","B","2","25770.00","128","1m 1f 197y","2177","10.50","8.50","H","0.00","6","3","9.2","","6","0","Mdn-Fil","Right - Sharp","3yo+","Evens","1.00","3","","","7","7","367","715","348","84","94","86","84","16","","b","f","Flower Of Scotland","Pinatubo","","0","1.28","0","1","85.71","73.47","0.00","0.00","1","1","0.00","0.00","1.00","0.00","0.00","0.00","NO","0.00","Female","60.56","62.71","61.29","62.48","0.00","0.00","0.00","","","",""
"14/09/2026","15:12","Windsor","Marquetry","26.00","0.00","0.00","0.00","0.00","0.00","NO","","0.00","","4","David Probert","Andrew Balding","51","145","16","0","51","51","51","B","51","","51","22","15","37","2","14/09/2026 15:12","1m 3f 99y","Turf","C","3","2519","0","6480.00","Kim Smith Memorial Maiden Fillies' Stakes (GBB/GBBPlus Race) (Class C)","","","","0.00","128","7","0","0","0","0.00","0.00","0.00","0","0","1","0.00","0.00","0.00","-1.00","0.00","B","2","25770.00","128","1m 1f 197y","2177","8.60","8.00","P","17.00","2","3","9.2","","4","0","Mdn-Fil","Right - Sharp","3yo+","4/1","4.00","3","","","7","7","340","684","344","88","85","87","84","16","","b","f","Ebony","Sottsass","","0","0.94","0","1","14.29","2.04","0.00","0.00","-1","-1","0.00","0.00","1.00","0.00","0.00","0.00","NO","0.00","Female","54.21","56.29","59.76","59.67","0.00","0.00","0.00","","","",""
"14/09/2026","15:42","Windsor","Liosa","12.00","0.00","0.00","0.00","0.00","0.00","NO","","0.00","","9","Callum Shepherd","Zoe Hawkins","57","67","24","67","72","58","65","E","68","68","58","33","40","73","6","14/09/2026 15:42","6f 12y","Turf","E","5","1332","0","4397.00","Ivor Laws Memorial Race Handicap (Class E)","","","","0.00","134","54330-46135","0","0","0","0.00","0.00","0.00","5","6","27","18.52","22.22","0.00","6.00","40.09","E","5","4187.00","125","6f","1320","5.80","5.00","HHPHH-HHLHP","12.00","5","6","9.8","D","7","0","Hcap","Right - Sharp","3yo+,75","13/1","13.00","3","","75","14","14","275","446","171","55","50","59","7","24","","b","g","Sally Is The Boss","The Last Lion","","0","1.22","5","27","63.88","48.75","37.04","29.63","3","1","20.00","20.00","1.00","0.00","0.00","0.00","NO","0.00","Male","48.95","48.95","38.98","44.41","0.00","0.00","0.00","","","",""
"14/09/2026","16:00","Sedgefield","William Yeats","2.88","0.00","0.00","0.00","0.00","0.00","NO","","0.00","","1","Jonathan England","Sam England","61","248","17","99","68","58","58","G","58","61","56","47","50","97","4","14/09/2026 16:00","2m 3f 188y","Hurdle","G","5","4368","0","3248.00","Paxtons No1 CaseIH Dealer Handicap Hurdle (Class G)","","","","0.00","167","2156-331","0","0","0","0.00","0.00","0.00","2","2","7","28.57","28.57","100.00","-1.50","28.50","G","5","3248.00","165","2m 3f 188y","4368","2.65","2.25","PLPH-HPP","9.00","0","5","11.13","CD","3","0","Hcap-Hdle","Left - Sharp / Undulating","4yo+,100","9/2","4.50","4","","100","10","10","336","699","363","93","86","86","98","","17","b","g","Dusky Legend","Yeats","t","0","0.00","2","7","71.61","56.14","57.14","28.57","3","3","0.00","0.00","1.00","0.00","0.00","0.00","NO","0.00","Male","57.64","54.33","53.76","49.52","0.00","0.00","0.00","","","",""
"14/09/2026","16:00","Sedgefield","Bannister","23.00","0.00","0.00","0.00","0.00","0.00","NO","","0.00","","8","Mr Tom Midgley","Nick Kent","47","53","26","91","75","51","54","G","54","72","52","14","11","25","4","14/09/2026 16:00","2m 3f 188y","Hurdle","G","5","4368","3","3248.00","Paxtons No1 CaseIH Dealer Handicap Hurdle (Class G)","","","","0.00","159","5866285-604","0","0","0","0.00","0.00","0.00","4","6","36","11.11","16.67","97.06","-6.50","45.92","G","5","3248.00","165","2m 4f","4400","9.60","8.50","HHHHHHH-HHL","9.00","0","9","11.5","","7","0","Hcap-Hdle","Left - Sharp / Undulating","4yo+,100","16/1","16.00","4","","100","10","10","263","510","247","63","64","64","56","1713","26","b","g","Amou Daria","Olympic Glory","WS","0","0.00","4","36","53.95","37.75","33.33","19.44","10","3","50.00","50.00","1.00","0.00","0.00","0.00","NO","0.00","Male","0.00","0.00","57.14","48.57","0.00","0.00","0.00","","","",""
"14/09/2026","16:12","Windsor","Parisian Scholar","6.50","0.00","0.00","0.00","0.00","0.00","NO","","0.00","","3","Callum Shepherd","Charlie Johnston","59","167","24","80","74","56","62","B","59","70","56","41","46","87","4","14/09/2026 16:12","1m 3f 99y","Turf","D","4","2519","0","5653.00","Bet 20 Pound Get 40 Pound In Free Bets At matchbook.com Handicap (GBBPlus Race) (Class D)","","","","0.00","132","2370411602","0","0","0","0.00","0.00","0.00","5","1","17","29.41","5.88","0.00","8.88","67.67","D","4","6442.00","132","1m 4f","2640","5.39","5.00","PLHLHPHHHL","11.00","6","3","9.6","","8","0","Hcap","Right - Sharp","3yo+,85","5/1","5.00","3","","85","9","9","328","614","286","77","77","69","63","24","","b","g","Suffused","Study Of Man","","0","1.28","5","17","53.74","41.56","47.06","35.29","5","1","40.00","40.00","1.00","0.00","0.00","0.00","NO","0.00","Male","44.09","41.73","43.59","44.08","0.00","0.00","0.00","","","",""
"14/09/2026","16:12","Windsor","Aravalli","6.50","0.00","0.00","0.00","0.00","0.00","NO","","0.00","","1","Taylor Fisher","J Tickle","54","216","12","82","70","55","58","E","54","62","52","37","54","91","4","14/09/2026 16:12","1m 3f 99y","Turf","D","4","2519","0","5653.00","Bet 20 Pound Get 40 Pound In Free Bets At matchbook.com Handicap (GBBPlus Race) (Class D)","","","","0.00","134","7-449114113","0","0","0","0.00","0.00","0.00","4","0","10","40.00","0.00","0.00","41.50","38.73","D","4","10468.00","133","1m 3f 137y","2557","9.00","8.00","H-LPHPPHPHP","11.00","8","3","9.8","CD","6","0","Hcap","Right - Sharp","3yo+,85","11/2","5.50","3","","85","9","9","322","685","363","88","83","92","100","12","","b","f","Kalsara","Australia","","0","1.45","4","10","67.67","56.10","50.00","40.00","4","3","0.00","0.00","1.00","0.00","0.00","0.00","NO","0.00","Female","8.33","26.00","31.29","42.16","0.00","0.00","0.00","","","",""
"14/09/2026","16:00","Sedgefield","Bodygroove","29.00","0.00","0.00","0.00","0.00","0.00","NO","","0.00","","7","Brian Hughes","Micky Hammond","28","61","171","91","68","55","39","E","28","67","47","5","3","8","2","14/09/2026 16:00","2m 3f 188y","Hurdle","G","5","4368","0","3248.00","Paxtons No1 CaseIH Dealer Handicap Hurdle (Class G)","","","","0.00","159","U575686P-69","0","0","0","0.00","0.00","0.00","2","2","24","8.33","8.33","66.67","7.50","34.33","G","5","3697.00","163","3m 26y","5306","70.00","41.00","HHHPPLPH-PH","5.00","0","6","11.5","","8","0","Hcap-Hdle","Left - Sharp / Undulating","4yo+,100","50/1","50.00","4","","100","10","10","202","505","303","73","94","78","58","321","171","b","g","Groovejet","Iffraaj","","0","0.00","2","24","38.64","24.53","12.50","12.50","-2","1","0.00","0.00","1.00","0.00","0.00","0.00","NO","0.00","Male","52.41","46.54","56.21","48.96","0.00","0.00","0.00","","","10","-1"
"14/09/2026","16:00","Sedgefield","Aimeric","3.75","0.00","0.00","0.00","0.00","0.00","NO","","0.00","","2","Sean Quinlan","Jennie Candlish","60","189","17","100","89","70","51","G","49","82","64","36","24","60","6","14/09/2026 16:00","2m 3f 188y","Hurdle","G","5","4368","0","3248.00","Paxtons No1 CaseIH Dealer Handicap Hurdle (Class G)","","","","0.00","168","32/275-40442","0","0","0","0.00","0.00","0.00","5","6","25","20.00","24.00","100.00","-10.63","0.00","G","5","3248.00","168","2m 3f 188y","4368","11.34","9.50","PP/PPL-PHLPH","14.00","0","7","12.0","","1","0","Hcap-Hdle","Left - Sharp / Undulating","4yo+,100","6/1","6.00","4","","100","10","10","313","589","276","92","79","94","11","129","17","b","g","Aris","Frankel","WS","0","0.00","5","25","59.99","47.59","40.00","36.00","-1","-1","60.00","60.00","1.00","0.00","0.00","0.00","NO","0.00","Male","52.68","51.05","56.53","53.75","0.00","0.00","0.00","","","",""
"14/09/2026","16:00","Sedgefield","Lone Star","8.00","0.00","0.00","0.00","0.00","0.00","NO","","0.00","","4","Joseph Williamson","Philip Kirby","52","146","5","91","74","55","59","G","62","67","50","33","28","61","6","14/09/2026 16:00","2m 3f 188y","Hurdle","G","5","4368","0","3248.00","Paxtons No1 CaseIH Dealer Handicap Hurdle (Class G)","","","","0.00","159","P62-3054374","0","0","0","0.00","0.00","0.00","6","7","48","12.50","14.58","91.30","-13.82","62.16","G","5","3248.00","159","2m 3f 188y","4368","9.16","7.00","PPH-HHHPPPP","14.00","0","9","11.5","D","6","0","Hcap-Hdle","Left - Sharp / Undulating","4yo+,100","13/2","6.50","4","","100","10","10","336","575","239","76","65","77","21","","5","b","m","Supreme Gem","Kayf Tara","tWS","0","0.00","6","48","50.91","36.47","56.25","37.50","14","1","0.00","16.67","1.00","0.00","0.00","0.00","NO","0.00","Female","50.00","59.27","57.99","45.40","0.00","0.00","0.00","","","",""
"14/09/2026","16:00","Sedgefield","Beny Nahar Road","17.00","0.00","0.00","0.00","0.00","0.00","NO","","0.00","","10","Jamie Hamilton","Henry Hogarth","52","26","50","95","75","57","49","G","51","72","54","8","6","14","4","14/09/2026 16:00","2m 3f 188y","Hurdle","G","5","4368","0","3248.00","Paxtons No1 CaseIH Dealer Handicap Hurdle (Class G)","","","","0.00","163","31242F-8406","0","0","0","0.00","0.00","0.00","2","9","28","7.14","32.14","90.91","-17.00","39.74","G","5","3697.00","161","2m 3f 207y","4387","10.81","8.50","PHLHHH-HHHL","9.00","0","7","11.9","","5","0","Hcap-Hdle","Left - Sharp / Undulating","4yo+,100","28/1","28.00","4","","100","10","10","243","483","240","70","65","75","30","1221","50","b","g","Wonder Why","Nathaniel","tWS1","0","0.00","2","28","57.94","42.77","17.86","10.71","2","3","0.00","50.00","1.00","0.00","0.00","0.00","NO","0.00","Male","0.00","0.00","0.00","44.44","0.00","0.00","0.00","","","",""
"14/09/2026","16:12","Windsor","John T","6.00","0.00","0.00","0.00","0.00","0.00","NO","","0.00","","5","Rob Hornby","Jonathan Portman","64","108","339","76","67","60","64","D","64","64","58","34","22","56","4","14/09/2026 16:12","1m 3f 99y","Turf","D","4","2519","0","5653.00","Bet 20 Pound Get 40 Pound In Free Bets At matchbook.com Handicap (GBBPlus Race) (Class D)","","","","0.00","135","7/220251-","0","0","0","0.00","0.00","0.00","1","2","7","14.29","28.57","0.00","-2.67","41.87","E","5","4187.00","133","1m 3f 219y","2639","4.83","4.33","P/PPLPHP-","11.00","1","4","9.9","","4","0","Hcap","Right - Sharp","3yo+,85","6/1","6.00","3","","85","9","9","283","553","270","70","80","80","40","339","","ch","g","Maggie Jonks","Mastercraftsman","","0","0.94","1","7","59.51","45.75","28.57","28.57","3","1","0.00","0.00","1.00","0.00","0.00","0.00","NO","0.00","Male","51.63","39.62","45.39","50.75","0.00","0.00","0.00","","","1","0"
"14/09/2026","16:12","Windsor","Macari","29.00","0.00","0.00","0.00","0.00","0.00","NO","","0.00","","6","Rose Dawes","Sheena West","57","78","73","78","76","57","57","D","57","70","55","18","14","32","4","14/09/2026 16:12","1m 3f 99y","Turf","D","4","2519","5","5653.00","Bet 20 Pound Get 40 Pound In Free Bets At matchbook.com Handicap (GBBPlus Race) (Class D)","","","","0.00","137","3317-446288","0","0","0","0.00","0.00","0.00","6","9","39","15.38","23.08","92.31","2.50","90.01","D","4","6281.00","132","1m 6f","3080","12.50","10.00","LHLL-PPLPPH","11.00","7","6","9.11","","3","0","Hcap","Right - Sharp","3yo+,85","13/1","13.00","3","","85","9","9","269","507","238","84","76","73","5","73","217","b","g","Potternello","Sixties Icon","","0","0.94","6","39","57.25","43.12","33.33","23.08","17","-1","66.67","83.33","1.00","0.00","0.00","0.00","NO","0.00","Male","32.14","32.74","44.88","43.62","0.00","0.00","0.00","","","8","0"
"14/09/2026","16:21","Thirsk","Soca Star","6.50","0.00","0.00","0.00","0.00","0.00","NO","","0.00","","8","Dale Swift","Seb Spencer","61","68","19","65","66","56","63","E","64","65","56","30","21","51","2","14/09/2026 16:21","7f","Turf","E","5","1540","0","3926.00","decronhorsecare.co.uk Handicap (Class E)","","","","0.00","130","23273-25552","0","0","0","0.00","0.00","0.00","0","4","13","0.00","30.77","0.00","-13.00","0.00","D","4","5400.00","128","7f 6y","1546","5.82","4.50","LLPHL-PPHHP","4.00","6","3","9.4","","6","0","Hcap","Left - Easy","3yo,70","15/2","7.50","3","3","70","10","10","278","510","232","63","67","73","29","19","","b","f","Soul Of Calypso","Starman","","0","0.95","0","13","57.36","38.92","7.69","7.69","3","3","0.00","0.00","1.00","0.00","0.00","0.00","NO","0.00","Female","15.00","42.48","37.57","46.22","0.00","0.00","0.00","","","",""
"14/09/2026","16:12","Windsor","Zarakerjack","12.00","0.00","0.00","0.00","0.00","0.00","NO","","0.00","","8","Laura Pearson","Gary Moore","0","46","185","71","64","59","58","E","53","63","53","18","15","33","8","14/09/2026 16:12","1m 3f 99y","Turf","D","4","2519","0","5653.00","Bet 20 Pound Get 40 Pound In Free Bets At matchbook.com Handicap (GBBPlus Race) (Class D)","","","","0.00","130","013254323-P","0","0","0","0.00","0.00","0.00","1","3","12","8.33","25.00","66.67","-2.00","57.57","E","5","4187.00","133","1m 3f 219y","2639","9.82","8.50","HHPPHHPPL-P","22.00","3","4","9.4","","9","0","Hcap","Right - Sharp","3yo+,85","13/1","13.00","3","","85","9","9","238","521","283","77","73","73","60","339","185","b","g","Villanelle","Zarak","","0","0.94","1","12","57.56","40.78","16.67","16.67","4","-1","0.00","0.00","1.00","0.00","0.00","0.00","NO","0.00","Male","39.14","52.03","51.07","48.66","0.00","0.00","0.00","","","",""
"14/09/2026","16:12","Windsor","King Of Berkshire","3.00","0.00","0.00","0.00","0.00","0.00","NO","","0.00","","2","Callum Hutchinson","Andrew Balding","68","213","37","80","68","58","59","C","64","64","55","36","20","56","6","14/09/2026 16:12","1m 3f 99y","Turf","D","4","2519","0","5653.00","Bet 20 Pound Get 40 Pound In Free Bets At matchbook.com Handicap (GBBPlus Race) (Class D)","","","","0.00","132","37-42131342","0","0","0","0.00","0.00","0.00","2","2","10","20.00","20.00","0.00","-6.72","41.87","C","3","41803.00","129","1m 3f 211y","2631","10.76","9.00","PH-HPLPLPHL","17.00","5","3","9.6","","7","0","Hcap","Right - Sharp","3yo+,85","6/1","6.00","3","","85","9","9","302","652","350","95","94","97","64","37","","b","c","Full Rose","Camelot","","0","1.11","2","10","66.07","51.42","20.00","20.00","-2","-1","0.00","100.00","1.00","0.00","0.00","0.00","NO","0.00","Male","54.21","56.29","59.76","59.67","0.00","0.00","0.00","","","",""
"14/09/2026","16:12","Windsor","Brigid's Well","6.00","0.00","0.00","0.00","0.00","0.00","NO","","0.00","","7","David Probert","Hugo Palmer","71","77","15","82","71","64","67","D","68","68","62","12","11","23","4","14/09/2026 16:12","1m 3f 99y","Turf","D","4","2519","0","5653.00","Bet 20 Pound Get 40 Pound In Free Bets At matchbook.com Handicap (GBBPlus Race) (Class D)","","","","0.00","134","9124-50674","0","0","0","0.00","0.00","0.00","1","1","9","11.11","11.11","0.00","4.00","48.60","D","4","8066.00","132","1m 1f 197y","2177","23.00","19.00","HLLL-PHHHL","11.00","9","3","9.8","","5","0","Hcap","Right - Sharp","3yo+,85","20/1","20.00","3","","85","9","9","267","554","287","81","82","77","47","15","","b","f","Selfara","Ulysses","tp","0","0.86","1","9","60.01","41.92","33.33","33.33","7","3","0.00","0.00","1.00","0.00","0.00","0.00","NO","0.00","Female","48.45","42.34","44.40","47.71","0.00","0.00","0.00","","","",""
"14/09/2026","16:12","Windsor","Son Of Man","21.00","0.00","0.00","0.00","0.00","0.00","NO","","0.00","","9","Paddy Bradley","Jim Boyle","43","44","14","80","75","63","45","C","43","72","61","21","21","42","0","14/09/2026 16:12","1m 3f 99y","Turf","D","4","2519","0","5653.00","Bet 20 Pound Get 40 Pound In Free Bets At matchbook.com Handicap (GBBPlus Race) (Class D)","","","","0.00","139","2-335123090","0","0","0","0.00","0.00","0.00","2","9","28","7.14","32.14","0.00","-13.50","160.98","D","4","9778.00","160","1m 4f 6y","2646","29.93","29.00","L-HPHPLPHHH","0.00","2","5","9.13","","2","0","Hcap","Right - Sharp","3yo+,85","11/1","11.00","3","","85","9","9","260","474","214","70","66","71","7","14","","b","g","Crisolles","Dark Angel","","0","0.94","2","28","52.14","36.69","17.86","10.71","10","-3","50.00","100.00","1.00","0.00","0.00","0.00","NO","0.00","Male","35.71","41.84","46.22","46.08","0.00","0.00","0.00","","","",""
"14/09/2026","16:12","Windsor","Great Bedwyn","11.00","0.00","0.00","0.00","0.00","0.00","NO","","0.00","","4","Sean Levey","Richard Hannon","58","136","14","81","76","64","62","D","58","73","60","27","28","55","2","14/09/2026 16:12","1m 3f 99y","Turf","D","4","2519","0","5653.00","Bet 20 Pound Get 40 Pound In Free Bets At matchbook.com Handicap (GBBPlus Race) (Class D)","","","","0.00","140","856-2828337","0","0","0","0.00","0.00","0.00","4","7","32","12.50","21.88","0.00","0.50","80.17","D","4","9778.00","157","1m 4f 6y","2646","29.00","21.00","PPP-PPHHPHH","6.00","4","6","10.0","D","1","0","Hcap","Right - Sharp","3yo+,85","8/1","8.00","3","","85","9","9","292","606","314","78","91","94","51","14","","b","g","Mistress Quickly","Showcasing","","0","0.77","4","32","59.10","42.89","37.50","21.88","12","1","25.00","25.00","1.00","0.00","0.00","0.00","NO","0.00","Male","39.27","46.45","49.57","48.79","0.00","0.00","0.00","","","",""
"14/09/2026","16:00","Sedgefield","Yanka Blue","9.50","0.00","0.00","0.00","0.00","0.00","NO","","0.00","","9","Mr J P Murray","Barry T Murphy","0","51","5","78","58","47","56","G","57","58","44","25","7","32","4","14/09/2026 16:00","2m 3f 188y","Hurdle","G","5","4368","7","3248.00","Paxtons No1 CaseIH Dealer Handicap Hurdle (Class G)","","","","0.00","146","22-9665227P","0","0","0","0.00","0.00","0.00","0","4","16","0.00","25.00","92.86","-16.00","0.00","G","5","3248.00","146","2m 3f 188y","4368","5.40","5.00","LP-PPLLHHPP","9.00","0","5","10.6","","9","0","Hcap-Hdle","Left - Sharp / Undulating","4yo+,100","9/1","9.00","4","","100","10","10","257","480","223","59","76","74","14","","5","b","m","Bee Yanka","Blue Bresil","","0","0.00","0","16","46.84","29.42","43.75","25.00","8","-1","0.00","0.00","1.00","0.00","0.00","0.00","NO","0.00","Female","19.52","22.00","23.18","21.10","0.00","0.00","0.00","","","",""
"14/09/2026","15:51","Thirsk","Lamlash Bay","5.50","0.00","0.00","0.00","0.00","0.00","NO","","0.00","","4","Billy Garritty","Michael Easterby","50","93","33","64","63","55","57","F","60","60","52","20","30","50","6","14/09/2026 15:51","6f","Turf","F","6","1320","0","3664.00","Sapphire Selling Handicap (Class F)","","","","0.00","137","04-45159","0","0","0","0.00","0.00","0.00","1","0","7","14.29","0.00","0.00","-1.50","36.64","E","5","4527.00","126","5f","1100","8.57","7.50","HP-PPPPP","25.00","7","3","9.11","D","4","0","Hcap-Sell","Left - Easy","3-6yo,65","9/1","9.00","3","6","65","11","11","326","624","298","72","79","81","66","33","","b","g","Inagh River","Harry Angel","","0","0.95","1","7","46.49","30.06","57.14","14.29","3","1","0.00","0.00","1.00","0.00","0.00","0.00","NO","0.00","Male","42.58","49.49","50.33","47.57","0.00","0.00","0.00","","","",""
"14/09/2026","15:51","Thirsk","Ganthorpe","19.00","0.00","0.00","0.00","0.00","0.00","NO","","0.00","","7","Miss Joanna Mason","Michael Easterby","54","60","33","46","61","54","56","F","55","58","51","19","16","35","2","14/09/2026 15:51","6f","Turf","F","6","1320","0","3664.00","Sapphire Selling Handicap (Class F)","","","","0.00","119","5355717770","0","0","0","0.00","0.00","0.00","1","1","14","7.14","7.14","0.00","-6.50","34.02","F","6","4004.00","122","7f 75y","1615","48.00","29.00","PHPHPHHPHH","8.00","1","3","8.7","D","11","0","Hcap-Sell","Left - Easy","3-6yo,65","10/1","10.00","3","6","65","11","11","257","555","298","72","81","75","70","33","","b","g","Aetna","Dream Ahead","","0","0.82","1","14","42.96","25.59","14.29","14.29","2","1","100.00","100.00","1.00","0.00","0.00","0.00","NO","0.00","Male","42.58","49.49","50.33","47.57","0.00","0.00","0.00","","","",""
"14/09/2026","15:51","Thirsk","Mare Of London","12.00","0.00","0.00","0.00","0.00","0.00","NO","","0.00","","10","Jack Garritty","Mark Walford","60","34","38","55","60","53","55","F","55","58","51","8","8","16","0","14/09/2026 15:51","6f","Turf","F","6","1320","0","3664.00","Sapphire Selling Handicap (Class F)","","","","0.00","128","535256-674","0","0","0","0.00","0.00","0.00","0","2","9","0.00","22.22","0.00","-9.00","0.00","F","6","3140.00","127","6f","1320","21.31","17.00","HPHPHP-HHH","0.00","2","3","9.2","","8","0","Hcap-Sell","Left - Easy","3-6yo,65","25/1","25.00","3","6","65","11","11","223","486","263","73","64","77","49","38","","gr","f","Concello","Havana Grey","","0","0.75","0","9","45.09","27.28","22.22","0.00","1","3","0.00","0.00","1.00","0.00","0.00","0.00","NO","0.00","Female","43.34","36.91","43.83","46.22","0.00","0.00","0.00","","","",""
"14/09/2026","15:51","Thirsk","Wodao","15.00","0.00","0.00","0.00","0.00","0.00","NO","","0.00","","9","Dougie Costello","Steph Hollinshead","55","36","105","64","76","61","55","E","55","73","61","10","9","19","0","14/09/2026 15:51","6f","Turf","F","6","1320","0","3664.00","Sapphire Selling Handicap (Class F)","","","","0.00","139","5650645-969","0","0","0","0.00","0.00","0.00","2","4","29","6.90","13.79","0.00","-23.75","169.50","E","5","3978.00","132","6f 20y","1340","64.39","41.00","PHHHHPH-HHH","0.00","5","6","9.13","","1","0","Hcap-Sell","Left - Easy","3-6yo,65","20/1","20.00","3","6","65","11","11","268","570","302","77","61","88","76","105","","ch","g","Dadao","Showcasing","v1","0","0.85","2","29","46.88","29.76","13.79","13.79","11","1","50.00","50.00","1.00","0.00","0.00","0.00","NO","0.00","Male","23.36","35.70","42.76","41.26","0.00","0.00","0.00","","","9","0"
"14/09/2026","15:42","Windsor","Noelies Dream","67.00","0.00","0.00","0.00","0.00","0.00","NO","","0.00","","14","K S McHugh","Dylan Cunha","26","25","7","68","61","50","46","F","51","51","47","12","10","22","0","14/09/2026 15:42","6f 12y","Turf","E","5","1332","7","4397.00","Ivor Laws Memorial Race Handicap (Class E)","","","","0.00","133","655815-0","0","0","0","0.00","0.00","0.00","1","0","7","14.29","0.00","0.00","-4.25","32.45","E","5","4397.00","136","6f 12y","1332","200.00","101.00","HHPPHH-H","0.00","8","3","9.7","","11","0","Hcap","Right - Sharp","3yo+,75","40/1","40.00","3","","75","14","14","142","256","114","68","38","44","-36","7","","b","g","Excelette","Dream Ahead","","0","1.30","1","7","37.55","25.16","42.86","42.86","1","1","0.00","100.00","1.00","0.00","0.00","0.00","NO","0.00","Male","47.88","47.54","49.03","48.00","0.00","0.00","0.00","","","",""
"14/09/2026","15:42","Windsor","Riley Rocks","15.00","0.00","0.00","0.00","0.00","0.00","NO","","0.00","","11","Ray Dawson","Dylan Cunha","54","41","9","68","61","54","53","E","54","60","55","19","16","35","0","14/09/2026 15:42","6f 12y","Turf","E","5","1332","0","4397.00","Ivor Laws Memorial Race Handicap (Class E)","","","","0.00","133","4-11604046","0","0","0","0.00","0.00","0.00","2","0","9","22.22","0.00","0.00","0.50","51.86","E","5","4397.00","135","6f","1320","5.85","4.50","H-PHHHPHHH","0.00","2","3","9.7","D","12","0","Hcap","Right - Sharp","3yo+,75","25/1","25.00","3","","75","14","14","201","312","111","68","60","73","-90","9","","b","g","Clouds Rest","Sergei Prokofiev","","0","1.13","2","9","57.85","41.53","22.22","22.22","1","-1","50.00","50.00","1.00","0.00","0.00","0.00","NO","0.00","Male","47.88","47.54","49.03","48.00","0.00","0.00","0.00","","","",""
"14/09/2026","15:51","Thirsk","Record Day","10.00","0.00","0.00","0.00","0.00","0.00","NO","","0.00","","5","Oisin Orr","Brian Ellison","49","88","9","65","60","54","53","E","52","60","53","23","8","31","0","14/09/2026 15:51","6f","Turf","F","6","1320","0","3664.00","Sapphire Selling Handicap (Class F)","","","","0.00","138","84893780","0","0","0","0.00","0.00","0.00","0","1","8","0.00","12.50","0.00","-8.00","0.00","E","5","4397.00","127","6f","1320","11.86","9.50","HPHHHHHH","0.00","8","3","9.12","","2","0","Hcap-Sell","Left - Easy","3-6yo,65","8/1","8.00","3","6","65","11","11","263","544","281","73","82","58","68","9","","ch","g","Airwaves","Showcasing","b1","0","0.92","0","8","44.24","23.88","12.50","0.00","0","-1","0.00","0.00","1.00","0.00","0.00","0.00","NO","0.00","Male","43.96","41.12","49.15","49.40","0.00","0.00","0.00","","","",""
"14/09/2026","15:51","Thirsk","Agric Ranger","41.00","0.00","0.00","0.00","0.00","0.00","NO","","0.00","","11","Duran Fentiman","Tim Easterby","48","31","26","47","57","48","43","F","48","50","46","6","3","9","6","14/09/2026 15:51","6f","Turf","F","6","1320","0","3664.00","Sapphire Selling Handicap (Class F)","","","","0.00","120","5475707","0","0","0","0.00","0.00","0.00","0","0","7","0.00","0.00","0.00","-7.00","0.00","F","6","3402.00","121","6f 195y","1515","100.00","67.00","PPHPPPP","25.00","3","3","8.8","","10","0","Hcap-Sell","Left - Easy","3-6yo,65","33/1","33.00","3","6","65","11","11","202","416","214","85","60","67","2","26","","b","g","Spirit Ranger","Aclaim","p","0","1.19","0","7","24.29","9.50","28.57","28.57","3","1","0.00","0.00","1.00","0.00","0.00","0.00","NO","0.00","Male","50.54","56.13","52.77","50.34","0.00","0.00","0.00","","","",""
"14/09/2026","16:00","Sedgefield","Joto","15.00","0.00","0.00","0.00","0.00","0.00","NO","","0.00","","5","Danny McMenamin","John Dawson","29","94","22","74","64","50","51","G","0","60","41","16","18","34","4","14/09/2026 16:00","2m 3f 188y","Hurdle","G","5","4368","0","3248.00","Paxtons No1 CaseIH Dealer Handicap Hurdle (Class G)","","","","0.00","142","0/5383-33UU0","0","0","0","0.00","0.00","0.00","0","3","13","0.00","23.08","81.82","-13.00","0.00","G","5","3697.00","143","2m 4f","4400","10.23","10.00","H/HPHP-HPPHP","9.00","0","6","10.2","","10","0","Hcap-Hdle","Left - Sharp / Undulating","4yo+,100","14/1","14.00","4","","100","10","10","225","501","276","77","94","72","33","","22","b","m","Mcgregor's Cottage","Dragon Dancer","WS","0","0.00","0","13","42.49","25.35","7.69","0.00","-3","-3","0.00","0.00","1.00","0.00","0.00","0.00","NO","0.00","Female","0.00","0.00","26.39","26.57","0.00","0.00","0.00","","","",""
"14/09/2026","15:51","Thirsk","Fan Mail","3.50","0.00","0.00","0.00","0.00","0.00","NO","","0.00","","2","David Allan","Tim Easterby","56","174","5","57","67","60","54","F","55","66","57","24","28","52","4","14/09/2026 15:51","6f","Turf","F","6","1320","0","3664.00","Sapphire Selling Handicap (Class F)","","","","0.00","132","5625534095","0","0","0","0.00","0.00","0.00","2","3","27","7.41","11.11","0.00","-16.50","39.60","F","6","3402.00","127","5f 182y","1282","6.22","5.00","HHPPPPPHPP","17.00","6","4","9.6","D","6","0","Hcap-Sell","Left - Easy","3-6yo,65","15/2","7.50","3","6","65","11","11","315","567","252","85","81","83","3","5","","b","g","Fanfair","Mayson","v","0","0.82","2","27","49.90","32.49","25.93","11.11","-1","-3","0.00","50.00","1.00","0.00","0.00","0.00","NO","0.00","Male","50.54","56.13","52.77","50.34","0.00","0.00","0.00","","","",""
"14/09/2026","16:00","Sedgefield","Roadshow","11.00","0.00","0.00","0.00","0.00","0.00","NO","","0.00","","3","Mr Freddie Keighley","Paul Nicholls","47","179","54","100","73","54","59","E","57","65","50","34","58","92","6","14/09/2026 16:00","2m 3f 188y","Hurdle","G","5","4368","5","3248.00","Paxtons No1 CaseIH Dealer Handicap Hurdle (Class G)","","","","0.00","168","423U3417-69","0","0","0","0.00","0.00","0.00","1","1","11","9.09","9.09","90.91","-5.00","32.48","G","5","3248.00","163","2m 4f","4400","29.00","19.00","PPPPPPPP-PP","14.00","0","5","12.0","C","2","0","Hcap-Hdle","Left - Sharp / Undulating","4yo+,100","13/2","6.50","4","","100","10","10","321","641","320","94","78","88","60","","54","b","g","Acapulco","Galileo","tpWS","0","0.00","1","11","49.67","32.75","9.09","9.09","-1","-1","100.00","100.00","1.00","0.00","0.00","0.00","NO","0.00","Male","50.00","50.00","50.00","49.17","0.00","0.00","0.00","","","9","0"
"14/09/2026","16:00","Sedgefield","Tracker Issue","8.50","0.00","0.00","0.00","0.00","0.00","NO","","0.00","","6","Ryan Mania","Adam Nicol","43","70","17","100","62","47","45","E","43","58","43","31","20","51","4","14/09/2026 16:00","2m 3f 188y","Hurdle","G","5","4368","0","3248.00","Paxtons No1 CaseIH Dealer Handicap Hurdle (Class G)","","","","0.00","165","020-0048662","0","0","0","0.00","0.00","0.00","0","2","18","0.00","11.11","100.00","-18.00","0.00","E","4","5446.00","151","2m 3f 188y","4368","18.84","7.50","LPP-HPLLHPP","9.00","0","4","11.11","","4","0","Hcap-Hdle","Left - Sharp / Undulating","4yo+,100","7/1","7.00","4","","100","10","10","274","529","255","82","79","82","12","87","17","b","g","Paistiul","Verbal Dexterity","","0","0.00","0","18","31.46","16.49","38.89","11.11","4","1","0.00","0.00","1.00","0.00","0.00","0.00","NO","0.00","Male","0.00","32.22","31.77","23.44","0.00","0.00","0.00","","","",""
"14/09/2026","15:51","Thirsk","Dabbling","10.00","0.00","0.00","0.00","0.00","0.00","NO","","0.00","","6","Harry Russell","Ollie Pears","53","70","33","52","59","56","55","F","56","59","52","22","5","27","4","14/09/2026 15:51","6f","Turf","F","6","1320","0","3664.00","Sapphire Selling Handicap (Class F)","","","","0.00","125","459-6754360","0","0","0","0.00","0.00","0.00","0","1","11","0.00","9.09","0.00","-11.00","0.00","F","6","4004.00","129","7f 75y","1615","36.00","23.00","PPH-HPHPPPH","17.00","9","3","8.13","","9","0","Hcap-Sell","Left - Easy","3-6yo,65","17/2","8.50","3","6","65","11","11","246","458","212","58","64","75","15","33","","b","f","Baylasan","Ghaiyyath","p1","0","0.97","0","11","41.58","21.75","18.18","0.00","1","-1","0.00","0.00","1.00","0.00","0.00","0.00","NO","0.00","Female","50.00","66.25","57.50","49.03","0.00","0.00","0.00","","","",""
"14/09/2026","15:51","Thirsk","Paroda Diva","8.50","0.00","0.00","0.00","0.00","0.00","NO","","0.00","","1","Jason Hart","Patrick Neville","50","207","13","64","63","51","56","E","56","58","51","40","34","74","2","14/09/2026 15:51","6f","Turf","F","6","1320","0","3664.00","Sapphire Selling Handicap (Class F)","","","","0.00","137","706-7461268","0","0","0","0.00","0.00","0.00","2","2","17","11.76","11.76","0.00","14.00","40.60","E","5","4711.00","130","1m","1760","22.00","17.00","PHP-HHHPHPH","8.00","10","3","9.11","","3","0","Hcap-Sell","Left - Easy","3-6yo,65","4/1","4.00","3","6","65","11","11","345","659","314","72","89","68","85","13","","b","f","Mango Diva","Magna Grecia","","0","1.78","2","17","48.55","32.25","41.18","29.41","15","1","50.00","50.00","1.00","0.00","0.00","0.00","NO","0.00","Female","86.16","67.43","56.73","50.42","0.00","0.00","0.00","","","",""
"14/09/2026","15:51","Thirsk","Macedonian","6.50","0.00","0.00","0.00","0.00","0.00","NO","","0.00","","3","Connor Beasley","Michael Dods","53","155","23","56","67","53","54","F","53","65","53","28","15","43","0","14/09/2026 15:51","6f","Turf","F","6","1320","0","3664.00","Sapphire Selling Handicap (Class F)","","","","0.00","131","0747-089928","0","0","0","0.00","0.00","0.00","1","3","20","5.00","15.00","0.00","-15.00","41.87","F","6","3664.00","137","5f 217y","1317","10.50","7.50","PHHH-HHHHHH","0.00","11","4","9.5","D","7","0","Hcap-Sell","Left - Easy","3-6yo,65","13/2","6.50","3","6","65","11","11","274","516","242","89","88","78","-13","23","","b","g","Marsh Daisy","Kodiac","v","0","1.49","1","20","45.05","30.77","15.00","10.00","-2","-1","0.00","0.00","1.00","0.00","0.00","0.00","NO","0.00","Male","37.59","43.19","45.98","45.81","0.00","0.00","0.00","","","",""
"14/09/2026","15:51","Thirsk","Why Because","10.00","0.00","0.00","0.00","0.00","0.00","NO","","0.00","","8","David Nolan","Paul Midgley","59","58","26","58","60","53","56","F","58","59","52","7","3","10","0","14/09/2026 15:51","6f","Turf","F","6","1320","0","3664.00","Sapphire Selling Handicap (Class F)","","","","0.00","133","9/445-64755","0","0","0","0.00","0.00","0.00","0","0","9","0.00","0.00","0.00","-9.00","0.00","F","6","3402.00","138","6f 195y","1515","8.60","7.50","H/PPP-LHHHH","0.00","4","4","9.7","","5","0","Hcap-Sell","Left - Easy","3-6yo,65","28/1","28.00","3","6","65","11","11","228","479","251","80","76","80","15","26","","ch","f","Contredanse","New Bay","h","0","1.36","0","9","43.29","22.63","55.56","22.22","5","1","0.00","0.00","1.00","0.00","0.00","0.00","NO","0.00","Female","10.00","34.02","45.09","46.14","0.00","0.00","0.00","","","",""
"14/09/2026","14:51","Thirsk","Dadawada","26.00","0.00","0.00","0.00","0.00","0.00","NO","","0.00","","17","F Bughanaim","Christopher Kellett","52","6","12","56","52","51","47","D","51","51","47","9","10","19","6","14/09/2026 14:51","6f","Turf","F","6","1320","0","3140.00","Patrick Hibbert-Foy Memorial Nursery Handicap (Class F)","","","","0.00","126","546","0","0","0","0.00","0.00","0.00","0","0","3","0.00","0.00","0.00","-3.00","0.00","D","4","6210.00","128","5f 7y","1107","250.00","126.00","PHL","8.00","11","2","9.0","","8","0","Hcap-Nur","Left - Easy","2yo,65","33/1","33.00","2","2","65","17","17","269","467","198","56","68","38","36","12","","b","f","Nyanga","Kodiac","h","0","1.49","0","3","25.56","7.59","33.33","33.33","1","1","0.00","0.00","1.00","0.00","0.00","0.00","NO","0.00","Female","92.86","41.00","44.67","40.70","0.00","0.00","0.00","","","",""
"14/09/2026","14:12","Windsor","Urumita","8.50","0.00","0.00","0.00","0.00","0.00","NO","","0.00","","5","Sean Levey","Richard Hannon","54","85","19","0","54","54","54","D","54","","54","15","15","30","2","14/09/2026 14:12","5f 21y","Turf","D","4","1121","0","5400.00","Matchbook Betting Exchange Supporting UK Racing EBF Maiden Stakes (GBB Race) (Class D)","","","","0.00","128","4","0","0","0","0.00","0.00","0.00","0","0","1","0.00","0.00","0.00","-1.00","0.00","D","4","6281.00","128","6f","1320","15.84","13.00","P","7.00","3","2","9.2","","10","0","Mdn","Right - Sharp","2yo","10/1","10.00","2","2","","10","10","313","609","296","77","81","82","56","19","","b","f","Merlettaia","Mehmas","","0","1.02","0","1","66.67","44.44","100.00","0.00","1","1","0.00","0.00","1.00","0.00","0.00","0.00","NO","0.00","Female","39.27","46.45","49.57","48.79","0.00","0.00","0.00","","","",""
"14/09/2026","14:12","Windsor","Major Looktwice","15.00","0.00","0.00","0.00","0.00","0.00","NO","","0.00","","10","David Probert","Gary Moore","57","38","21","73","57","52","52","D","52","47","52","8","23","31","6","14/09/2026 14:12","5f 21y","Turf","D","4","1121","0","5400.00","Matchbook Betting Exchange Supporting UK Racing EBF Maiden Stakes (GBB Race) (Class D)","","","","0.00","133","34","0","0","0","0.00","0.00","0.00","0","0","2","0.00","0.00","0.00","-2.00","0.00","D","4","5940.00","133","5f 215y","1315","5.09","5.00","PL","21.00","8","2","9.7","","4","0","Mdn","Right - Sharp","2yo","18/1","18.00","2","2","","10","10","320","606","286","64","76","84","62","21","","b","c","Ombre","Mehmas","","0","0.70","0","2","37.50","15.63","0.00","0.00","0","0","0.00","0.00","1.00","0.00","0.00","0.00","NO","0.00","Male","39.14","52.03","51.07","48.66","0.00","0.00","0.00","","","",""
"14/09/2026","14:12","Windsor","Time Teller","29.00","0.00","0.00","0.00","0.00","0.00","NO","","0.00","","8","Callum Shepherd","George Baker","","48","","0","","","","","","","","0","17","17","0","14/09/2026 14:12","5f 21y","Turf","D","4","1121","0","5400.00","Matchbook Betting Exchange Supporting UK Racing EBF Maiden Stakes (GBB Race) (Class D)","","","","0.00","133","","0","0","0","0.00","0.00","0.00","0","0","0","0.00","0.00","0.00","0.00","0.00","","","0.00","","","0","0.00","0.00","","0.00","9","2","9.7","","6","0","Mdn","Right - Sharp","2yo","","0.00","2","2","","10","10","268","566","298","71","64","63","100","","","b","c","Mistime","Kodiac","","0","0.70","0","0","0.00","0.00","0.00","0.00","","","0.00","0.00","1.00","0.00","0.00","0.00","NO","0.00","Male","59.44","62.11","53.24","49.61","0.00","0.00","0.00","","","",""
"14/09/2026","14:12","Windsor","Duchess Of Immatin","4.50","0.00","0.00","0.00","0.00","0.00","NO","","0.00","","4","Billy Loughnane","George Boughey","52","146","18","0","52","52","52","D","52","","52","22","7","29","2","14/09/2026 14:12","5f 21y","Turf","D","4","1121","0","5400.00","Matchbook Betting Exchange Supporting UK Racing EBF Maiden Stakes (GBB Race) (Class D)","","","","0.00","128","4","0","0","0","0.00","0.00","0.00","0","0","1","0.00","0.00","0.00","-1.00","0.00","D","4","5400.00","128","6f","1320","7.60","6.50","P","7.00","1","2","9.2","","8","0","Mdn","Right - Sharp","2yo","6/1","6.00","2","2","","10","10","308","665","357","94","92","83","88","18","","b","f","Spring Sunshine","Blue Point","","0","1.67","0","1","40.00","16.00","0.00","0.00","-1","-1","0.00","0.00","1.00","0.00","0.00","0.00","NO","0.00","Female","60.56","62.71","61.29","62.48","0.00","0.00","0.00","","","",""
"14/09/2026","14:12","Windsor","Crazee In Havana","7.00","0.00","0.00","0.00","0.00","0.00","NO","","0.00","","2","Charles Bishop","Eve Johnson Houghton","53","215","16","79","53","52","49","D","52","52","49","25","28","53","8","14/09/2026 14:12","5f 21y","Turf","D","4","1121","0","5400.00","Matchbook Betting Exchange Supporting UK Racing EBF Maiden Stakes (GBB Race) (Class D)","","","","0.00","133","622","0","0","0","0.00","0.00","0.00","0","1","3","0.00","33.33","0.00","-3.00","0.00","D","4","5400.00","130","5f 16y","1116","3.48","3.00","PLP","29.00","2","2","9.7","","1","0","Mdn","Right - Sharp","2yo","11/2","5.50","2","2","","10","10","355","585","230","72","68","76","14","16","","b","c","Crazee Diamond","Havana Grey","","0","0.70","0","3","58.33","38.54","33.33","33.33","1","1","0.00","0.00","1.00","0.00","0.00","0.00","NO","0.00","Male","57.60","49.98","51.54","50.37","0.00","0.00","0.00","","","",""
"14/09/2026","14:12","Windsor","Instant Force","5.50","0.00","0.00","0.00","0.00","0.00","NO","","0.00","","3","Pierre-Louis Jamin","K R Burke","53","154","59","78","53","50","50","D","50","48","50","26","28","54","2","14/09/2026 14:12","5f 21y","Turf","D","4","1121","0","5400.00","Matchbook Betting Exchange Supporting UK Racing EBF Maiden Stakes (GBB Race) (Class D)","","","","0.00","133","22","0","0","0","0.00","0.00","0.00","0","1","2","0.00","50.00","0.00","-2.00","0.00","D","4","6210.00","133","6f 6y","1326","3.25","3.00","PH","7.00","10","2","9.7","","3","0","Mdn","Right - Sharp","2yo","5/1","5.00","2","2","","10","10","327","663","336","93","80","83","80","59","","b","c","Hollywood Lady","Unfortunately","p1","0","1.25","0","2","70.83","50.35","0.00","0.00","0","0","0.00","0.00","1.00","0.00","0.00","0.00","NO","0.00","Male","41.16","50.36","52.13","55.04","0.00","0.00","0.00","","","2","0"
"14/09/2026","14:12","Windsor","Red Blue Point","3.00","0.00","0.00","0.00","0.00","0.00","NO","","0.00","","1","Rossa Ryan","James Tate","64","244","23","77","64","61","61","B","61","59","61","57","37","94","0","14/09/2026 14:12","5f 21y","Turf","D","4","1121","0","5400.00","Matchbook Betting Exchange Supporting UK Racing EBF Maiden Stakes (GBB Race) (Class D)","","","","0.00","133","24","0","0","0","0.00","0.00","0.00","0","1","2","0.00","50.00","0.00","-2.00","0.00","B","2","108220.00","127","6f","1320","23.56","17.00","HH","0.00","5","2","9.7","","5","0","Mdn","Right - Sharp","2yo","7/4","1.75","2","2","","10","10","348","650","302","82","87","69","64","23","","b","c","Grammata","Blue Point","","0","0.98","0","2","84.03","70.64","100.00","50.00","2","2","0.00","0.00","1.00","0.00","0.00","0.00","NO","0.00","Male","53.26","51.91","59.11","61.50","0.00","0.00","0.00","","","",""
"14/09/2026","14:12","Windsor","Demonstrate","29.00","0.00","0.00","0.00","0.00","0.00","NO","","0.00","","9","Oliver Hoodless","Oliver Cole","39","39","39","0","39","19","19","D","19","0","19","6","15","21","4","14/09/2026 14:12","5f 21y","Turf","D","4","1121","7","5400.00","Matchbook Betting Exchange Supporting UK Racing EBF Maiden Stakes (GBB Race) (Class D)","","","","0.00","133","04","0","0","0","0.00","0.00","0.00","0","0","2","0.00","0.00","0.00","-2.00","0.00","D","4","5400.00","133","6f 210y","1530","48.00","29.00","PP","14.00","7","2","9.7","","2","0","Mdn","Right - Sharp","2yo","25/1","25.00","2","2","","10","10","285","599","314","72","74","88","80","39","","ch","c","Margaret's Mission","Showcasing","","0","1.77","0","2","12.50","3.13","50.00","0.00","0","0","0.00","0.00","1.00","0.00","0.00","0.00","NO","0.00","Male","31.00","44.92","42.89","44.57","0.00","0.00","0.00","","","",""
"14/09/2026","14:21","Thirsk","Hickton","6.50","0.00","0.00","0.00","0.00","0.00","NO","","0.00","","3","C Horgan","Declan Carroll","53","107","12","54","63","53","54","F","53","63","49","29","15","44","2","14/09/2026 14:21","1m 4f 8y","Turf","F","6","2648","3","3140.00","Every Race Live On RTV Apprentice Handicap (Class F)","","","","0.00","138","131-7719653","0","0","0","0.00","0.00","0.00","3","5","24","12.50","20.83","0.00","3.00","35.24","F","6","3664.00","132","1m 3f 15y","2435","32.00","26.00","PPP-HHPHHHP","7.00","7","4","9.12","D","2","0","Hcap-App","Left - Easy","3yo+,55","13/2","6.50","3","","55","12","12","313","598","285","83","58","86","58","12","","b","g","Ice Eagle","Kodiac","","0","0.97","3","24","45.75","32.61","37.50","33.33","8","3","0.00","0.00","1.00","0.00","0.00","0.00","NO","0.00","Male","46.19","51.92","53.25","57.90","0.00","0.00","0.00","","","",""
"14/09/2026","14:21","Thirsk","Pop The Question","23.00","0.00","0.00","0.00","0.00","0.00","NO","","0.00","","6","C J Whiteley","Jacqueline Coward","44","71","149","47","52","45","47","D","47","50","37","7","10","17","2","14/09/2026 14:21","1m 4f 8y","Turf","F","6","2648","3","3140.00","Every Race Live On RTV Apprentice Handicap (Class F)","","","","0.00","131","186P00/9-460","0","0","0","0.00","0.00","0.00","1","0","10","10.00","0.00","85.71","41.00","0.00","D","4","5234.00","137","7f","1540","790.43","151.00","HHHHPH/P-PHH","7.00","4","8","9.5","","5","0","Hcap-App","Left - Easy","3yo+,55","28/1","28.00","3","","55","12","12","234","556","322","76","90","86","70","149","574","b","m","Poppy Day","Casamento","","0","0.97","1","10","32.07","17.98","30.00","10.00","2","3","100.00","100.00","1.00","0.00","0.00","0.00","NO","0.00","Female","30.00","30.00","39.42","43.21","0.00","0.00","0.00","","","11","0"
"14/09/2026","14:21","Thirsk","Balance Of Trade","41.00","0.00","0.00","0.00","0.00","0.00","NO","","0.00","","11","Ethan Tindall","Gary Rutherford","36","12","14","45","61","46","42","E","36","60","46","11","8","19","2","14/09/2026 14:21","1m 4f 8y","Turf","F","6","2648","3","3140.00","Every Race Live On RTV Apprentice Handicap (Class F)","","","","0.00","121","0439455889","0","0","0","0.00","0.00","0.00","0","2","16","0.00","12.50","100.00","-16.00","0.00","F","6","3664.00","123","1m 1f 170y","2150","131.35","81.00","PPHPHHPHPH","7.00","10","3","8.9","","11","0","Hcap-App","Left - Easy","3yo+,55","18/1","18.00","3","","55","12","12","233","489","256","52","54","86","64","14","59","b","g","Darkan","Magna Grecia","v1","0","0.60","0","16","41.12","23.07","18.75","0.00","0","-1","0.00","0.00","1.00","0.00","0.00","0.00","NO","0.00","Male","33.33","17.36","22.01","24.26","0.00","0.00","0.00","","","",""
"14/09/2026","14:21","Thirsk","Time Twister","23.00","0.00","0.00","0.00","0.00","0.00","NO","","0.00","","12","Shay Farmer","Michael Easterby","26","0","14","52","58","45","42","E","43","49","44","7","3","10","2","14/09/2026 14:21","1m 4f 8y","Turf","F","6","2648","3","3140.00","Every Race Live On RTV Apprentice Handicap (Class F)","","","","0.00","128","70664-584","0","0","0","0.00","0.00","0.00","0","0","8","0.00","0.00","100.00","-8.00","0.00","F","6","3140.00","114","1m 5f 218y","3078","55.00","34.00","HPHHH-PHH","7.00","1","3","9.2","","9","0","Hcap-App","Left - Easy","3yo+,55","28/1","28.00","3","","55","12","12","243","516","273","70","63","71","69","37","14","b","g","Souila","Time Test","","0","0.77","0","8","27.01","8.23","12.50","0.00","4","3","0.00","0.00","1.00","0.00","0.00","0.00","NO","0.00","Male","42.58","49.49","50.33","47.57","0.00","0.00","0.00","","","",""
"14/09/2026","14:21","Thirsk","Clova Royale","41.00","0.00","0.00","0.00","0.00","0.00","NO","","0.00","","10","Alex Jary","Peter Niven","45","32","12","45","51","45","41","F","45","50","43","7","3","10","0","14/09/2026 14:21","1m 4f 8y","Turf","F","6","2648","0","3140.00","Every Race Live On RTV Apprentice Handicap (Class F)","","","","0.00","121","087870","0","0","0","0.00","0.00","0.00","0","0","6","0.00","0.00","0.00","-6.00","0.00","F","6","3245.00","127","1m 2f 42y","2242","17.50","13.00","HHHHHH","0.00","11","3","8.9","","10","0","Hcap-App","Left - Easy","3yo+,55","28/1","28.00","3","","55","12","12","218","485","267","83","62","86","36","12","","b","g","Palme Royale","Territories","p","0","1.33","0","6","15.99","4.05","0.00","0.00","0","-3","0.00","0.00","1.00","0.00","0.00","0.00","NO","0.00","Male","95.00","65.76","69.83","45.18","0.00","0.00","0.00","","","",""
"14/09/2026","14:12","Windsor","Go Go Girl","13.00","0.00","0.00","0.00","0.00","0.00","NO","","0.00","","6","Mr Joe Leavy","Clive Cox","","80","","0","","","","","","","","0","3","3","0","14/09/2026 14:12","5f 21y","Turf","D","4","1121","0","5400.00","Matchbook Betting Exchange Supporting UK Racing EBF Maiden Stakes (GBB Race) (Class D)","","","","0.00","128","","0","0","0","0.00","0.00","0.00","0","0","0","0.00","0.00","0.00","0.00","0.00","","","0.00","","","0","0.00","0.00","","0.00","6","2","9.2","","9","0","Mdn","Right - Sharp","2yo","","0.00","2","2","","10","10","252","574","322","82","67","73","100","","","b","f","Sweet Cecily","Havana Grey","","0","1.16","0","0","0.00","0.00","0.00","0.00","","","0.00","0.00","1.00","0.00","0.00","0.00","NO","0.00","Female","49.46","46.53","49.49","50.07","0.00","0.00","0.00","","","",""
"14/09/2026","14:21","Thirsk","Alcanzor","23.00","0.00","0.00","0.00","0.00","0.00","NO","","0.00","","7","Mr Jack Nicholls","Tim Easterby","63","52","18","45","63","48","56","F","63","63","50","7","15","22","0","14/09/2026 14:21","1m 4f 8y","Turf","F","6","2648","0","3140.00","Every Race Live On RTV Apprentice Handicap (Class F)","","","","0.00","121","87-05555","0","0","0","0.00","0.00","0.00","0","0","7","0.00","0.00","0.00","-7.00","0.00","F","6","3402.00","116","1m 3f 39y","2459","42.36","34.00","HH-HHHHH","0.00","3","3","8.9","","12","0","Hcap-App","Left - Easy","3yo+,55","28/1","28.00","3","","55","12","12","263","568","305","80","84","76","65","18","","b","g","Rondine","Almanzor","b","0","0.58","0","7","29.25","11.95","14.29","0.00","3","3","0.00","0.00","1.00","0.00","0.00","0.00","NO","0.00","Male","50.54","56.13","52.77","50.34","0.00","0.00","0.00","","","",""
"14/09/2026","14:21","Thirsk","Dream Of Ithaca","3.50","0.00","0.00","0.00","0.00","0.00","NO","","0.00","","2","Liam Wright","John Gallagher","56","172","24","55","65","48","55","F","56","58","48","38","65","103","8","14/09/2026 14:21","1m 4f 8y","Turf","F","6","2648","0","3140.00","Every Race Live On RTV Apprentice Handicap (Class F)","","","","0.00","131","070-455811","0","0","0","0.00","0.00","0.00","2","0","9","22.22","0.00","0.00","0.88","38.20","F","6","3454.00","121","1m 3f 209y","2629","7.80","7.00","HPP-HPPPPL","27.00","12","3","9.5","D","4","0","Hcap-App","Left - Easy","3yo+,55","9/2","4.50","3","","55","12","12","344","680","336","70","81","89","96","24","","b","f","Dream Of Wunders","Ulysses","","0","0.99","2","9","47.39","37.39","33.33","33.33","5","1","100.00","100.00","1.00","0.00","0.00","0.00","NO","0.00","Female","57.02","46.46","43.25","48.83","0.00","0.00","0.00","","","",""
"14/09/2026","14:12","Windsor","Agent Rose","41.00","0.00","0.00","0.00","0.00","0.00","NO","","0.00","","7","Marco Ghiani","Stuart Williams","40","66","12","0","44","42","42","C","42","40","42","0","3","3","4","14/09/2026 14:12","5f 21y","Turf","D","4","1121","0","5400.00","Matchbook Betting Exchange Supporting UK Racing EBF Maiden Stakes (GBB Race) (Class D)","","","","0.00","128","70","0","0","0","0.00","0.00","0.00","0","0","2","0.00","0.00","0.00","-2.00","0.00","D","4","5940.00","128","6f","1320","281.03","126.00","LH","14.00","4","2","9.2","","7","0","Mdn","Right - Sharp","2yo","","0.00","2","2","","10","10","284","620","336","68","86","82","100","12","","b","f","My Spirit","Churchill","","0","0.84","0","2","21.59","4.78","50.00","0.00","0","0","0.00","0.00","1.00","0.00","0.00","0.00","NO","0.00","Female","42.93","44.07","42.85","46.64","0.00","0.00","0.00","","","",""
"14/09/2026","13:42","Windsor","Phantom Watch","11.00","0.00","0.00","0.00","0.00","0.00","NO","","0.00","","5","David Probert","Hugo Palmer","65","91","37","75","65","57","62","E","62","62","56","32","25","57","4","14/09/2026 13:42","1m 31y","Turf","E","5","1791","0","4397.00","Matchbook Signup - Get 20% Back On Losses Handicap (Class E)","","","","0.00","135","205523-4125","0","0","0","0.00","0.00","0.00","1","3","11","9.09","27.27","0.00","-1.50","51.54","E","5","5234.00","138","7f 212y","1752","4.80","4.00","PPHHPH-HHPP","8.00","5","3","9.9","D","5","0","Hcap","Right - Sharp","3yo+,75","10/1","10.00","3","","75","13","13","243","513","270","75","70","71","54","37","","b","g","Abhasana","Mohaather","v","0","1.12","1","11","53.73","36.79","9.09","9.09","3","-1","0.00","0.00","1.00","0.00","0.00","0.00","NO","0.00","Male","48.45","42.34","44.40","47.71","0.00","0.00","0.00","","","",""
"14/09/2026","13:42","Windsor","Ribenska","11.00","0.00","0.00","0.00","0.00","0.00","NO","","0.00","","11","Paddy Bradley","Charlie Fellowes","65","40","19","71","66","62","64","E","65","65","59","26","8","34","0","14/09/2026 13:42","1m 31y","Turf","E","5","1791","0","4397.00","Matchbook Signup - Get 20% Back On Losses Handicap (Class E)","","","","0.00","136","522177-2936","0","0","0","0.00","0.00","0.00","1","4","11","9.09","36.36","0.00","-9.94","38.88","D","4","6281.00","127","7f","1540","8.99","7.00","PHPPHL-HHHH","0.00","2","4","9.10","","4","0","Hcap","Right - Sharp","3yo+,75","13/1","13.00","3","","75","13","13","189","424","235","80","47","72","36","19","","b","f","Preobrajenska","Ribchester","p","0","1.15","1","11","68.76","51.59","36.36","18.18","3","-1","0.00","0.00","1.00","0.00","0.00","0.00","NO","0.00","Female","57.14","56.33","57.70","58.12","0.00","0.00","0.00","","","",""
"14/09/2026","13:42","Windsor","Mertoun","10.00","0.00","0.00","0.00","0.00","0.00","NO","","0.00","","2","Rossa Ryan","Jane Chapple-Hyam","63","135","25","72","69","57","59","E","58","63","53","39","39","78","8","14/09/2026 13:42","1m 31y","Turf","E","5","1791","0","4397.00","Matchbook Signup - Get 20% Back On Losses Handicap (Class E)","","","","0.00","132","68-921144","0","0","0","0.00","0.00","0.00","2","1","8","25.00","12.50","0.00","-4.61","39.77","E","5","5234.00","134","1m","1760","5.31","4.50","PL-HHPPLP","15.00","8","3","9.6","CD","7","0","Hcap","Right - Sharp","3yo+,75","8/1","8.00","3","","75","13","13","280","587","307","54","86","75","92","25","","b","g","Dubious Affair","Oasis Dream","","0","1.35","2","8","56.02","43.85","25.00","25.00","-2","-1","0.00","50.00","1.00","0.00","0.00","0.00","NO","0.00","Male","61.90","46.04","49.64","56.30","0.00","0.00","0.00","","","",""
"14/09/2026","13:42","Windsor","Crafty Blue","6.00","0.00","0.00","0.00","0.00","0.00","NO","","0.00","","10","Sean Levey","Richard Hannon","64","58","16","72","70","51","66","E","66","66","48","30","52","82","2","14/09/2026 13:42","1m 31y","Turf","E","5","1791","0","4397.00","Matchbook Signup - Get 20% Back On Losses Handicap (Class E)","","","","0.00","132","71-999122","0","0","0","0.00","0.00","0.00","2","2","8","25.00","25.00","0.00","4.00","34.06","D","4","5653.00","127","6f 12y","1332","5.90","5.00","HP-HPHHHP","4.00","9","3","9.6","","8","0","Hcap","Right - Sharp","3yo+,75","11/1","11.00","3","","75","13","13","276","548","272","72","73","85","42","16","","b","f","Crafty Madam","Space Blues","pWS","0","0.74","2","8","54.60","44.84","37.50","37.50","2","3","0.00","0.00","1.00","0.00","0.00","0.00","NO","0.00","Female","39.27","46.45","49.57","48.79","0.00","0.00","0.00","","","",""
"14/09/2026","13:42","Windsor","Newfangled","11.00","0.00","0.00","0.00","0.00","0.00","NO","","0.00","","8","Rob Hornby","Jonathan Portman","69","61","7","72","76","61","63","D","63","71","59","25","35","60","6","14/09/2026 13:42","1m 31y","Turf","E","5","1791","0","4397.00","Matchbook Signup - Get 20% Back On Losses Handicap (Class E)","","","","0.00","137","917-5136464","0","0","0","0.00","0.00","0.00","7","8","34","20.59","23.53","0.00","-5.52","39.33","D","4","5234.00","122","1m 142y","1902","29.00","17.00","PPP-PPPPPLH","12.00","4","5","9.11","CD","3","0","Hcap","Right - Sharp","3yo+,75","13/1","13.00","3","","75","13","13","261","415","154","60","62","72","-40","7","","ch","g","Dangle","New Bay","p","0","1.10","7","34","64.78","51.22","44.12","23.53","6","1","0.00","14.29","1.00","0.00","0.00","0.00","NO","0.00","Male","51.63","39.62","45.39","50.75","0.00","0.00","0.00","","","",""
"14/09/2026","13:42","Windsor","Marsh Benham","4.50","0.00","0.00","0.00","0.00","0.00","NO","","0.00","","1","Billy Loughnane","George Baker","69","147","4","73","71","56","58","E","65","69","54","39","40","79","2","14/09/2026 13:42","1m 31y","Turf","E","5","1791","0","4397.00","Matchbook Signup - Get 20% Back On Losses Handicap (Class E)","","","","0.00","138","82776-21641","0","0","0","0.00","0.00","0.00","9","10","58","15.52","17.24","0.00","39.90","40.11","E","5","4449.00","132","1m 113y","1873","12.01","11.00","HHHHP-HHPHH","4.00","11","7","9.12","CD","2","0","Hcap","Right - Sharp","3yo+,75","8/1","8.00","3","","75","13","13","304","600","296","67","90","65","74","4","","ch","g","Zelie Martin","Galileo Gold","","4","0.82","9","58","53.85","39.09","37.93","22.41","22","-1","33.33","33.33","1.00","0.00","0.00","0.00","NO","0.00","Male","59.44","62.11","53.24","49.61","0.00","0.00","0.00","","","",""
"14/09/2026","13:42","Windsor","Kodi Fire","17.00","0.00","0.00","0.00","0.00","0.00","NO","","0.00","","4","Harry Vigors","Charles Hills","58","93","39","75","70","53","60","E","61","66","53","31","32","63","8","14/09/2026 13:42","1m 31y","Turf","E","5","1791","5","4397.00","Matchbook Signup - Get 20% Back On Losses Handicap (Class E)","","","","0.00","140","1150-584125","0","0","0","0.00","0.00","0.00","4","1","18","22.22","5.56","0.00","31.00","75.65","E","5","4449.00","135","1m","1760","11.50","9.00","HPHP-PHHLPP","15.00","10","4","10.0","CD","1","0","Hcap","Right - Sharp","3yo+,75","10/1","10.00","3","","75","13","13","287","516","229","82","59","66","22","39","","br","g","Emilandra","Kodi Bear","tp","0","0.92","4","18","58.37","42.91","38.89","22.22","6","1","25.00","25.00","1.00","0.00","0.00","0.00","NO","0.00","Male","63.44","67.30","58.90","59.89","0.00","0.00","0.00","","","",""
"14/09/2026","13:42","Windsor","Virtue Patience","23.00","0.00","0.00","0.00","0.00","0.00","NO","","0.00","","7","Tom Marquand","Amanda Perrett","50","62","11","61","63","59","51","F","50","63","56","21","3","24","2","14/09/2026 13:42","1m 31y","Turf","E","5","1791","0","4397.00","Matchbook Signup - Get 20% Back On Losses Handicap (Class E)","","","","0.00","126","03065-36474","0","0","0","0.00","0.00","0.00","1","3","14","7.14","21.43","0.00","-11.00","39.42","E","5","4580.00","133","1m","1760","8.29","7.00","PHHHH-PHHHP","4.00","3","4","9.0","","12","0","Hcap","Right - Sharp","3yo+,75","16/1","16.00","3","","75","13","13","145","372","227","58","86","67","16","11","","b","g","Moon Melody","Territories","pWS","0","1.33","1","14","52.72","35.30","28.57","21.43","6","-1","0.00","0.00","1.00","0.00","0.00","0.00","NO","0.00","Male","33.33","40.97","44.98","36.98","0.00","0.00","0.00","","","",""
"14/09/2026","14:00","Sedgefield","Paddy De Pole","3.25","0.00","0.00","0.00","0.00","0.00","NO","","0.00","","1","Mr Freddie Keighley","Paul Nicholls","72","449","50","115","72","64","67","B","66","68","52","42","83","125","4","14/09/2026 14:00","3m 3f 9y","Hurdle","E","4","5949","5","4066.00","Roxyfet Sports Lounge For Private Hire Handicap Hurdle (Class E)","","","","0.00","168","3332/5P14-24","0","0","0","0.00","0.00","0.00","4","2","17","23.53","11.76","94.12","1.88","39.52","B","2","9823.00","155","2m 7f 70y","5130","14.50","11.00","PPPP/PPPH-PP","20.00","0","8","12.0","CD","1","0","Hcap-Hdle","Left - Sharp / Undulating","4yo+,115","7/4","1.75","4","","115","3","3","358","739","381","98","97","96","90","","50","b","g","Squirrel Wood","Alkaadhem","p","0","0.00","4","17","61.01","46.59","35.29","23.53","7","3","0.00","50.00","1.00","0.00","0.00","0.00","NO","0.00","Male","50.00","50.00","50.00","49.17","0.00","0.00","0.00","","","",""
"14/09/2026","13:42","Windsor","Kiani King","4.50","0.00","0.00","0.00","0.00","0.00","NO","","0.00","","3","Saffie Osborne","Hughie Morrison","58","127","14","67","64","56","60","F","60","60","56","39","28","67","6","14/09/2026 13:42","1m 31y","Turf","E","5","1791","0","4397.00","Matchbook Signup - Get 20% Back On Losses Handicap (Class E)","","","","0.00","127","449631","0","0","0","0.00","0.00","0.00","1","1","6","16.67","16.67","0.00","-2.00","43.97","E","5","4397.00","128","1m 13y","1773","4.60","4.00","PHHHLP","12.00","7","3","9.1","D","11","0","Hcap","Right - Sharp","3yo+,75","8/1","8.00","3","","75","13","13","258","505","247","71","86","50","40","14","","b","g","Ermine Ruby","Persian King","t","0","0.87","1","6","58.58","42.58","33.33","16.67","0","1","100.00","100.00","1.00","0.00","0.00","0.00","NO","0.00","Male","43.83","44.44","41.91","43.89","0.00","0.00","0.00","","","",""
"14/09/2026","14:00","Sedgefield","Parikarma","3.50","0.00","0.00","0.00","0.00","0.00","NO","","0.00","","3","Miss Imogen Mathias","Samuel Drinkwater","61","252","9","102","71","57","65","E","66","70","54","29","34","63","8","14/09/2026 14:00","3m 3f 9y","Hurdle","E","4","5949","7","4066.00","Roxyfet Sports Lounge For Private Hire Handicap Hurdle (Class E)","","","","0.00","155","3857327231","0","0","0","0.00","0.00","0.00","7","16","70","10.00","22.86","100.00","-14.75","47.96","G","5","3169.00","158","2m 6f 7y","4847","3.39","4.00","HHHHPHHLHL","40.00","0","9","11.1","","3","0","Hcap-Hdle","Left - Sharp / Undulating","4yo+,115","3/1","3.00","4","","115","3","3","346","705","359","92","93","94","80","137","9","b","m","Pushkar","Canford Cliffs","v","0","0.00","7","70","54.52","38.36","37.14","27.14","28","3","42.86","42.86","1.00","0.00","0.00","0.00","NO","0.00","Female","66.67","83.33","83.33","75.56","0.00","0.00","0.00","","","",""
"14/09/2026","14:00","Sedgefield","Fairlawn Skipper","2.10","0.00","0.00","0.00","0.00","0.00","NO","","0.00","","2","Mr S Fenelon","Mickey Bowen","59","394","7","115","70","52","49","G","59","64","46","46","57","103","8","14/09/2026 14:00","3m 3f 9y","Hurdle","E","4","5949","5","4066.00","Roxyfet Sports Lounge For Private Hire Handicap Hurdle (Class E)","","","","0.00","168","23334-901U1","0","0","0","0.00","0.00","0.00","3","1","12","25.00","8.33","88.89","6.50","37.30","E","4","5281.00","162","3m 2f 105y","5825","7.00","6.00","LPLHP-HHPLP","40.00","0","6","12.0","","2","0","Hcap-Hdle","Left - Sharp / Undulating","4yo+,115","6/4","1.50","4","","115","3","3","359","730","371","95","96","96","84","","7","b","g","Joe's Island","Schiaparelli","","7","0.00","3","12","42.34","35.37","33.33","25.00","2","1","33.33","33.33","1.00","0.00","0.00","0.00","NO","0.00","Male","86.67","71.02","67.97","64.37","0.00","0.00","0.00","","","",""
"14/09/2026","13:42","Windsor","Maria Da Silva","21.00","0.00","0.00","0.00","0.00","0.00","NO","","0.00","","8","Callum Hutchinson","Andrew Balding","58","61","208","71","62","55","58","D","58","58","52","15","43","58","6","14/09/2026 13:42","1m 31y","Turf","E","5","1791","0","4397.00","Matchbook Signup - Get 20% Back On Losses Handicap (Class E)","","","","0.00","131","06-114","0","0","0","0.00","0.00","0.00","2","0","5","40.00","0.00","0.00","6.75","66.25","E","5","4187.00","132","1m","1760","15.00","12.00","HP-PPP","12.00","6","3","9.5","D","10","0","Hcap","Right - Sharp","3yo+,75","22/1","22.00","3","","75","13","13","248","560","312","94","78","94","46","208","","b","f","Golden Hind","Showcasing","","0","1.12","2","5","64.74","52.77","40.00","40.00","1","3","0.00","0.00","1.00","0.00","0.00","0.00","NO","0.00","Female","54.21","56.29","59.76","59.67","0.00","0.00","0.00","","","4","0"
"14/09/2026","13:42","Windsor","Amused","17.00","0.00","0.00","0.00","0.00","0.00","NO","","0.00","","13","Mr Joe Leavy","Jim Boyle","61","30","14","68","67","58","62","E","63","65","54","27","20","47","0","14/09/2026 13:42","1m 31y","Turf","E","5","1791","0","4397.00","Matchbook Signup - Get 20% Back On Losses Handicap (Class E)","","","","0.00","133","55-02002276","0","0","0","0.00","0.00","0.00","0","4","13","0.00","30.77","0.00","-13.00","0.00","E","5","4449.00","134","1m 113y","1873","5.22","4.50","PP-HPHHPHHH","0.00","12","4","9.7","","6","0","Hcap","Right - Sharp","3yo+,75","12/1","12.00","3","","75","13","13","174","358","184","54","46","74","10","14","","b","g","Happy Face","No Nay Never","","0","0.71","0","13","43.16","30.43","23.08","15.38","3","-1","0.00","0.00","1.00","0.00","0.00","0.00","NO","0.00","Male","35.71","41.84","46.22","46.08","0.00","0.00","0.00","","","",""
"14/09/2026","13:42","Windsor","Knowledge","13.00","0.00","0.00","0.00","0.00","0.00","NO","","0.00","","6","Jack Mitchell","Simon and Ed Crisford","63","79","13","72","63","57","52","E","61","61","54","31","26","57","4","14/09/2026 13:42","1m 31y","Turf","E","5","1791","0","4397.00","Matchbook Signup - Get 20% Back On Losses Handicap (Class E)","","","","0.00","132","158853","0","0","0","0.00","0.00","0.00","1","0","6","16.67","0.00","0.00","2.50","64.80","E","5","3978.00","134","1m 1f 105y","2085","3.51","3.00","PPHHPP","8.00","1","3","9.6","D","9","0","Hcap","Right - Sharp","3yo+,75","10/1","10.00","3","","75","13","13","260","538","278","98","79","91","10","13","","b","g","Bespangled","Sea The Stars","v","0","1.19","1","6","39.60","26.81","50.00","33.33","4","1","0.00","0.00","1.00","0.00","0.00","0.00","NO","0.00","Male","49.02","46.71","46.80","55.79","0.00","0.00","0.00","","","",""
"14/09/2026","13:42","Windsor","Squiffy","17.00","0.00","0.00","0.00","0.00","0.00","NO","","0.00","","12","George Wood","Heather Main","63","34","126","61","63","61","60","E","61","61","60","0","23","23","4","14/09/2026 13:42","1m 31y","Turf","E","5","1791","0","4397.00","Matchbook Signup - Get 20% Back On Losses Handicap (Class E)","","","","0.00","126","41-4","0","0","0","0.00","0.00","0.00","1","0","3","33.33","0.00","0.00","2.00","39.42","E","5","3978.00","136","1m 142y","1902","12.00","10.00","HP-P","8.00","13","4","9.0","","13","0","Hcap","Right - Sharp","3yo+,75","","0.00","3","","75","13","13","184","395","211","48","50","65","48","126","","br","f","Collate","Iffraaj","","0","1.28","1","3","69.05","52.55","33.33","33.33","3","3","100.00","100.00","1.00","0.00","0.00","0.00","NO","0.00","Female","30.56","31.79","36.48","32.05","0.00","0.00","0.00","","","4","0"
"14/09/2026","14:21","Thirsk","Satyress","2.88","0.00","0.00","0.00","0.00","0.00","NO","","0.00","","1","Tom Kiely-Marshall","Harriet Bethell","58","267","11","54","58","53","55","F","57","57","53","35","54","89","4","14/09/2026 14:21","1m 4f 8y","Turf","F","6","2648","0","3140.00","Every Race Live On RTV Apprentice Handicap (Class F)","","","","0.00","138","788476-4111","0","0","0","0.00","0.00","0.00","3","0","10","30.00","0.00","0.00","6.50","36.38","F","6","3245.00","132","1m 4f 98y","2738","5.60","4.50","HPPHPP-PPHP","13.00","5","4","9.12","D","1","0","Hcap-App","Left - Easy","3yo+,55","5/1","5.00","3","","55","12","12","351","678","327","88","78","67","94","11","","ch","f","Avenue Dargent","Waldgeist","","0","1.22","3","10","57.56","43.26","50.00","40.00","4","3","33.33","33.33","1.00","0.00","0.00","0.00","NO","0.00","Female","46.59","54.45","61.28","62.87","0.00","0.00","0.00","","","",""
"14/09/2026","14:51","Thirsk","Tiger In The Tree","21.00","0.00","0.00","0.00","0.00","0.00","NO","","0.00","","3","Duran Fentiman","Tim Easterby","50","112","15","48","62","50","54","F","50","57","49","23","25","48","8","14/09/2026 14:51","6f","Turf","F","6","1320","0","3140.00","Patrick Hibbert-Foy Memorial Nursery Handicap (Class F)","","","","0.00","118","9693367","0","0","0","0.00","0.00","0.00","0","1","7","0.00","14.29","0.00","-7.00","0.00","F","6","4004.00","121","7f 75y","1615","39.36","29.00","HPPHPLP","11.00","12","2","8.6","","16","0","Hcap-Nur","Left - Easy","2yo,65","12/1","12.00","2","2","65","17","17","268","368","100","72","43","61","-76","15","","b","f","Edith Garrud","Mattmu","p","0","1.06","0","7","35.69","18.14","14.29","0.00","3","1","0.00","0.00","1.00","0.00","0.00","0.00","NO","0.00","Female","50.54","56.13","52.77","50.34","0.00","0.00","0.00","","","",""
"14/09/2026","14:51","Thirsk","Big Bad Storm","51.00","0.00","0.00","0.00","0.00","0.00","NO","","0.00","","10","S D Bowen","Ismail Mohammed","41","35","35","45","41","34","36","F","35","35","31","3","3","6","4","14/09/2026 14:51","6f","Turf","F","6","1320","0","3140.00","Patrick Hibbert-Foy Memorial Nursery Handicap (Class F)","","","","0.00","115","0806","0","0","0","0.00","0.00","0.00","0","0","4","0.00","0.00","0.00","-4.00","0.00","F","6","3140.00","117","1m","1760","55.00","41.00","HHHL","5.00","10","2","8.3","","17","0","Hcap-Nur","Left - Easy","2yo,65","100/1","100.00","2","2","65","17","17","130","364","234","54","48","52","80","35","","b","c","Zeeoneandonly","Ubettabelieveit","v","0","1.78","0","4","19.15","5.97","25.00","25.00","2","3","0.00","0.00","1.00","0.00","0.00","0.00","NO","0.00","Male","58.42","56.60","51.85","41.50","0.00","0.00","0.00","","","",""
"14/09/2026","14:51","Thirsk","Ma Fille De Reve","17.00","0.00","0.00","0.00","0.00","0.00","NO","","0.00","","7","Zak Wheatley","Declan Carroll","48","72","68","49","52","48","48","D","48","48","48","8","3","11","2","14/09/2026 14:51","6f","Turf","F","6","1320","0","3140.00","Patrick Hibbert-Foy Memorial Nursery Handicap (Class F)","","","","0.00","119","665","0","0","0","0.00","0.00","0.00","0","0","3","0.00","0.00","0.00","-3.00","0.00","E","5","4509.00","125","5f","1100","306.36","151.00","PHH","3.00","9","2","8.7","","14","0","Hcap-Nur","Left - Easy","2yo,65","33/1","33.00","2","2","65","17","17","156","392","236","74","80","78","4","68","","b","f","Fille De Reve","Harry Angel","","0","0.97","0","3","16.19","4.05","33.33","0.00","1","1","0.00","0.00","1.00","0.00","0.00","0.00","NO","0.00","Female","46.19","51.92","53.25","57.90","0.00","0.00","0.00","","","5","0"
"14/09/2026","14:51","Thirsk","Le Ciel Noble","15.00","0.00","0.00","0.00","0.00","0.00","NO","","0.00","","8","Miss Joanna Mason","David Evans","50","43","7","49","50","39","42","F","45","45","38","8","3","11","2","14/09/2026 14:51","6f","Turf","F","6","1320","0","3140.00","Patrick Hibbert-Foy Memorial Nursery Handicap (Class F)","","","","0.00","119","6540","0","0","0","0.00","0.00","0.00","0","0","4","0.00","0.00","0.00","-4.00","0.00","F","6","3245.00","119","5f 21y","1121","23.00","15.00","HHPH","3.00","4","2","8.7","","13","0","Hcap-Nur","Left - Easy","2yo,65","33/1","33.00","2","2","65","17","17","190","500","310","87","78","77","68","7","","b","g","Duchess Of Parma","Supremacy","v1WS2","0","1.36","0","4","8.75","1.81","25.00","25.00","2","1","0.00","0.00","1.00","0.00","0.00","0.00","NO","0.00","Male","53.81","51.51","51.87","48.56","0.00","0.00","0.00","","","",""
"14/09/2026","14:51","Thirsk","Bladey Lady","5.50","0.00","0.00","0.00","0.00","0.00","NO","","0.00","","2","David Allan","Tim Easterby","59","140","12","57","59","46","50","F","50","50","46","41","33","74","4","14/09/2026 14:51","6f","Turf","F","6","1320","0","3140.00","Patrick Hibbert-Foy Memorial Nursery Handicap (Class F)","","","","0.00","127","3471","0","0","0","0.00","0.00","0.00","1","0","4","25.00","0.00","0.00","25.00","32.45","F","6","3245.00","128","6f 1y","1321","35.01","29.00","PHPP","5.00","13","2","9.1","D","6","0","Hcap-Nur","Left - Easy","2yo,65","6/1","6.00","2","2","65","17","17","332","610","278","72","78","80","48","12","","b","f","Nashmiah","Minzaal","","0","0.81","1","4","62.50","44.25","50.00","50.00","4","3","0.00","0.00","1.00","0.00","0.00","0.00","NO","0.00","Female","50.54","56.13","52.77","50.34","0.00","0.00","0.00","","","",""
"14/09/2026","14:42","Windsor","Regatta","23.00","0.00","0.00","0.00","0.00","0.00","NO","","0.00","","4","Jack Mitchell","Simon and Ed Crisford","40","89","175","0","52","43","45","D","43","43","45","6","11","17","2","14/09/2026 14:42","1m 31y","Turf","D","4","1791","0","5400.00","Follow Matchbook On X Novice Stakes (GBB Race) (Class D)","","","","0.00","125","7-56","0","0","0","0.00","0.00","0.00","0","0","3","0.00","0.00","0.00","-3.00","0.00","D","4","5400.00","123","1m 142y","1902","19.00","12.00","P-HH","33.00","3","3","8.13","","7","0","Nov","Right - Sharp","3yo+","14/1","14.00","3","","","7","7","317","666","349","90","89","91","79","175","","b","f","Wind Chimes","St Mark's Basilica","t","0","1.33","0","3","42.59","18.62","0.00","0.00","1","1","0.00","0.00","1.00","0.00","0.00","0.00","NO","0.00","Female","49.02","46.71","46.80","55.79","0.00","0.00","0.00","","","5","1"
"14/09/2026","14:51","Thirsk","Dream On Kent","26.00","0.00","0.00","0.00","0.00","0.00","NO","","0.00","","5","P J McDonald","David Evans","51","110","26","59","57","53","48","F","47","56","52","25","23","48","6","14/09/2026 14:51","6f","Turf","F","6","1320","0","3140.00","Patrick Hibbert-Foy Memorial Nursery Handicap (Class F)","","","","0.00","129","822698","0","0","0","0.00","0.00","0.00","0","2","6","0.00","33.33","0.00","-6.00","0.00","F","6","3140.00","132","7f","1540","28.88","21.00","HPLPPP","8.00","17","2","9.3","","2","0","Hcap-Nur","Left - Easy","2yo,65","11/1","11.00","2","2","65","17","17","265","504","239","87","69","93","-10","26","","b","g","Golden Amber","Massaat","tb1","0","0.59","0","6","49.33","32.69","16.67","16.67","2","-1","0.00","0.00","1.00","0.00","0.00","0.00","NO","0.00","Male","53.81","51.51","51.87","48.56","0.00","0.00","0.00","","","",""
"14/09/2026","14:51","Thirsk","Claret And Blues","8.00","0.00","0.00","0.00","0.00","0.00","NO","","0.00","","12","Warren Fentiman","Richard Fahey","50","27","52","59","50","47","49","F","50","50","46","7","3","10","4","14/09/2026 14:51","6f","Turf","F","6","1320","3","3140.00","Patrick Hibbert-Foy Memorial Nursery Handicap (Class F)","","","","0.00","129","53665","0","0","0","0.00","0.00","0.00","0","0","5","0.00","0.00","0.00","-5.00","0.00","F","6","3402.00","126","6f","1320","17.00","13.00","PPHPP","5.00","5","2","9.3","","4","0","Hcap-Nur","Left - Easy","2yo,65","40/1","40.00","2","2","65","17","17","207","343","136","66","53","53","-36","52","","ch","c","Rhal","Sergei Prokofiev","","0","0.85","0","5","49.92","26.56","0.00","0.00","1","1","0.00","0.00","1.00","0.00","0.00","0.00","NO","0.00","Male","27.98","49.45","48.84","49.02","0.00","0.00","0.00","","","6","-1"
"14/09/2026","14:51","Thirsk","Purrista","19.00","0.00","0.00","0.00","0.00","0.00","NO","","0.00","","14","William Pyle","Gemma Tutty","42","21","15","53","44","43","42","D","42","44","42","17","10","27","4","14/09/2026 14:51","6f","Turf","F","6","1320","0","3140.00","Patrick Hibbert-Foy Memorial Nursery Handicap (Class F)","","","","0.00","123","3059","0","0","0","0.00","0.00","0.00","0","1","4","0.00","25.00","0.00","-4.00","0.00","D","4","5400.00","128","5f","1100","32.00","26.00","HHPP","5.00","15","2","8.11","","12","0","Hcap-Nur","Left - Easy","2yo,65","16/1","16.00","2","2","65","17","17","211","384","173","38","57","50","28","15","","ch","f","Pink Haze","Caturra","","0","1.02","0","4","39.88","24.73","0.00","0.00","2","1","0.00","0.00","1.00","0.00","0.00","0.00","NO","0.00","Female","52.89","50.40","51.25","50.78","0.00","0.00","0.00","","","",""
"14/09/2026","14:51","Thirsk","Breaking The Habit","17.00","0.00","0.00","0.00","0.00","0.00","NO","","0.00","","9","S B Kirrane","Tim Easterby","32","36","23","55","44","38","38","C","38","38","38","8","5","13","4","14/09/2026 14:51","6f","Turf","F","6","1320","0","3140.00","Patrick Hibbert-Foy Memorial Nursery Handicap (Class F)","","","","0.00","125","340","0","0","0","0.00","0.00","0.00","0","0","3","0.00","0.00","0.00","-3.00","0.00","E","5","4320.00","130","7f","1540","92.89","51.00","PPH","5.00","14","2","8.13","","10","0","Hcap-Nur","Left - Easy","2yo,65","33/1","33.00","2","2","65","17","17","178","410","232","72","65","57","38","23","","gr","g","Ruby Power","Dark Angel","","0","1.40","0","3","28.33","14.08","66.67","66.67","1","1","0.00","0.00","1.00","0.00","0.00","0.00","NO","0.00","Male","50.54","56.13","52.77","50.34","0.00","0.00","0.00","","","",""
"14/09/2026","14:51","Thirsk","Independent Roze","0.00","0.00","0.00","0.00","0.00","0.00","NO","","0.00","","16","Aiden Brookes","Lisa Williamson","49","13","36","49","50","49","39","D","49","49","39","8","3","11","6","14/09/2026 14:51","6f","Turf","F","6","1320","0","3140.00","Patrick Hibbert-Foy Memorial Nursery Handicap (Class F)","","","","0.00","119","559","0","0","0","0.00","0.00","0.00","0","0","3","0.00","0.00","0.00","-3.00","0.00","E","5","4320.00","120","6f 16y","1336","469.41","251.00","PPP","8.00","7","2","8.7","","15","0","Hcap-Nur","Left - Easy","2yo,65","33/1","33.00","2","2","65","17","17","197","372","175","32","35","48","60","36","","b","f","Granny Roz","Bangkok","","0","0.95","0","3","0.00","0.00","66.67","33.33","3","3","0.00","0.00","1.00","0.00","0.00","0.00","NO","0.00","Female","15.00","37.73","47.01","32.09","0.00","0.00","0.00","","","",""
"14/09/2026","14:51","Thirsk","Claret Time","4.50","0.00","0.00","0.00","0.00","0.00","NO","","0.00","","13","Alex Jary","Nigel Tinkler","58","26","12","57","58","48","47","F","44","52","48","27","13","40","2","14/09/2026 14:51","6f","Turf","F","6","1320","3","3140.00","Patrick Hibbert-Foy Memorial Nursery Handicap (Class F)","","","","0.00","127","5782","0","0","0","0.00","0.00","0.00","0","1","4","0.00","25.00","0.00","-4.00","0.00","F","6","3245.00","128","6f 1y","1321","10.50","8.00","HHPH","3.00","16","2","9.1","","5","0","Hcap-Nur","Left - Easy","2yo,65","10/1","10.00","2","2","65","17","17","252","439","187","50","57","78","2","12","","b","g","Brave Times","Time Test","h","0","1.26","0","4","48.89","30.51","50.00","0.00","2","1","0.00","0.00","1.00","0.00","0.00","0.00","NO","0.00","Male","29.40","38.70","33.46","43.95","0.00","0.00","0.00","","","",""
"14/09/2026","14:51","Thirsk","River Jordan","11.00","0.00","0.00","0.00","0.00","0.00","NO","","0.00","","6","Connor Beasley","Phillip Makin","56","73","12","55","56","50","52","F","54","54","50","9","7","16","2","14/09/2026 14:51","6f","Turf","F","6","1320","0","3140.00","Patrick Hibbert-Foy Memorial Nursery Handicap (Class F)","","","","0.00","125","7576","0","0","0","0.00","0.00","0.00","0","0","4","0.00","0.00","0.00","-4.00","0.00","F","6","3245.00","132","6f 1y","1321","10.00","8.50","LHHP","3.00","3","2","8.13","","9","0","Hcap-Nur","Left - Easy","2yo,65","33/1","33.00","2","2","65","17","17","231","409","178","63","83","54","-22","12","","b","g","Zerka","Ubettabelieveit","","0","1.19","0","4","29.40","10.54","25.00","0.00","0","-1","0.00","0.00","1.00","0.00","0.00","0.00","NO","0.00","Male","69.91","61.00","60.95","54.48","0.00","0.00","0.00","","","",""
"14/09/2026","14:51","Thirsk","Mrs Mole","11.00","0.00","0.00","0.00","0.00","0.00","NO","","0.00","","4","Dougie Costello","Steph Hollinshead","50","111","32","59","56","48","47","D","50","50","47","35","23","58","10","14/09/2026 14:51","6f","Turf","F","6","1320","0","3140.00","Patrick Hibbert-Foy Memorial Nursery Handicap (Class F)","","","","0.00","129","4933","0","0","0","0.00","0.00","0.00","0","1","4","0.00","25.00","0.00","-4.00","0.00","F","6","4004.00","130","5f","1100","20.00","13.00","HLLP","13.00","1","2","9.3","","3","0","Hcap-Nur","Left - Easy","2yo,65","15/2","7.50","2","2","65","17","17","311","551","240","66","55","75","44","32","","b","f","Treasure Me","Inns Of Court","","0","0.82","0","4","57.78","38.35","75.00","25.00","2","1","0.00","0.00","1.00","0.00","0.00","0.00","NO","0.00","Female","23.36","35.70","42.76","41.26","0.00","0.00","0.00","","","",""
"14/09/2026","14:51","Thirsk","Sunrise At Dawn","11.00","0.00","0.00","0.00","0.00","0.00","NO","","0.00","","11","Tom Eaves","Craig Lidster","53","32","61","56","53","52","50","F","52","52","51","28","13","41","4","14/09/2026 14:51","6f","Turf","F","6","1320","0","3140.00","Patrick Hibbert-Foy Memorial Nursery Handicap (Class F)","","","","0.00","126","5862","0","0","0","0.00","0.00","0.00","0","0","4","0.00","0.00","0.00","-4.00","0.00","F","6","3664.00","127","5f 212y","1312","3.15","3.00","HHPP","5.00","8","2","9.0","","7","0","Hcap-Nur","Left - Easy","2yo,65","9/1","9.00","2","2","65","17","17","271","387","116","41","39","48","-12","61","","b","f","Quica","Tasleet","","0","0.92","0","4","48.33","26.28","0.00","0.00","0","-1","0.00","0.00","1.00","0.00","0.00","0.00","NO","0.00","Female","20.96","32.87","35.27","42.53","0.00","0.00","0.00","","","2","0"
"14/09/2026","14:51","Thirsk","Baila Morena","15.00","0.00","0.00","0.00","0.00","0.00","NO","","0.00","","14","Cam Hardie","Ollie Pears","48","21","69","53","55","47","50","E","48","48","49","7","8","15","2","14/09/2026 14:51","6f","Turf","F","6","1320","0","3140.00","Patrick Hibbert-Foy Memorial Nursery Handicap (Class F)","","","","0.00","123","7407","0","0","0","0.00","0.00","0.00","0","0","4","0.00","0.00","0.00","-4.00","0.00","F","6","3402.00","126","6f","1320","7.80","7.50","HHPH","3.00","2","2","8.11","","11","0","Hcap-Nur","Left - Easy","2yo,65","40/1","40.00","2","2","65","17","17","159","274","115","39","24","42","10","69","","b","f","Fan Dance","Pinatubo","","0","0.75","0","4","38.57","21.09","25.00","0.00","0","-1","0.00","0.00","1.00","0.00","0.00","0.00","NO","0.00","Female","50.00","66.25","57.50","49.03","0.00","0.00","0.00","","","7","0"
"14/09/2026","14:42","Windsor","Certainty","81.00","0.00","0.00","0.00","0.00","0.00","NO","","0.00","","5","Mr Joe Leavy","Mrs Ilka Gansera-Leveque","38","46","375","0","38","38","38","E","38","","38","0","10","10","0","14/09/2026 14:42","1m 31y","Turf","D","4","1791","0","5400.00","Follow Matchbook On X Novice Stakes (GBB Race) (Class D)","","","","0.00","125","0-","0","0","0","0.00","0.00","0.00","0","0","1","0.00","0.00","0.00","-1.00","0.00","E","5","3672.00","123","6f 16y","1336","250.00","81.00","H-","0.00","1","3","8.13","","6","0","Nov","Right - Sharp","3yo+","","0.00","3","","","7","7","298","609","311","80","72","77","82","375","","b","f","Yaqeen","Study Of Man","","0","1.19","0","1","9.09","0.83","100.00","0.00","1","1","0.00","0.00","1.00","0.00","0.00","0.00","NO","0.00","Female","6.25","37.50","41.98","43.79","0.00","0.00","0.00","","","11","0"
"14/09/2026","14:30","Sedgefield","Sweet Cicely","151.00","0.00","0.00","0.00","0.00","0.00","NO","","0.00","","7","Mr Charlie Maggs","Mike Sowersby","25","60","17","0","62","53","45","E","49","62","50","4","18","22","0","14/09/2026 14:30","2m 178y","Hurdle","E","4","3698","3","5446.00","Fairlight Studios Mares' Maiden Hurdle (GBB Race) (Class E)","","","","0.00","158","59-00096497","0","0","0","0.00","0.00","0.00","0","1","25","0.00","4.00","100.00","-25.00","0.00","E","4","5446.00","140","2m 3f 188y","4368","673.56","101.00","HH-HHHHHHHH","0.00","0","4","11.4","","5","0","Mdn-Mare-Hdle","Left - Sharp / Undulating","3yo+","28/1","28.00","3","","","7","7","314","580","266","75","79","76","36","32","17","b","f","Footlight","Sir Percy","p","0","0.00","0","25","33.87","17.36","48.00","20.00","11","1","0.00","0.00","1.00","0.00","0.00","0.00","NO","0.00","Female","25.00","27.00","29.22","25.46","0.00","0.00","0.00","","","",""
"14/09/2026","14:30","Sedgefield","Tralee Girl","1.57","0.00","0.00","0.00","0.00","0.00","NO","","0.00","","1","Harry Skelton","Dan Skelton","64","350","161","115","77","64","62","A","64","72","62","69","59","128","6","14/09/2026 14:30","2m 178y","Hurdle","E","4","3698","0","5446.00","Fairlight Studios Mares' Maiden Hurdle (GBB Race) (Class E)","","","","0.00","158","11124732-42","0","0","0","0.00","0.00","0.00","3","6","12","25.00","50.00","100.00","-3.22","0.00","E","4","5446.00","151","2m 3y","3523","1.32","1.25","LPLPLLHH-PL","30.00","0","4","11.4","BF","6","0","Mdn-Mare-Hdle","Left - Sharp / Undulating","3yo+","4/5","0.80","3","","","7","7","354","685","331","99","96","96","40","394","161","b","f","Debdebdeb","Camelot","","0","0.00","3","12","73.94","63.52","25.00","25.00","4","-1","66.67","66.67","1.00","0.00","0.00","0.00","NO","0.00","Female","60.61","60.20","57.63","57.86","0.00","0.00","0.00","","","2","0"
"14/09/2026","14:30","Sedgefield","Blue Topaz","29.00","0.00","0.00","0.00","0.00","0.00","NO","","0.00","","3","Mr J Hogan","Fergal O'Brien","25","173","26","0","52","34","40","E","25","44","30","13","50","63","4","14/09/2026 14:30","2m 178y","Hurdle","E","4","3698","0","5446.00","Fairlight Studios Mares' Maiden Hurdle (GBB Race) (Class E)","","","","0.00","160","41P-7","0","0","0","0.00","0.00","0.00","1","0","4","25.00","0.00","50.00","-2.10","24.51","E","4","5446.00","161","2m","3520","41.91","29.00","LPP-H","20.00","0","6","11.6","D","1","0","Mdn-Mare-Hdle","Left - Sharp / Undulating","3yo+","17/2","8.50","3","","","7","7","324","644","320","86","80","86","68","","26","b","m","Cora Sundrop","Blue Bresil","tWS","0","0.00","1","4","57.69","47.04","25.00","25.00","-2","-1","0.00","0.00","1.00","0.00","0.00","0.00","NO","0.00","Female","53.33","40.62","40.29","31.69","0.00","0.00","0.00","","","",""
"14/09/2026","14:30","Sedgefield","Helmsley","13.00","0.00","0.00","0.00","0.00","0.00","NO","","0.00","","6","Mr W T Shanahan","Ivan Furtado","50","61","83","0","68","57","55","","50","68","56","0","10","10","10","14/09/2026 14:30","2m 178y","Hurdle","E","4","3698","5","5446.00","Fairlight Studios Mares' Maiden Hurdle (GBB Race) (Class E)","","","","0.00","158","418-8667625","0","0","0","0.00","0.00","0.00","1","2","13","7.69","15.38","0.00","-10.00","0.00","","","0.00","","","0","0.00","0.00","HLL-HPHHLLP","50.00","0","4","11.4","","2","0","Mdn-Mare-Hdle","Left - Sharp / Undulating","3yo+","","0.00","3","","","7","7","303","616","313","72","87","76","78","83","","b","f","Pearl Of The Night","New Bay","","0","0.00","1","13","46.37","31.85","30.77","15.38","3","1","0.00","0.00","1.00","0.00","0.00","0.00","NO","0.00","Female","35.72","40.47","40.96","49.41","0.00","0.00","0.00","","","5","0"
"14/09/2026","14:21","Thirsk","Muhib","11.00","0.00","0.00","0.00","0.00","0.00","NO","","0.00","","4","Warren Fentiman","Olly Williams","54","105","25","46","66","56","57","F","57","66","54","28","32","60","6","14/09/2026 14:21","1m 4f 8y","Turf","F","6","2648","0","3140.00","Every Race Live On RTV Apprentice Handicap (Class F)","","","","0.00","130","5334433238","0","0","0","0.00","0.00","0.00","0","5","29","0.00","17.24","0.00","-29.00","0.00","F","6","3245.00","127","1m 4f 98y","2738","29.00","17.00","HPHPLPPPPP","20.00","6","5","9.4","","7","0","Hcap-App","Left - Easy","3yo+,55","13/2","6.50","3","","55","12","12","291","437","146","51","62","63","-30","25","","b","g","Hameem","Too Darn Hot","","0","1.93","0","29","44.17","26.38","6.90","3.45","7","1","0.00","0.00","1.00","0.00","0.00","0.00","NO","0.00","Male","0.00","12.50","24.43","21.33","0.00","0.00","0.00","","","",""
"14/09/2026","14:21","Thirsk","Storm On Jura","26.00","0.00","0.00","0.00","0.00","0.00","NO","","0.00","","8","Lauren Young","Jim Goldie","47","48","34","46","60","51","52","F","49","57","48","7","3","10","2","14/09/2026 14:21","1m 4f 8y","Turf","F","6","2648","3","3140.00","Every Race Live On RTV Apprentice Handicap (Class F)","","","","0.00","130","489-0964808","0","0","0","0.00","0.00","0.00","0","0","12","0.00","0.00","0.00","-12.00","0.00","F","6","3664.00","127","1m 4f 15y","2655","24.64","21.00","HHH-HPLPPHH","7.00","8","4","9.4","","6","0","Hcap-App","Left - Easy","3yo+,55","28/1","28.00","3","","55","12","12","226","478","252","86","87","93","-14","34","","b","f","Padmavati","Golden Horn","h1","0","1.22","0","12","19.55","7.41","8.33","8.33","0","-1","0.00","0.00","1.00","0.00","0.00","0.00","NO","0.00","Female","40.26","50.38","56.08","51.86","0.00","0.00","0.00","","","",""
"14/09/2026","14:21","Thirsk","Off Spin","5.50","0.00","0.00","0.00","0.00","0.00","NO","","0.00","","5","Mr Jake Dickson","Tim Easterby","58","88","18","52","67","56","58","F","58","63","54","23","26","49","0","14/09/2026 14:21","1m 4f 8y","Turf","F","6","2648","3","3140.00","Every Race Live On RTV Apprentice Handicap (Class F)","","","","0.00","136","20-53533263","0","0","0","0.00","0.00","0.00","0","6","19","0.00","31.58","0.00","-19.00","0.00","F","6","3402.00","131","1m 3f 39y","2459","9.60","7.50","HH-HHLHHHHH","0.00","2","4","9.10","","3","0","Hcap-App","Left - Easy","3yo+,55","17/2","8.50","3","","55","12","12","286","521","235","80","86","87","-18","18","","b","g","Spin Doctor","Almanzor","t","0","0.71","0","19","50.17","33.33","10.53","5.26","1","1","0.00","0.00","1.00","0.00","0.00","0.00","NO","0.00","Male","50.54","56.13","52.77","50.34","0.00","0.00","0.00","","","",""
"14/09/2026","14:21","Thirsk","Caledonian Dream","41.00","0.00","0.00","0.00","0.00","0.00","NO","","0.00","","9","William Pyle","John Dawson","52","36","21","45","63","45","46","F","52","54","44","17","7","24","2","14/09/2026 14:21","1m 4f 8y","Turf","F","6","2648","0","3140.00","Every Race Live On RTV Apprentice Handicap (Class F)","","","","0.00","129","38007/672-00","0","0","0","0.00","0.00","0.00","0","3","14","0.00","21.43","0.00","-14.00","0.00","F","6","3664.00","126","1m 2y","1762","95.00","67.00","PPPPL/HPH-PH","7.00","9","4","9.3","","8","0","Hcap-App","Left - Easy","3yo+,55","12/1","12.00","3","","55","12","12","243","526","283","57","68","86","72","21","","b","g","Oasis Joy","Without Parole","p","0","0.93","0","14","34.34","20.93","14.29","0.00","4","1","0.00","0.00","1.00","0.00","0.00","0.00","NO","0.00","Male","0.00","0.00","26.39","26.57","0.00","0.00","0.00","","","",""
"14/09/2026","14:42","Windsor","Screen Actor","81.00","0.00","0.00","0.00","0.00","0.00","NO","","0.00","","6","Paddy Bradley","Michael Attwater","28","40","98","0","28","28","28","D","28","","28","7","22","29","0","14/09/2026 14:42","1m 31y","Turf","D","4","1791","0","5400.00","Follow Matchbook On X Novice Stakes (GBB Race) (Class D)","","","","0.00","130","0","0","0","0","0.00","0.00","0.00","0","0","1","0.00","0.00","0.00","-1.00","0.00","D","4","5400.00","130","1m 31y","1791","80.00","29.00","H","0.00","4","3","9.4","","4","0","Nov","Right - Sharp","3yo+","13/1","13.00","3","","","7","7","315","585","270","72","75","76","47","98","","b","g","Show Stealer","Twirling Candy","","0","1.10","0","1","10.00","1.00","0.00","0.00","-1","-1","0.00","0.00","1.00","0.00","0.00","0.00","NO","0.00","Male","28.38","33.12","33.36","36.26","0.00","0.00","0.00","","","10","0"
"14/09/2026","14:42","Windsor","Virtue King","51.00","0.00","0.00","0.00","0.00","0.00","NO","","0.00","","7","Rob Hornby","Amanda Perrett","44","21","40","0","44","44","44","D","44","","44","0","10","10","0","14/09/2026 14:42","1m 31y","Turf","D","4","1791","0","5400.00","Follow Matchbook On X Novice Stakes (GBB Race) (Class D)","","","","0.00","130","0","0","0","0","0.00","0.00","0.00","0","0","1","0.00","0.00","0.00","-1.00","0.00","D","4","5400.00","130","1m","1760","60.00","41.00","H","0.00","5","3","9.4","","5","0","Nov","Right - Sharp","3yo+","","0.00","3","","","7","7","312","633","321","77","81","81","82","40","","b","g","Persuasive","Kingman","","0","1.12","0","1","16.67","2.78","0.00","0.00","-1","-1","0.00","0.00","1.00","0.00","0.00","0.00","NO","0.00","Male","33.33","40.97","44.98","36.98","0.00","0.00","0.00","","","",""
"14/09/2026","14:42","Windsor","Song Of The Clouds","3.75","0.00","0.00","0.00","0.00","0.00","NO","","0.00","","2","Tom Marquand","William Haggas","65","412","130","0","65","61","61","D","61","58","61","41","84","125","2","14/09/2026 14:42","1m 31y","Turf","D","4","1791","0","5400.00","Follow Matchbook On X Novice Stakes (GBB Race) (Class D)","","","","0.00","132","21","0","0","0","0.00","0.00","0.00","1","1","2","50.00","50.00","0.00","-0.50","54.00","D","4","5400.00","124","7f 219y","1759","1.63","1.50","PH","33.00","2","3","9.6","D","2","0","Nov","Right - Sharp","3yo+","5/4","1.25","3","","","7","7","363","712","349","95","92","92","70","130","","b","f","Token Of Love","Night Of Thunder","","0","1.15","1","2","95.00","90.50","50.00","50.00","2","2","0.00","100.00","1.00","0.00","0.00","0.00","NO","0.00","Female","50.81","59.78","61.65","60.68","0.00","0.00","0.00","","","1","0"
"14/09/2026","14:42","Windsor","Journalism","5.50","0.00","0.00","0.00","0.00","0.00","NO","","0.00","","3","James Doyle","H Al Jehani","","184","","0","","","","","","","","0","37","37","0","14/09/2026 14:42","1m 31y","Turf","D","4","1791","0","5400.00","Follow Matchbook On X Novice Stakes (GBB Race) (Class D)","","","","0.00","130","","0","0","0","0.00","0.00","0.00","0","0","0","0.00","0.00","0.00","0.00","0.00","","","0.00","","","0","0.00","0.00","","0.00","7","3","9.4","","3","0","Nov","Right - Sharp","3yo+","","0.00","3","","","7","7","300","661","361","88","100","91","82","","","b","g","Posted","Night Of Thunder","","0","0.87","0","0","0.00","0.00","0.00","0.00","","","0.00","0.00","1.00","0.00","0.00","0.00","NO","0.00","Male","34.00","40.63","55.02","54.27","0.00","0.00","0.00","","","",""
"14/09/2026","14:30","Sedgefield","Mighty Dink","11.00","0.00","0.00","0.00","0.00","0.00","NO","","0.00","","5","Mr Charlie Todd","Dan Skelton","","98","","0","","","","","","","","0","14","14","0","14/09/2026 14:30","2m 178y","Hurdle","E","4","3698","0","5446.00","Fairlight Studios Mares' Maiden Hurdle (GBB Race) (Class E)","","","","0.00","158","","0","0","0","0.00","0.00","0.00","0","0","0","0.00","0.00","0.00","0.00","0.00","","","0.00","","","0","0.00","0.00","","0.00","0","4","11.4","","4","0","Mdn-Mare-Hdle","Left - Sharp / Undulating","3yo+","","0.00","3","","","7","7","286","615","329","99","74","78","78","","","b","f","Sopat","Dink","","0","0.00","0","0","0.00","0.00","0.00","0.00","","","0.00","0.00","1.00","0.00","0.00","0.00","NO","0.00","Female","60.61","60.20","57.63","57.86","0.00","0.00","0.00","","","",""
"14/09/2026","14:30","Sedgefield","You Be Lucky Jean","4.50","0.00","0.00","0.00","0.00","0.00","NO","","0.00","","2","Sean Quinlan","Micky Hammond","50","288","17","0","65","57","57","E","57","50","57","38","59","97","0","14/09/2026 14:30","2m 178y","Hurdle","E","4","3698","0","5446.00","Fairlight Studios Mares' Maiden Hurdle (GBB Race) (Class E)","","","","0.00","158","11","0","0","0","0.00","0.00","0.00","2","0","2","100.00","0.00","0.00","6.00","33.22","E","4","3921.00","160","2m 178y","3698","3.55","3.00","HH","0.00","0","4","11.4","D","7","0","Mdn-Mare-Hdle","Left - Sharp / Undulating","3yo+","9/4","2.25","3","","","7","7","355","715","360","81","86","93","100","","17","b","f","Libby Mae","Maxios","","0","0.00","2","2","100.00","100.00","100.00","100.00","2","2","0.00","0.00","1.00","0.00","0.00","0.00","NO","0.00","Female","52.41","46.54","56.21","48.96","0.00","0.00","0.00","","","",""
"14/09/2026","14:42","Windsor","Wootz","1.62","0.00","0.00","0.00","0.00","0.00","NO","","0.00","","1","Ray Dawson","Roger Varian","53","446","41","0","53","53","53","D","53","","53","42","71","113","2","14/09/2026 14:42","1m 31y","Turf","D","4","1791","0","5400.00","Follow Matchbook On X Novice Stakes (GBB Race) (Class D)","","","","0.00","137","1","0","0","0","0.00","0.00","0.00","1","0","1","100.00","0.00","0.00","0.90","54.00","D","4","5400.00","133","1m","1760","1.99","1.90","P","33.00","6","3","9.11","D","1","0","Nov","Right - Sharp","3yo+","5/4","1.25","3","","","7","7","366","733","367","93","86","88","100","41","","br","c","Golden Box","Wootton Bassett","","0","1.12","1","1","100.00","100.00","100.00","100.00","1","1","0.00","0.00","1.00","0.00","0.00","0.00","NO","0.00","Male","74.19","61.45","67.60","66.44","0.00","0.00","0.00","","","",""
"14/09/2026","14:30","Sedgefield","Mia Sunshine","9.50","0.00","0.00","0.00","0.00","0.00","NO","","0.00","","4","James Bowen","Mickey Bowen","50","138","32","0","50","50","50","","50","","50","0","14","14","0","14/09/2026 14:30","2m 178y","Hurdle","E","4","3698","0","5446.00","Fairlight Studios Mares' Maiden Hurdle (GBB Race) (Class E)","","","","0.00","158","8","0","0","0","0.00","0.00","0.00","0","0","1","0.00","0.00","0.00","-1.00","0.00","","","0.00","","","0","0.00","0.00","H","0.00","0","4","11.4","","3","0","Mdn-Mare-Hdle","Left - Sharp / Undulating","3yo+","","0.00","3","","","7","7","304","658","354","89","94","93","78","32","","b","f","Monami","Sea The Moon","WS2","0","0.00","0","1","0.00","0.00","0.00","0.00","1","1","0.00","0.00","1.00","0.00","0.00","0.00","NO","0.00","Female","86.67","71.02","67.97","64.37","0.00","0.00","0.00","","","",""
"14/09/2026","16:21","Thirsk","Showtown","15.00","0.00","0.00","0.00","0.00","0.00","NO","","0.00","","10","Tom Eaves","Kevin Ryan","51","34","9","62","66","57","55","E","55","60","55","17","11","28","6","14/09/2026 16:21","7f","Turf","E","5","1540","0","3926.00","decronhorsecare.co.uk Handicap (Class E)","","","","0.00","127","223-2045888","0","0","0","0.00","0.00","0.00","0","3","11","0.00","27.27","0.00","-11.00","0.00","E","5","4397.00","129","6f","1320","13.14","11.00","PPP-LPHPLPH","11.00","8","3","9.1","","9","0","Hcap","Left - Easy","3yo,70","14/1","14.00","3","3","70","10","10","231","450","219","81","56","72","10","9","","b","g","Romsey","Showcasing","pWS3","0","1.31","0","11","54.19","36.60","27.27","0.00","-3","-1","0.00","0.00","1.00","0.00","0.00","0.00","NO","0.00","Male","35.84","39.98","44.15","43.79","0.00","0.00","0.00","","","",""
"14/09/2026","18:30","Kempton","Rupert The Brave","6.50","0.00","0.00","0.00","0.00","0.00","NO","","0.00","","5","Kieran Shoemark","Oliver Cole","56","74","31","0","56","55","55","C","55","55","55","0","18","18","4","14/09/2026 18:30","7f","A/W","C","3","1540","0","7020.00","Unibet/British Stallion Studs EBF Novice Stakes (GBB Race) (Class C)","","","","0.00","130","93","0","0","0","0.00","0.00","0.00","0","0","2","0.00","0.00","0.00","-2.00","0.00","C","3","8100.00","133","1m","1760","11.89","12.00","HL","33.00","2","2","9.4","","6","0","Nov","Right - Sharp","2yo","","0.00","2","2","","9","9","337","669","332","73","80","79","100","31","","b","c","Marjubilation","Phoenix Of Spain","t1","0","1.32","0","2","50.00","27.78","100.00","0.00","0","0","0.00","0.00","1.00","0.00","0.00","0.00","NO","0.00","Male","31.00","44.92","42.89","44.57","0.00","0.00","0.00","","","",""
"14/09/2026","18:30","Kempton","Farasan","4.50","0.00","0.00","0.00","0.00","0.00","NO","","0.00","","2","Oisin Murphy","John Gosden","52","240","12","0","54","53","53","C","53","52","53","18","49","67","2","14/09/2026 18:30","7f","A/W","C","3","1540","0","7020.00","Unibet/British Stallion Studs EBF Novice Stakes (GBB Race) (Class C)","","","","0.00","130","64","0","0","0","0.00","0.00","0.00","0","0","2","0.00","0.00","0.00","-2.00","0.00","D","4","5940.00","133","6f","1320","3.94","3.50","HP","17.00","5","2","9.4","","2","0","Nov","Right - Sharp","2yo","11/10","1.10","2","2","","9","9","343","632","289","95","100","84","10","12","","ch","c","Endless Charm","Teofilo","","0","1.19","0","2","50.65","30.53","0.00","0.00","-2","-2","0.00","0.00","1.00","0.00","0.00","0.00","NO","0.00","Male","53.79","58.86","58.41","60.92","0.00","0.00","0.00","","","",""
"14/09/2026","18:30","Kempton","Stephen's Secret","101.00","0.00","0.00","0.00","0.00","0.00","NO","","0.00","","6","Kieren Fox","John Butler","","48","","0","","","","","","","","0","3","3","0","14/09/2026 18:30","7f","A/W","C","3","1540","0","7020.00","Unibet/British Stallion Studs EBF Novice Stakes (GBB Race) (Class C)","","","","0.00","130","","0","0","0","0.00","0.00","0.00","0","0","0","0.00","0.00","0.00","0.00","0.00","","","0.00","","","0","0.00","0.00","","0.00","3","2","9.4","","8","0","Nov","Right - Sharp","2yo","","0.00","2","2","","9","9","301","611","310","78","66","66","100","","","b","c","Dazzling Rose","Pinatubo","h1","0","1.16","0","0","0.00","0.00","0.00","0.00","","","0.00","0.00","1.00","0.00","0.00","0.00","NO","0.00","Male","65.80","57.47","53.33","58.70","0.00","0.00","0.00","","","",""
"14/09/2026","18:30","Kempton","Gut Reaction","11.00","0.00","0.00","0.00","0.00","0.00","NO","","0.00","","7","Daniel Muscutt","Oliver Cole","","47","","0","","","","","","","","0","3","3","0","14/09/2026 18:30","7f","A/W","C","3","1540","0","7020.00","Unibet/British Stallion Studs EBF Novice Stakes (GBB Race) (Class C)","","","","0.00","130","","0","0","0","0.00","0.00","0.00","0","0","0","0.00","0.00","0.00","0.00","0.00","","","0.00","","","0","0.00","0.00","","0.00","4","2","9.4","","3","0","Nov","Right - Sharp","2yo","","0.00","2","2","","9","9","301","639","338","73","88","77","100","","","b","g","Resvera","Too Darn Hot","","0","1.18","0","0","0.00","0.00","0.00","0.00","","","0.00","0.00","1.00","0.00","0.00","0.00","NO","0.00","Male","31.00","44.92","42.89","44.57","0.00","0.00","0.00","","","",""
"14/09/2026","18:00","Kempton","Musashi","15.00","0.00","0.00","0.00","0.00","0.00","NO","","0.00","","9","Miss Amy Tucker","David Evans","49","46","11","64","63","44","38","E","49","49","36","18","7","25","4","14/09/2026 18:00","1m","A/W","E","5","1760","7","4187.00","Bet 20 Pound Get 20 Pound With Unibet Handicap (Class E)","","","","0.00","129","000-2205","0","0","0","0.00","0.00","0.00","0","2","7","0.00","28.57","0.00","-7.00","0.00","E","5","4580.00","123","1m","1760","34.00","26.00","HHH-PPPH","11.00","3","3","9.3","","6","0","Hcap","Right - Sharp","3yo,70","12/1","12.00","3","3","70","10","10","227","499","272","66","60","67","79","11","","b","g","Cherriya","Saxon Warrior","","0","1.14","0","7","33.50","23.69","0.00","0.00","-3","-1","0.00","0.00","1.00","0.00","0.00","0.00","NO","0.00","Male","53.81","51.51","51.87","48.56","0.00","0.00","0.00","","","",""
"14/09/2026","18:00","Kempton","Decalogue","5.00","0.00","0.00","0.00","0.00","0.00","NO","","0.00","","6","William Carver","Jamie Osborne","","76","1","70","64","52","61","E","58","62","45","21","18","39","0","14/09/2026 18:00","1m","A/W","E","5","1760","0","4187.00","Bet 20 Pound Get 20 Pound With Unibet Handicap (Class E)","","","","0.00","135","8-8432?","0","0","0","0.00","0.00","0.00","0","1","6","0.00","16.67","0.00","-6.00","0.00","E","5","4397.00","135","1m","1760","1.00","4.50","H-HHHH","0.00","2","3","9.9","","1","0","Hcap","Right - Sharp","3yo,70","10/1","10.00","3","3","70","10","10","275","512","237","78","63","79","17","1","","b","g","Sun Summers","Constitution","p1","0","1.01","0","6","35.77","23.14","33.33","16.67","6","3","0.00","0.00","1.00","0.00","0.00","0.00","NO","0.00","Male","35.42","46.96","49.42","51.78","0.00","0.00","0.00","","","",""
"14/09/2026","18:30","Kempton","National Honour","3.25","0.00","0.00","0.00","0.00","0.00","NO","","0.00","","1","Toby Moore","Charlie Appleby","59","365","31","84","59","54","54","C","54","49","54","0","71","71","4","14/09/2026 18:30","7f","A/W","C","3","1540","7","7020.00","Unibet/British Stallion Studs EBF Novice Stakes (GBB Race) (Class C)","","","","0.00","137","21","0","0","0","0.00","0.00","0.00","1","1","2","50.00","50.00","0.00","-0.80","68.04","C","3","6804.00","133","7f","1540","1.20","1.20","PP","33.00","7","2","9.11","D","1","0","Nov","Right - Sharp","2yo","","0.00","2","2","","9","9","354","727","373","100","76","97","100","31","","b","c","Nationalista","Wootton Bassett","","0","1.01","1","2","91.67","84.72","50.00","50.00","0","0","100.00","100.00","1.00","0.00","0.00","0.00","NO","0.00","Male","75.50","74.34","73.82","76.56","0.00","0.00","0.00","","","",""
"14/09/2026","18:30","Kempton","Solar Swing","4.00","0.00","0.00","0.00","0.00","0.00","NO","","0.00","","4","Mr Jack Callan","George Boughey","59","79","19","0","59","59","59","D","59","","59","0","3","3","0","14/09/2026 18:30","7f","A/W","C","3","1540","0","7020.00","Unibet/British Stallion Studs EBF Novice Stakes (GBB Race) (Class C)","","","","0.00","130","4","0","0","0","0.00","0.00","0.00","0","0","1","0.00","0.00","0.00","-1.00","0.00","D","4","6480.00","133","6f 110y","1430","6.80","5.00","H","0.00","9","2","9.4","","7","0","Nov","Right - Sharp","2yo","","0.00","2","2","","9","9","322","679","357","82","90","85","100","19","","b","c","Teeline","Starman","","0","0.67","0","1","66.67","44.44","0.00","0.00","-1","-1","0.00","0.00","1.00","0.00","0.00","0.00","NO","0.00","Male","60.56","62.71","61.29","62.48","0.00","0.00","0.00","","","",""
"14/09/2026","19:00","Kempton","Photo Op","15.00","0.00","0.00","0.00","0.00","0.00","NO","","0.00","","7","B D L Sayette","George Baker","","61","","0","","","","","","","","0","10","10","0","14/09/2026 19:00","6f","A/W","D","4","1320","0","5940.00","Unibet More Extra Place Races EBF Fillies' Novice Stakes (GBB Race) (Class D)","","","","0.00","128","","0","0","0","0.00","0.00","0.00","0","0","0","0.00","0.00","0.00","0.00","0.00","","","0.00","","","0","0.00","0.00","","0.00","7","2","9.2","","8","0","Nov-Fil","Right - Sharp","2yo","","0.00","2","2","","9","9","304","617","313","76","75","62","100","","","b","f","Opening Night","Kodiac","","0","0.81","0","0","0.00","0.00","0.00","0.00","","","0.00","0.00","1.00","0.00","0.00","0.00","NO","0.00","Female","59.44","62.11","53.24","49.61","0.00","0.00","0.00","","","",""
"14/09/2026","19:00","Kempton","Blowing Up A Storm","15.00","0.00","0.00","0.00","0.00","0.00","NO","","0.00","","8","Finley Marsh","Richard Hughes","","46","","0","","","","","","","","0","3","3","0","14/09/2026 19:00","6f","A/W","D","4","1320","0","5940.00","Unibet More Extra Place Races EBF Fillies' Novice Stakes (GBB Race) (Class D)","","","","0.00","128","","0","0","0","0.00","0.00","0.00","0","0","0","0.00","0.00","0.00","0.00","0.00","","","0.00","","","0","0.00","0.00","","0.00","5","2","9.2","","2","0","Nov-Fil","Right - Sharp","2yo","","0.00","2","2","","9","9","296","630","334","81","75","78","100","","","ch","f","Miss Bunter","Pinatubo","","0","1.10","0","0","0.00","0.00","0.00","0.00","","","0.00","0.00","1.00","0.00","0.00","0.00","NO","0.00","Female","35.22","41.17","44.32","48.46","0.00","0.00","0.00","","","",""
"14/09/2026","19:00","Kempton","Grey Tamam","4.00","0.00","0.00","0.00","0.00","0.00","NO","","0.00","","1","Hector Crouch","James Tate","61","336","53","0","61","57","57","A","57","54","57","0","25","25","4","14/09/2026 19:00","6f","A/W","D","4","1320","0","5940.00","Unibet More Extra Place Races EBF Fillies' Novice Stakes (GBB Race) (Class D)","","","","0.00","128","38","0","0","0","0.00","0.00","0.00","0","0","2","0.00","0.00","0.00","-2.00","0.00","A","1","31190.00","128","7f","1540","24.00","17.00","PP","29.00","8","2","9.2","","3","0","Nov-Fil","Right - Sharp","2yo","","0.00","2","2","","9","9","352","727","375","94","88","93","100","53","","gr","f","Crotchet","Churchill","","0","0.78","0","2","30.00","18.00","50.00","0.00","0","0","0.00","0.00","1.00","0.00","0.00","0.00","NO","0.00","Female","53.26","51.91","59.11","61.50","0.00","0.00","0.00","","","8","0"
"14/09/2026","19:00","Kempton","Bling","4.50","0.00","0.00","0.00","0.00","0.00","NO","","0.00","","3","Oisin Murphy","Hugo Palmer","52","205","19","0","52","52","52","D","52","","52","0","11","11","2","14/09/2026 19:00","6f","A/W","D","4","1320","0","5940.00","Unibet More Extra Place Races EBF Fillies' Novice Stakes (GBB Race) (Class D)","","","","0.00","128","5","0","0","0","0.00","0.00","0.00","0","0","1","0.00","0.00","0.00","-1.00","0.00","D","4","6281.00","128","6f","1320","46.00","34.00","P","14.00","1","2","9.2","","1","0","Nov-Fil","Right - Sharp","2yo","","0.00","2","2","","9","9","335","708","373","85","99","89","100","19","","ch","f","Disclose","Starspangledbanner","","0","1.26","0","1","55.56","30.86","0.00","0.00","1","1","0.00","0.00","1.00","0.00","0.00","0.00","NO","0.00","Female","48.45","42.34","44.40","47.71","0.00","0.00","0.00","","","",""
"14/09/2026","18:30","Kempton","Mainshock","17.00","0.00","0.00","0.00","0.00","0.00","NO","","0.00","","9","Rowan Scott","David Loughnane","53","27","16","0","53","53","53","C","53","","53","0","10","10","2","14/09/2026 18:30","7f","A/W","C","3","1540","0","7020.00","Unibet/British Stallion Studs EBF Novice Stakes (GBB Race) (Class C)","","","","0.00","130","3","0","0","0","0.00","0.00","0.00","0","0","1","0.00","0.00","0.00","-1.00","0.00","C","3","6480.00","133","7f 16y","1556","4.30","3.75","P","17.00","8","2","9.4","","5","0","Nov","Right - Sharp","2yo","","0.00","2","2","","9","9","323","653","330","68","77","85","100","16","","b","c","Hence","Epicenter","","0","0.96","0","1","50.00","25.00","0.00","0.00","-1","-1","0.00","0.00","1.00","0.00","0.00","0.00","NO","0.00","Male","13.03","24.80","32.63","38.35","0.00","0.00","0.00","","","",""
"14/09/2026","18:30","Kempton","Intangible Truth","8.00","0.00","0.00","0.00","0.00","0.00","NO","","0.00","","8","William Carver","Andrew Balding","","39","","0","","","","","","","","0","3","3","0","14/09/2026 18:30","7f","A/W","C","3","1540","0","7020.00","Unibet/British Stallion Studs EBF Novice Stakes (GBB Race) (Class C)","","","","0.00","125","","0","0","0","0.00","0.00","0.00","0","0","0","0.00","0.00","0.00","0.00","0.00","","","0.00","","","0","0.00","0.00","","0.00","1","2","8.13","","9","0","Nov","Right - Sharp","2yo","","0.00","2","2","","9","9","301","637","336","83","66","87","100","","","b","f","Form Of Praise","Sioux Nation","","0","1.28","0","0","0.00","0.00","0.00","0.00","","","0.00","0.00","1.00","0.00","0.00","0.00","NO","0.00","Female","54.21","56.29","59.76","59.67","0.00","0.00","0.00","","","",""
"14/09/2026","19:00","Kempton","Mistral Madness","51.00","0.00","0.00","0.00","0.00","0.00","NO","","0.00","","9","Alexander Voikhansky","Tom Ward","54","15","16","0","54","54","54","D","54","","54","0","3","3","0","14/09/2026 19:00","6f","A/W","D","4","1320","0","5940.00","Unibet More Extra Place Races EBF Fillies' Novice Stakes (GBB Race) (Class D)","","","","0.00","128","5","0","0","0","0.00","0.00","0.00","0","0","1","0.00","0.00","0.00","-1.00","0.00","D","4","5400.00","125","6f 12y","1332","95.00","67.00","H","0.00","9","2","9.2","","6","0","Nov-Fil","Right - Sharp","2yo","","0.00","2","2","","9","9","326","639","313","66","67","80","100","16","","b","f","Allegation","Minzaal","","0","0.67","0","1","50.00","25.00","100.00","0.00","1","1","0.00","0.00","1.00","0.00","0.00","0.00","NO","0.00","Female","38.14","45.38","47.98","46.97","0.00","0.00","0.00","","","",""
"14/09/2026","18:30","Kempton","Kingdom Of Heaven","126.00","0.00","0.00","0.00","0.00","0.00","NO","","0.00","","3","Luke Morris","John Butler","49","102","12","0","49","49","49","C","49","","49","20","18","38","0","14/09/2026 18:30","7f","A/W","C","3","1540","0","7020.00","Unibet/British Stallion Studs EBF Novice Stakes (GBB Race) (Class C)","","","","0.00","130","8","0","0","0","0.00","0.00","0.00","0","0","1","0.00","0.00","0.00","-1.00","0.00","C","3","6480.00","133","7f","1540","262.25","151.00","H","0.00","6","2","9.4","","4","0","Nov","Right - Sharp","2yo","10/11","0.90","2","2","","9","9","333","618","285","78","79","86","42","12","","ch","g","Drift And Dream","Masar","","0","1.08","0","1","22.22","4.94","0.00","0.00","1","1","0.00","0.00","1.00","0.00","0.00","0.00","NO","0.00","Male","65.80","57.47","53.33","58.70","0.00","0.00","0.00","","","",""
"14/09/2026","18:00","Kempton","Jackabi","29.00","0.00","0.00","0.00","0.00","0.00","NO","","0.00","","8","Hector Crouch","Mark Rimell","43","66","14","66","56","48","51","F","55","56","47","19","10","29","6","14/09/2026 18:00","1m","A/W","E","5","1760","0","4187.00","Bet 20 Pound Get 20 Pound With Unibet Handicap (Class E)","","","","0.00","131","57224-05149","0","0","0","0.00","0.00","0.00","1","1","11","9.09","9.09","0.00","-7.50","37.68","E","5","4397.00","132","1m 13y","1773","50.00","41.00","LLHLH-HPPHL","16.00","10","3","9.5","","5","0","Hcap","Right - Sharp","3yo,70","11/1","11.00","3","3","70","10","10","263","569","306","76","88","75","67","14","","b","g","Countryside","Hello Youmzain","ht","0","0.78","1","11","38.78","25.93","45.45","27.27","5","3","0.00","0.00","1.00","0.00","0.00","0.00","NO","0.00","Male","35.71","36.48","46.38","43.76","0.00","0.00","0.00","","","",""
"14/09/2026","17:30","Kempton","Celtic John","23.00","0.00","0.00","0.00","0.00","0.00","NO","","0.00","","10","Finlay Bassett","Pat Phelan","53","56","21","46","65","56","51","F","53","63","53","20","20","40","2","14/09/2026 17:30","1m","A/W","F","6","1760","7","3140.00","Bet At racingtv.com Apprentice Handicap (Class F)","","","","0.00","126","82-16744067","0","0","0","0.00","0.00","0.00","1","2","20","5.00","10.00","0.00","-16.25","31.40","F","6","3454.00","126","7f 216y","1756","18.32","13.00","HH-HPPHHPHH","6.00","5","5","9.0","D","9","0","Hcap-App","Right - Sharp","3yo+,55","11/1","11.00","3","","55","11","11","252","546","294","70","65","93","66","21","","ch","g","Celtic Ava","Buratino","","0","1.21","1","20","41.84","24.68","10.00","5.00","-4","-3","0.00","0.00","1.00","0.00","0.00","0.00","NO","0.00","Male","48.50","44.44","48.45","49.28","0.00","0.00","0.00","","","",""
"14/09/2026","17:30","Kempton","Wellwhatshappenin","12.00","0.00","0.00","0.00","0.00","0.00","NO","","0.00","","3","Miss Zoe Lewis","David Flood","53","124","20","52","68","52","55","F","55","63","53","29","26","55","2","14/09/2026 17:30","1m","A/W","F","6","1760","3","3140.00","Bet At racingtv.com Apprentice Handicap (Class F)","","","","0.00","132","0/084123-008","0","0","0","0.00","0.00","0.00","1","2","12","8.33","16.67","0.00","3.00","60.00","F","6","6000.00","139","7f 195y","1735","36.44","23.00","H/HHLHPH-HPH","6.00","9","4","9.6","","6","0","Hcap-App","Right - Sharp","3yo+,55","7/1","7.00","3","","55","11","11","301","627","326","74","79","93","80","20","","b","g","Bird Of Light","Smooth Daddy","","0","0.79","1","12","40.88","27.52","16.67","16.67","6","1","0.00","0.00","1.00","0.00","0.00","0.00","NO","0.00","Male","20.94","20.94","21.30","29.86","0.00","0.00","0.00","","","",""
"14/09/2026","17:30","Kempton","Eulalia","12.00","0.00","0.00","0.00","0.00","0.00","NO","","0.00","","8","A Egan","Adam Kirby","38","70","98","46","61","52","46","F","50","55","51","20","3","23","4","14/09/2026 17:30","1m","A/W","F","6","1760","0","3140.00","Bet At racingtv.com Apprentice Handicap (Class F)","","","","0.00","126","84673-800","0","0","0","0.00","0.00","0.00","0","1","8","0.00","12.50","0.00","-8.00","0.00","F","6","3140.00","135","7f","1540","25.00","17.00","HPHHH-PHP","11.00","3","4","9.0","","10","0","Hcap-App","Right - Sharp","3yo+,55","11/1","11.00","3","","55","11","11","210","527","317","84","75","93","65","98","","b","f","Venus Marina","Expert Eye","t","0","1.14","0","8","35.16","18.72","12.50","0.00","-2","-3","0.00","0.00","1.00","0.00","0.00","0.00","NO","0.00","Female","67.39","65.70","60.24","56.33","0.00","0.00","0.00","","","9","2"
"14/09/2026","17:30","Kempton","Lovely Jubly","4.00","0.00","0.00","0.00","0.00","0.00","NO","","0.00","","1","Owen Lewis","Michael Attwater","61","193","68","55","61","49","51","F","48","58","50","43","29","72","6","14/09/2026 17:30","1m","A/W","F","6","1760","0","3140.00","Bet At racingtv.com Apprentice Handicap (Class F)","","","","0.00","135","488800168-1","0","0","0","0.00","0.00","0.00","2","0","11","18.18","0.00","0.00","97.00","32.97","F","6","3140.00","120","1m","1760","60.00","41.00","PHHHHPHPH-L","17.00","7","5","9.9","CD","1","0","Hcap-App","Right - Sharp","3yo+,55","9/2","4.50","3","","55","11","11","313","665","352","70","89","99","94","68","","b","m","Plover","Harry Angel","","0","1.10","2","11","43.40","29.04","36.36","18.18","5","1","0.00","0.00","1.00","0.00","0.00","0.00","NO","0.00","Female","28.38","33.12","33.36","36.26","0.00","0.00","0.00","","","1","0"
"14/09/2026","17:30","Kempton","Knightmare","7.50","0.00","0.00","0.00","0.00","0.00","NO","","0.00","","2","Miss Amy Tucker","David Evans","62","170","16","54","68","57","62","F","63","64","54","32","30","62","8","14/09/2026 17:30","1m","A/W","F","6","1760","7","3140.00","Bet At racingtv.com Apprentice Handicap (Class F)","","","","0.00","134","4325222125","0","0","0","0.00","0.00","0.00","1","8","24","4.17","33.33","0.00","-20.75","34.54","F","6","3664.00","131","1m 2f","2200","5.54","4.33","PLLPLLLPLP","22.00","2","4","9.8","D","4","0","Hcap-App","Right - Sharp","3yo+,55","13/2","6.50","3","","55","11","11","340","511","171","78","70","67","-44","16","","b","g","French Battle","Mehmas","b","0","1.01","1","24","53.93","38.43","20.83","8.33","-2","-1","100.00","100.00","1.00","0.00","0.00","0.00","NO","0.00","Male","53.81","51.51","51.87","48.56","0.00","0.00","0.00","","","",""
"14/09/2026","17:30","Kempton","Snooker McCrew","9.50","0.00","0.00","0.00","0.00","0.00","NO","","0.00","","9","Alfie Redman","Max Comley","57","69","27","47","63","54","52","F","52","59","50","12","8","20","6","14/09/2026 17:30","1m","A/W","F","6","1760","0","3140.00","Bet At racingtv.com Apprentice Handicap (Class F)","","","","0.00","127","45/05917-556","0","0","0","0.00","0.00","0.00","1","0","11","9.09","0.00","0.00","2.00","29.83","F","6","3454.00","128","1m 4f","2640","14.06","10.00","PH/PHHLL-PPP","17.00","6","5","9.1","D","7","0","Hcap-App","Right - Sharp","3yo+,55","18/1","18.00","3","","55","11","11","240","491","251","58","67","85","41","27","","ch","g","Stella Point","Masar","","0","1.15","1","11","40.91","25.74","27.27","18.18","1","1","0.00","0.00","1.00","0.00","0.00","0.00","NO","0.00","Male","71.67","71.67","49.54","45.12","0.00","0.00","0.00","","","",""
"14/09/2026","17:30","Kempton","Mbappe","34.00","0.00","0.00","0.00","0.00","0.00","NO","","0.00","","4","D J Murphy","Daniel Mark Loughnane","59","101","12","54","67","58","51","F","49","65","55","21","25","46","2","14/09/2026 17:30","1m","A/W","F","6","1760","0","3140.00","Bet At racingtv.com Apprentice Handicap (Class F)","","","","0.00","134","378-3167657","0","0","0","0.00","0.00","0.00","4","6","29","13.79","20.69","0.00","19.35","32.45","F","6","3454.00","131","1m","1760","70.00","41.00","HHH-HPHHHHP","6.00","10","5","9.8","CD","5","0","Hcap-App","Right - Sharp","3yo+,55","10/1","10.00","3","","55","11","11","292","629","337","76","88","84","89","12","","b","g","Rive Gauche","Blue Point","p","0","0.78","4","29","49.03","34.94","34.48","24.14","1","1","0.00","0.00","1.00","0.00","0.00","0.00","NO","0.00","Male","30.11","41.57","37.85","40.84","0.00","0.00","0.00","","","",""
"14/09/2026","17:30","Kempton","Calaxy","34.00","0.00","0.00","0.00","0.00","0.00","NO","","0.00","","11","Miss Hope Regan","Daniel Mark Loughnane","0","51","17","55","62","51","60","E","58","62","49","12","8","20","2","14/09/2026 17:30","1m","A/W","F","6","1760","5","3140.00","Bet At racingtv.com Apprentice Handicap (Class F)","","","","0.00","135","51/09084-69-","0","0","0","0.00","0.00","0.00","1","0","11","9.09","0.00","0.00","2.00","34.02","F","6","2980.00","149","7f 218y","1758","72.64","41.00","PH/HHHPH-HHP","6.00","1","4","9.9","","2","0","Hcap-App","Right - Sharp","3yo+,55","18/1","18.00","3","","55","11","11","276","542","266","76","67","59","64","17","","b","f","Star Of Stars","Calyx","","0","0.90","1","11","27.79","17.04","27.27","9.09","3","-1","0.00","0.00","1.00","0.00","0.00","0.00","NO","0.00","Female","30.11","41.57","37.85","40.84","0.00","0.00","0.00","","","",""
"14/09/2026","18:00","Kempton","Flyta","8.00","0.00","0.00","0.00","0.00","0.00","NO","","0.00","","4","Luke Morris","Daniel Mark Loughnane","55","107","37","69","65","55","52","E","55","63","52","25","37","62","6","14/09/2026 18:00","1m","A/W","E","5","1760","0","4187.00","Bet 20 Pound Get 20 Pound With Unibet Handicap (Class E)","","","","0.00","134","98-2402128","0","0","0","0.00","0.00","0.00","1","2","9","11.11","22.22","0.00","-4.00","41.87","E","5","5234.00","133","6f 212y","1532","11.50","10.00","HH-LPHPPPP","16.00","7","3","9.8","","3","0","Hcap","Right - Sharp","3yo,70","17/2","8.50","3","3","70","10","10","317","569","252","64","75","70","43","37","","b","f","Princess Rose","Starman","t","0","1.10","1","9","50.49","40.56","55.56","22.22","7","1","0.00","0.00","1.00","0.00","0.00","0.00","NO","0.00","Female","30.11","41.57","37.85","40.84","0.00","0.00","0.00","","","",""
"14/09/2026","18:00","Kempton","Paranjape","9.50","0.00","0.00","0.00","0.00","0.00","NO","","0.00","","7","Mr Jack Callan","S P C Woods","55","71","13","63","58","55","56","E","56","58","54","22","10","32","4","14/09/2026 18:00","1m","A/W","E","5","1760","0","4187.00","Bet 20 Pound Get 20 Pound With Unibet Handicap (Class E)","","","","0.00","128","5315-274603","0","0","0","0.00","0.00","0.00","1","2","10","10.00","20.00","0.00","-6.00","34.02","F","6","3245.00","135","1m 1y","1761","9.74","9.00","HPPP-PHHHPP","11.00","9","3","9.2","","8","0","Hcap","Right - Sharp","3yo,70","10/1","10.00","3","3","70","10","10","269","519","250","89","82","73","6","13","","b","g","Oksana Astankova","Ardad","p","0","0.79","1","10","57.24","40.45","10.00","10.00","2","1","0.00","0.00","1.00","0.00","0.00","0.00","NO","0.00","Male","46.67","43.33","39.81","38.30","0.00","0.00","0.00","","","",""
"14/09/2026","18:00","Kempton","Unionville","5.00","0.00","0.00","0.00","0.00","0.00","NO","","0.00","","2","Owen Lewis","Michael Attwater","58","185","12","69","63","57","61","E","62","62","53","44","39","83","2","14/09/2026 18:00","1m","A/W","E","5","1760","5","4187.00","Bet 20 Pound Get 20 Pound With Unibet Handicap (Class E)","","","","0.00","134","44-21788341","0","0","0","0.00","0.00","0.00","2","1","11","18.18","9.09","0.00","6.50","43.18","E","5","4187.00","135","7f","1540","14.00","13.00","PL-PLHPHHPH","5.00","6","3","9.8","C","2","0","Hcap","Right - Sharp","3yo,70","9/2","4.50","3","3","70","10","10","347","689","342","69","80","95","98","12","","b","g","Ebrah","Havana Grey","","0","1.15","2","11","61.71","45.71","36.36","18.18","7","3","100.00","100.00","1.00","0.00","0.00","0.00","NO","0.00","Male","28.38","33.12","33.36","36.26","0.00","0.00","0.00","","","",""
"14/09/2026","18:00","Kempton","Loquella","29.00","0.00","0.00","0.00","0.00","0.00","NO","","0.00","","5","Daniel Muscutt","Charlie Johnston","48","82","55","68","61","54","53","D","52","60","54","16","11","27","4","14/09/2026 18:00","1m","A/W","E","5","1760","0","4187.00","Bet 20 Pound Get 20 Pound With Unibet Handicap (Class E)","","","","0.00","133","1-26577","0","0","0","0.00","0.00","0.00","1","1","6","16.67","16.67","0.00","-0.50","34.02","E","5","4187.00","131","6f 18y","1338","57.54","41.00","P-PPPPH","11.00","4","3","9.7","","4","0","Hcap","Right - Sharp","3yo,70","14/1","14.00","3","3","70","10","10","255","577","322","86","86","74","76","55","","b","f","Teofilo's Princess","No Nay Never","","0","1.23","1","6","42.30","31.20","33.33","16.67","2","3","0.00","0.00","1.00","0.00","0.00","0.00","NO","0.00","Female","44.09","41.73","43.59","44.08","0.00","0.00","0.00","","","7","0"
"14/09/2026","18:00","Kempton","Bird Of War","4.50","0.00","0.00","0.00","0.00","0.00","NO","","0.00","","3","Kieran Shoemark","Charles Hills","63","116","20","64","63","54","60","F","61","61","53","31","37","68","4","14/09/2026 18:00","1m","A/W","E","5","1760","0","4187.00","Bet 20 Pound Get 20 Pound With Unibet Handicap (Class E)","","","","0.00","129","79441-85363","0","0","0","0.00","0.00","0.00","1","2","11","9.09","18.18","0.00","-8.50","31.40","F","6","3245.00","135","7f 1y","1541","3.80","3.25","HHLHP-HHPHP","11.00","1","3","9.3","D","7","0","Hcap","Right - Sharp","3yo,70","13/2","6.50","3","3","70","10","10","300","627","327","91","74","90","72","20","","b","c","Invincible Charm","Starspangledbanner","","0","0.90","1","11","54.08","36.13","9.09","9.09","-3","-3","0.00","100.00","1.00","0.00","0.00","0.00","NO","0.00","Male","63.44","67.30","58.90","59.89","0.00","0.00","0.00","","","",""
"14/09/2026","17:30","Kempton","Lady Margret","8.50","0.00","0.00","0.00","0.00","0.00","NO","","0.00","","7","Myla Coppins","Tony Carroll","54","72","14","46","57","49","51","F","54","54","50","14","3","17","4","14/09/2026 17:30","1m","A/W","F","6","1760","0","3140.00","Bet At racingtv.com Apprentice Handicap (Class F)","","","","0.00","126","5670-80604","0","0","0","0.00","0.00","0.00","0","0","9","0.00","0.00","0.00","-9.00","0.00","F","6","3768.00","121","7f 16y","1556","17.50","17.00","HLHH-HHPHP","11.00","8","4","9.0","","8","0","Hcap-App","Right - Sharp","3yo+,55","16/1","16.00","3","","55","11","11","237","547","310","81","88","81","60","14","","br","f","Samara Mara","Waldgeist","","0","1.00","0","9","27.70","12.79","33.33","11.11","7","1","0.00","0.00","1.00","0.00","0.00","0.00","NO","0.00","Female","28.98","33.69","39.21","42.77","0.00","0.00","0.00","","","",""
"14/09/2026","18:00","Kempton","Ahead Of Fashion","19.00","0.00","0.00","0.00","0.00","0.00","NO","","0.00","","10","Harry Davies","Dominic Ffrench Davis","55","40","13","58","63","54","52","F","52","62","54","17","11","28","4","14/09/2026 18:00","1m","A/W","E","5","1760","0","4187.00","Bet 20 Pound Get 20 Pound With Unibet Handicap (Class E)","","","","0.00","123","387-7724564","0","0","0","0.00","0.00","0.00","0","1","15","0.00","6.67","0.00","-15.00","0.00","F","6","3245.00","130","1m 1y","1761","9.97","10.00","PHH-HLLHPPH","11.00","5","3","8.11","","10","0","Hcap","Right - Sharp","3yo,70","13/1","13.00","3","3","70","10","10","226","468","242","59","70","77","36","13","","b","g","Fashion","Dream Ahead","","0","1.21","0","15","42.06","24.94","26.67","13.33","3","1","0.00","0.00","1.00","0.00","0.00","0.00","NO","0.00","Male","47.32","36.09","34.83","39.28","0.00","0.00","0.00","","","",""
"14/09/2026","18:00","Kempton","Berkshire Boom","5.00","0.00","0.00","0.00","0.00","0.00","NO","","0.00","","1","Oisin Murphy","Andrew Balding","57","230","21","62","64","57","53","E","57","61","53","22","17","39","4","14/09/2026 18:00","1m","A/W","E","5","1760","0","4187.00","Bet 20 Pound Get 20 Pound With Unibet Handicap (Class E)","","","","0.00","127","81-7632503","0","0","0","0.00","0.00","0.00","1","1","9","11.11","11.11","0.00","-4.67","92.77","F","6","3768.00","135","1m 31y","1791","3.50","3.00","HP-PPHHPHP","11.00","8","3","9.1","","9","0","Hcap","Right - Sharp","3yo,70","10/1","10.00","3","3","70","10","10","290","643","353","97","99","95","62","21","","b","g","My Wish","Supremacy","","0","1.00","1","9","46.51","32.38","11.11","11.11","-1","-3","0.00","100.00","1.00","0.00","0.00","0.00","NO","0.00","Male","54.21","56.29","59.76","59.67","0.00","0.00","0.00","","","",""
"14/09/2026","19:00","Kempton","Pure Majesty","6.00","0.00","0.00","0.00","0.00","0.00","NO","","0.00","","5","Harry Davies","William Haggas","56","144","40","0","56","54","54","D","54","53","54","0","23","23","2","14/09/2026 19:00","6f","A/W","D","4","1320","0","5940.00","Unibet More Extra Place Races EBF Fillies' Novice Stakes (GBB Race) (Class D)","","","","0.00","128","06","0","0","0","0.00","0.00","0.00","0","0","2","0.00","0.00","0.00","-2.00","0.00","D","4","5400.00","128","6f 3y","1323","4.62","4.33","HP","14.00","6","2","9.2","","9","0","Nov-Fil","Right - Sharp","2yo","","0.00","2","2","","9","9","343","695","352","88","71","93","100","40","","b","f","Majestic Alexander","State Of Rest","","0","1.00","0","2","27.22","10.38","0.00","0.00","-2","-2","0.00","0.00","1.00","0.00","0.00","0.00","NO","0.00","Female","50.81","59.78","61.65","60.68","0.00","0.00","0.00","","","",""
"14/09/2026","20:30","Kempton","Beelzebub","7.00","0.00","0.00","0.00","0.00","0.00","NO","","0.00","","3","Myla Coppins","Tony Carroll","47","110","32","56","67","57","52","F","55","65","56","33","34","67","0","14/09/2026 20:30","6f","A/W","F","6","1320","5","3140.00","Unibet Supports Safer Gambling Handicap (Class F)","","","","0.00","131","8-764470126","0","0","0","0.00","0.00","0.00","4","5","36","11.11","13.89","0.00","-20.63","42.94","F","6","3768.00","134","6f 12y","1332","3.70","3.25","H-HHHHHHHHH","0.00","10","6","9.5","D  BF","6","0","Hcap","Right - Sharp","3yo+,60","6/1","6.00","3","","60","12","12","272","566","294","78","76","70","70","32","","b","g","Hay Chewed","Dark Angel","WS","0","0.64","4","36","55.30","38.08","30.56","16.67","-8","-1","25.00","25.00","1.00","0.00","0.00","0.00","NO","0.00","Male","28.98","33.69","39.21","42.77","0.00","0.00","0.00","","","",""
"14/09/2026","20:30","Kempton","Voodoo Ray","29.00","0.00","0.00","0.00","0.00","0.00","NO","","0.00","","10","Tyler Heard","Gary Moore","45","51","39","46","67","56","51","F","54","65","54","12","8","20","4","14/09/2026 20:30","6f","A/W","F","6","1320","0","3140.00","Unibet Supports Safer Gambling Handicap (Class F)","","","","0.00","121","469549-7046","0","0","0","0.00","0.00","0.00","5","3","41","12.20","7.32","0.00","-19.00","30.88","F","6","4187.00","128","6f 210y","1530","28.00","17.00","PPPPPP-HPHP","9.00","6","7","8.9","D","12","0","Hcap","Right - Sharp","3yo+,60","18/1","18.00","3","","60","12","12","210","458","248","82","66","73","27","39","","ch","g","Midget","Ribchester","b","0","1.00","5","41","41.85","27.90","29.27","19.51","-3","3","20.00","20.00","1.00","0.00","0.00","0.00","NO","0.00","Male","39.14","52.03","51.07","48.66","0.00","0.00","0.00","","","",""
"14/09/2026","20:30","Kempton","Master Dandy","12.00","0.00","0.00","0.00","0.00","0.00","NO","","0.00","","5","Miss Millie Wonnacott","Daisy Hitchins","55","91","13","56","68","56","59","F","60","64","55","29","22","51","6","14/09/2026 20:30","6f","A/W","F","6","1320","5","3140.00","Unibet Supports Safer Gambling Handicap (Class F)","","","","0.00","131","4121870356","0","0","0","0.00","0.00","0.00","4","9","35","11.43","25.71","0.00","-24.75","34.73","F","6","3245.00","135","5f 21y","1121","8.25","7.50","PPPPPPHPPP","14.00","1","6","9.5","D","5","0","Hcap","Right - Sharp","3yo+,60","7/1","7.00","3","","60","12","12","294","579","285","67","69","77","72","13","","ch","g","Honeymead","Dandy Man","p","0","1.26","4","35","47.76","34.18","25.71","20.00","5","1","50.00","75.00","1.00","0.00","0.00","0.00","NO","0.00","Male","22.22","38.59","42.34","34.12","0.00","0.00","0.00","","","",""
"14/09/2026","20:30","Kempton","Happier","4.33","0.00","0.00","0.00","0.00","0.00","NO","","0.00","","1","Toby Moore","Martin Keighley","66","175","14","60","71","57","67","F","66","67","56","37","37","74","4","14/09/2026 20:30","6f","A/W","F","6","1320","7","3140.00","Unibet Supports Safer Gambling Handicap (Class F)","","","","0.00","135","26-04961124","0","0","0","0.00","0.00","0.00","5","8","41","12.20","19.51","0.00","-23.88","36.38","E","5","4711.00","121","5f","1100","8.40","7.50","HP-HPHPPHPP","9.00","4","6","9.9","D","1","0","Hcap","Right - Sharp","3yo+,60","5/1","5.00","3","","60","12","12","345","604","259","79","73","82","25","14","","b","m","Joy For Life","Profitable","","0","1.20","5","41","56.56","41.24","26.83","17.07","15","3","0.00","40.00","1.00","0.00","0.00","0.00","NO","0.00","Female","43.51","39.28","47.56","50.93","0.00","0.00","0.00","","","",""
"14/09/2026","20:00","Kempton","Hibernate","7.50","0.00","0.00","0.00","0.00","0.00","NO","","0.00","","5","Mason Paetel","Ed Dunlop","51","96","17","70","67","57","56","D","56","66","56","29","25","54","8","14/09/2026 20:00","1m 2f 219y","A/W","E","5","2419","3","4187.00","Try Unibet's New Improved Acca Boosts Handicap (Class E)","","","","0.00","142","48-72115242","0","0","0","0.00","0.00","0.00","3","5","21","14.29","23.81","0.00","-11.88","35.59","E","5","4187.00","132","1m 3f 209y","2629","13.00","10.00","LP-PLLHPPPL","22.00","6","4","10.2","","1","0","Hcap","Right - Sharp","3yo+,70","13/2","6.50","3","","70","9","9","322","636","314","80","84","79","71","17","","b","g","Easy Times","Kodiac","","0","1.16","3","21","56.68","41.21","47.62","23.81","3","1","33.33","66.67","1.00","0.00","0.00","0.00","NO","0.00","Male","34.60","37.77","42.89","40.22","0.00","0.00","0.00","","","",""
"14/09/2026","20:00","Kempton","Valentine Boy","10.00","0.00","0.00","0.00","0.00","0.00","NO","","0.00","","5","Jack Dace","Luke Dace","27","96","68","66","68","58","44","E","46","67","55","22","21","43","4","14/09/2026 20:00","1m 2f 219y","A/W","E","5","2419","5","4187.00","Try Unibet's New Improved Acca Boosts Handicap (Class E)","","","","0.00","138","6981-031484","0","0","0","0.00","0.00","0.00","2","1","12","16.67","8.33","0.00","20.75","36.63","E","5","4187.00","136","1m 2f 219y","2419","12.54","10.00","HHLP-HHPPHP","11.00","7","4","9.12","C","3","0","Hcap","Right - Sharp","3yo+,70","9/1","9.00","3","","70","9","9","261","587","326","70","83","87","86","68","","gr","g","Beleave","Havana Grey","h","0","1.04","2","12","54.67","37.29","41.67","25.00","4","-3","0.00","0.00","1.00","0.00","0.00","0.00","NO","0.00","Male","10.80","10.80","39.02","44.55","0.00","0.00","0.00","","","4","0"
"14/09/2026","20:00","Kempton","Johnny Boom","17.00","0.00","0.00","0.00","0.00","0.00","NO","","0.00","","8","Myla Coppins","Shaun Lycett","48","76","92","67","74","57","55","E","49","70","54","17","12","29","4","14/09/2026 20:00","1m 2f 219y","A/W","E","5","2419","5","4187.00","Try Unibet's New Improved Acca Boosts Handicap (Class E)","","","","0.00","139","659/1F-76235","0","0","0","0.00","0.00","0.00","8","8","46","17.39","17.39","77.78","9.71","31.93","D","4","5888.00","126","1m 4f 5y","2645","9.58","8.00","HPH/HH-HHPPH","11.00","9","8","9.13","","2","0","Hcap","Right - Sharp","3yo+,70","12/1","12.00","3","","70","9","9","247","520","273","68","77","78","50","92","293","ch","g","Moody Blue","New Bay","pWS","0","0.89","8","46","52.21","40.27","50.00","30.43","4","1","50.00","50.00","1.00","0.00","0.00","0.00","NO","0.00","Male","45.45","72.08","63.77","51.61","0.00","0.00","0.00","","","5","0"
"14/09/2026","20:00","Kempton","Letmebetheboss","41.00","0.00","0.00","0.00","0.00","0.00","NO","","0.00","","7","George Downing","Tony Carroll","50","80","19","65","67","57","42","E","50","67","54","25","18","43","0","14/09/2026 20:00","1m 2f 219y","A/W","E","5","2419","0","4187.00","Try Unibet's New Improved Acca Boosts Handicap (Class E)","","","","0.00","137","811425104-7","0","0","0","0.00","0.00","0.00","4","5","21","19.05","23.81","0.00","-3.88","38.34","E","5","4187.00","136","1m 5f 219y","3079","44.19","34.00","PPPPPPPHH-H","0.00","3","5","9.11","C","4","0","Hcap","Right - Sharp","3yo+,70","15/2","7.50","3","","70","9","9","272","572","300","80","66","80","74","19","","b","g","Thai Haku","Magna Grecia","WS","0","1.23","4","21","65.41","51.67","47.62","33.33","3","1","25.00","25.00","1.00","0.00","0.00","0.00","NO","0.00","Male","28.98","33.69","39.21","42.77","0.00","0.00","0.00","","","",""
"14/09/2026","20:30","Kempton","Angel Summer","5.50","0.00","0.00","0.00","0.00","0.00","NO","","0.00","","4","B D L Sayette","P Owens","58","107","21","55","65","53","60","E","59","59","53","31","13","44","0","14/09/2026 20:30","6f","A/W","F","6","1320","0","3140.00","Unibet Supports Safer Gambling Handicap (Class F)","","","","0.00","128","74-3649652","0","0","0","0.00","0.00","0.00","0","1","9","0.00","11.11","0.00","-9.00","0.00","F","6","3768.00","123","6f 12y","1332","15.04","13.00","HP-PLHPHHH","0.00","2","3","9.2","","9","0","Hcap","Right - Sharp","3yo+,60","13/2","6.50","3","","60","12","12","241","518","277","54","86","65","72","21","","b","f","Summer Sunday","Dark Angel","t","0","1.38","0","9","42.54","25.06","44.44","33.33","5","3","0.00","0.00","1.00","0.00","0.00","0.00","NO","0.00","Female","30.77","24.48","39.41","50.61","0.00","0.00","0.00","","","",""
"14/09/2026","20:30","Kempton","Red Legs","23.00","0.00","0.00","0.00","0.00","0.00","NO","","0.00","","12","Muhammet Talha Ertal","Martin Dunne","40","26","31","48","52","37","41","D","40","40","39","0","3","3","0","14/09/2026 20:30","6f","A/W","F","6","1320","7","3140.00","Unibet Supports Safer Gambling Handicap (Class F)","","","","0.00","121","8749","0","0","0","0.00","0.00","0.00","0","0","4","0.00","0.00","0.00","-4.00","0.00","F","6","3454.00","131","6f 3y","1323","36.00","26.00","HHHH","0.00","7","3","8.9","","11","0","Hcap","Right - Sharp","3yo+,60","","0.00","3","","60","12","12","156","469","313","82","57","91","83","31","","ch","f","Maximize","Charming Thought","","0","0.81","0","4","9.13","1.74","25.00","25.00","0","1","0.00","0.00","1.00","0.00","0.00","0.00","NO","0.00","Female","65.24","71.85","68.68","45.51","0.00","0.00","0.00","","","",""
"14/09/2026","20:30","Kempton","Kodicall","4.00","0.00","0.00","0.00","0.00","0.00","NO","","0.00","","7","William Cox","J S Moore","65","69","14","60","65","57","57","D","58","58","56","0","47","47","8","14/09/2026 20:30","6f","A/W","F","6","1320","0","3140.00","Unibet Supports Safer Gambling Handicap (Class F)","","","","0.00","133","5251","0","0","0","0.00","0.00","0.00","1","1","4","25.00","25.00","0.00","9.00","54.00","D","4","5400.00","129","6f 16y","1336","20.00","13.00","PPPL","18.00","5","3","9.7","D","4","0","Hcap","Right - Sharp","3yo+,60","","0.00","3","","60","12","12","317","577","260","64","54","59","83","14","","b","g","Kodicat","Soldier's Call","","0","1.10","1","4","61.67","46.56","75.00","50.00","4","3","100.00","100.00","1.00","0.00","0.00","0.00","NO","0.00","Male","24.82","37.34","46.21","50.38","0.00","0.00","0.00","","","",""
"14/09/2026","20:30","Kempton","Athena's War","51.00","0.00","0.00","0.00","0.00","0.00","NO","","0.00","","9","Alfie Redman","Simon Hodgson","52","60","20","57","53","51","49","E","52","52","50","11","3","14","6","14/09/2026 20:30","6f","A/W","F","6","1320","7","3140.00","Unibet Supports Safer Gambling Handicap (Class F)","","","","0.00","130","654-787","0","0","0","0.00","0.00","0.00","0","0","6","0.00","0.00","0.00","-6.00","0.00","F","6","3245.00","123","7f 1y","1541","135.64","81.00","HLP-LPH","14.00","9","3","9.4","","7","0","Hcap","Right - Sharp","3yo+,60","20/1","20.00","3","","60","12","12","208","472","264","74","65","78","47","20","","b","f","Sky Garden","Catholic Boy","","0","0.67","0","6","40.79","20.73","33.33","16.67","0","1","0.00","0.00","1.00","0.00","0.00","0.00","NO","0.00","Female","40.88","40.88","38.63","38.49","0.00","0.00","0.00","","","",""
"14/09/2026","20:30","Kempton","Fort Augustus","26.00","0.00","0.00","0.00","0.00","0.00","NO","","0.00","","8","Christian Howarth","Charlie Wallis","57","65","102","58","64","57","57","F","57","62","57","19","25","44","2","14/09/2026 20:30","6f","A/W","F","6","1320","3","3140.00","Unibet Supports Safer Gambling Handicap (Class F)","","","","0.00","133","8-574261610","0","0","0","0.00","0.00","0.00","2","4","21","9.52","19.05","0.00","-3.50","37.16","F","6","3664.00","129","7f 1y","1541","43.98","26.00","H-HHHPPHPHH","5.00","12","4","9.7","","3","0","Hcap","Right - Sharp","3yo+,60","11/1","11.00","3","","60","12","12","258","535","277","67","67","81","62","102","","b","g","Wild Abandon","Blue Point","hp","0","0.65","2","21","54.19","36.11","19.05","9.52","-5","-1","50.00","50.00","1.00","0.00","0.00","0.00","NO","0.00","Male","50.00","37.50","34.28","31.96","0.00","0.00","0.00","","","10","0"
"14/09/2026","20:30","Kempton","Chasing Gold","13.00","0.00","0.00","0.00","0.00","0.00","NO","","0.00","","2","Luke Morris","Michael Keady","55","154","13","58","71","55","58","F","60","62","50","27","37","64","8","14/09/2026 20:30","6f","A/W","F","6","1320","0","3140.00","Unibet Supports Safer Gambling Handicap (Class F)","","","","0.00","133","6433-U14237","0","0","0","0.00","0.00","0.00","1","4","19","5.26","21.05","0.00","-12.50","37.68","F","6","4711.00","134","6f 21y","1341","8.60","6.50","HPHP-HPHLLH","18.00","11","4","9.7","D","2","0","Hcap","Right - Sharp","3yo+,60","15/2","7.50","3","","60","12","12","317","495","178","58","84","69","-33","13","","b","g","Invaluable","Twilight Son","bWS","0","0.68","1","19","49.10","33.25","15.79","10.53","3","1","0.00","0.00","1.00","0.00","0.00","0.00","NO","0.00","Male","37.96","30.76","37.97","35.97","0.00","0.00","0.00","","","",""
"14/09/2026","20:30","Kempton","Barry The Worm","12.00","0.00","0.00","0.00","0.00","0.00","NO","","0.00","","11","Jack Dace","Edward Smyth-Osbourne","60","46","21","50","60","51","57","F","56","58","50","18","8","26","2","14/09/2026 20:30","6f","A/W","F","6","1320","5","3140.00","Unibet Supports Safer Gambling Handicap (Class F)","","","","0.00","123","95631-60785","0","0","0","0.00","0.00","0.00","1","0","12","8.33","0.00","0.00","0.00","31.40","F","6","3454.00","127","6f 210y","1530","31.74","26.00","HHHPH-PPHHP","5.00","3","3","8.11","D","10","0","Hcap","Right - Sharp","3yo+,60","12/1","12.00","3","","60","12","12","221","538","317","74","84","91","68","21","","ch","g","Biri's Angel","Lope Y Fernandez","b","0","1.38","1","12","41.44","22.83","16.67","16.67","0","-1","0.00","0.00","1.00","0.00","0.00","0.00","NO","0.00","Male","33.46","38.20","36.10","39.74","0.00","0.00","0.00","","","",""
"14/09/2026","20:30","Kempton","Roy Lane","9.50","0.00","0.00","0.00","0.00","0.00","NO","","0.00","","6","Daniel Muscutt","James Fanshawe","53","90","62","57","53","47","43","F","47","48","44","13","3","16","4","14/09/2026 20:30","6f","A/W","F","6","1320","0","3140.00","Unibet Supports Safer Gambling Handicap (Class F)","","","","0.00","130","6-066","0","0","0","0.00","0.00","0.00","0","0","4","0.00","0.00","0.00","-4.00","0.00","F","6","4004.00","135","5f","1100","14.50","11.00","P-PPH","9.00","8","3","9.4","","8","0","Hcap","Right - Sharp","3yo+,60","16/1","16.00","3","","60","12","12","189","559","370","99","92","100","79","62","","b","g","Sacre Coeur","Showcasing","","0","0.78","0","4","16.21","4.23","25.00","0.00","-2","-1","0.00","0.00","1.00","0.00","0.00","0.00","NO","0.00","Male","46.35","46.68","55.42","55.94","0.00","0.00","0.00","","","6","0"
"14/09/2026","20:00","Kempton","Knight Of Storms","8.00","0.00","0.00","0.00","0.00","0.00","NO","","0.00","","9","Luke Morris","David Simcock","54","49","62","59","57","54","53","C","54","54","53","0","10","10","0","14/09/2026 20:00","1m 2f 219y","A/W","E","5","2419","0","4187.00","Try Unibet's New Improved Acca Boosts Handicap (Class E)","","","","0.00","124","045","0","0","0","0.00","0.00","0.00","0","0","3","0.00","0.00","0.00","-3.00","0.00","C","3","6281.00","130","1m 2f","2200","259.34","151.00","HHH","0.00","2","3","8.12","","9","0","Hcap","Right - Sharp","3yo+,70","","0.00","3","","70","9","9","221","554","333","91","76","86","80","62","","b","c","Lightning Thunder","Camelot","","0","1.08","0","3","15.00","3.42","33.33","0.00","1","1","0.00","0.00","1.00","0.00","0.00","0.00","NO","0.00","Male","23.54","47.79","56.74","54.93","0.00","0.00","0.00","","","6","-1"
"14/09/2026","19:30","Kempton","Encore","2.75","0.00","0.00","0.00","0.00","0.00","NO","","0.00","","1","Harry Davies","William Haggas","47","289","21","0","57","52","52","E","52","47","52","30","53","83","0","14/09/2026 19:30","6f","A/W","D","4","1320","0","5400.00","Unibet 3 Uniboosts A Day Fillies' Novice Stakes (GBB Race) (Class D)","","","","0.00","130","5-2","0","0","0","0.00","0.00","0.00","0","1","2","0.00","50.00","0.00","-2.00","0.00","D","4","5400.00","131","6f 12y","1332","2.18","2.00","H-H","0.00","1","4","9.4","BF","1","0","Nov-Fil","Right - Sharp","3yo+","6/5","1.20","3","","","9","9","354","694","340","88","78","94","80","21","","b","f","Black Dahlia","Hello Youmzain","","0","1.26","0","2","62.50","40.63","0.00","0.00","-2","-2","0.00","0.00","1.00","0.00","0.00","0.00","NO","0.00","Female","50.81","59.78","61.65","60.68","0.00","0.00","0.00","","","",""
"14/09/2026","19:30","Kempton","Forbidden Colours","3.50","0.00","0.00","0.00","0.00","0.00","NO","","0.00","","3","Kieran Shoemark","Ed Walker","66","157","49","69","66","53","52","D","58","58","52","13","18","31","6","14/09/2026 19:30","6f","A/W","D","4","1320","0","5400.00","Unibet 3 Uniboosts A Day Fillies' Novice Stakes (GBB Race) (Class D)","","","","0.00","128","4-5484","0","0","0","0.00","0.00","0.00","0","0","5","0.00","0.00","0.00","-5.00","0.00","D","4","5234.00","130","7f 50y","1590","4.40","3.75","H-HLHP","33.00","2","3","9.2","","4","0","Nov-Fil","Right - Sharp","3yo+","4/1","4.00","3","","","9","9","352","666","314","88","86","91","49","49","","b","f","Lady Macbeth","Kingman","b1","0","1.38","0","5","46.87","24.64","20.00","20.00","-5","-3","0.00","0.00","1.00","0.00","0.00","0.00","NO","0.00","Female","46.31","49.58","52.20","52.93","0.00","0.00","0.00","","","",""
"14/09/2026","19:30","Kempton","Mystic Veil","7.50","0.00","0.00","0.00","0.00","0.00","NO","","0.00","","2","Luke Morris","Archie Watson","49","179","33","0","49","49","49","D","49","","49","0","12","12","0","14/09/2026 19:30","6f","A/W","D","4","1320","0","5400.00","Unibet 3 Uniboosts A Day Fillies' Novice Stakes (GBB Race) (Class D)","","","","0.00","128","3","0","0","0","0.00","0.00","0.00","0","0","1","0.00","0.00","0.00","-1.00","0.00","D","4","5400.00","128","6f","1320","9.00","7.50","H","0.00","5","3","9.2","","6","0","Nov-Fil","Right - Sharp","3yo+","","0.00","3","","","9","9","311","664","353","93","79","81","100","33","","ch","f","Fascinator","Showcasing","","0","1.10","0","1","0.00","0.00","100.00","0.00","1","1","0.00","0.00","1.00","0.00","0.00","0.00","NO","0.00","Female","49.17","50.64","44.66","47.82","0.00","0.00","0.00","","","",""
"14/09/2026","19:30","Kempton","Spareapenny","201.00","0.00","0.00","0.00","0.00","0.00","NO","","0.00","","8","B D L Sayette","P Owens","36","44","26","0","36","36","36","D","36","36","36","11","13","24","6","14/09/2026 19:30","6f","A/W","D","4","1320","0","5400.00","Unibet 3 Uniboosts A Day Fillies' Novice Stakes (GBB Race) (Class D)","","","","0.00","128","59","0","0","0","0.00","0.00","0.00","0","0","2","0.00","0.00","0.00","-2.00","0.00","D","4","5400.00","128","7f","1540","1000.00","301.00","PL","33.00","9","3","9.2","","8","0","Nov-Fil","Right - Sharp","3yo+","5/1","5.00","3","","","9","9","331","562","231","66","77","70","18","26","","b","f","Sunny Side Up","Eqtidaar","","0","0.67","0","2","0.00","0.00","50.00","50.00","2","2","0.00","0.00","1.00","0.00","0.00","0.00","NO","0.00","Female","30.77","24.48","39.41","50.61","0.00","0.00","0.00","","","",""
"14/09/2026","19:00","Kempton","Nonrem","23.00","0.00","0.00","0.00","0.00","0.00","NO","","0.00","","6","Mr Jack Callan","Brian Meehan","44","105","31","0","44","43","43","B","43","42","43","0","10","10","2","14/09/2026 19:00","6f","A/W","D","4","1320","0","5940.00","Unibet More Extra Place Races EBF Fillies' Novice Stakes (GBB Race) (Class D)","","","","0.00","128","65","0","0","0","0.00","0.00","0.00","0","0","2","0.00","0.00","0.00","-2.00","0.00","B","2","21600.00","128","6f","1320","140.00","67.00","HP","14.00","3","2","9.2","","7","0","Nov-Fil","Right - Sharp","2yo","","0.00","2","2","","9","9","321","658","337","72","90","75","100","31","","b","f","Peaceful Dream","Oasis Dream","t1","0","1.38","0","2","0.00","0.00","50.00","50.00","0","0","0.00","0.00","1.00","0.00","0.00","0.00","NO","0.00","Female","58.57","64.31","66.79","58.67","0.00","0.00","0.00","","","",""
"14/09/2026","19:00","Kempton","Lady Jemima","29.00","0.00","0.00","0.00","0.00","0.00","NO","","0.00","","4","Luke Morris","James Owen","51","165","152","0","51","51","51","B","51","","51","0","18","18","0","14/09/2026 19:00","6f","A/W","D","4","1320","0","5940.00","Unibet More Extra Place Races EBF Fillies' Novice Stakes (GBB Race) (Class D)","","","","0.00","128","7","0","0","0","0.00","0.00","0.00","0","0","1","0.00","0.00","0.00","-1.00","0.00","B","2","10823.00","128","5f","1100","19.50","15.00","H","0.00","4","2","9.2","","5","0","Nov-Fil","Right - Sharp","2yo","","0.00","2","2","","9","9","320","669","349","92","72","85","100","152","","b","f","Pretty Pollyanna","St Mark's Basilica","","0","1.20","0","1","14.29","2.04","0.00","0.00","-1","-1","0.00","0.00","1.00","0.00","0.00","0.00","NO","0.00","Female","46.56","49.97","47.16","54.75","0.00","0.00","0.00","","","7","0"
"14/09/2026","19:30","Kempton","March Of Time","8.00","0.00","0.00","0.00","0.00","0.00","NO","","0.00","","6","George Bass","Jack Channon","54","89","55","64","54","51","51","D","51","51","51","0","5","5","4","14/09/2026 19:30","6f","A/W","D","4","1320","0","5400.00","Unibet 3 Uniboosts A Day Fillies' Novice Stakes (GBB Race) (Class D)","","","","0.00","128","345","0","0","0","0.00","0.00","0.00","0","1","3","0.00","33.33","0.00","-3.00","0.00","D","4","5400.00","128","6f 18y","1338","8.40","6.00","PHP","22.00","6","3","9.2","","5","0","Nov-Fil","Right - Sharp","3yo+","","0.00","3","","","9","9","310","649","339","82","75","82","100","55","","b","f","Time Over","Invincible Spirit","","0","1.00","0","3","48.54","28.37","0.00","0.00","-3","-3","0.00","0.00","1.00","0.00","0.00","0.00","NO","0.00","Female","40.03","40.95","47.47","50.83","0.00","0.00","0.00","","","5","0"
"14/09/2026","19:00","Kempton","Guadalevin","2.88","0.00","0.00","0.00","0.00","0.00","NO","","0.00","","2","Daniel Muscutt","Charlie Fellowes","51","250","26","80","67","51","58","A","58","58","52","26","33","59","4","14/09/2026 19:00","6f","A/W","D","4","1320","0","5940.00","Unibet More Extra Place Races EBF Fillies' Novice Stakes (GBB Race) (Class D)","","","","0.00","128","32462","0","0","0","0.00","0.00","0.00","0","2","5","0.00","40.00","0.00","-5.00","0.00","D","4","5400.00","128","5f 182y","1282","2.46","2.20","HHPHP","29.00","2","2","9.2","BF","4","0","Nov-Fil","Right - Sharp","2yo","","0.00","2","2","","9","9","371","659","288","69","85","82","52","26","","b","f","Creme Anglaise","State Of Rest","h1","0","1.38","0","5","63.31","44.56","40.00","20.00","1","1","0.00","0.00","1.00","0.00","0.00","0.00","NO","0.00","Female","57.14","56.33","57.70","58.12","0.00","0.00","0.00","","","",""
"14/09/2026","20:00","Kempton","Three Socks On","5.50","0.00","0.00","0.00","0.00","0.00","NO","","0.00","","4","Mr Jack Callan","Roger Teal","52","104","65","63","73","52","52","E","52","57","54","23","45","68","6","14/09/2026 20:00","1m 2f 219y","A/W","E","5","2419","0","4187.00","Try Unibet's New Improved Acca Boosts Handicap (Class E)","","","","0.00","128","888-11433","0","0","0","0.00","0.00","0.00","2","0","8","25.00","0.00","0.00","-1.50","35.59","E","5","4580.00","126","1m 1f 201y","2181","2.72","2.63","PHP-PPPPP","17.00","4","3","9.2","BF","8","0","Hcap","Right - Sharp","3yo+,70","17/2","8.50","3","","70","9","9","304","645","341","78","89","92","82","65","","b","g","Diamond Drop","Ghaiyyath","p1","0","1.04","2","8","60.27","44.47","25.00","25.00","0","-3","50.00","50.00","1.00","0.00","0.00","0.00","NO","0.00","Male","37.64","41.68","58.51","50.23","0.00","0.00","0.00","","","3","0"
"14/09/2026","20:00","Kempton","Sax Avoidance","4.33","0.00","0.00","0.00","0.00","0.00","NO","","0.00","","1","Kieren Fox","Charlie Pike","64","203","3","70","64","59","61","E","60","60","52","36","36","72","6","14/09/2026 20:00","1m 2f 219y","A/W","E","5","2419","0","4187.00","Try Unibet's New Improved Acca Boosts Handicap (Class E)","","","","0.00","135","5431","0","0","0","0.00","0.00","0.00","1","0","4","25.00","0.00","0.00","19.00","45.80","E","5","4580.00","129","1m 1f 201y","2181","26.00","23.00","HPHL","17.00","1","3","9.9","","5","0","Hcap","Right - Sharp","3yo+,70","5/1","5.00","3","","70","9","9","363","638","275","64","65","72","74","3","","ch","f","Spindrift","Saxon Warrior","","6","0.97","1","4","51.67","40.11","75.00","50.00","4","3","0.00","0.00","1.00","0.00","0.00","0.00","NO","0.00","Female","67.95","64.45","61.19","46.67","0.00","0.00","0.00","","","",""
"14/09/2026","20:00","Kempton","Hot Silk","5.00","0.00","0.00","0.00","0.00","0.00","NO","","0.00","","2","Oisin Murphy","James Fanshawe","56","149","19","67","60","56","58","E","58","60","55","39","20","59","4","14/09/2026 20:00","1m 2f 219y","A/W","E","5","2419","0","4187.00","Try Unibet's New Improved Acca Boosts Handicap (Class E)","","","","0.00","132","6-444325","0","0","0","0.00","0.00","0.00","0","1","7","0.00","14.29","0.00","-7.00","0.00","E","5","4187.00","127","1m 3f 219y","2639","6.00","5.00","H-PPPHPP","11.00","8","3","9.6","","7","0","Hcap","Right - Sharp","3yo+,70","9/2","4.50","3","","70","9","9","297","630","333","96","99","92","46","19","","b","f","Silk Sari","Too Darn Hot","p","0","1.18","0","7","45.24","24.91","42.86","28.57","1","-1","0.00","0.00","1.00","0.00","0.00","0.00","NO","0.00","Female","46.35","46.68","55.42","55.94","0.00","0.00","0.00","","","",""
"14/09/2026","20:00","Kempton","Extraterrestrial","6.00","0.00","0.00","0.00","0.00","0.00","NO","","0.00","","3","Daniel Muscutt","Simon and Ed Crisford","59","124","85","68","66","55","51","E","52","59","53","26","33","59","4","14/09/2026 20:00","1m 2f 219y","A/W","E","5","2419","0","4187.00","Try Unibet's New Improved Acca Boosts Handicap (Class E)","","","","0.00","133","5-43332052","0","0","0","0.00","0.00","0.00","0","4","9","0.00","44.44","0.00","-9.00","0.00","E","5","4397.00","122","1m 1f 207y","2187","5.64","5.00","P-HHLPPPHP","11.00","5","3","9.7","","6","0","Hcap","Right - Sharp","3yo+,70","15/2","7.50","3","","70","9","9","283","598","315","97","84","89","45","85","","ch","g","My Twinkle","Space Blues","WS","0","0.92","0","9","43.88","31.43","22.22","11.11","-1","-1","0.00","0.00","1.00","0.00","0.00","0.00","NO","0.00","Male","49.02","46.71","46.80","55.79","0.00","0.00","0.00","","","2","0"
"14/09/2026","19:30","Kempton","Missmisfortune","19.00","0.00","0.00","0.00","0.00","0.00","NO","","0.00","","9","Kieren Fox","Charlie Pike","","26","","0","","","","","","","","0","13","13","0","14/09/2026 19:30","6f","A/W","D","4","1320","0","5400.00","Unibet 3 Uniboosts A Day Fillies' Novice Stakes (GBB Race) (Class D)","","","","0.00","130","","0","0","0","0.00","0.00","0.00","0","0","0","0.00","0.00","0.00","0.00","0.00","","","0.00","","","0","0.00","0.00","","0.00","3","4","9.4","","2","0","Nov-Fil","Right - Sharp","3yo+","","0.00","3","","","9","9","306","614","308","67","68","73","100","","","b","f","Dawn Choir","Earthlight","h1","0","1.38","0","0","0.00","0.00","0.00","0.00","","","0.00","0.00","1.00","0.00","0.00","0.00","NO","0.00","Female","67.95","64.45","61.19","46.67","0.00","0.00","0.00","","","",""
"14/09/2026","19:30","Kempton","Pink Pyjamas","51.00","0.00","0.00","0.00","0.00","0.00","NO","","0.00","","5","Daniel Muscutt","Peter Chapple-Hyam","40","105","45","0","40","40","40","D","40","","40","13","17","30","2","14/09/2026 19:30","6f","A/W","D","4","1320","0","5400.00","Unibet 3 Uniboosts A Day Fillies' Novice Stakes (GBB Race) (Class D)","","","","0.00","128","8","0","0","0","0.00","0.00","0.00","0","0","1","0.00","0.00","0.00","-1.00","0.00","D","4","5400.00","128","7f 36y","1576","49.18","34.00","P","11.00","8","3","9.2","","7","0","Nov-Fil","Right - Sharp","3yo+","4/1","4.00","3","","","9","9","336","664","328","81","91","79","77","45","","b","f","Luna Moon","Mohaather","","0","0.78","0","1","22.22","4.94","0.00","0.00","-1","-1","0.00","0.00","1.00","0.00","0.00","0.00","NO","0.00","Female","76.68","69.89","58.76","46.10","0.00","0.00","0.00","","","",""
"14/09/2026","19:30","Kempton","Tilsworth Boe","51.00","0.00","0.00","0.00","0.00","0.00","NO","","0.00","","7","Jonny Peate","J R Jenkins","","47","","0","","","","","","","","0","5","5","0","14/09/2026 19:30","6f","A/W","D","4","1320","0","5400.00","Unibet 3 Uniboosts A Day Fillies' Novice Stakes (GBB Race) (Class D)","","","","0.00","128","","0","0","0","0.00","0.00","0.00","0","0","0","0.00","0.00","0.00","0.00","0.00","","","0.00","","","0","0.00","0.00","","0.00","7","3","9.2","","9","0","Nov-Fil","Right - Sharp","3yo+","","0.00","3","","","9","9","290","612","322","73","67","82","100","","","b","f","Tilsworth Rose","Planteur","","0","0.81","0","0","0.00","0.00","0.00","0.00","","","0.00","0.00","1.00","0.00","0.00","0.00","NO","0.00","Female","38.52","43.89","42.12","39.11","0.00","0.00","0.00","","","",""
"14/09/2026","19:30","Kempton","Astronette","4.50","0.00","0.00","0.00","0.00","0.00","NO","","0.00","","4","Oisin Murphy","Tom Dascombe","","136","","0","","","","","","","","0","13","13","0","14/09/2026 19:30","6f","A/W","D","4","1320","0","5400.00","Unibet 3 Uniboosts A Day Fillies' Novice Stakes (GBB Race) (Class D)","","","","0.00","128","","0","0","0","0.00","0.00","0.00","0","0","0","0.00","0.00","0.00","0.00","0.00","","","0.00","","","0","0.00","0.00","","0.00","4","3","9.2","","3","0","Nov-Fil","Right - Sharp","3yo+","","0.00","3","","","9","9","306","671","365","83","100","82","100","","","b","f","Camachita","Starman","","0","1.20","0","0","0.00","0.00","0.00","0.00","","","0.00","0.00","1.00","0.00","0.00","0.00","NO","0.00","Female","5.56","23.61","42.65","42.05","0.00","0.00","0.00","","","",""
"14/09/2026","17:30","Kempton","Ocean Force","3.25","0.00","0.00","0.00","0.00","0.00","NO","","0.00","","5","Toby Moore","Gary Moore","56","87","25","54","56","48","51","F","49","49","48","10","3","13","0","14/09/2026 17:30","1m","A/W","F","6","1760","0","3140.00","Bet At racingtv.com Apprentice Handicap (Class F)","","","","0.00","134","75566","0","0","0","0.00","0.00","0.00","0","0","5","0.00","0.00","0.00","-5.00","0.00","F","6","3245.00","130","1m 1y","1761","3.70","2.88","HHHHH","0.00","11","5","9.8","BF","3","0","Hcap-App","Right - Sharp","3yo+,55","22/1","22.00","3","","55","11","11","200","489","289","91","82","73","43","25","","gr","g","Balaagha","El Kabeir","t1","0","1.14","0","5","34.71","13.68","20.00","0.00","-1","-1","0.00","0.00","1.00","0.00","0.00","0.00","NO","0.00","Male","39.14","52.03","51.07","48.66","0.00","0.00","0.00","","","",""
"14/09/2026","16:42","Windsor","Keeper Of Secrets","10.00","0.00","0.00","0.00","0.00","0.00","NO","","0.00","","6","Billy Loughnane","Ian Williams","51","64","31","46","59","50","49","F","51","58","45","7","3","10","8","14/09/2026 16:42","1m 3f 99y","Turf","F","6","2519","0","3768.00","NSI Fire & Security Handicap (Class F)","","","","0.00","126","0/00-8844775","0","0","0","0.00","0.00","0.00","0","0","11","0.00","0.00","0.00","-11.00","0.00","F","6","3454.00","135","1m 3y","1763","110.00","51.00","L/HH-HHPPPLP","16.00","9","5","9.0","","8","0","Hcap","Right - Sharp","3yo+,55","25/1","25.00","3","","55","11","11","215","522","307","78","85","68","76","31","","b","g","Silkenveil","Pearl Secret","p","0","0.86","0","11","23.35","9.41","36.36","9.09","3","1","0.00","0.00","1.00","0.00","0.00","0.00","NO","0.00","Male","39.82","41.61","41.81","45.66","0.00","0.00","0.00","","","",""
"14/09/2026","16:42","Windsor","Shabu Shabu","13.00","0.00","0.00","0.00","0.00","0.00","NO","","0.00","","9","Ray Dawson","Matt Crawley","62","46","142","50","64","51","51","F","49","62","51","13","16","29","6","14/09/2026 16:42","1m 3f 99y","Turf","F","6","2519","0","3768.00","NSI Fire & Security Handicap (Class F)","","","","0.00","130","4217020-607","0","0","0","0.00","0.00","0.00","1","3","14","7.14","21.43","0.00","-11.90","37.68","F","6","3140.00","127","1m 2f","2200","41.18","26.00","PHLLPHH-PLH","12.00","4","4","9.4","D","6","0","Hcap","Right - Sharp","3yo+,55","13/1","13.00","3","","55","11","11","263","566","303","66","75","79","83","142","","ch","g","Saturday Girl","Australia","","0","0.77","1","14","47.52","33.29","28.57","7.14","-2","1","0.00","0.00","1.00","0.00","0.00","0.00","NO","0.00","Male","60.00","60.00","55.00","58.75","0.00","0.00","0.00","","","9","-2"
"14/09/2026","16:42","Windsor","Time After Time","7.50","0.00","0.00","0.00","0.00","0.00","NO","","0.00","","8","Marco Ghiani","Heather Main","62","52","17","55","67","53","56","E","54","64","52","6","14","20","2","14/09/2026 16:42","1m 3f 99y","Turf","F","6","2519","0","3768.00","NSI Fire & Security Handicap (Class F)","","","","0.00","135","755115-0648","0","0","0","0.00","0.00","0.00","2","0","13","15.38","0.00","0.00","0.50","74.84","E","5","5574.00","123","1m 1f 197y","2177","74.35","51.00","HHHHPP-HHPH","4.00","7","4","9.9","","2","0","Hcap","Right - Sharp","3yo+,55","28/1","28.00","3","","55","11","11","278","591","313","61","91","86","75","17","","b","f","Medoras Childe","Time Test","p","0","0.94","2","13","37.59","25.06","23.08","23.08","3","1","0.00","0.00","1.00","0.00","0.00","0.00","NO","0.00","Female","30.56","31.79","36.48","32.05","0.00","0.00","0.00","","","",""
"14/09/2026","16:42","Windsor","Electric Bass","5.50","0.00","0.00","0.00","0.00","0.00","NO","","0.00","","2","Jack Mitchell","Roger Teal","61","146","12","55","69","61","58","F","59","65","58","27","16","43","8","14/09/2026 16:42","1m 3f 99y","Turf","F","6","2519","0","3768.00","NSI Fire & Security Handicap (Class F)","","","","0.00","135","32255-22534","0","0","0","0.00","0.00","0.00","0","5","16","0.00","31.25","0.00","-16.00","0.00","F","6","3454.00","131","1m","1760","9.80","8.50","HLPPP-PPLPP","16.00","1","4","9.9","","3","0","Hcap","Right - Sharp","3yo+,55","11/2","5.50","3","","55","11","11","317","516","199","71","84","68","-24","12","","b","g","Bassinet","Cable Bay","t1","0","0.94","0","16","62.14","44.01","18.75","12.50","-2","-3","0.00","0.00","1.00","0.00","0.00","0.00","NO","0.00","Male","37.64","41.68","58.51","50.23","0.00","0.00","0.00","","","",""
"14/09/2026","16:42","Windsor","Jimmy Mark","10.00","0.00","0.00","0.00","0.00","0.00","NO","","0.00","","4","Kieran O'Neill","Zoe Hawkins","48","88","20","53","72","56","49","F","48","68","55","25","22","47","2","14/09/2026 16:42","1m 3f 99y","Turf","F","6","2519","0","3768.00","NSI Fire & Security Handicap (Class F)","","","","0.00","133","52685-25277","0","0","0","0.00","0.00","0.00","5","8","35","14.29","22.86","0.00","-6.00","31.82","F","6","3245.00","138","1m 2f","2200","5.65","5.00","HHPHH-PPHHP","4.00","3","6","9.7","D","5","0","Hcap","Right - Sharp","3yo+,55","13/2","6.50","3","","55","11","11","284","504","220","67","63","83","7","20","","b","g","Kodi Da Capo","Intrinsic","t","0","0.94","5","35","58.62","42.76","31.43","17.14","-1","-1","80.00","100.00","1.00","0.00","0.00","0.00","NO","0.00","Male","48.95","48.95","38.98","44.41","0.00","0.00","0.00","","","",""
"14/09/2026","16:30","Sedgefield","Mr Globalist","26.00","0.00","0.00","0.00","0.00","0.00","NO","","0.00","","7","Leah Noreci","Elizabeth Quinlan","49","58","16","73","64","50","51","G","52","63","45","20","13","33","6","14/09/2026 16:30","2m 178y","Hurdle","G","5","3698","7","3248.00","Sedgefield Racecourse For Outdoor Events Novices' Limited Handicap Hurdle (Class G)","","","","0.00","145","6-553446348","0","0","0","0.00","0.00","0.00","0","5","43","0.00","11.63","90.91","-43.00","0.00","G","5","4198.00","142","2m 1f 46y","3786","34.00","26.00","P-HPPPHHPPP","16.00","0","7","10.5","","10","0","Hcap-Nov-Hdle","Left - Sharp / Undulating","3yo+,95","9/1","9.00","3","","95","10","10","292","525","233","74","67","72","20","523","16","ch","g","Trimurti","Highland Reel","p","0","0.00","0","43","44.30","26.25","27.91","11.63","15","-1","0.00","0.00","1.00","0.00","0.00","0.00","NO","0.00","Male","53.33","39.72","42.11","40.31","0.00","0.00","0.00","","","",""
"14/09/2026","16:42","Windsor","Offiah's Boy","9.00","0.00","0.00","0.00","0.00","0.00","NO","","0.00","","1","Taylor Fisher","J Tickle","45","250","12","55","71","54","56","F","62","68","50","33","35","68","12","14/09/2026 16:42","1m 3f 99y","Turf","F","6","2519","0","3768.00","NSI Fire & Security Handicap (Class F)","","","","0.00","135","80-00562135","0","0","0","0.00","0.00","0.00","5","6","32","15.63","18.75","83.33","-8.67","34.65","F","6","3454.00","131","1m 3f 137y","2557","7.40","7.00","LP-PPPLPLLL","24.00","2","5","9.9","D","1","0","Hcap","Right - Sharp","3yo+,55","9/2","4.50","3","","55","11","11","362","650","288","87","72","93","36","12","277","b","g","Zerka","Le Brivido","WS","0","0.94","5","32","43.76","33.05","56.25","43.75","0","-1","40.00","40.00","1.00","0.00","0.00","0.00","NO","0.00","Male","8.33","26.00","31.29","42.16","0.00","0.00","0.00","","","",""
"14/09/2026","16:42","Windsor","Artavian","13.00","0.00","0.00","0.00","0.00","0.00","NO","","0.00","","11","David Probert","Patrick Chamings","59","43","37","54","65","58","56","F","59","65","57","23","12","35","4","14/09/2026 16:42","1m 3f 99y","Turf","F","6","2519","0","3768.00","NSI Fire & Security Handicap (Class F)","","","","0.00","134","358992-7367","0","0","0","0.00","0.00","0.00","1","3","19","5.26","15.79","0.00","-16.25","37.68","F","6","3768.00","134","1m 5f","2860","26.00","17.00","LPPHPP-LPHP","8.00","11","6","9.8","CD","4","0","Hcap","Right - Sharp","3yo+,55","7/1","7.00","3","","55","11","11","275","574","299","71","66","78","84","37","","b","g","Miss Villefranche","Tasleet","tb1","0","1.35","1","19","49.89","30.82","31.58","10.53","1","-1","0.00","0.00","1.00","0.00","0.00","0.00","NO","0.00","Male","45.44","36.96","41.21","39.75","0.00","0.00","0.00","","","",""
"14/09/2026","16:51","Thirsk","Vega's Virtue","6.50","0.00","0.00","0.00","0.00","0.00","NO","","0.00","","7","David Allan","Tim Easterby","53","96","30","66","64","53","59","F","60","60","53","35","50","85","6","14/09/2026 16:51","7f 218y","Turf","E","5","1758","0","3926.00","Join RTV Today Fillies' Handicap (Class E)","","","","0.00","130","58-75138131","0","0","0","0.00","0.00","0.00","3","1","11","27.27","9.09","0.00","11.25","44.32","E","5","4397.00","129","7f 213y","1753","12.69","10.00","HH-HHHHHPPP","18.00","6","3","9.4","D","9","0","Hcap-Fil","Left - Easy","3yo+,70","7/1","7.00","3","","70","9","9","313","638","325","72","75","78","100","30","","b","f","Grace And Virtue","Lucky Vega","p","0","1.32","3","11","56.53","42.15","27.27","27.27","3","3","33.33","33.33","1.00","0.00","0.00","0.00","NO","0.00","Female","50.54","56.13","52.77","50.34","0.00","0.00","0.00","","","",""
"14/09/2026","16:51","Thirsk","Reader","7.00","0.00","0.00","0.00","0.00","0.00","NO","","0.00","","8","Oisin Orr","Marcus Tregoning","47","80","13","69","64","50","53","D","50","61","53","16","27","43","4","14/09/2026 16:51","7f 218y","Turf","E","5","1758","0","3926.00","Join RTV Today Fillies' Handicap (Class E)","","","","0.00","133","28-334","0","0","0","0.00","0.00","0.00","0","1","5","0.00","20.00","0.00","-5.00","0.00","D","4","5400.00","126","7f 1y","1541","2.20","1.80","PH-PPH","12.00","2","3","9.7","BF","6","0","Hcap-Fil","Left - Easy","3yo+,70","16/1","16.00","3","","70","9","9","258","546","288","80","79","86","43","13","","b","f","Blue Aegean","Mohaather","","0","0.76","0","5","37.33","21.11","0.00","0.00","-1","-1","0.00","0.00","1.00","0.00","0.00","0.00","NO","0.00","Female","77.27","55.19","46.88","48.55","0.00","0.00","0.00","","","",""
"14/09/2026","16:51","Thirsk","Always Blue","6.50","0.00","0.00","0.00","0.00","0.00","NO","","0.00","","5","S D Bowen","Harriet Bethell","67","121","23","69","67","63","63","E","63","63","61","45","32","77","2","14/09/2026 16:51","7f 218y","Turf","E","5","1758","0","3926.00","Join RTV Today Fillies' Handicap (Class E)","","","","0.00","133","25434","0","0","0","0.00","0.00","0.00","0","2","5","0.00","40.00","0.00","-5.00","0.00","E","5","4187.00","135","1m 2f 1y","2201","3.70","3.25","PPPHH","6.00","3","3","9.7","BF","7","0","Hcap-Fil","Left - Easy","3yo+,70","5/1","5.00","3","","70","9","9","296","565","269","88","63","85","33","23","","ch","f","Tahneed","Masar","","0","1.22","0","5","56.10","34.45","40.00","40.00","3","1","0.00","0.00","1.00","0.00","0.00","0.00","NO","0.00","Female","46.59","54.45","61.28","62.87","0.00","0.00","0.00","","","",""
"14/09/2026","16:51","Thirsk","Fractional","3.75","0.00","0.00","0.00","0.00","0.00","NO","","0.00","","1","Cieren Fallon","William Haggas","63","270","49","70","63","60","58","D","62","63","57","37","35","72","8","14/09/2026 16:51","7f 218y","Turf","E","5","1758","0","3926.00","Join RTV Today Fillies' Handicap (Class E)","","","","0.00","134","53-5233","0","0","0","0.00","0.00","0.00","0","1","6","0.00","16.67","0.00","-6.00","0.00","D","4","5234.00","128","1m","1760","3.15","3.00","HL-HLPP","24.00","7","3","9.8","","5","0","Hcap-Fil","Left - Easy","3yo+,70","13/2","6.50","3","","70","9","9","304","617","313","98","97","93","25","49","","b","f","Proportional","Frankel","","0","1.32","0","6","53.33","31.63","16.67","0.00","0","-1","0.00","0.00","1.00","0.00","0.00","0.00","NO","0.00","Female","50.81","59.78","61.65","60.68","0.00","0.00","0.00","","","",""
"14/09/2026","16:42","Windsor","Madame Passant","9.50","0.00","0.00","0.00","0.00","0.00","NO","","0.00","","7","Nicola Currie","Charlie Pike","63","59","42","48","63","48","55","F","57","57","51","7","17","24","2","14/09/2026 16:42","1m 3f 99y","Turf","F","6","2519","0","3768.00","NSI Fire & Security Handicap (Class F)","","","","0.00","121","700354","0","0","0","0.00","0.00","0.00","0","0","6","0.00","0.00","0.00","-6.00","0.00","F","6","3454.00","127","1m 2f","2200","36.63","23.00","HHHHPH","4.00","6","3","8.9","","10","0","Hcap","Right - Sharp","3yo+,55","25/1","25.00","3","","55","11","11","238","435","197","76","61","73","-13","42","","b","f","Pippa Chope","Muhaarar","h","0","1.28","0","6","41.11","22.96","16.67","0.00","2","1","0.00","0.00","1.00","0.00","0.00","0.00","NO","0.00","Female","67.95","64.45","61.19","46.67","0.00","0.00","0.00","","","",""
"14/09/2026","16:42","Windsor","Amalou","15.00","0.00","0.00","0.00","0.00","0.00","NO","","0.00","","10","Saffie Osborne","Daniel Kubler","53","44","23","49","53","44","47","F","45","45","45","8","3","11","0","14/09/2026 16:42","1m 3f 99y","Turf","F","6","2519","0","3768.00","NSI Fire & Security Handicap (Class F)","","","","0.00","122","980-8","0","0","0","0.00","0.00","0.00","0","0","4","0.00","0.00","0.00","-4.00","0.00","F","6","3768.00","132","1m 4f","2640","10.20","8.50","HHH-H","0.00","10","3","8.10","","9","0","Hcap","Right - Sharp","3yo+,55","22/1","22.00","3","","55","11","11","206","524","318","80","79","80","79","23","","b","f","Jubilant Lady","Nathaniel","b1","0","1.27","0","4","8.89","1.72","0.00","0.00","0","1","0.00","0.00","1.00","0.00","0.00","0.00","NO","0.00","Female","68.57","45.51","44.92","61.15","0.00","0.00","0.00","","","",""
"14/09/2026","16:42","Windsor","Crazy Plan","3.75","0.00","0.00","0.00","0.00","0.00","NO","","0.00","","3","Rossa Ryan","Dan Horsford","61","132","23","53","64","54","61","F","61","61","53","25","37","62","6","14/09/2026 16:42","1m 3f 99y","Turf","F","6","2519","0","3768.00","NSI Fire & Security Handicap (Class F)","","","","0.00","126","70-0242","0","0","0","0.00","0.00","0.00","0","2","6","0.00","33.33","0.00","-6.00","0.00","F","6","3768.00","135","1m 4f","2640","3.85","3.50","HH-HPPP","12.00","8","3","9.0","","7","0","Hcap","Right - Sharp","3yo+,55","13/2","6.50","3","","55","11","11","305","639","334","80","83","95","76","23","","b","f","Tronada","Planteur","","0","1.45","0","6","52.13","38.74","33.33","16.67","6","3","0.00","0.00","1.00","0.00","0.00","0.00","NO","0.00","Female","80.00","65.00","65.49","65.59","0.00","0.00","0.00","","","",""
"14/09/2026","16:42","Windsor","Churchill's Spirit","19.00","0.00","0.00","0.00","0.00","0.00","NO","","0.00","","5","Laura Pearson","Tom Clover","52","69","27","46","58","44","51","F","52","52","44","8","5","13","0","14/09/2026 16:42","1m 3f 99y","Turf","F","6","2519","0","3768.00","NSI Fire & Security Handicap (Class F)","","","","0.00","119","996-4358","0","0","0","0.00","0.00","0.00","0","0","7","0.00","0.00","0.00","-7.00","0.00","F","6","3454.00","126","1m 4f","2640","16.00","13.00","HPH-LHHH","0.00","5","3","8.7","","11","0","Hcap","Right - Sharp","3yo+,55","22/1","22.00","3","","55","11","11","217","460","243","92","67","71","13","27","","b","f","Azwah","Churchill","v1","0","1.11","0","7","33.35","16.02","14.29","14.29","3","3","0.00","0.00","1.00","0.00","0.00","0.00","NO","0.00","Female","46.77","53.46","50.89","55.65","0.00","0.00","0.00","","","",""
"14/09/2026","16:30","Sedgefield","Red Trail","17.00","0.00","0.00","0.00","0.00","0.00","NO","","0.00","","8","Mr Charlie Maggs","Mike Sowersby","58","45","17","73","70","54","54","G","58","68","46","9","21","30","0","14/09/2026 16:30","2m 178y","Hurdle","G","5","3698","3","3248.00","Sedgefield Racecourse For Outdoor Events Novices' Limited Handicap Hurdle (Class G)","","","","0.00","145","64789-50P56","0","0","0","0.00","0.00","0.00","4","4","42","9.52","9.52","73.68","-10.50","0.00","G","5","3248.00","143","2m 178y","3698","9.60","9.00","LHPHL-HHHHH","0.00","0","7","10.5","","8","0","Hcap-Nov-Hdle","Left - Sharp / Undulating","3yo+,95","20/1","20.00","3","","95","10","10","297","488","191","67","67","63","-6","298","17","ch","m","Tamika","Galileo Gold","htWS","0","0.00","4","42","43.31","30.49","42.86","28.57","4","-1","25.00","50.00","1.00","0.00","0.00","0.00","NO","0.00","Female","25.00","27.00","29.22","25.46","0.00","0.00","0.00","","","",""
"14/09/2026","16:21","Thirsk","Kody B","15.00","0.00","0.00","0.00","0.00","0.00","NO","","0.00","","9","Miss Joanna Mason","Craig Lidster","56","65","18","70","69","58","60","D","61","63","55","16","23","39","2","14/09/2026 16:21","7f","Turf","E","5","1540","0","3926.00","decronhorsecare.co.uk Handicap (Class E)","","","","0.00","135","8271-04566","0","0","0","0.00","0.00","0.00","1","1","9","11.11","11.11","0.00","-5.25","37.25","D","4","5496.00","126","5f 182y","1282","22.07","17.00","HPLL-PHPHH","4.00","7","3","9.9","","1","0","Hcap","Left - Easy","3yo,70","16/1","16.00","3","3","70","10","10","284","550","266","65","77","63","61","18","","b","g","Kodinar","Dark Angel","p","0","0.72","1","9","41.72","28.80","33.33","22.22","3","3","0.00","0.00","1.00","0.00","0.00","0.00","NO","0.00","Male","20.96","32.87","35.27","42.53","0.00","0.00","0.00","","","",""
"14/09/2026","16:21","Thirsk","Mo Anam Chara","6.50","0.00","0.00","0.00","0.00","0.00","NO","","0.00","","2","Mr Jake Dickson","Geoffrey Harker","64","230","38","67","64","53","56","E","62","63","54","31","31","62","8","14/09/2026 16:21","7f","Turf","E","5","1540","5","3926.00","decronhorsecare.co.uk Handicap (Class E)","","","","0.00","132","9642-012","0","0","0","0.00","0.00","0.00","1","2","7","14.29","28.57","0.00","-4.80","72.00","E","5","6000.00","130","7f","1540","13.00","9.00","HHHP-LLH","15.00","9","3","9.6","D","4","0","Hcap","Left - Easy","3yo,70","15/2","7.50","3","3","70","10","10","332","633","301","72","84","65","80","38","","b","f","Gwerrann","Circus Maximus","","0","1.01","1","7","67.71","52.94","14.29","14.29","3","1","0.00","0.00","1.00","0.00","0.00","0.00","NO","0.00","Female","13.69","13.69","36.77","43.57","0.00","0.00","0.00","","","",""
"14/09/2026","16:21","Thirsk","Derrygarran Lad","11.00","0.00","0.00","0.00","0.00","0.00","NO","","0.00","","6","Ryan Sexton","Julie Camacho","45","99","31","70","61","47","50","D","46","48","50","18","14","32","8","14/09/2026 16:21","7f","Turf","E","5","1540","0","3926.00","decronhorsecare.co.uk Handicap (Class E)","","","","0.00","135","3228","0","0","0","0.00","0.00","0.00","0","2","4","0.00","50.00","0.00","-4.00","0.00","D","4","5234.00","126","7f","1540","23.47","15.00","PHLL","15.00","3","3","9.9","","2","0","Hcap","Left - Easy","3yo,70","13/1","13.00","3","3","70","10","10","249","520","271","88","82","91","10","31","","b","g","Zouk","Persian King","p","0","1.04","0","4","54.38","41.39","25.00","25.00","2","1","0.00","0.00","1.00","0.00","0.00","0.00","NO","0.00","Male","29.33","44.22","44.38","47.92","0.00","0.00","0.00","","","",""
"14/09/2026","16:21","Thirsk","Real Jack","6.00","0.00","0.00","0.00","0.00","0.00","NO","","0.00","","4","Connor Beasley","Michael Dods","61","110","6","59","63","57","60","E","61","61","56","19","13","32","4","14/09/2026 16:21","7f","Turf","E","5","1540","0","3926.00","decronhorsecare.co.uk Handicap (Class E)","","","","0.00","124","572-656772","0","0","0","0.00","0.00","0.00","0","2","9","0.00","22.22","0.00","-9.00","0.00","F","6","3664.00","134","7f 6y","1546","15.50","13.00","HPH-HPPPHP","7.00","10","3","8.12","","10","0","Hcap","Left - Easy","3yo,70","13/1","13.00","3","3","70","10","10","244","494","250","83","88","82","-3","6","","b","g","Ellen Gates","Ubettabelieveit","v1","0","1.20","0","9","55.43","35.91","11.11","11.11","-1","-1","0.00","0.00","1.00","0.00","0.00","0.00","NO","0.00","Male","37.59","43.19","45.98","45.81","0.00","0.00","0.00","","","",""
"14/09/2026","16:21","Thirsk","Riffa Spirit","19.00","0.00","0.00","0.00","0.00","0.00","NO","","0.00","","7","Zak Wheatley","Declan Carroll","49","76","40","63","63","55","52","E","49","62","53","17","3","20","2","14/09/2026 16:21","7f","Turf","E","5","1540","0","3926.00","decronhorsecare.co.uk Handicap (Class E)","","","","0.00","128","718-438768","0","0","0","0.00","0.00","0.00","1","0","9","11.11","0.00","0.00","-5.50","41.87","E","5","4187.00","133","5f 3y","1103","85.00","51.00","PPP-LLLPHH","4.00","4","3","9.2","","8","0","Hcap","Left - Easy","3yo,70","14/1","14.00","3","3","70","10","10","228","498","270","81","80","89","20","40","","b","g","Nafa","Bungle Inthejungle","t","0","1.17","1","9","38.06","24.01","44.44","22.22","1","3","0.00","0.00","1.00","0.00","0.00","0.00","NO","0.00","Male","46.19","51.92","53.25","57.90","0.00","0.00","0.00","","","",""
"14/09/2026","16:21","Thirsk","Hatamoto","3.75","0.00","0.00","0.00","0.00","0.00","NO","","0.00","","1","David Allan","Tim Easterby","57","245","5","64","67","57","63","E","65","65","57","53","37","90","12","14/09/2026 16:21","7f","Turf","E","5","1540","0","3926.00","decronhorsecare.co.uk Handicap (Class E)","","","","0.00","129","2372116214","0","0","0","0.00","0.00","0.00","3","4","13","23.08","30.77","0.00","-3.37","38.98","F","6","3140.00","135","7f","1540","4.19","3.50","PHPLLLPLLL","22.00","5","3","9.3","C  BF","7","0","Hcap","Left - Easy","3yo,70","4/1","4.00","3","3","70","10","10","350","660","310","72","83","86","69","5","","b","g","Vote Often","Tasleet","p","0","1.31","3","13","75.22","60.84","38.46","23.08","3","1","0.00","33.33","1.00","0.00","0.00","0.00","NO","0.00","Male","50.54","56.13","52.77","50.34","0.00","0.00","0.00","","","",""
"14/09/2026","16:21","Thirsk","Thornaby Annie","8.50","0.00","0.00","0.00","0.00","0.00","NO","","0.00","","5","Jack Garritty","Adrian Nicholls","53","101","13","67","69","52","58","E","53","68","53","28","27","55","8","14/09/2026 16:21","7f","Turf","E","5","1540","0","3926.00","decronhorsecare.co.uk Handicap (Class E)","","","","0.00","132","34-02217276","0","0","0","0.00","0.00","0.00","1","5","13","7.69","38.46","0.00","-7.00","36.64","E","5","4711.00","130","1m","1760","24.56","23.00","HP-HPHHPPPL","15.00","2","3","9.6","","5","0","Hcap","Left - Easy","3yo,70","17/2","8.50","3","3","70","10","10","290","565","275","76","70","75","54","13","","ch","f","Vardiyna","Galileo Gold","h","0","0.81","1","13","53.02","41.15","53.85","23.08","5","1","0.00","0.00","1.00","0.00","0.00","0.00","NO","0.00","Female","50.00","60.44","51.77","45.44","0.00","0.00","0.00","","","",""
"14/09/2026","16:21","Thirsk","Napolian","9.50","0.00","0.00","0.00","0.00","0.00","NO","","0.00","","3","C J Whiteley","David O'Meara","52","169","23","69","66","54","53","E","53","63","54","30","18","48","2","14/09/2026 16:21","7f","Turf","E","5","1540","5","3926.00","decronhorsecare.co.uk Handicap (Class E)","","","","0.00","134","334-8104726","0","0","0","0.00","0.00","0.00","1","2","11","9.09","18.18","0.00","-5.50","36.64","E","5","5154.00","130","1m","1760","7.00","6.00","LHL-HPPHPHH","4.00","1","3","9.8","","3","0","Hcap","Left - Easy","3yo,70","15/2","7.50","3","3","70","10","10","276","613","337","95","88","84","70","23","","b","g","Khaimah","Kodiac","","0","0.81","1","11","52.49","35.96","27.27","18.18","3","-1","100.00","100.00","1.00","0.00","0.00","0.00","NO","0.00","Male","48.19","57.83","55.39","54.09","0.00","0.00","0.00","","","",""
"14/09/2026","16:30","Sedgefield","Expert Analysis","7.50","0.00","0.00","0.00","0.00","0.00","NO","","0.00","","5","Sean Quinlan","Jennie Candlish","61","103","17","93","61","49","54","G","51","60","41","30","10","40","6","14/09/2026 16:30","2m 178y","Hurdle","G","5","3698","0","3248.00","Sedgefield Racecourse For Outdoor Events Novices' Limited Handicap Hurdle (Class G)","","","","0.00","163","00C5805-9P3","0","0","0","0.00","0.00","0.00","0","1","15","0.00","6.67","66.67","-15.00","0.00","G","5","3248.00","164","2m 178y","3698","13.00","11.00","PHPLPHH-PPP","16.00","0","4","11.9","","2","0","Hcap-Nov-Hdle","Left - Sharp / Undulating","3yo+,95","11/2","5.50","3","","95","10","10","294","592","298","96","77","90","35","157","17","b","g","Aqualis","Expert Eye","","0","0.00","0","15","30.05","14.37","33.33","26.67","3","1","0.00","0.00","1.00","0.00","0.00","0.00","NO","0.00","Male","52.68","51.05","56.53","53.75","0.00","0.00","0.00","","","",""
"14/09/2026","16:30","Sedgefield","Peace Motivator","67.00","0.00","0.00","0.00","0.00","0.00","NO","","0.00","","10","Mr J P Murray","Barry T Murphy","0","12","5","73","59","0","39","G","0","40","14","7","3","10","2","14/09/2026 16:30","2m 178y","Hurdle","G","5","3698","7","3248.00","Sedgefield Racecourse For Outdoor Events Novices' Limited Handicap Hurdle (Class G)","","","","0.00","145","0/UUFP-PP8PP","0","0","0","0.00","0.00","0.00","1","0","12","8.33","0.00","11.11","-7.50","24.51","G","5","3248.00","140","2m 77y","3597","85.00","51.00","P/HHHH-HHHPH","5.00","0","6","10.5","","9","0","Hcap-Nov-Hdle","Left - Sharp / Undulating","3yo+,95","28/1","28.00","3","","95","10","10","257","522","265","63","68","72","62","","5","b","g","Ssafa","Massaat","tWS2","0","0.00","1","12","11.11","8.91","33.33","25.00","-8","-1","100.00","100.00","1.00","0.00","0.00","0.00","NO","0.00","Male","19.52","22.00","23.18","21.10","0.00","0.00","0.00","","","",""
"14/09/2026","16:30","Sedgefield","Far Away West","29.00","0.00","0.00","0.00","0.00","0.00","NO","","0.00","","9","Ryan Mania","Hugh Burns","0","38","482","78","72","46","50","G","0","65","38","0","3","3","0","14/09/2026 16:30","2m 178y","Hurdle","G","5","3698","0","3248.00","Sedgefield Racecourse For Outdoor Events Novices' Limited Handicap Hurdle (Class G)","","","","0.00","150","36/26FP47FP-","0","0","0","0.00","0.00","0.00","0","3","20","0.00","15.00","78.95","-20.00","0.00","G","5","3248.00","152","2m 4f 88y","4488","34.77","23.00","HP/HHHHHHHH-","0.00","0","7","10.10","","6","0","Hcap-Nov-Hdle","Left - Sharp / Undulating","3yo+,95","","0.00","3","","95","10","10","216","482","266","59","81","68","58","","482","br","m","Pass The Honey","Yeats","t","0","0.00","0","20","38.15","24.74","45.00","20.00","-2","-1","0.00","0.00","1.00","0.00","0.00","0.00","NO","0.00","Female","0.00","0.00","0.00","0.00","0.00","0.00","0.00","","","",""
"14/09/2026","16:30","Sedgefield","Character Testing","4.33","0.00","0.00","0.00","0.00","0.00","NO","","0.00","","2","Jamie Hamilton","Mark Walford","64","167","17","94","70","56","56","G","56","65","52","29","37","66","8","14/09/2026 16:30","2m 178y","Hurdle","G","5","3698","0","3248.00","Sedgefield Racecourse For Outdoor Events Novices' Limited Handicap Hurdle (Class G)","","","","0.00","166","7852494272","0","0","0","0.00","0.00","0.00","1","11","32","3.13","34.38","89.47","-30.38","0.00","G","5","3248.00","164","2m 178y","3698","6.43","5.50","PPPPPLPPPL","21.00","0","5","11.12","","1","0","Hcap-Nov-Hdle","Left - Sharp / Undulating","3yo+,95","6/1","6.00","3","","95","10","10","324","531","207","73","66","75","-7","30","17","b","g","Characterized","Time Test","tvWS","0","0.00","1","32","55.56","41.43","34.38","21.88","2","1","0.00","100.00","1.00","0.00","0.00","0.00","NO","0.00","Male","43.34","36.91","43.83","46.22","0.00","0.00","0.00","","","",""
"14/09/2026","16:30","Sedgefield","Karthala","9.00","0.00","0.00","0.00","0.00","0.00","NO","","0.00","","3","Mr W T Shanahan","Jennie Candlish","58","160","41","86","70","53","56","G","58","62","52","31","16","47","2","14/09/2026 16:30","2m 178y","Hurdle","G","5","3698","5","3248.00","Sedgefield Racecourse For Outdoor Events Novices' Limited Handicap Hurdle (Class G)","","","","0.00","156","5058533435","0","0","0","0.00","0.00","0.00","0","5","17","0.00","29.41","100.00","-17.00","0.00","G","5","3248.00","155","1m 7f 168y","3468","8.40","7.00","PHHHHHHHPH","5.00","0","4","11.2","","3","0","Hcap-Nov-Hdle","Left - Sharp / Undulating","3yo+,95","11/2","5.50","3","","95","10","10","303","595","292","96","83","89","24","41","61","b","g","Midnight Thoughts","Pinatubo","tv1","0","0.00","0","17","54.88","34.89","0.00","0.00","5","1","0.00","0.00","1.00","0.00","0.00","0.00","NO","0.00","Male","52.68","51.05","56.53","53.75","0.00","0.00","0.00","","","",""
"14/09/2026","16:30","Sedgefield","Scoro","7.50","0.00","0.00","0.00","0.00","0.00","NO","","0.00","","4","Danny McMenamin","Laura Morgan","51","105","16","73","51","42","42","G","40","44","43","10","7","17","6","14/09/2026 16:30","2m 178y","Hurdle","G","5","3698","0","3248.00","Sedgefield Racecourse For Outdoor Events Novices' Limited Handicap Hurdle (Class G)","","","","0.00","145","4664","0","0","0","0.00","0.00","0.00","0","0","4","0.00","0.00","100.00","-4.00","0.00","G","5","4726.00","147","2m 5f 34y","4654","23.00","17.00","HPPP","16.00","0","6","10.5","","7","0","Hcap-Nov-Hdle","Left - Sharp / Undulating","3yo+,95","18/1","18.00","3","","95","10","10","261","590","329","86","93","90","60","","16","b","g","Cacnea","Petillo","tp","0","0.00","0","4","44.17","23.19","100.00","50.00","2","1","0.00","0.00","1.00","0.00","0.00","0.00","NO","0.00","Male","42.86","47.62","54.04","48.63","0.00","0.00","0.00","","","",""
"14/09/2026","16:30","Sedgefield","Littletown Lad","2.75","0.00","0.00","0.00","0.00","0.00","NO","","0.00","","1","Jonathan England","Sam England","65","258","17","84","65","45","56","G","59","59","41","55","47","102","0","14/09/2026 16:30","2m 178y","Hurdle","G","5","3698","0","3248.00","Sedgefield Racecourse For Outdoor Events Novices' Limited Handicap Hurdle (Class G)","","","","0.00","156","4800-687U21","0","0","0","0.00","0.00","0.00","1","1","11","9.09","9.09","88.89","-7.50","32.48","G","5","3248.00","151","2m 178y","3698","4.10","3.50","LHHH-PHLHHH","0.00","0","6","11.2","CD","4","0","Hcap-Nov-Hdle","Left - Sharp / Undulating","3yo+,95","5/2","2.50","3","","95","10","10","345","706","361","89","86","86","100","","17","b","g","Littletown Lass","Casamento","tWS","0","0.00","1","11","45.28","29.48","45.45","45.45","-1","1","0.00","100.00","1.00","0.00","0.00","0.00","NO","0.00","Male","57.64","54.33","53.76","49.52","0.00","0.00","0.00","","","",""
"14/09/2026","16:30","Sedgefield","Twilight Safari","8.00","0.00","0.00","0.00","0.00","0.00","NO","","0.00","","6","Brian Hughes","Micky Hammond","35","76","13","83","66","49","44","E","46","64","43","8","10","18","8","14/09/2026 16:30","2m 178y","Hurdle","G","5","3698","0","3248.00","Sedgefield Racecourse For Outdoor Events Novices' Limited Handicap Hurdle (Class G)","","","","0.00","153","677-P303425","0","0","0","0.00","0.00","0.00","0","1","14","0.00","7.14","66.67","-14.00","0.00","E","4","5281.00","150","2m 178y","3698","100.00","51.00","LLP-HHPPLPP","21.00","0","4","10.13","","5","0","Hcap-Nov-Hdle","Left - Sharp / Undulating","3yo+,95","25/1","25.00","3","","95","10","10","280","603","323","79","94","83","67","13","157","b","g","Handana","Mohaather","","0","0.00","0","14","32.35","17.66","57.14","21.43","8","3","0.00","0.00","1.00","0.00","0.00","0.00","NO","0.00","Male","52.41","46.54","56.21","48.96","0.00","0.00","0.00","","","",""
"14/09/2026","16:51","Thirsk","Donna Nook","8.00","0.00","0.00","0.00","0.00","0.00","NO","","0.00","","2","Daniel Tudhope","David O'Meara","46","220","13","69","69","61","59","E","64","68","58","35","31","66","0","14/09/2026 16:51","7f 218y","Turf","E","5","1758","0","3926.00","Join RTV Today Fillies' Handicap (Class E)","","","","0.00","138","3294144439","0","0","0","0.00","0.00","0.00","2","5","27","7.41","18.52","0.00","-14.00","89.56","E","5","4711.00","140","1m","1760","6.80","4.50","PLLPPLHHHH","0.00","5","4","9.12","D  BF","3","0","Hcap-Fil","Left - Easy","3yo+,70","7/1","7.00","3","","70","9","9","314","614","300","83","94","81","42","13","","b","f","Rostova","Bated Breath","tv","0","1.08","2","27","54.67","36.47","11.11","7.41","3","-1","50.00","50.00","1.00","0.00","0.00","0.00","NO","0.00","Female","48.19","57.83","55.39","54.09","0.00","0.00","0.00","","","",""
"14/09/2026","17:21","Thirsk","Surprised","11.00","0.00","0.00","0.00","0.00","0.00","NO","","0.00","","5","C J Whiteley","Bryan Smart","51","102","71","67","64","53","52","E","51","63","54","25","10","35","4","14/09/2026 17:21","7f","Turf","E","5","1540","5","3926.00","Bowel Cancer Screening Programme Saves Lives Handicap (Class E)","","","","0.00","132","41/285-06387","0","0","0","0.00","0.00","0.00","1","2","10","10.00","20.00","0.00","-6.50","40.50","E","5","4711.00","134","7f 14y","1554","30.00","21.00","HH/PLH-HHHPP","8.00","9","4","9.6","D","5","0","Hcap","Left - Easy","4yo+,70","12/1","12.00","4","","70","13","13","200","449","249","60","78","64","47","71","","b","f","Augusta Ada","Ulysses","","0","1.01","1","10","35.76","27.15","30.00","30.00","0","1","0.00","0.00","1.00","0.00","0.00","0.00","NO","0.00","Female","48.75","47.20","51.46","53.54","0.00","0.00","0.00","","","6","1"
"14/09/2026","17:21","Thirsk","Honved","101.00","0.00","0.00","0.00","0.00","0.00","NO","","0.00","","13","Ryan Sexton","Fred Watson","53","7","12","65","71","52","50","E","51","53","53","10","3","13","4","14/09/2026 17:21","7f","Turf","E","5","1540","0","3926.00","Bowel Cancer Screening Programme Saves Lives Handicap (Class E)","","","","0.00","130","25540-0","0","0","0","0.00","0.00","0.00","0","1","6","0.00","16.67","0.00","-6.00","0.00","E","5","3978.00","128","7f 15y","1555","439.32","151.00","PLHHL-H","8.00","10","4","9.4","","7","0","Hcap","Left - Easy","4yo+,70","28/1","28.00","4","","70","13","13","156","388","232","46","72","64","50","12","","b","g","Qatar Queen","Zoustar","","0","1.20","0","6","41.08","26.83","0.00","0.00","-4","-1","0.00","0.00","1.00","0.00","0.00","0.00","NO","0.00","Male","0.00","11.69","11.69","11.69","0.00","0.00","0.00","","","",""
"14/09/2026","17:21","Thirsk","The Childe Of Hale","4.50","0.00","0.00","0.00","0.00","0.00","NO","","0.00","","8","Tom Eaves","Ivan Furtado","64","60","5","70","66","59","59","F","58","64","56","33","26","59","4","14/09/2026 17:21","7f","Turf","E","5","1540","0","3926.00","Bowel Cancer Screening Programme Saves Lives Handicap (Class E)","","","","0.00","135","441806-9051","0","0","0","0.00","0.00","0.00","2","0","14","14.29","0.00","0.00","2.50","41.87","F","6","3140.00","140","7f","1540","7.62","5.50","HHHHHP-HPPH","8.00","11","4","9.9","D","2","0","Hcap","Left - Easy","4yo+,70","17/2","8.50","4","","70","13","13","307","551","244","58","46","72","68","5","","b","g","Dame Helen","Havana Grey","","5","1.14","2","14","48.64","31.99","21.43","14.29","0","1","0.00","0.00","1.00","0.00","0.00","0.00","NO","0.00","Male","35.72","40.47","40.96","49.41","0.00","0.00","0.00","","","",""
"14/09/2026","17:21","Thirsk","Avatar Jet","6.00","0.00","0.00","0.00","0.00","0.00","NO","","0.00","","4","Zak Wheatley","Declan Carroll","53","105","14","63","66","59","56","E","57","65","58","23","6","29","8","14/09/2026 17:21","7f","Turf","E","5","1540","0","3926.00","Bowel Cancer Screening Programme Saves Lives Handicap (Class E)","","","","0.00","128","443-0134755","0","0","0","0.00","0.00","0.00","2","3","19","10.53","15.79","0.00","-7.00","56.48","F","6","3768.00","135","1m 13y","1773","5.88","4.50","HPH-PLLLLLH","15.00","12","5","9.2","","9","0","Hcap","Left - Easy","4yo+,70","13/1","13.00","4","","70","13","13","221","465","244","75","69","80","20","14","","b","g","Ava Star","Belardo","","0","1.40","2","19","62.02","44.54","31.58","15.79","-1","-1","50.00","50.00","1.00","0.00","0.00","0.00","NO","0.00","Male","46.19","51.92","53.25","57.90","0.00","0.00","0.00","","","",""
"14/09/2026","17:12","Windsor","Cameley Days","19.00","0.00","0.00","0.00","0.00","0.00","NO","","0.00","","8","Marco Ghiani","Chris Dwyer","49","71","17","62","66","56","53","E","52","65","53","28","26","54","8","14/09/2026 17:12","5f 21y","Turf","F","6","1121","0","3768.00","Neverland Drone Show At Windsor Racecourse Handicap (Class F)","","","","0.00","135","18-01243058","0","0","0","0.00","0.00","0.00","3","2","17","17.65","11.76","0.00","7.00","35.59","E","5","4449.00","132","5f 10y","1110","9.20","9.00","PL-PLLPLPPL","13.00","9","4","9.9","CD","3","0","Hcap","Right - Sharp","3yo+,65","11/1","11.00","3","","65","12","12","278","562","284","63","87","74","60","17","","b","f","Arcanista","Aclaim","p","0","0.70","3","17","45.20","34.01","41.18","23.53","3","-1","33.33","33.33","1.00","0.00","0.00","0.00","NO","0.00","Female","56.11","56.11","51.07","49.73","0.00","0.00","0.00","","","",""
"14/09/2026","17:12","Windsor","Davorge Nation","29.00","0.00","0.00","0.00","0.00","0.00","NO","","0.00","","2","Rossa Ryan","Tony Carroll","53","92","60","59","62","46","47","E","46","57","49","16","8","24","2","14/09/2026 17:12","5f 21y","Turf","F","6","1121","0","3768.00","Neverland Drone Show At Windsor Racecourse Handicap (Class F)","","","","0.00","131","6560137-69","0","0","0","0.00","0.00","0.00","1","1","9","11.11","11.11","0.00","-4.67","36.64","E","5","4711.00","125","5f","1100","86.66","51.00","LPPHPPH-HP","3.00","10","3","9.5","D","10","0","Hcap","Right - Sharp","3yo+,65","20/1","20.00","3","","65","12","12","177","453","276","85","85","74","32","60","","ch","g","Blue Umbrella","Sioux Nation","WS3","0","1.25","1","9","35.73","24.65","33.33","11.11","-1","-1","100.00","100.00","1.00","0.00","0.00","0.00","NO","0.00","Male","28.98","33.69","39.21","42.77","0.00","0.00","0.00","","","9","0"
"14/09/2026","17:21","Thirsk","Precious Spartan","41.00","0.00","0.00","0.00","0.00","0.00","NO","","0.00","","10","Miss Joanna Mason","Patrick Neville","0","48","13","55","67","53","31","E","37","62","50","22","11","33","4","14/09/2026 17:21","7f","Turf","E","5","1540","0","3926.00","Bowel Cancer Screening Programme Saves Lives Handicap (Class E)","","","","0.00","120","614973-9807","0","0","0","0.00","0.00","0.00","3","3","23","13.04","13.04","0.00","0.25","36.64","E","5","4711.00","124","1m 1f 170y","2150","36.00","26.00","HPPPHP-HHPP","8.00","6","4","8.8","","13","0","Hcap","Left - Easy","4yo+,70","13/1","13.00","4","","70","13","13","201","447","246","62","65","64","55","13","","b","g","Skeleton","Magna Grecia","b1","0","0.95","3","23","39.86","28.02","21.74","21.74","13","-1","33.33","33.33","1.00","0.00","0.00","0.00","NO","0.00","Male","86.16","67.43","56.73","50.42","0.00","0.00","0.00","","","",""
"14/09/2026","17:21","Thirsk","Forest Caper","11.00","0.00","0.00","0.00","0.00","0.00","NO","","0.00","","6","Daniel Tudhope","David O'Meara","60","87","13","68","68","61","50","E","56","66","58","35","7","42","6","14/09/2026 17:21","7f","Turf","E","5","1540","0","3926.00","Bowel Cancer Screening Programme Saves Lives Handicap (Class E)","","","","0.00","133","2305-344205","0","0","0","0.00","0.00","0.00","0","8","20","0.00","40.00","0.00","-20.00","0.00","E","5","3978.00","136","1m 142y","1902","22.00","15.00","HHHH-HPHLHP","12.00","2","5","9.7","","3","0","Hcap","Left - Easy","4yo+,70","8/1","8.00","4","","70","13","13","217","468","251","86","93","88","-16","13","","b","g","Forest Crown","Lope De Vega","h","0","0.81","0","20","61.30","42.69","20.00","10.00","-6","-3","0.00","0.00","1.00","0.00","0.00","0.00","NO","0.00","Male","48.19","57.83","55.39","54.09","0.00","0.00","0.00","","","",""
"14/09/2026","17:21","Thirsk","Red Hat Eagle","5.00","0.00","0.00","0.00","0.00","0.00","NO","","0.00","","1","Cieren Fallon","William Knight","66","141","25","70","72","63","66","D","66","68","61","43","36","79","2","14/09/2026 17:21","7f","Turf","E","5","1540","0","3926.00","Bowel Cancer Screening Programme Saves Lives Handicap (Class E)","","","","0.00","135","53-57554752","0","0","0","0.00","0.00","0.00","4","9","28","14.29","32.14","0.00","-12.67","54.95","E","5","3978.00","137","7f 1y","1541","5.82","5.00","HH-HPPPPHPH","4.00","4","6","9.9","","1","0","Hcap","Left - Easy","4yo+,70","13/2","6.50","4","","70","13","13","319","538","219","82","96","66","-25","25","","b","g","Sabaweeya","Gleneagles","tp","0","1.17","4","28","65.55","49.40","35.71","21.43","2","-1","25.00","50.00","1.00","0.00","0.00","0.00","NO","0.00","Male","63.10","63.31","63.27","59.03","0.00","0.00","0.00","","","",""
"14/09/2026","17:21","Thirsk","Jenni","9.50","0.00","0.00","0.00","0.00","0.00","NO","","0.00","","12","Cam Hardie","Tony Coyle","57","31","6","57","68","58","54","F","57","66","56","11","11","22","2","14/09/2026 17:21","7f","Turf","E","5","1540","0","3926.00","Bowel Cancer Screening Programme Saves Lives Handicap (Class E)","","","","0.00","122","58380-90465","0","0","0","0.00","0.00","0.00","2","5","31","6.45","16.13","0.00","-3.00","78.51","F","6","3664.00","132","7f 6y","1546","11.00","8.00","HHLHH-HHHPH","4.00","5","5","8.10","D","12","0","Hcap","Left - Easy","4yo+,70","28/1","28.00","4","","70","13","13","208","389","181","70","44","47","20","6","","b","m","Inuk","Mehmas","","0","1.31","2","31","42.71","28.14","16.13","9.68","1","1","0.00","0.00","1.00","0.00","0.00","0.00","NO","0.00","Female","45.10","50.20","49.80","51.58","0.00","0.00","0.00","","","",""
"14/09/2026","17:30","Kempton","Ivat Ghia","11.00","0.00","0.00","0.00","0.00","0.00","NO","","0.00","","6","Oliver Carmichael","Mark Usher","46","83","17","49","62","53","56","F","60","60","53","24","14","38","0","14/09/2026 17:30","1m","A/W","F","6","1760","0","3140.00","Bet At racingtv.com Apprentice Handicap (Class F)","","","","0.00","124","866228","0","0","0","0.00","0.00","0.00","0","2","6","0.00","33.33","0.00","-6.00","0.00","F","6","3454.00","126","1m 2f","2200","11.50","9.00","HPHHHH","0.00","4","3","8.12","","11","0","Hcap-App","Right - Sharp","3yo+,55","9/1","9.00","3","","55","11","11","256","546","290","74","73","93","50","17","","ch","f","Kiss From A Rose","Ghaiyyath","","0","1.23","0","6","55.71","35.79","50.00","33.33","4","1","0.00","0.00","1.00","0.00","0.00","0.00","NO","0.00","Female","33.33","63.34","55.43","56.15","0.00","0.00","0.00","","","",""
"14/09/2026","17:21","Thirsk","Folkene","15.00","0.00","0.00","0.00","0.00","0.00","NO","","0.00","","9","Kevin Stott","Roger Fell","55","55","10","67","68","56","50","E","55","67","55","12","23","35","0","14/09/2026 17:21","7f","Turf","E","5","1540","0","3926.00","Bowel Cancer Screening Programme Saves Lives Handicap (Class E)","","","","0.00","132","1097-64047","0","0","0","0.00","0.00","0.00","1","0","9","11.11","0.00","0.00","1.00","51.54","E","5","4449.00","139","6f 212y","1532","12.98","10.00","HHHP-HHHHH","0.00","8","4","9.6","D","6","0","Hcap","Left - Easy","4yo+,70","25/1","25.00","4","","70","13","13","209","519","310","72","85","97","56","10","","b","f","Ma Petite Folie","Goken","","0","1.31","1","9","40.54","26.37","11.11","11.11","1","-1","0.00","0.00","1.00","0.00","0.00","0.00","NO","0.00","Female","70.04","60.75","60.14","55.65","0.00","0.00","0.00","","","",""
"14/09/2026","17:21","Thirsk","Novak","6.50","0.00","0.00","0.00","0.00","0.00","NO","","0.00","","7","Shay Farmer","Iain Jardine","60","80","20","65","71","60","59","F","60","70","60","35","38","73","2","14/09/2026 17:21","7f","Turf","E","5","1540","5","3926.00","Bowel Cancer Screening Programme Saves Lives Handicap (Class E)","","","","0.00","130","6585234421","0","0","0","0.00","0.00","0.00","11","23","92","11.96","25.00","0.00","1.25","46.73","F","6","3664.00","132","7f 15y","1555","6.20","4.50","HPPPPHHPHH","4.00","3","7","9.4","D","8","0","Hcap","Left - Easy","4yo+,70","8/1","8.00","4","","70","13","13","285","558","273","79","60","66","68","20","","gr","g","Parknasilla","Mastercraftsman","","0","1.04","11","92","58.53","42.77","35.87","23.91","42","1","18.18","36.36","1.00","0.00","0.00","0.00","NO","0.00","Male","26.77","45.50","48.81","52.33","0.00","0.00","0.00","","","",""
"14/09/2026","17:21","Thirsk","Camera Shy","12.00","0.00","0.00","0.00","0.00","0.00","NO","","0.00","","11","Connor Beasley","Michael Dods","54","37","5","61","68","57","56","F","57","64","55","18","11","29","2","14/09/2026 17:21","7f","Turf","E","5","1540","0","3926.00","Bowel Cancer Screening Programme Saves Lives Handicap (Class E)","","","","0.00","126","8541764559","0","0","0","0.00","0.00","0.00","2","1","21","9.52","4.76","0.00","3.00","99.30","F","6","3140.00","137","7f","1540","13.50","9.50","HHHHHHPPHH","4.00","1","4","9.0","D","10","0","Hcap","Left - Easy","4yo+,70","16/1","16.00","4","","70","13","13","230","474","244","72","79","76","17","5","","b","g","Darwell","Kodiac","t","0","0.81","2","21","50.28","32.25","28.57","9.52","5","1","50.00","50.00","1.00","0.00","0.00","0.00","NO","0.00","Male","37.59","43.19","45.98","45.81","0.00","0.00","0.00","","","",""
"14/09/2026","17:21","Thirsk","Evocative Spark","12.00","0.00","0.00","0.00","0.00","0.00","NO","","0.00","","3","Ethan Tindall","John David Riches","40","112","28","68","71","61","55","E","61","70","59","26","26","52","2","14/09/2026 17:21","7f","Turf","E","5","1540","5","3926.00","Bowel Cancer Screening Programme Saves Lives Handicap (Class E)","","","","0.00","133","67-91171479","0","0","0","0.00","0.00","0.00","9","10","60","15.00","16.67","0.00","-10.72","56.27","E","5","4187.00","135","7f 6y","1546","12.17","10.00","HP-HPPPPHPH","4.00","7","7","9.7","D","4","0","Hcap","Left - Easy","4yo+,70","11/1","11.00","4","","70","13","13","296","606","310","82","54","79","95","28","","b","g","Hyper Dream","Frankel","v","0","0.72","9","60","49.93","36.93","33.33","23.33","8","-1","33.33","44.44","1.00","0.00","0.00","0.00","NO","0.00","Male","0.00","66.07","48.66","51.59","0.00","0.00","0.00","","","",""
"14/09/2026","17:21","Thirsk","Bay Breeze","0.00","0.00","0.00","0.00","0.00","0.00","NO","","0.00","","2","David Allan","Tim Easterby","57","114","5","58","71","58","58","F","58","71","58","22","16","38","12","14/09/2026 17:21","7f","Turf","E","5","1540","0","3926.00","Bowel Cancer Screening Programme Saves Lives Handicap (Class E)","","","","0.00","123","920-6734463","0","0","0","0.00","0.00","0.00","8","11","64","12.50","17.19","0.00","-15.63","60.90","F","6","3402.00","133","5f 182y","1282","12.59","12.00","PLP-PPPPLLL","23.00","13","7","8.11","C","11","0","Hcap","Left - Easy","4yo+,70","13/1","13.00","4","","70","13","13","271","482","211","67","72","80","-8","5","","b","g","Midnight Mojito","Buratino","p","0","1.14","8","64","50.53","35.73","31.25","15.63","26","3","37.50","62.50","1.00","0.00","0.00","0.00","NO","0.00","Male","50.54","56.13","52.77","50.34","0.00","0.00","0.00","","","",""
"14/09/2026","17:12","Windsor","Enter Sandman","6.00","0.00","0.00","0.00","0.00","0.00","NO","","0.00","","12","George Wood","Richard Spencer","61","55","7","64","63","55","48","E","46","61","53","25","19","44","6","14/09/2026 17:12","5f 21y","Turf","F","6","1121","0","3768.00","Neverland Drone Show At Windsor Racecourse Handicap (Class F)","","","","0.00","136","4331125043","0","0","0","0.00","0.00","0.00","2","3","14","14.29","21.43","0.00","-5.50","32.45","E","5","3978.00","134","5f 21y","1121","36.00","23.00","LHHPLLPLPH","10.00","5","3","9.10","D","2","0","Hcap","Right - Sharp","3yo+,65","12/1","12.00","3","","65","12","12","240","431","191","85","58","60","-12","7","","b","g","Paella","Starman","tp","0","0.98","2","14","52.25","37.51","28.57","21.43","-6","-1","50.00","50.00","1.00","0.00","0.00","0.00","NO","0.00","Male","60.98","64.10","58.81","56.52","0.00","0.00","0.00","","","",""
"14/09/2026","17:00","Kempton","Femme Fatale","1.73","0.00","0.00","0.00","0.00","0.00","NO","","0.00","","2","Luke Morris","James Tate","59","354","37","61","59","52","51","F","56","58","51","39","50","89","6","14/09/2026 17:00","1m 7f 218y","A/W","E","5","3518","0","4187.00","Unibet 40,000+ Live Streamed Events Handicap (Class E)","","","","0.00","120","649-8521","0","0","0","0.00","0.00","0.00","1","1","7","14.29","14.29","0.00","-2.67","37.68","F","6","3768.00","131","1m 7f 169y","3469","4.98","4.33","PPP-HPPP","50.00","2","3","8.8","D","3","0","Hcap","Right - Sharp","3yo+,75","30/100","0.30","3","","75","3","3","355","741","386","100","91","95","100","37","","b","f","Tantilize","Sea The Moon","h","0","1.12","1","7","50.05","37.08","42.86","14.29","3","3","0.00","0.00","1.00","0.00","0.00","0.00","NO","0.00","Female","53.26","51.91","59.11","61.50","0.00","0.00","0.00","","","",""
"14/09/2026","17:00","Kempton","Ramensky","4.00","0.00","0.00","0.00","0.00","0.00","NO","","0.00","","1","Oisin Murphy","Emma Lavelle","55","479","811","73","75","51","62","C","58","67","50","0","65","65","4","14/09/2026 17:00","1m 7f 218y","A/W","E","5","3518","0","4187.00","Unibet 40,000+ Live Streamed Events Handicap (Class E)","","","","0.00","142","2/1P3781/411-","0","0","0","0.00","0.00","0.00","4","2","12","33.33","16.67","100.00","18.13","79.34","C","3","10468.00","131","1m 3f 44y","2464","8.67","6.50","P/PHHPHL/HPP-","33.00","1","6","10.2","","1","0","Hcap","Right - Sharp","3yo+,75","","0.00","3","","75","3","3","362","747","385","92","99","99","95","1114","811","b","g","Agathe Sainte","Cracksman","","0","1.28","4","12","58.78","50.18","50.00","41.67","2","1","0.00","50.00","1.00","0.00","0.00","0.00","NO","0.00","Male","15.28","23.45","25.63","37.00","0.00","0.00","0.00","","","2","-1"
"14/09/2026","17:12","Windsor","Pedros Dream","15.00","0.00","0.00","0.00","0.00","0.00","NO","","0.00","","9","Mr Matthew Slater","Tony Carroll","45","70","19","60","49","45","39","E","45","45","39","0","16","16","4","14/09/2026 17:12","5f 21y","Turf","F","6","1121","7","3768.00","Neverland Drone Show At Windsor Racecourse Handicap (Class F)","","","","0.00","132","49-5","0","0","0","0.00","0.00","0.00","0","0","3","0.00","0.00","0.00","-3.00","0.00","D","4","5400.00","126","7f","1540","1000.00","151.00","PH-P","6.00","12","3","9.6","","8","0","Hcap","Right - Sharp","3yo+,65","","0.00","3","","65","12","12","163","443","280","85","78","90","27","19","","ch","g","By Rights","Dream Ahead","","0","1.16","0","3","23.15","6.20","33.33","33.33","1","1","0.00","0.00","1.00","0.00","0.00","0.00","NO","0.00","Male","28.98","33.69","39.21","42.77","0.00","0.00","0.00","","","",""
"14/09/2026","17:00","Kempton","Virtue Diligence","4.00","0.00","0.00","0.00","0.00","0.00","NO","","0.00","","3","Mr Jack Callan","Amanda Perrett","59","197","23","65","64","54","56","E","56","59","54","14","23","37","2","14/09/2026 17:00","1m 7f 218y","A/W","E","5","3518","0","4187.00","Unibet 40,000+ Live Streamed Events Handicap (Class E)","","","","0.00","124","9-83464","0","0","0","0.00","0.00","0.00","0","0","6","0.00","0.00","0.00","-6.00","0.00","E","5","4397.00","129","1m 5f","2860","36.47","29.00","H-HHPHH","17.00","3","3","8.12","","2","0","Hcap","Right - Sharp","3yo+,75","11/4","2.75","3","","75","3","3","342","709","367","93","95","93","86","23","","b","g","Echelon","Ulysses","p","0","1.28","0","6","38.25","17.42","33.33","33.33","0","-1","0.00","0.00","1.00","0.00","0.00","0.00","NO","0.00","Male","33.33","40.97","44.98","36.98","0.00","0.00","0.00","","","",""
"14/09/2026","16:51","Thirsk","Ravishing Beauty","12.00","0.00","0.00","0.00","0.00","0.00","NO","","0.00","","9","P J McDonald","Jedd O'Keeffe","48","50","26","62","66","58","51","F","51","65","57","16","18","34","4","14/09/2026 16:51","7f 218y","Turf","E","5","1758","0","3926.00","Join RTV Today Fillies' Handicap (Class E)","","","","0.00","131","273-8713348","0","0","0","0.00","0.00","0.00","3","4","25","12.00","16.00","0.00","-1.75","39.04","E","5","4187.00","136","7f 173y","1713","15.84","13.00","HPP-PPHHPPH","12.00","9","5","9.5","D","8","0","Hcap-Fil","Left - Easy","3yo+,70","16/1","16.00","3","","70","9","9","233","512","279","77","76","72","54","26","","b","m","Shaden","Camelot","p","0","1.11","3","25","60.47","43.45","48.00","20.00","7","-1","33.33","33.33","1.00","0.00","0.00","0.00","NO","0.00","Female","55.00","60.67","59.40","49.23","0.00","0.00","0.00","","","",""
"14/09/2026","16:51","Thirsk","Kiss Me My Love","9.50","0.00","0.00","0.00","0.00","0.00","NO","","0.00","","3","Kevin Stott","Roger Fell","54","189","13","66","69","58","56","E","54","67","57","34","40","74","6","14/09/2026 16:51","7f 218y","Turf","E","5","1758","0","3926.00","Join RTV Today Fillies' Handicap (Class E)","","","","0.00","135","4521930135","0","0","0","0.00","0.00","0.00","4","6","28","14.29","21.43","0.00","-0.50","49.68","E","5","4711.00","137","1m","1760","10.00","9.00","HHPPPPHPPP","18.00","1","4","9.9","D","4","0","Hcap-Fil","Left - Easy","3yo+,70","7/1","7.00","3","","70","9","9","308","613","305","77","89","86","53","13","","b","f","Love Street","Invincible Spirit","","0","1.01","4","28","55.26","39.61","39.29","17.86","10","3","0.00","25.00","1.00","0.00","0.00","0.00","NO","0.00","Female","70.04","60.75","60.14","55.65","0.00","0.00","0.00","","","",""
"14/09/2026","16:51","Thirsk","Catton Lady","8.50","0.00","0.00","0.00","0.00","0.00","NO","","0.00","","4","Miss Joanna Mason","Michael Easterby","56","130","13","69","68","60","59","F","61","68","59","27","22","49","0","14/09/2026 16:51","7f 218y","Turf","E","5","1758","0","3926.00","Join RTV Today Fillies' Handicap (Class E)","","","","0.00","138","081782-5214","0","0","0","0.00","0.00","0.00","3","8","23","13.04","34.78","0.00","27.75","46.05","E","5","4711.00","139","1m","1760","9.00","6.50","HHPPHL-HHHH","0.00","4","5","9.12","D","1","0","Hcap-Fil","Left - Easy","3yo+,70","9/1","9.00","3","","70","9","9","282","531","249","68","73","70","38","13","","b","m","Soodad","Time Test","","0","0.94","3","23","64.92","49.43","26.09","17.39","5","3","66.67","66.67","1.00","0.00","0.00","0.00","NO","0.00","Female","42.58","49.49","50.33","47.57","0.00","0.00","0.00","","","",""
"14/09/2026","16:51","Thirsk","Alessia Fernanda","15.00","0.00","0.00","0.00","0.00","0.00","NO","","0.00","","6","Zak Wheatley","Declan Carroll","49","103","11","69","69","58","56","E","58","68","58","33","15","48","4","14/09/2026 16:51","7f 218y","Turf","E","5","1758","0","3926.00","Join RTV Today Fillies' Handicap (Class E)","","","","0.00","138","847-1867267","0","0","0","0.00","0.00","0.00","3","5","31","9.68","16.13","0.00","0.50","77.88","D","4","5234.00","131","1m 14y","1774","26.00","19.00","HPP-PPHPPHP","12.00","8","6","9.12","D","2","0","Hcap-Fil","Left - Easy","3yo+,70","15/2","7.50","3","","70","9","9","286","519","233","78","74","74","7","11","","ch","m","Colour Bright","Starspangledbanner","tWS","0","1.11","3","31","55.09","38.79","22.58","19.35","9","3","0.00","0.00","1.00","0.00","0.00","0.00","NO","0.00","Female","46.19","51.92","53.25","57.90","0.00","0.00","0.00","","","",""
"14/09/2026","17:12","Windsor","Darkened Edge","4.50","0.00","0.00","0.00","0.00","0.00","NO","","0.00","","1","Gina Mangan","C Mason","53","191","21","60","66","57","59","F","60","63","55","37","51","88","6","14/09/2026 17:12","5f 21y","Turf","F","6","1121","0","3768.00","Neverland Drone Show At Windsor Racecourse Handicap (Class F)","","","","0.00","133","13258-34112","0","0","0","0.00","0.00","0.00","4","8","24","16.67","33.33","0.00","-13.25","33.36","F","6","3768.00","132","5f 21y","1121","9.74","8.00","LPPPP-PPPPP","10.00","2","6","9.7","D","6","0","Hcap","Right - Sharp","3yo+,65","8/1","8.00","3","","65","12","12","301","590","289","95","78","79","37","21","","b","m","Edge Of Light","Cable Bay","WS","0","0.70","4","24","62.43","47.72","45.83","20.83","0","3","25.00","25.00","1.00","0.00","0.00","0.00","NO","0.00","Female","41.72","46.04","44.15","51.93","0.00","0.00","0.00","","","",""
"14/09/2026","17:12","Windsor","Unico","21.00","0.00","0.00","0.00","0.00","0.00","NO","","0.00","","5","Charles Bishop","Chris Gordon","49","78","97","55","74","56","48","E","49","66","56","24","28","52","0","14/09/2026 17:12","5f 21y","Turf","F","6","1121","0","3768.00","Neverland Drone Show At Windsor Racecourse Handicap (Class F)","","","","0.00","128","29631438-89","0","0","0","0.00","0.00","0.00","3","5","28","10.71","17.86","0.00","-3.50","38.59","E","5","4580.00","117","6f","1320","30.46","26.00","PPLHPHPH-HH","0.00","3","5","9.2","D","12","0","Hcap","Right - Sharp","3yo+,65","13/1","13.00","3","","65","12","12","209","483","274","81","68","87","38","97","","gr","m","High Tan","Eqtidaar","p","0","1.02","3","28","52.44","35.96","32.14","25.00","14","-3","0.00","0.00","1.00","0.00","0.00","0.00","NO","0.00","Female","44.44","45.78","43.99","48.85","0.00","0.00","0.00","","","9","0"
"14/09/2026","17:12","Windsor","Sandscreendeliverd","9.50","0.00","0.00","0.00","0.00","0.00","NO","","0.00","","7","Tom Queally","Peter Crate","58","74","17","65","73","59","54","E","58","68","56","25","32","57","2","14/09/2026 17:12","5f 21y","Turf","F","6","1121","0","3768.00","Neverland Drone Show At Windsor Racecourse Handicap (Class F)","","","","0.00","138","9-422593387","0","0","0","0.00","0.00","0.00","1","7","19","5.26","36.84","0.00","-15.25","41.87","D","4","7911.00","127","5f","1100","11.58","11.00","P-HPLHPPPHH","3.00","8","4","9.12","D","1","0","Hcap","Right - Sharp","3yo+,65","12/1","12.00","3","","65","12","12","275","448","173","55","67","72","-21","17","","b","g","Blue Aegean","Bated Breath","","0","0.70","1","19","50.19","38.13","26.32","21.05","3","-3","0.00","0.00","1.00","0.00","0.00","0.00","NO","0.00","Male","0.00","0.00","12.50","31.67","0.00","0.00","0.00","","","",""
"14/09/2026","17:12","Windsor","Dragon God","6.50","0.00","0.00","0.00","0.00","0.00","NO","","0.00","","3","Billy Loughnane","Jack Morland","50","88","21","56","64","56","57","F","60","63","56","32","27","59","2","14/09/2026 17:12","5f 21y","Turf","F","6","1121","0","3768.00","Neverland Drone Show At Windsor Racecourse Handicap (Class F)","","","","0.00","129","9336523133","0","0","1","0.00","0.00","-1.00","1","4","16","6.25","25.00","0.00","-11.50","37.68","F","6","3768.00","129","5f 21y","1121","8.60","6.50","HHHHHPPPHH","3.00","11","4","9.3","D","11","0","Hcap","Right - Sharp","3yo+,65","9/1","9.00","3","","65","12","12","237","478","241","73","88","70","10","21","","b","c","Afrodita","Territories","tWS","0","0.92","1","16","55.55","37.52","25.00","6.25","-2","1","0.00","0.00","1.00","0.00","0.00","0.00","NO","0.00","Male","35.93","27.01","40.46","36.82","0.00","0.00","0.00","","","",""
"14/09/2026","17:12","Windsor","Faustus","3.75","0.00","0.00","0.00","0.00","0.00","NO","","0.00","","5","Jack Mitchell","John Bridger","53","78","21","58","73","60","54","F","53","73","59","66","32","98","12","14/09/2026 17:12","5f 21y","Turf","F","6","1121","0","3768.00","Neverland Drone Show At Windsor Racecourse Handicap (Class F)","","","","0.00","131","6737726251","0","0","0","0.00","0.00","0.00","8","13","63","12.70","20.63","0.00","12.50","58.09","F","6","3768.00","129","5f 21y","1121","6.20","5.50","HLLLLLPLLL","19.00","6","8","9.5","CD","9","0","Hcap","Right - Sharp","3yo+,65","4/1","4.00","3","","65","12","12","301","626","325","72","84","100","69","21","","b","g","Israfel","Mayson","","0","1.16","8","63","47.36","34.63","47.62","28.57","7","-1","0.00","12.50","1.00","0.00","0.00","0.00","NO","0.00","Male","59.95","58.37","55.99","46.97","0.00","0.00","0.00","","","",""
"14/09/2026","17:12","Windsor","Balon D'Or","7.50","0.00","0.00","0.00","0.00","0.00","NO","","0.00","","11","Paddy Bradley","Simon Dow","55","60","13","60","71","62","63","F","66","71","61","37","21","58","6","14/09/2026 17:12","5f 21y","Turf","F","6","1121","0","3768.00","Neverland Drone Show At Windsor Racecourse Handicap (Class F)","","","","0.00","133","706-7648415","0","0","0","0.00","0.00","0.00","4","4","38","10.53","10.53","0.00","-13.00","67.39","F","6","3245.00","134","6f 1y","1321","5.90","5.50","HPH-PHLPPLH","10.00","4","5","9.7","D","4","0","Hcap","Right - Sharp","3yo+,65","8/1","8.00","3","","65","12","12","298","519","221","65","49","72","35","13","","b","g","Usra","Kodiac","p","0","0.84","4","38","51.80","34.50","31.58","15.79","18","1","25.00","25.00","1.00","0.00","0.00","0.00","NO","0.00","Male","49.27","55.61","53.25","48.24","0.00","0.00","0.00","","","",""
"14/09/2026","17:12","Windsor","Fletcher's Flight","26.00","0.00","0.00","0.00","0.00","0.00","NO","","0.00","","4","Rob Hornby","Charlie Wallis","56","80","13","59","68","59","54","F","56","67","55","20","15","35","6","14/09/2026 17:12","5f 21y","Turf","F","6","1121","0","3768.00","Neverland Drone Show At Windsor Racecourse Handicap (Class F)","","","","0.00","132","33846-U4174","0","0","0","0.00","0.00","0.00","5","4","31","16.13","12.90","0.00","7.25","40.07","F","6","3245.00","130","5f 6y","1106","29.00","21.00","PPHHP- HPPP","10.00","1","6","9.6","D","7","0","Hcap","Right - Sharp","3yo+,65","16/1","16.00","3","","65","12","12","239","490","251","50","70","66","65","13","","ch","g","Autumn Tide","Profitable","tpWS","0","1.67","5","31","48.64","35.09","32.26","25.81","-3","1","20.00","20.00","1.00","0.00","0.00","0.00","NO","0.00","Male","50.00","37.50","34.28","31.96","0.00","0.00","0.00","","","",""
"14/09/2026","17:12","Windsor","So Smart","41.00","0.00","0.00","0.00","0.00","0.00","NO","","0.00","","10","Kieran O'Neill","G Harris","43","67","17","60","75","60","56","F","61","72","57","26","25","51","8","14/09/2026 17:12","5f 21y","Turf","F","6","1121","0","3768.00","Neverland Drone Show At Windsor Racecourse Handicap (Class F)","","","","0.00","133","6533431379","0","0","0","0.00","0.00","0.00","6","20","74","8.11","27.03","0.00","-7.92","53.80","E","5","4449.00","127","5f 10y","1110","28.05","23.00","PPLLLPLPPL","13.00","7","7","9.7","D","5","0","Hcap","Right - Sharp","3yo+,65","12/1","12.00","3","","65","12","12","283","481","198","69","59","68","2","17","","b","g","Model Looks","Dandy Man","tp","0","1.77","6","74","52.27","37.55","32.43","18.92","10","-1","33.33","33.33","1.00","0.00","0.00","0.00","NO","0.00","Male","33.08","44.35","48.17","48.06","0.00","0.00","0.00","","","",""
